utc,ct,cpu_avg,cpu_max,credits_min,avail_mem_min_bytes,dd_write_iops_avg,dd_write_iops_max,dd_iops_consumed_pct_max,dd_iops_consumed_pct_avg,dd_queue_depth_max,dd_queue_depth_avg,dd_write_bytes_s_avg,dd_bw_consumed_pct_max,dd_read_iops_max,os_write_iops_max
2026-10-05T20:30:00Z,10-05 15:30,,,,,,,,,,,,,,
2026-10-05T20:31:00Z,10-05 15:31,,,,,,,,,,,,,,
2026-10-05T20:32:00Z,10-05 15:32,,,,,,,,,,,,,,
2026-10-05T20:33:00Z,10-05 15:33,12.485,24.48,60.77,,0.04,0.04,,,0.05,0.05,204.77,0.0,15.76,48.49
2026-10-05T20:34:00Z,10-05 15:34,2.095,3.85,61.33,7703887872.0,0.0,0.0,0.0,0.0,0.0,0.0,0.0,,0.0,1.36
2026-10-05T20:35:00Z,10-05 15:35,1.715,3.09,61.9,7703887872.0,0.0,0.0,,,0.0,0.0,0.0,0.0,0.0,0.41
2026-10-05T20:36:00Z,10-05 15:36,1.66,2.99,62.47,7703887872.0,0.0,0.0,0.0,0.0,0.0,0.0,,0.0,,0.26
2026-10-05T20:37:00Z,10-05 15:37,1.835,3.32,63.03,7703887872.0,0.0,0.0,,,0.0,0.0,0.0,,0.0,0.28
2026-10-05T20:38:00Z,10-05 15:38,2.695,4.21,63.58,7697596416.0,0.0,0.0,0.0,0.0,0.0,0.0,0.0,0.0,0.0,1.51
2026-10-05T20:39:00Z,10-05 15:39,1.805,3.28,64.15,7710179328.0,0.0,0.0,0.0,0.0,0.0,0.0,0.0,0.0,0.0,1.76
2026-10-05T20:40:00Z,10-05 15:40,1.675,3.03,64.72,7710179328.0,0.0,0.0,0.0,0.0,0.0,0.0,0.0,0.0,0.0,0.29
2026-10-05T20:41:00Z,10-05 15:41,1.635,2.88,65.29,7710179328.0,0.0,0.0,0.0,0.0,0.0,0.0,,0.0,,0.33
2026-10-05T20:42:00Z,10-05 15:42,1.59,2.85,65.86,7710179328.0,0.0,0.0,0.0,0.0,0.0,0.0,0.0,0.0,0.0,1.21
2026-10-05T20:43:00Z,10-05 15:43,1.675,3.01,66.43,7710179328.0,0.0,0.0,0.0,0.0,0.0,0.0,0.0,0.0,0.0,0.43
2026-10-05T20:44:00Z,10-05 15:44,1.66,2.99,67.0,7710179328.0,0.0,0.0,0.0,0.0,0.0,0.0,0.0,0.0,0.0,0.46
2026-10-05T20:45:00Z,10-05 15:45,1.61,2.9,67.57,7710179328.0,0.0,0.0,0.0,0.0,0.0,0.0,0.0,0.0,0.0,0.33
2026-10-05T20:46:00Z,10-05 15:46,1.615,2.92,68.14,7710179328.0,0.0,0.0,0.0,0.0,0.0,0.0,0.0,0.0,,0.28
2026-10-05T20:47:00Z,10-05 15:47,1.57,2.82,68.71,7710179328.0,0.0,0.0,0.0,0.0,0.0,0.0,0.0,0.0,0.0,0.26
2026-10-05T20:48:00Z,10-05 15:48,1.63,2.95,69.28,7710179328.0,0.0,0.0,0.0,0.0,0.0,0.0,0.0,0.0,0.0,1.26
2026-10-05T20:49:00Z,10-05 15:49,1.755,3.19,69.85,7710179328.0,0.0,0.0,0.0,0.0,0.0,0.0,0.0,0.0,0.0,0.43
2026-10-05T20:50:00Z,10-05 15:50,1.595,2.86,70.42,7710179328.0,0.0,0.0,,,0.0,0.0,0.0,,0.0,0.38
2026-10-05T20:51:00Z,10-05 15:51,1.67,2.95,70.99,7710179328.0,0.0,0.0,0.0,0.0,0.0,0.0,0.0,0.0,0.0,0.29
2026-10-05T20:52:00Z,10-05 15:52,1.52,2.71,71.56,7710179328.0,0.0,0.0,0.0,0.0,0.0,0.0,0.0,0.0,0.0,1.19
2026-10-05T20:53:00Z,10-05 15:53,1.73,3.13,72.13,7710179328.0,0.0,0.0,0.0,0.0,0.0,0.0,0.0,0.0,0.0,0.33
2026-10-05T20:54:00Z,10-05 15:54,1.61,2.88,72.7,7710179328.0,0.0,0.0,0.0,0.0,0.0,0.0,0.0,0.0,0.0,0.36
2026-10-05T20:55:00Z,10-05 15:55,1.595,2.85,73.27,7710179328.0,0.0,0.0,0.0,0.0,0.0,0.0,0.0,0.0,0.0,0.29
2026-10-05T20:56:00Z,10-05 15:56,1.695,3.05,73.84,7710179328.0,0.0,0.0,0.0,0.0,0.0,0.0,,0.0,,0.33
2026-10-05T20:57:00Z,10-05 15:57,1.59,2.85,74.41,7710179328.0,0.0,0.0,,,0.0,0.0,0.0,0.0,0.0,0.28
2026-10-05T20:58:00Z,10-05 15:58,1.78,3.19,74.97,7710179328.0,0.0,0.0,0.0,0.0,0.0,0.0,0.0,0.0,0.0,0.36
2026-10-05T20:59:00Z,10-05 15:59,1.665,3.0,75.54,7710179328.0,0.0,0.0,0.0,0.0,0.0,0.0,0.0,0.0,0.0,0.29
2026-10-05T21:00:00Z,10-05 16:00,1.685,3.03,76.11,7710179328.0,0.0,0.0,0.0,0.0,0.0,0.0,0.0,0.0,0.0,0.26
2026-10-05T21:01:00Z,10-05 16:01,1.625,2.86,76.68,7710179328.0,0.0,0.0,,,0.0,0.0,0.0,,0.0,0.28
2026-10-05T21:02:00Z,10-05 16:02,1.56,2.78,77.25,7710179328.0,0.0,0.0,0.0,0.0,0.0,0.0,0.0,0.0,0.0,1.13
2026-10-05T21:03:00Z,10-05 16:03,1.62,2.89,77.82,7710179328.0,0.0,0.0,0.0,0.0,0.0,0.0,0.0,0.0,0.0,0.49
2026-10-05T21:04:00Z,10-05 16:04,1.71,3.08,78.39,7710179328.0,0.0,0.0,0.0,0.0,0.0,0.0,0.0,0.0,0.0,0.94
2026-10-05T21:05:00Z,10-05 16:05,1.535,2.73,78.96,7710179328.0,0.0,0.0,0.0,0.0,0.0,0.0,0.0,0.0,0.0,0.29
2026-10-05T21:06:00Z,10-05 16:06,1.62,2.9,79.53,7710179328.0,0.0,0.0,,,0.0,0.0,0.0,,0.0,0.28
2026-10-05T21:07:00Z,10-05 16:07,1.655,2.98,80.1,7710179328.0,0.0,0.0,0.0,0.0,0.0,0.0,0.0,0.0,0.0,0.33
2026-10-05T21:08:00Z,10-05 16:08,1.655,2.97,80.67,7710179328.0,0.0,0.0,0.0,0.0,0.0,0.0,0.0,0.0,0.0,0.41
2026-10-05T21:09:00Z,10-05 16:09,1.65,2.97,81.24,7710179328.0,0.0,0.0,0.0,0.0,0.0,0.0,0.0,0.0,0.0,0.34
2026-10-05T21:10:00Z,10-05 16:10,1.635,2.94,81.81,7710179328.0,0.0,0.0,0.0,0.0,0.0,0.0,0.0,0.0,0.0,0.28
2026-10-05T21:11:00Z,10-05 16:11,1.675,2.96,82.38,7710179328.0,0.0,0.0,0.0,0.0,0.0,0.0,,0.0,,0.28
2026-10-05T21:12:00Z,10-05 16:12,1.605,2.89,82.95,7710179328.0,0.0,0.0,0.0,0.0,0.0,0.0,0.0,0.0,0.0,1.18
2026-10-05T21:13:00Z,10-05 16:13,1.615,2.91,83.52,7709130752.0,0.0,0.0,0.0,0.0,0.0,0.0,0.0,0.0,0.0,0.38
2026-10-05T21:14:00Z,10-05 16:14,1.65,2.98,,,0.0,0.0,0.0,0.0,0.0,0.0,0.0,0.0,0.0,0.29
2026-10-05T21:15:00Z,10-05 16:15,1.63,2.94,84.09,7709130752.0,0.0,0.0,0.0,0.0,0.0,0.0,0.0,0.0,0.0,0.35
2026-10-05T21:16:00Z,10-05 16:16,3.915,7.49,85.18,7682916352.0,0.0,0.0,0.0,0.0,0.0,0.0,,0.0,,3.68
2026-10-05T21:17:00Z,10-05 16:17,1.625,2.94,85.75,7682916352.0,0.0,0.0,0.0,0.0,0.0,0.0,0.0,0.0,0.0,0.43
2026-10-05T21:18:00Z,10-05 16:18,1.6,2.89,86.32,7683964928.0,0.0,0.0,0.0,0.0,0.0,0.0,0.0,0.0,0.0,1.19
2026-10-05T21:19:00Z,10-05 16:19,1.62,2.93,86.89,7683964928.0,0.0,0.0,0.0,0.0,0.0,0.0,0.0,,0.0,0.36
2026-10-05T21:20:00Z,10-05 16:20,1.63,2.94,87.46,7683964928.0,0.0,0.0,,,0.0,0.0,0.0,0.0,0.0,0.28
2026-10-05T21:21:00Z,10-05 16:21,1.64,2.89,88.03,7683964928.0,0.0,0.0,0.0,0.0,0.0,0.0,0.0,0.0,0.0,0.26
2026-10-05T21:22:00Z,10-05 16:22,1.54,2.77,88.6,7683964928.0,0.0,0.0,0.0,0.0,0.0,0.0,0.0,0.0,0.0,1.23
2026-10-05T21:23:00Z,10-05 16:23,1.605,2.89,89.17,7683964928.0,0.0,0.0,,,0.0,0.0,0.0,,0.0,0.61
2026-10-05T21:24:00Z,10-05 16:24,1.59,2.87,89.74,7683964928.0,0.0,0.0,0.0,0.0,0.0,0.0,0.0,0.0,0.0,0.29
2026-10-05T21:25:00Z,10-05 16:25,1.57,2.83,90.31,7683964928.0,0.0,0.0,0.0,0.0,0.0,0.0,0.0,0.0,0.0,0.26
2026-10-05T21:26:00Z,10-05 16:26,1.68,3.04,90.88,7683964928.0,0.0,0.0,0.0,0.0,0.0,0.0,0.0,,0.0,0.29
2026-10-05T21:27:00Z,10-05 16:27,1.6,2.88,91.45,7683964928.0,0.0,0.0,0.0,0.0,0.0,0.0,0.0,0.0,0.0,0.31
2026-10-05T21:28:00Z,10-05 16:28,1.6,2.89,92.02,7683964928.0,0.0,0.0,0.0,0.0,0.0,0.0,0.0,0.0,0.0,0.38
2026-10-05T21:29:00Z,10-05 16:29,1.635,2.95,92.59,7683964928.0,0.0,0.0,,,0.0,0.0,0.0,,0.0,0.29
2026-10-05T21:30:00Z,10-05 16:30,1.625,2.93,93.16,7683964928.0,0.0,0.0,0.0,0.0,0.0,0.0,0.0,0.0,0.0,0.28
2026-10-05T21:31:00Z,10-05 16:31,1.625,2.87,93.73,7683964928.0,0.0,0.0,,,0.0,0.0,0.0,0.0,0.0,0.29
2026-10-05T21:32:00Z,10-05 16:32,1.6,2.89,94.3,7683964928.0,0.0,0.0,0.0,0.0,0.0,0.0,0.0,0.0,0.0,1.16
2026-10-05T21:33:00Z,10-05 16:33,1.595,2.85,94.87,7683964928.0,0.0,0.0,,,0.0,0.0,0.0,,0.0,0.96
2026-10-05T21:34:00Z,10-05 16:34,1.715,3.1,95.44,7683964928.0,0.0,0.0,0.0,0.0,0.0,0.0,0.0,0.0,0.0,0.58
2026-10-05T21:35:00Z,10-05 16:35,1.655,2.97,96.01,7683964928.0,0.0,0.0,0.0,0.0,0.0,0.0,0.0,0.0,0.0,0.26
2026-10-05T21:36:00Z,10-05 16:36,1.96,3.57,96.57,7683964928.0,0.0,0.0,0.0,0.0,0.0,0.0,0.0,,,0.3
2026-10-05T21:37:00Z,10-05 16:37,1.625,2.91,97.14,7683964928.0,0.0,0.0,0.0,0.0,0.0,0.0,0.0,0.0,0.0,0.26
2026-10-05T21:38:00Z,10-05 16:38,2.575,3.16,97.69,7680819200.0,0.0,0.0,0.0,0.0,0.0,0.0,0.0,0.0,0.0,0.38
2026-10-05T21:39:00Z,10-05 16:39,1.75,3.15,98.26,7701790720.0,0.0,0.0,,,0.0,0.0,0.0,0.0,0.0,1.5
2026-10-05T21:40:00Z,10-05 16:40,1.705,3.06,98.83,7701790720.0,0.0,0.0,0.0,0.0,0.0,0.0,0.0,,0.0,0.48
2026-10-05T21:41:00Z,10-05 16:41,1.785,3.16,99.4,7701790720.0,0.0,0.0,0.0,0.0,0.0,0.0,0.0,0.0,0.0,0.26
2026-10-05T21:42:00Z,10-05 16:42,1.645,2.95,99.96,7701790720.0,0.0,0.0,0.0,0.0,0.0,0.0,0.0,0.0,0.0,1.24
2026-10-05T21:43:00Z,10-05 16:43,2.385,4.39,100.52,7691304960.0,0.0,0.0,0.0,0.0,0.0,0.0,0.0,0.0,0.0,2.74
2026-10-05T21:44:00Z,10-05 16:44,1.695,3.05,101.09,7701790720.0,0.0,0.0,,,0.0,0.0,0.0,,0.0,0.34
2026-10-05T21:45:00Z,10-05 16:45,1.67,3.0,101.66,7701790720.0,0.0,0.0,0.0,0.0,0.0,0.0,0.0,0.0,0.0,0.28
2026-10-05T21:46:00Z,10-05 16:46,1.625,2.91,102.23,7701790720.0,0.0,0.0,0.0,0.0,0.0,0.0,,0.0,,0.28
2026-10-05T21:47:00Z,10-05 16:47,1.605,2.87,102.8,7701790720.0,0.0,0.0,0.0,0.0,0.0,0.0,0.0,0.0,0.0,0.28
2026-10-05T21:48:00Z,10-05 16:48,1.565,2.78,103.37,7700742144.0,0.0,0.0,0.0,0.0,0.0,0.0,0.0,0.0,0.0,0.26
2026-10-05T21:49:00Z,10-05 16:49,1.565,2.79,103.94,7700742144.0,0.0,0.0,0.0,0.0,0.0,0.0,0.0,0.0,0.0,0.39
2026-10-05T21:50:00Z,10-05 16:50,1.545,2.76,104.51,7700742144.0,0.0,0.0,0.0,0.0,0.0,0.0,0.0,0.0,0.0,0.28
2026-10-05T21:51:00Z,10-05 16:51,1.62,2.84,105.08,7700742144.0,0.0,0.0,0.0,0.0,0.0,0.0,,0.0,,0.28
2026-10-05T21:52:00Z,10-05 16:52,1.55,2.76,105.65,7700742144.0,0.0,0.0,0.0,0.0,0.0,0.0,0.0,0.0,0.0,1.21
2026-10-05T21:53:00Z,10-05 16:53,1.53,2.73,106.22,7700742144.0,0.0,0.0,0.0,0.0,0.0,0.0,0.0,0.0,0.0,0.38
2026-10-05T21:54:00Z,10-05 16:54,1.545,2.77,106.79,7700742144.0,0.0,0.0,,,0.0,0.0,0.0,,0.0,0.28
2026-10-05T21:55:00Z,10-05 16:55,1.585,2.86,107.35,7700742144.0,0.0,0.0,0.0,0.0,0.0,0.0,0.0,0.0,0.0,0.31
2026-10-05T21:56:00Z,10-05 16:56,2.13,3.92,107.92,7674527744.0,0.0,0.0,0.0,0.0,0.0,0.0,0.0,0.0,,2.04
2026-10-05T21:57:00Z,10-05 16:57,1.63,2.94,108.49,7674527744.0,0.0,0.0,0.0,0.0,0.0,0.0,0.0,0.0,0.06,0.26
2026-10-05T21:58:00Z,10-05 16:58,1.68,3.04,109.06,7674527744.0,0.0,0.0,0.0,0.0,0.0,0.0,0.0,0.0,0.0,0.41
2026-10-05T21:59:00Z,10-05 16:59,1.64,2.97,109.63,7674527744.0,0.0,0.0,0.0,0.0,0.0,0.0,0.0,,0.0,0.28
2026-10-05T22:00:00Z,10-05 17:00,1.62,2.93,110.2,7674527744.0,0.0,0.0,0.0,0.0,0.0,0.0,0.0,0.0,0.0,0.26
2026-10-05T22:01:00Z,10-05 17:01,1.92,3.23,110.76,7674527744.0,9.11,9.11,2.0,2.0,0.03,0.03,109678.33,,2.41,1.14
2026-10-05T22:02:00Z,10-05 17:02,2.03,3.45,111.32,7678722048.0,5.56,5.56,1.0,1.0,0.0,0.0,115544.25,0.0,0.0,0.44
2026-10-05T22:03:00Z,10-05 17:03,1.86,3.24,111.88,7679770624.0,3.26,3.26,0.0,0.0,0.0,0.0,67574.91,0.0,0.0,0.43
2026-10-05T22:04:00Z,10-05 17:04,1.96,3.44,112.44,7678722048.0,1.98,1.98,0.0,0.0,0.0,0.0,38298.94,0.0,0.0,0.8
2026-10-05T22:05:00Z,10-05 17:05,1.74,3.04,113.0,7678722048.0,1.29,1.29,0.0,0.0,0.0,0.0,25189.38,0.0,0.0,0.36
2026-10-05T22:06:00Z,10-05 17:06,1.87,3.24,113.56,7679770624.0,2.64,2.64,,,0.0,0.0,65659.0,,0.0,0.36
2026-10-05T22:07:00Z,10-05 17:07,1.81,3.13,114.12,7678722048.0,2.36,2.36,0.0,0.0,0.0,0.0,49282.04,0.0,0.0,0.31
2026-10-05T22:08:00Z,10-05 17:08,1.775,3.1,114.69,7678722048.0,1.31,1.31,0.0,0.0,0.0,0.0,25875.84,,0.0,0.3
2026-10-05T22:09:00Z,10-05 17:09,1.71,3.0,115.26,7678722048.0,0.66,0.66,0.0,0.0,0.0,0.0,16720.81,0.0,0.0,0.33
2026-10-05T22:10:00Z,10-05 17:10,1.755,3.05,115.83,7678722048.0,1.21,1.21,,,0.0,0.0,24365.4,,0.0,0.28
2026-10-05T22:11:00Z,10-05 17:11,1.76,3.06,116.4,7676624896.0,1.23,1.23,0.0,0.0,0.0,0.0,29412.61,0.0,,0.34
2026-10-05T22:12:00Z,10-05 17:12,1.69,2.95,116.97,7676624896.0,0.61,0.61,0.0,0.0,0.0,0.0,11811.18,0.0,0.0,1.16
2026-10-05T22:13:00Z,10-05 17:13,1.74,3.02,117.54,7676624896.0,1.16,1.16,0.0,0.0,0.0,0.0,28664.75,0.0,0.0,0.38
2026-10-05T22:14:00Z,10-05 17:14,1.765,3.09,118.11,7677673472.0,1.29,1.29,0.0,0.0,0.0,0.0,24024.18,0.0,0.0,0.29
2026-10-05T22:15:00Z,10-05 17:15,1.81,3.17,118.67,7677673472.0,0.68,0.68,0.0,0.0,0.0,0.0,12421.8,0.0,0.0,0.28
2026-10-05T22:16:00Z,10-05 17:16,1.925,3.35,119.23,,1.59,1.59,0.0,0.0,0.0,0.0,31734.22,0.0,,0.33
2026-10-05T22:17:00Z,10-05 17:17,1.89,3.31,119.79,7677673472.0,0.59,0.59,0.0,0.0,0.0,0.0,9827.83,0.0,0.0,0.28
2026-10-05T22:18:00Z,10-05 17:18,1.935,3.38,120.35,7677673472.0,1.44,1.44,0.0,0.0,0.0,0.0,31668.83,0.0,0.0,1.18
2026-10-05T22:19:00Z,10-05 17:19,1.83,3.2,120.91,7677673472.0,0.83,0.83,0.0,0.0,0.0,0.0,12352.59,0.0,0.0,0.21
2026-10-05T22:20:00Z,10-05 17:20,1.835,3.21,121.47,7677673472.0,1.29,1.29,0.0,0.0,0.0,0.0,26679.9,0.0,0.0,0.29
2026-10-05T22:21:00Z,10-05 17:21,1.79,3.07,122.06,7675576320.0,0.53,0.53,,,0.0,0.0,10511.87,,0.0,0.28
2026-10-05T22:22:00Z,10-05 17:22,1.905,3.32,122.6,7676624896.0,0.93,0.93,0.0,0.0,0.0,0.0,17743.17,0.0,0.0,1.14
2026-10-05T22:23:00Z,10-05 17:23,1.96,3.44,123.16,7676624896.0,0.56,0.56,,,0.0,0.0,11947.53,0.0,0.0,0.43
2026-10-05T22:24:00Z,10-05 17:24,2.0,3.53,123.72,7676624896.0,0.8,0.8,0.0,0.0,0.0,0.0,16522.64,,0.0,0.81
2026-10-05T22:25:00Z,10-05 17:25,1.975,3.49,,,0.71,0.71,,,0.0,0.0,15630.5,0.0,0.0,0.48
2026-10-05T22:26:00Z,10-05 17:26,2.025,3.58,124.29,7677673472.0,,,0.0,0.0,0.0,0.0,,0.0,,
2026-10-05T22:27:00Z,10-05 17:27,2.085,3.56,125.41,7673479168.0,0.515,0.73,0.0,0.0,0.0,0.0,8601.56,,0.0,0.28
2026-10-05T22:28:00Z,10-05 17:28,1.86,3.26,125.98,7674527744.0,0.78,0.78,0.0,0.0,0.0,0.0,18362.1,0.0,0.0,1.18
2026-10-05T22:29:00Z,10-05 17:29,1.925,3.38,126.54,7675576320.0,0.61,0.61,0.0,0.0,0.0,0.0,17819.95,0.0,0.0,0.4
2026-10-05T22:30:00Z,10-05 17:30,1.945,3.45,127.1,7675576320.0,0.39,0.39,0.0,0.0,0.0,0.0,7781.22,0.0,0.0,0.29
2026-10-05T22:31:00Z,10-05 17:31,2.095,3.64,127.66,7674527744.0,,,0.0,0.0,0.0,0.0,,0.0,,
2026-10-05T22:32:00Z,10-05 17:32,1.775,3.08,128.22,7674527744.0,0.795,0.86,0.0,0.0,0.0,0.0,19726.945,0.0,0.0,1.31
2026-10-05T22:33:00Z,10-05 17:33,1.775,3.1,128.79,7674527744.0,0.9,0.9,0.0,0.0,0.0,0.0,14199.78,0.0,0.0,1.11
2026-10-05T22:34:00Z,10-05 17:34,1.795,3.14,129.35,7674527744.0,0.33,0.33,0.0,0.0,0.0,0.0,6689.76,,0.0,0.49
2026-10-05T22:35:00Z,10-05 17:35,1.8,3.14,129.92,7674527744.0,0.86,0.86,0.0,0.0,0.0,0.0,16446.71,0.0,0.0,0.29
2026-10-05T22:36:00Z,10-05 17:36,1.88,3.24,130.48,7675576320.0,1.38,1.38,0.0,0.0,0.0,0.0,,0.0,,0.29
2026-10-05T22:37:00Z,10-05 17:37,1.845,3.2,131.04,7676624896.0,1.49,1.49,0.0,0.0,0.0,0.0,30542.42,0.0,0.0,0.26
2026-10-05T22:38:00Z,10-05 17:38,1.88,3.25,131.59,7675576320.0,1.68,1.68,0.0,0.0,0.0,0.0,41701.72,0.0,0.0,0.36
2026-10-05T22:39:00Z,10-05 17:39,2.72,5.0,132.15,7649361920.0,1.13,1.13,0.0,0.0,0.0,0.0,23279.88,0.0,0.0,1.73
2026-10-05T22:40:00Z,10-05 17:40,1.695,2.97,132.71,7649361920.0,0.63,0.63,0.0,0.0,0.0,0.0,10378.09,,0.0,0.65
2026-10-05T22:41:00Z,10-05 17:41,1.77,3.07,133.28,7650410496.0,0.51,0.51,0.0,0.0,0.0,0.0,,0.0,,0.34
2026-10-05T22:42:00Z,10-05 17:42,1.79,3.13,133.85,7650410496.0,1.05,1.05,0.0,0.0,0.0,0.0,12937.195,0.0,0.0,1.23
2026-10-05T22:43:00Z,10-05 17:43,1.88,3.3,134.41,7651459072.0,0.64,0.64,0.0,0.0,0.0,0.0,13378.55,0.0,0.0,0.39
2026-10-05T22:44:00Z,10-05 17:44,1.925,3.4,134.97,7651459072.0,0.48,0.48,,,0.0,0.0,8193.11,,0.0,0.31
2026-10-05T22:45:00Z,10-05 17:45,1.9,3.37,,7652507648.0,0.43,0.43,0.0,0.0,0.0,0.0,4777.68,0.0,0.0,0.31
2026-10-05T22:46:00Z,10-05 17:46,1.96,3.49,135.53,7653556224.0,1.03,1.03,0.0,0.0,0.0,0.0,29700.36,,,0.28
2026-10-05T22:47:00Z,10-05 17:47,2.06,3.64,136.09,7653556224.0,1.31,1.31,0.0,0.0,0.0,0.0,23679.34,0.0,0.0,0.29
2026-10-05T22:48:00Z,10-05 17:48,1.99,3.52,137.23,7654604800.0,0.8,0.8,0.0,0.0,0.0,0.0,12084.68,0.0,0.0,0.3
2026-10-05T22:49:00Z,10-05 17:49,2.13,3.8,137.77,7655653376.0,0.84,0.84,0.0,0.0,0.0,0.0,20817.17,0.0,0.0,0.38
2026-10-05T22:50:00Z,10-05 17:50,1.865,3.28,138.33,7656701952.0,0.79,0.79,,,0.0,0.0,13241.74,,0.0,0.29
2026-10-05T22:51:00Z,10-05 17:51,2.05,3.59,138.89,7656701952.0,0.4,0.4,0.0,0.0,0.0,0.0,5939.3,0.0,0.0,0.38
2026-10-05T22:52:00Z,10-05 17:52,1.9,3.36,139.45,7656701952.0,0.49,0.49,0.0,0.0,0.0,0.0,9010.5,0.0,0.0,1.23
2026-10-05T22:53:00Z,10-05 17:53,1.91,3.38,140.01,7656701952.0,0.28,0.28,0.0,0.0,0.0,0.0,4300.75,0.0,0.0,0.39
2026-10-05T22:54:00Z,10-05 17:54,1.815,3.19,140.57,7657750528.0,0.28,0.28,0.0,0.0,0.0,0.0,6075.84,0.0,0.0,0.31
2026-10-05T22:55:00Z,10-05 17:55,1.855,3.29,141.14,7657750528.0,0.7,0.7,0.0,0.0,0.0,0.0,21845.65,0.0,0.0,0.3
2026-10-05T22:56:00Z,10-05 17:56,2.07,3.68,141.69,7658799104.0,0.58,0.58,,,0.0,0.0,,0.0,,0.33
2026-10-05T22:57:00Z,10-05 17:57,1.885,3.34,142.25,7658799104.0,0.68,0.68,0.0,0.0,0.0,0.0,10411.065,,0.0,0.28
2026-10-05T22:58:00Z,10-05 17:58,1.84,3.25,142.81,7659847680.0,0.59,0.59,0.0,0.0,0.0,0.0,10716.01,0.0,0.0,0.41
2026-10-05T22:59:00Z,10-05 17:59,1.78,3.09,143.38,7659847680.0,0.66,0.66,0.0,0.0,0.0,0.0,14811.11,0.0,0.0,0.29
2026-10-05T23:00:00Z,10-05 18:00,1.935,3.42,143.94,7660896256.0,0.81,0.81,0.0,0.0,0.0,0.0,23483.09,0.0,0.0,0.31
2026-10-05T23:01:00Z,10-05 18:01,1.985,3.43,144.5,,,,0.0,0.0,0.0,0.0,,0.0,,
2026-10-05T23:02:00Z,10-05 18:02,1.81,3.16,145.06,7661944832.0,1.275,1.29,0.0,0.0,0.0,0.0,32999.04,0.0,0.0,1.16
2026-10-05T23:03:00Z,10-05 18:03,1.755,3.07,145.63,7665090560.0,0.79,0.79,0.0,0.0,0.0,0.0,15496.45,0.0,0.0,0.38
2026-10-05T23:04:00Z,10-05 18:04,1.66,2.89,146.2,7665090560.0,0.55,0.55,0.0,0.0,0.0,0.0,12902.41,0.0,0.0,0.93
2026-10-05T23:05:00Z,10-05 18:05,1.695,2.95,146.77,7666139136.0,0.68,0.68,0.0,0.0,0.0,0.0,23552.0,0.0,0.0,0.28
2026-10-05T23:06:00Z,10-05 18:06,1.69,2.95,147.34,7667187712.0,0.58,0.58,,,0.0,0.0,10171.9,,0.0,0.3
2026-10-05T23:07:00Z,10-05 18:07,1.675,2.91,147.91,7667187712.0,0.46,0.46,0.0,0.0,0.0,0.0,8327.62,0.0,0.0,0.28
2026-10-05T23:08:00Z,10-05 18:08,1.835,3.2,148.47,7667187712.0,0.71,0.71,0.0,0.0,0.0,0.0,13581.58,0.0,0.0,0.43
2026-10-05T23:09:00Z,10-05 18:09,1.76,3.04,149.04,7668236288.0,1.01,1.01,0.0,0.0,0.0,0.0,25664.35,0.0,0.0,0.28
2026-10-05T23:10:00Z,10-05 18:10,1.675,2.9,149.61,7670333440.0,1.29,1.29,0.0,0.0,0.0,0.0,29012.57,0.0,0.0,0.31
2026-10-05T23:11:00Z,10-05 18:11,1.71,2.92,150.19,7668236288.0,0.73,0.73,,,0.0,0.0,11673.68,,0.0,0.31
2026-10-05T23:12:00Z,10-05 18:12,1.69,2.91,150.75,7669284864.0,0.95,0.95,0.0,0.0,0.0,0.0,17956.42,0.0,0.0,1.21
2026-10-05T23:13:00Z,10-05 18:13,1.73,3.01,151.32,7670333440.0,0.98,0.98,0.0,0.0,0.0,0.0,20133.3,0.0,0.0,0.43
2026-10-05T23:14:00Z,10-05 18:14,1.635,2.86,151.89,7670333440.0,0.43,0.43,0.0,0.0,0.0,0.0,4710.61,0.0,0.0,0.3
2026-10-05T23:15:00Z,10-05 18:15,1.67,2.91,152.46,7670333440.0,0.33,0.33,0.0,0.0,0.0,0.0,8190.98,0.0,0.0,0.26
2026-10-05T23:16:00Z,10-05 18:16,1.64,2.84,153.03,7671382016.0,,,0.0,0.0,0.0,0.0,,0.0,,
2026-10-05T23:17:00Z,10-05 18:17,1.695,2.93,153.6,7671382016.0,0.51,0.59,0.0,0.0,0.0,0.0,9419.99,0.0,0.0,0.31
2026-10-05T23:18:00Z,10-05 18:18,1.76,3.04,154.16,7672430592.0,1.61,1.61,0.0,0.0,0.0,0.0,39240.35,0.0,0.0,1.09
2026-10-05T23:19:00Z,10-05 18:19,1.695,2.94,154.73,7672430592.0,0.84,0.84,0.0,0.0,0.0,0.0,15014.69,0.0,0.0,0.31
2026-10-05T23:20:00Z,10-05 18:20,1.685,2.93,155.3,7673479168.0,0.86,0.86,0.0,0.0,0.0,0.0,15425.46,0.0,0.0,0.28
2026-10-05T23:21:00Z,10-05 18:21,1.725,2.96,155.87,7671382016.0,0.98,0.98,,,0.0,0.0,25048.19,,0.0,0.26
2026-10-05T23:22:00Z,10-05 18:22,1.64,2.86,156.44,7671382016.0,0.66,0.66,0.0,0.0,0.0,0.0,15353.39,0.0,0.0,1.18
2026-10-05T23:23:00Z,10-05 18:23,1.7,2.96,157.01,7671382016.0,0.81,0.81,0.0,0.0,0.0,0.0,23963.48,0.0,0.0,0.46
2026-10-05T23:24:00Z,10-05 18:24,1.665,2.9,157.58,7672430592.0,0.51,0.51,0.0,0.0,0.0,0.0,10718.06,0.0,0.0,0.3
2026-10-05T23:25:00Z,10-05 18:25,1.685,2.95,158.15,7672430592.0,0.51,0.51,0.0,0.0,0.0,0.0,6757.64,0.0,0.0,0.31
2026-10-05T23:26:00Z,10-05 18:26,1.735,3.04,158.72,7672430592.0,,,0.0,0.0,0.0,0.0,,0.0,,
2026-10-05T23:27:00Z,10-05 18:27,1.735,3.04,159.29,7672430592.0,0.76,0.89,0.0,0.0,0.0,0.0,14505.63,0.0,0.0,0.33
2026-10-05T23:28:00Z,10-05 18:28,1.685,2.92,159.86,7661944832.0,0.99,0.99,0.0,0.0,0.0,0.0,58702.23,0.0,0.0,0.38
2026-10-05T23:29:00Z,10-05 18:29,1.73,3.04,,7660896256.0,0.68,0.68,0.0,0.0,0.0,0.0,18297.65,0.0,0.0,0.33
2026-10-05T23:30:00Z,10-05 18:30,1.625,2.82,160.43,7660896256.0,0.46,0.46,0.0,0.0,0.0,0.0,9419.05,0.0,0.0,0.28
2026-10-05T23:31:00Z,10-05 18:31,1.705,2.92,161.57,7661944832.0,1.04,1.04,0.0,0.0,0.0,0.0,22868.56,,,0.28
2026-10-05T23:32:00Z,10-05 18:32,1.615,2.81,162.14,7661944832.0,0.71,0.71,0.0,0.0,0.0,0.0,16793.67,0.0,0.0,1.16
2026-10-05T23:33:00Z,10-05 18:33,1.645,2.82,162.71,7661944832.0,0.66,0.66,0.0,0.0,0.0,0.0,15633.41,0.0,0.0,0.48
2026-10-05T23:34:00Z,10-05 18:34,1.82,3.21,163.29,7661944832.0,0.78,0.78,,,0.0,0.0,14473.01,,0.0,1.06
2026-10-05T23:35:00Z,10-05 18:35,1.775,3.12,,7662993408.0,0.68,0.68,0.0,0.0,0.0,0.0,11126.24,0.0,0.0,0.34
2026-10-05T23:36:00Z,10-05 18:36,1.66,2.88,163.84,7662993408.0,0.68,0.68,0.0,0.0,0.0,0.0,17334.91,0.0,0.0,0.29
2026-10-05T23:37:00Z,10-05 18:37,1.81,3.19,164.98,7661944832.0,0.73,0.73,0.0,0.0,0.0,0.0,12354.39,0.0,0.0,1.21
2026-10-05T23:38:00Z,10-05 18:38,1.845,3.25,165.55,7661944832.0,0.55,0.55,0.0,0.0,0.0,0.0,10992.15,0.0,0.0,0.38
2026-10-05T23:39:00Z,10-05 18:39,2.79,4.22,166.09,7650410496.0,0.68,0.68,0.0,0.0,0.0,0.0,12829.25,0.0,0.0,1.54
2026-10-05T23:40:00Z,10-05 18:40,1.745,3.06,166.65,7652507648.0,0.5,0.5,0.0,0.0,0.0,0.0,6759.02,0.0,0.0,1.56
2026-10-05T23:41:00Z,10-05 18:41,1.84,3.2,167.22,7652507648.0,0.51,0.51,,,0.0,0.0,6484.37,0.0,,0.39
2026-10-05T23:42:00Z,10-05 18:42,1.69,2.95,167.79,7653556224.0,0.58,0.58,0.0,0.0,0.0,0.0,8395.97,0.0,0.0,1.19
2026-10-05T23:43:00Z,10-05 18:43,1.785,3.11,168.36,7653556224.0,0.83,0.83,0.0,0.0,0.0,0.0,15630.66,0.0,0.0,0.26
2026-10-05T23:44:00Z,10-05 18:44,1.695,2.95,168.93,7654604800.0,0.51,0.51,0.0,0.0,0.0,0.0,12629.81,0.0,0.0,0.36
2026-10-05T23:45:00Z,10-05 18:45,1.875,3.29,169.49,,0.65,0.65,0.0,0.0,0.0,0.0,23827.23,0.0,0.0,0.35
2026-10-05T23:46:00Z,10-05 18:46,1.955,3.38,170.05,7654604800.0,2.11,2.11,,,0.0,0.0,58292.65,0.0,,0.28
2026-10-05T23:47:00Z,10-05 18:47,1.79,3.07,170.63,7657750528.0,1.96,1.96,0.0,0.0,0.0,0.0,52362.45,0.0,0.0,0.26
2026-10-05T23:48:00Z,10-05 18:48,1.785,3.08,171.18,7658799104.0,1.66,1.66,0.0,0.0,0.0,0.0,38913.67,0.0,0.0,0.28
2026-10-05T23:49:00Z,10-05 18:49,1.845,3.25,171.75,7659847680.0,1.1,1.1,0.0,0.0,0.0,0.0,20619.17,0.0,0.0,0.36
2026-10-05T23:50:00Z,10-05 18:50,1.82,3.19,172.31,7659847680.0,1.08,1.08,,,0.0,0.0,23272.11,0.0,0.0,0.29
2026-10-05T23:51:00Z,10-05 18:51,1.75,3.0,172.88,7659847680.0,0.98,0.98,0.0,0.0,0.0,0.0,,0.0,,0.31
2026-10-05T23:52:00Z,10-05 18:52,1.65,2.86,173.45,7659847680.0,0.93,0.93,0.0,0.0,0.0,0.0,19998.185,0.0,0.0,1.24
2026-10-05T23:53:00Z,10-05 18:53,1.68,2.93,174.02,7660896256.0,0.88,0.88,,,0.0,0.0,19387.85,,0.0,0.36
2026-10-05T23:54:00Z,10-05 18:54,1.76,3.07,174.58,7660896256.0,0.63,0.63,0.0,0.0,0.0,0.0,13105.61,0.0,0.0,0.34
2026-10-05T23:55:00Z,10-05 18:55,1.78,3.03,175.14,7661944832.0,1.78,1.78,0.0,0.0,0.0,0.0,40614.06,0.0,0.0,0.33
2026-10-05T23:56:00Z,10-05 18:56,1.76,3.05,175.71,7662993408.0,1.76,1.76,0.0,0.0,0.0,0.0,,0.0,,0.33
2026-10-05T23:57:00Z,10-05 18:57,1.665,2.85,176.28,7664041984.0,1.61,1.61,,,0.0,0.0,41912.89,0.0,0.0,0.28
2026-10-05T23:58:00Z,10-05 18:58,1.635,2.85,176.85,7665090560.0,1.33,1.33,0.0,0.0,0.0,0.0,33582.46,0.0,0.0,0.29
2026-10-05T23:59:00Z,10-05 18:59,1.625,2.79,177.42,7665090560.0,0.64,0.64,0.0,0.0,0.0,0.0,13311.73,,0.0,0.34
2026-10-06T00:00:00Z,10-05 19:00,1.695,2.94,177.98,7666139136.0,1.21,1.21,,,0.0,0.0,33864.84,0.0,0.0,0.3
2026-10-06T00:01:00Z,10-05 19:01,2.11,3.42,178.54,7662993408.0,3.99,3.99,0.0,0.0,0.0,0.0,,0.0,,0.38
2026-10-06T00:02:00Z,10-05 19:02,1.81,3.03,179.11,7666139136.0,4.09,4.09,0.0,0.0,0.0,0.0,123630.6,0.0,0.0,1.74
2026-10-06T00:03:00Z,10-05 19:03,1.805,3.07,179.68,7666139136.0,1.78,1.78,0.0,0.0,0.0,0.0,49954.63,,0.0,0.36
2026-10-06T00:04:00Z,10-05 19:04,2.04,3.62,180.25,7665090560.0,1.51,1.51,,,0.0,0.0,37339.23,0.0,0.0,0.96
2026-10-06T00:05:00Z,10-05 19:05,1.795,3.07,180.81,7665090560.0,2.18,2.18,0.0,0.0,0.0,0.0,55917.33,0.0,0.0,0.35
2026-10-06T00:06:00Z,10-05 19:06,1.995,3.49,181.37,7665090560.0,1.58,1.58,0.0,0.0,0.0,0.0,,0.0,,0.34
2026-10-06T00:07:00Z,10-05 19:07,1.995,3.49,181.94,,1.74,1.74,,,0.0,0.0,45868.635,,0.0,0.26
2026-10-06T00:08:00Z,10-05 19:08,2.015,3.39,182.5,7661944832.0,1.8,1.8,0.0,0.0,0.0,0.0,47176.5,0.0,0.0,0.4
2026-10-06T00:09:00Z,10-05 19:09,2.005,3.48,183.06,7664041984.0,2.68,2.68,,,0.0,0.0,71329.59,0.0,0.0,2.34
2026-10-06T00:10:00Z,10-05 19:10,2.025,3.57,183.62,7664041984.0,1.79,1.79,0.0,0.0,0.0,0.0,43076.15,,0.0,0.31
2026-10-06T00:11:00Z,10-05 19:11,1.985,3.4,184.18,7661944832.0,1.9,1.9,,,0.0,0.0,46903.94,0.0,0.0,0.35
2026-10-06T00:12:00Z,10-05 19:12,1.9,3.28,184.74,7661944832.0,2.43,2.43,0.0,0.0,0.0,0.0,66400.83,0.0,0.0,1.16
2026-10-06T00:13:00Z,10-05 19:13,1.945,3.41,185.3,7662993408.0,1.8,1.8,,,0.0,0.0,39803.99,,0.0,0.4
2026-10-06T00:14:00Z,10-05 19:14,1.885,3.31,185.85,7661944832.0,1.23,1.23,0.0,0.0,0.0,0.0,25797.97,0.0,0.0,0.29
2026-10-06T00:15:00Z,10-05 19:15,2.065,3.66,186.41,7661944832.0,1.41,1.41,0.0,0.0,0.0,0.0,32145.34,0.0,0.0,0.24
2026-10-06T00:16:00Z,10-05 19:16,1.99,3.46,186.98,7660896256.0,2.83,2.83,,,0.0,0.0,,0.0,,0.28
2026-10-06T00:17:00Z,10-05 19:17,2.015,3.13,187.53,7660896256.0,2.44,2.44,0.0,0.0,0.0,0.0,67362.765,0.0,0.0,0.28
2026-10-06T00:18:00Z,10-05 19:18,2.0,3.48,188.1,7659847680.0,2.48,2.48,0.0,0.0,0.0,0.0,62728.36,0.0,0.0,1.31
2026-10-06T00:19:00Z,10-05 19:19,2.005,3.52,188.66,7660896256.0,1.74,1.74,0.0,0.0,0.0,0.0,41297.53,0.0,0.0,0.31
2026-10-06T00:20:00Z,10-05 19:20,1.935,3.36,189.23,7659847680.0,1.39,1.39,0.0,0.0,0.0,0.0,31461.48,0.0,0.0,0.28
2026-10-06T00:21:00Z,10-05 19:21,1.925,3.33,189.79,7659847680.0,,,0.0,0.0,0.0,0.0,,0.0,,
2026-10-06T00:22:00Z,10-05 19:22,1.98,3.43,190.35,7650410496.0,2.73,4.13,,,0.01,0.01,63729.91,,0.0,1.18
2026-10-06T00:23:00Z,10-05 19:23,1.835,3.22,190.91,7651459072.0,1.48,1.48,0.0,0.0,0.0,0.0,33788.1,0.0,0.0,0.43
2026-10-06T00:24:00Z,10-05 19:24,1.735,3.03,191.48,7651459072.0,1.25,1.25,0.0,0.0,0.0,0.0,29287.86,0.0,0.0,0.31
2026-10-06T00:25:00Z,10-05 19:25,1.705,2.9,192.05,7652507648.0,2.26,2.26,,,0.0,0.0,60553.19,,0.0,0.31
2026-10-06T00:26:00Z,10-05 19:26,1.76,2.97,192.62,7654604800.0,2.4,2.4,0.0,0.0,0.0,0.0,,0.0,,0.33
2026-10-06T00:27:00Z,10-05 19:27,1.77,3.07,193.18,7656701952.0,2.88,2.88,0.0,0.0,0.0,0.0,81157.12,,0.0,0.26
2026-10-06T00:28:00Z,10-05 19:28,1.72,3.0,193.75,7656701952.0,0.98,0.98,0.0,0.0,0.0,0.0,24169.02,0.0,0.0,0.38
2026-10-06T00:29:00Z,10-05 19:29,1.655,2.87,194.32,7656701952.0,0.81,0.81,,,0.0,0.0,14741.69,,0.0,0.28
2026-10-06T00:30:00Z,10-05 19:30,1.695,2.92,194.89,7656701952.0,1.19,1.19,0.0,0.0,0.0,0.0,23548.56,0.0,0.0,0.28
2026-10-06T00:31:00Z,10-05 19:31,1.77,2.92,195.45,7657750528.0,2.36,2.36,,,0.0,0.0,60824.86,,0.0,0.31
2026-10-06T00:32:00Z,10-05 19:32,1.775,3.01,196.02,7658799104.0,2.54,2.54,0.0,0.0,0.0,0.0,67510.18,0.0,0.0,1.23
2026-10-06T00:33:00Z,10-05 19:33,1.95,3.38,196.58,7658799104.0,2.28,2.28,,,0.0,0.0,67574.16,,0.0,0.49
2026-10-06T00:34:00Z,10-05 19:34,1.83,3.15,197.15,7658799104.0,3.13,3.13,0.0,0.0,0.0,0.0,89020.89,0.0,0.0,1.13
2026-10-06T00:35:00Z,10-05 19:35,1.745,3.04,197.72,7658799104.0,1.43,1.43,0.0,0.0,0.0,0.0,36454.31,0.0,0.0,0.31
2026-10-06T00:36:00Z,10-05 19:36,1.8,3.09,198.29,7658799104.0,1.81,1.81,,,0.0,0.0,46419.53,,0.0,0.34
2026-10-06T00:37:00Z,10-05 19:37,1.76,3.01,198.85,7658799104.0,2.39,2.39,0.0,0.0,0.0,0.0,63963.06,0.0,0.0,0.28
2026-10-06T00:38:00Z,10-05 19:38,1.685,2.86,199.42,7658799104.0,1.89,1.89,0.0,0.0,0.0,0.0,46010.69,0.0,0.0,0.38
2026-10-06T00:39:00Z,10-05 19:39,2.545,2.96,199.97,7630487552.0,1.38,1.38,0.0,0.0,0.0,0.0,37262.01,0.0,0.0,0.31
2026-10-06T00:40:00Z,10-05 19:40,1.775,3.06,200.54,7643070464.0,1.68,1.68,0.0,0.0,0.0,0.0,41977.86,0.0,0.0,1.66
2026-10-06T00:41:00Z,10-05 19:41,1.795,3.04,201.1,7644119040.0,1.76,1.76,,,0.0,0.0,50240.62,0.0,,0.51
2026-10-06T00:42:00Z,10-05 19:42,1.68,2.87,,,1.83,1.83,0.0,0.0,0.0,0.0,42316.38,0.0,0.0,1.16
2026-10-06T00:43:00Z,10-05 19:43,1.73,3.01,201.67,7645167616.0,1.11,1.11,0.0,0.0,0.0,0.0,21506.36,0.0,0.0,0.4
2026-10-06T00:44:00Z,10-05 19:44,1.765,3.04,202.8,7646216192.0,1.51,1.51,0.0,0.0,0.0,0.0,34881.33,0.0,0.0,0.31
2026-10-06T00:45:00Z,10-05 19:45,1.785,3.11,203.37,7648313344.0,1.51,1.51,0.0,0.0,0.0,0.0,38022.18,0.0,0.0,0.28
2026-10-06T00:46:00Z,10-05 19:46,1.77,3.05,203.94,7648313344.0,,,0.0,0.0,0.0,0.0,,0.0,,
2026-10-06T00:47:00Z,10-05 19:47,1.745,3.03,204.51,7650410496.0,1.61,1.76,,,0.0,0.0,42015.925,0.0,0.0,0.28
2026-10-06T00:48:00Z,10-05 19:48,1.725,2.99,205.08,7651459072.0,1.74,1.74,0.0,0.0,0.0,0.0,46278.43,0.0,0.0,0.38
2026-10-06T00:49:00Z,10-05 19:49,1.76,3.01,205.65,7652507648.0,1.74,1.74,0.0,0.0,0.0,0.0,45115.33,,0.0,0.29
2026-10-06T00:50:00Z,10-05 19:50,1.71,2.98,206.21,7653556224.0,1.46,1.46,,,0.0,0.0,35841.87,0.0,0.0,0.28
2026-10-06T00:51:00Z,10-05 19:51,1.82,3.1,206.78,7652507648.0,1.51,1.51,0.0,0.0,0.0,0.0,38150.05,0.0,,1.19
2026-10-06T00:52:00Z,10-05 19:52,1.705,2.97,207.35,7652507648.0,1.78,1.78,0.0,0.0,0.0,0.0,44856.93,0.0,0.0,1.41
2026-10-06T00:53:00Z,10-05 19:53,1.835,3.2,207.92,7652507648.0,1.38,1.38,0.0,0.0,0.0,0.0,32831.15,0.0,0.0,0.33
2026-10-06T00:54:00Z,10-05 19:54,1.725,3.01,208.49,7653556224.0,1.33,1.33,0.0,0.0,0.0,0.0,27374.73,0.0,0.0,0.39
2026-10-06T00:55:00Z,10-05 19:55,1.8,3.12,209.05,7653556224.0,1.56,1.56,,,0.0,0.0,35845.34,0.0,0.0,0.3
2026-10-06T00:56:00Z,10-05 19:56,1.895,3.34,209.61,7652507648.0,,,0.0,0.0,0.0,0.0,,0.0,,
2026-10-06T00:57:00Z,10-05 19:57,1.845,3.25,210.18,7653556224.0,1.245,1.66,0.0,0.0,0.0,0.0,27945.91,,0.0,0.31
2026-10-06T00:58:00Z,10-05 19:58,1.785,3.12,210.75,7653556224.0,0.98,0.98,0.0,0.0,0.0,0.0,20140.58,0.0,0.0,0.3
2026-10-06T00:59:00Z,10-05 19:59,1.785,3.11,211.31,7652507648.0,1.78,1.78,0.0,0.0,0.0,0.0,45252.53,0.0,0.0,0.38
2026-10-06T01:00:00Z,10-05 20:00,1.68,2.9,211.88,7652507648.0,1.58,1.58,0.0,0.0,0.0,0.0,45178.08,0.0,0.0,0.31
2026-10-06T01:01:00Z,10-05 20:01,1.96,3.32,212.44,7636779008.0,6.93,6.93,1.0,1.0,0.07,0.07,,0.0,,0.34
2026-10-06T01:02:00Z,10-05 20:02,1.765,2.96,213.0,7638876160.0,3.01,3.01,0.0,0.0,0.0,0.0,131789.335,0.0,0.0,1.21
2026-10-06T01:03:00Z,10-05 20:03,1.87,3.19,213.57,7643070464.0,4.66,4.66,0.0,0.0,0.0,0.0,134778.43,0.0,0.0,0.26
2026-10-06T01:04:00Z,10-05 20:04,1.755,3.0,214.14,7644119040.0,2.33,2.33,0.0,0.0,0.0,0.0,64850.69,,0.0,0.88
2026-10-06T01:05:00Z,10-05 20:05,1.79,3.09,214.7,7645167616.0,2.28,2.28,,,0.0,0.0,62669.85,0.0,0.0,0.38
2026-10-06T01:06:00Z,10-05 20:06,1.785,3.09,215.26,7646216192.0,2.53,2.53,0.0,0.0,0.0,0.0,,0.0,,0.31
2026-10-06T01:07:00Z,10-05 20:07,1.79,3.07,215.83,7647264768.0,2.53,2.53,0.0,0.0,0.0,0.0,59214.82,0.0,0.0,0.34
2026-10-06T01:08:00Z,10-05 20:08,1.79,3.09,216.4,7648313344.0,1.68,1.68,0.0,0.0,0.0,0.0,40688.72,,0.0,0.38
2026-10-06T01:09:00Z,10-05 20:09,1.86,3.16,216.96,7650410496.0,2.56,2.56,,,0.0,0.0,80194.75,0.0,0.0,0.34
2026-10-06T01:10:00Z,10-05 20:10,1.74,2.97,217.53,7651459072.0,2.43,2.43,0.0,0.0,0.0,0.0,70500.06,0.0,0.0,0.26
2026-10-06T01:11:00Z,10-05 20:11,1.835,3.13,218.11,7649361920.0,2.16,2.16,0.0,0.0,0.0,0.0,59111.69,,,0.31
2026-10-06T01:12:00Z,10-05 20:12,1.8,3.08,218.66,7650410496.0,2.39,2.39,,,0.0,0.0,69222.04,0.0,0.0,1.18
2026-10-06T01:13:00Z,10-05 20:13,1.73,3.0,219.24,7650410496.0,2.18,2.18,0.0,0.0,0.0,0.0,59809.1,0.0,0.0,0.38
2026-10-06T01:14:00Z,10-05 20:14,1.76,2.98,219.79,7650410496.0,2.41,2.41,0.0,0.0,0.0,0.0,61627.64,0.0,0.0,0.29
2026-10-06T01:15:00Z,10-05 20:15,1.735,2.99,220.36,7650410496.0,1.48,1.48,,,0.0,0.0,36515.15,,0.0,0.26
2026-10-06T01:16:00Z,10-05 20:16,1.855,3.1,220.92,7649361920.0,2.81,2.81,0.0,0.0,0.0,0.0,95484.8,0.0,,0.28
2026-10-06T01:17:00Z,10-05 20:17,1.865,3.25,221.49,7649361920.0,2.96,2.96,0.0,0.0,0.0,0.0,92557.39,0.0,0.0,0.33
2026-10-06T01:18:00Z,10-05 20:18,1.85,3.16,222.05,,2.41,2.41,,,0.0,0.0,71455.01,0.0,0.0,1.13
2026-10-06T01:19:00Z,10-05 20:19,1.85,3.13,222.61,7649361920.0,2.53,2.53,0.0,0.0,0.0,0.0,81584.26,0.0,0.0,0.31
2026-10-06T01:20:00Z,10-05 20:20,1.805,3.04,223.17,7649361920.0,2.58,2.58,0.0,0.0,0.0,0.0,81831.43,0.0,0.0,0.21
2026-10-06T01:21:00Z,10-05 20:21,1.95,3.29,223.73,7648313344.0,3.94,3.94,0.0,0.0,0.0,0.0,,0.0,,0.28
2026-10-06T01:22:00Z,10-05 20:22,1.885,3.19,224.29,7640973312.0,7.03,7.03,1.0,1.0,0.22,0.22,140995.55,0.0,0.0,1.26
2026-10-06T01:23:00Z,10-05 20:23,1.855,3.23,,7640973312.0,2.76,2.76,0.0,0.0,0.0,0.0,79388.67,0.0,0.0,0.44
2026-10-06T01:24:00Z,10-05 20:24,1.765,3.02,224.85,7640973312.0,1.66,1.66,0.0,0.0,0.0,0.0,41363.7,,0.0,0.29
2026-10-06T01:25:00Z,10-05 20:25,1.785,3.06,225.98,7642021888.0,1.43,1.43,0.0,0.0,0.0,0.0,34540.19,0.0,0.0,0.31
2026-10-06T01:26:00Z,10-05 20:26,1.79,3.1,226.55,7644119040.0,2.63,2.63,0.0,0.0,0.0,0.0,73171.26,0.0,,0.26
2026-10-06T01:27:00Z,10-05 20:27,1.71,2.94,227.12,7645167616.0,1.51,1.51,,,0.0,0.0,47303.23,0.0,0.0,0.26
2026-10-06T01:28:00Z,10-05 20:28,1.735,3.0,227.69,7646216192.0,1.53,1.53,0.0,0.0,0.0,0.0,41575.02,0.0,0.0,0.31
2026-10-06T01:29:00Z,10-05 20:29,1.815,3.14,228.26,7646216192.0,1.26,1.26,,,0.0,0.0,34335.84,0.0,0.0,0.38
2026-10-06T01:30:00Z,10-05 20:30,1.705,2.99,,,1.09,1.09,0.0,0.0,0.0,0.0,34607.61,,0.0,0.31
2026-10-06T01:31:00Z,10-05 20:31,1.815,3.04,228.83,7647264768.0,,,0.0,0.0,0.0,0.0,,0.0,,
2026-10-06T01:32:00Z,10-05 20:32,1.74,3.01,229.96,7647264768.0,1.94,2.15,0.0,0.0,0.0,0.0,57136.23,0.0,0.0,1.26
2026-10-06T01:33:00Z,10-05 20:33,1.79,3.07,230.53,7647264768.0,1.48,1.48,,,0.0,0.0,38148.65,,0.0,0.29
2026-10-06T01:34:00Z,10-05 20:34,1.825,3.14,231.09,7647264768.0,1.46,1.46,0.0,0.0,0.0,0.0,38014.39,0.0,0.0,1.01
2026-10-06T01:35:00Z,10-05 20:35,1.775,3.06,,,1.46,1.46,0.0,0.0,0.0,0.0,41495.57,0.0,0.0,0.36
2026-10-06T01:36:00Z,10-05 20:36,1.765,3.04,231.66,7647264768.0,2.11,2.11,0.0,0.0,0.0,0.0,,0.0,,0.31
2026-10-06T01:37:00Z,10-05 20:37,1.84,3.16,232.79,7645167616.0,3.13,3.13,0.0,0.0,0.0,0.0,82383.615,0.0,0.0,0.34
2026-10-06T01:38:00Z,10-05 20:38,1.805,3.16,233.35,7645167616.0,1.54,1.54,0.0,0.0,0.0,0.0,40536.06,0.0,0.0,0.39
2026-10-06T01:39:00Z,10-05 20:39,1.715,2.97,233.9,7644119040.0,1.09,1.09,0.0,0.0,0.0,0.0,26007.06,0.0,0.0,0.29
2026-10-06T01:40:00Z,10-05 20:40,2.605,4.76,234.47,7631536128.0,2.31,2.31,0.0,0.0,0.0,0.0,68001.33,0.0,0.0,1.56
2026-10-06T01:41:00Z,10-05 20:41,1.86,3.2,235.03,7633633280.0,1.41,1.41,0.0,0.0,0.0,0.0,,0.0,,0.64
2026-10-06T01:42:00Z,10-05 20:42,1.785,3.07,235.59,7636779008.0,2.41,2.41,0.0,0.0,0.0,0.0,59106.02,0.0,0.0,1.21
2026-10-06T01:43:00Z,10-05 20:43,1.77,3.08,236.16,7637827584.0,1.83,1.83,0.0,0.0,0.0,0.0,56171.85,0.0,0.0,0.38
2026-10-06T01:44:00Z,10-05 20:44,1.825,3.18,236.72,7638876160.0,2.43,2.43,0.0,0.0,0.0,0.0,64786.49,0.0,0.0,0.26
2026-10-06T01:45:00Z,10-05 20:45,1.705,2.97,237.29,7639924736.0,0.99,0.99,0.0,0.0,0.0,0.0,29693.56,0.0,0.0,0.31
2026-10-06T01:46:00Z,10-05 20:46,1.795,3.12,237.86,7640973312.0,1.78,1.78,0.0,0.0,0.0,0.0,,0.0,,0.26
2026-10-06T01:47:00Z,10-05 20:47,1.79,3.09,,,1.54,1.54,,,0.0,0.0,47536.57,,0.0,0.28
2026-10-06T01:48:00Z,10-05 20:48,1.765,3.05,238.43,7643070464.0,1.58,1.58,0.0,0.0,0.0,0.0,49023.08,0.0,0.0,0.38
2026-10-06T01:49:00Z,10-05 20:49,1.74,3.04,,,1.01,1.01,0.0,0.0,0.0,0.0,32416.95,0.0,0.0,0.29
2026-10-06T01:50:00Z,10-05 20:50,1.685,2.92,239.56,7645167616.0,1.26,1.26,0.0,0.0,0.0,0.0,30101.87,,0.0,0.28
2026-10-06T01:51:00Z,10-05 20:51,1.76,3.01,240.7,7644119040.0,1.35,1.35,0.0,0.0,0.0,0.0,,0.0,,0.35
2026-10-06T01:52:00Z,10-05 20:52,1.745,3.02,241.26,7644119040.0,1.08,1.08,0.0,0.0,0.0,0.0,33588.465,0.0,0.0,1.14
2026-10-06T01:53:00Z,10-05 20:53,1.81,3.15,241.83,7643070464.0,1.98,1.98,0.0,0.0,0.0,0.0,55163.44,0.0,0.0,1.2
2026-10-06T01:54:00Z,10-05 20:54,1.745,3.01,242.4,7644119040.0,1.46,1.46,0.0,0.0,0.0,0.0,38693.86,,0.0,0.28
2026-10-06T01:55:00Z,10-05 20:55,1.67,2.91,242.97,7645167616.0,0.9,0.9,0.0,0.0,0.0,0.0,18227.72,0.0,0.0,0.3
2026-10-06T01:56:00Z,10-05 20:56,1.745,2.99,243.54,7644119040.0,,,0.0,0.0,0.0,0.0,,0.0,,
2026-10-06T01:57:00Z,10-05 20:57,1.72,3.0,244.11,7644119040.0,1.105,1.18,0.0,0.0,0.0,0.0,32216.62,0.0,0.0,0.34
2026-10-06T01:58:00Z,10-05 20:58,1.68,2.89,244.68,7644119040.0,0.96,0.96,0.0,0.0,0.0,0.0,31472.67,,0.0,0.38
2026-10-06T01:59:00Z,10-05 20:59,1.705,2.96,245.25,7644119040.0,0.74,0.74,0.0,0.0,0.0,0.0,20070.23,0.0,0.0,0.29
2026-10-06T02:00:00Z,10-05 21:00,1.705,2.96,245.82,7644119040.0,0.93,0.93,,,0.0,0.0,24984.17,0.0,0.0,0.28
2026-10-06T02:01:00Z,10-05 21:01,1.785,3.05,246.39,7642021888.0,,,0.0,0.0,0.0,0.0,,0.0,,
2026-10-06T02:02:00Z,10-05 21:02,1.695,2.92,246.96,7635730432.0,3.295,5.45,1.0,1.0,0.13,0.13,61743.56,0.0,0.0,1.2
2026-10-06T02:03:00Z,10-05 21:03,1.765,3.07,247.53,7636779008.0,1.55,1.55,,,0.0,0.0,42123.24,0.0,0.0,0.4
2026-10-06T02:04:00Z,10-05 21:04,1.72,2.99,248.1,7636779008.0,0.69,0.69,0.0,0.0,0.0,0.0,15768.31,0.0,0.0,0.91
2026-10-06T02:05:00Z,10-05 21:05,1.725,2.97,248.66,7636779008.0,1.31,1.31,0.0,0.0,0.0,0.0,38234.46,0.0,0.0,0.3
2026-10-06T02:06:00Z,10-05 21:06,1.72,2.92,249.23,7637827584.0,1.56,1.56,0.0,0.0,0.0,0.0,52080.87,,0.0,0.29
2026-10-06T02:07:00Z,10-05 21:07,1.725,3.03,249.8,7638876160.0,0.98,0.98,0.0,0.0,0.0,0.0,24578.91,0.0,0.0,0.31
2026-10-06T02:08:00Z,10-05 21:08,1.76,3.05,250.37,7639924736.0,0.94,0.94,0.0,0.0,0.0,0.0,34599.88,0.0,0.0,0.41
2026-10-06T02:09:00Z,10-05 21:09,1.805,3.03,250.93,7640973312.0,2.38,2.38,0.0,0.0,0.0,0.0,91141.27,0.0,0.0,0.3
2026-10-06T02:10:00Z,10-05 21:10,1.715,2.96,251.5,7643070464.0,1.34,1.34,0.0,0.0,0.0,0.0,40810.18,0.0,0.0,0.31
2026-10-06T02:11:00Z,10-05 21:11,1.76,3.01,252.07,7640973312.0,1.18,1.18,0.0,0.0,0.0,0.0,,0.0,,0.28
2026-10-06T02:12:00Z,10-05 21:12,1.67,2.89,252.63,7640973312.0,0.69,0.69,0.0,0.0,0.0,0.0,26113.27,0.0,0.0,1.19
2026-10-06T02:13:00Z,10-05 21:13,1.7,2.94,253.2,7642021888.0,1.03,1.03,0.0,0.0,0.0,0.0,26143.71,0.0,0.0,0.36
2026-10-06T02:14:00Z,10-05 21:14,1.665,2.9,253.77,7642021888.0,0.84,0.84,0.0,0.0,0.0,0.0,25593.14,0.0,0.0,0.29
2026-10-06T02:15:00Z,10-05 21:15,1.71,3.0,254.34,7642021888.0,0.84,0.84,0.0,0.0,0.0,0.0,23203.73,0.0,0.0,0.28
2026-10-06T02:16:00Z,10-05 21:16,1.795,3.07,254.9,7642021888.0,,,0.0,0.0,0.0,0.0,,0.0,,
2026-10-06T02:17:00Z,10-05 21:17,1.745,3.08,255.47,7642021888.0,1.495,1.93,0.0,0.0,0.0,0.0,45762.375,0.0,0.0,0.28
2026-10-06T02:18:00Z,10-05 21:18,1.785,3.12,256.03,7642021888.0,0.93,0.93,0.0,0.0,0.0,0.0,27781.5,0.0,0.0,1.08
2026-10-06T02:19:00Z,10-05 21:19,1.69,2.95,256.6,7642021888.0,0.81,0.81,0.0,0.0,0.0,0.0,18017.07,0.0,0.0,0.36
2026-10-06T02:20:00Z,10-05 21:20,1.755,3.06,,,1.21,1.21,0.0,0.0,0.0,0.0,28667.18,0.0,0.0,0.26
2026-10-06T02:21:00Z,10-05 21:21,1.8,3.11,257.16,7640973312.0,,,0.0,0.0,0.0,0.0,,0.0,,
2026-10-06T02:22:00Z,10-05 21:22,1.73,3.02,258.29,7640973312.0,1.11,1.23,,,0.0,0.0,26342.54,,0.0,1.09
2026-10-06T02:23:00Z,10-05 21:23,1.715,2.99,,7640973312.0,0.78,0.78,0.0,0.0,0.0,0.0,24157.81,0.0,0.0,0.49
2026-10-06T02:24:00Z,10-05 21:24,1.74,2.98,258.86,7640973312.0,1.7,1.7,,,0.0,0.0,57212.8,0.0,0.0,0.28
2026-10-06T02:25:00Z,10-05 21:25,1.815,3.16,259.99,7640973312.0,1.23,1.23,0.0,0.0,0.0,0.0,24095.05,0.0,0.0,0.23
2026-10-06T02:26:00Z,10-05 21:26,1.82,3.2,260.55,7640973312.0,1.16,1.16,0.0,0.0,0.0,0.0,24987.41,0.0,0.0,0.28
2026-10-06T02:27:00Z,10-05 21:27,1.825,3.17,261.12,7640973312.0,1.13,1.13,0.0,0.0,0.0,0.0,26963.27,0.0,0.0,0.29
2026-10-06T02:28:00Z,10-05 21:28,1.71,2.99,261.69,7640973312.0,0.86,0.86,0.0,0.0,0.0,0.0,18024.35,,0.0,0.31
2026-10-06T02:29:00Z,10-05 21:29,1.8,3.16,262.26,7640973312.0,0.64,0.64,0.0,0.0,0.0,0.0,17129.95,0.0,0.0,0.36
2026-10-06T02:30:00Z,10-05 21:30,1.77,3.11,262.82,7640973312.0,0.98,0.98,,,0.0,0.0,23622.88,,0.0,0.28
2026-10-06T02:31:00Z,10-05 21:31,1.895,3.27,,7638876160.0,1.16,1.16,0.0,0.0,0.0,0.0,30715.07,0.0,0.0,1.23
2026-10-06T02:32:00Z,10-05 21:32,1.755,3.06,263.38,7640973312.0,1.51,1.51,,,0.0,0.0,41981.4,0.0,0.0,1.21
2026-10-06T02:33:00Z,10-05 21:33,1.875,3.23,263.95,7639924736.0,1.06,1.06,0.0,0.0,0.0,0.0,29072.1,,0.0,0.49
2026-10-06T02:34:00Z,10-05 21:34,1.9,3.34,265.08,7639924736.0,1.14,1.14,0.0,0.0,0.0,0.0,26004.14,0.0,0.0,1.58
2026-10-06T02:35:00Z,10-05 21:35,1.93,3.33,265.64,7639924736.0,2.28,2.28,,,0.0,0.0,52548.17,,0.0,0.38
2026-10-06T02:36:00Z,10-05 21:36,1.86,3.13,266.2,7638876160.0,3.31,3.31,0.0,0.0,0.0,0.0,105639.01,0.0,,0.33
2026-10-06T02:37:00Z,10-05 21:37,1.83,3.17,266.77,7639924736.0,2.5,2.5,,,0.0,0.0,75443.23,0.0,0.0,0.31
2026-10-06T02:38:00Z,10-05 21:38,1.82,3.13,267.33,7639924736.0,1.06,1.06,0.0,0.0,0.0,0.0,29482.69,,0.0,0.31
2026-10-06T02:39:00Z,10-05 21:39,1.82,3.16,267.9,7639924736.0,1.56,1.56,0.0,0.0,0.0,0.0,45380.57,0.0,0.0,0.36
2026-10-06T02:40:00Z,10-05 21:40,2.62,3.93,268.45,7616856064.0,1.83,1.83,0.0,0.0,0.0,0.0,46833.37,0.0,0.0,1.66
2026-10-06T02:41:00Z,10-05 21:41,1.795,3.06,269.02,7638876160.0,1.43,1.43,,,0.0,0.0,33382.97,0.0,,0.68
2026-10-06T02:42:00Z,10-05 21:42,1.77,3.07,269.59,7639924736.0,1.48,1.48,0.0,0.0,0.0,0.0,32495.25,0.0,0.0,1.18
2026-10-06T02:43:00Z,10-05 21:43,1.84,3.2,270.16,7640973312.0,1.58,1.58,0.0,0.0,0.0,0.0,32214.94,0.0,0.0,0.38
2026-10-06T02:44:00Z,10-05 21:44,1.755,3.05,270.72,7642021888.0,0.93,0.93,0.0,0.0,0.0,0.0,20676.79,0.0,0.0,0.29
2026-10-06T02:45:00Z,10-05 21:45,1.83,3.22,271.28,7643070464.0,0.86,0.86,,,0.0,0.0,17542.53,,0.0,0.29
2026-10-06T02:46:00Z,10-05 21:46,1.85,3.23,271.84,7643070464.0,,,0.0,0.0,0.0,0.0,,0.0,,
2026-10-06T02:47:00Z,10-05 21:47,1.845,3.23,272.4,7643070464.0,0.785,0.88,0.0,0.0,0.0,0.0,15632.845,0.0,0.0,0.31
2026-10-06T02:48:00Z,10-05 21:48,1.815,3.18,272.96,7644119040.0,1.26,1.26,0.0,0.0,0.0,0.0,28595.97,0.0,0.0,0.38
2026-10-06T02:49:00Z,10-05 21:49,1.82,3.16,273.52,7644119040.0,0.99,0.99,0.0,0.0,0.0,0.0,20547.45,0.0,0.0,0.31
2026-10-06T02:50:00Z,10-05 21:50,1.715,2.95,274.09,7645167616.0,0.93,0.93,0.0,0.0,0.0,0.0,20410.07,0.0,0.0,0.31
2026-10-06T02:51:00Z,10-05 21:51,1.925,3.32,274.65,7645167616.0,1.18,1.18,,,0.0,0.0,33370.42,,0.0,0.29
2026-10-06T02:52:00Z,10-05 21:52,1.865,3.24,275.21,7631536128.0,6.89,6.89,0.0,0.0,0.37,0.37,104696.14,0.0,0.0,1.16
2026-10-06T02:53:00Z,10-05 21:53,1.78,3.11,,,1.14,1.14,1.0,0.5,0.0,0.0,26137.15,0.0,0.0,0.38
2026-10-06T02:54:00Z,10-05 21:54,1.82,3.17,275.78,7632584704.0,0.9,0.9,0.0,0.0,0.0,0.0,28126.7,,0.0,0.3
2026-10-06T02:55:00Z,10-05 21:55,1.835,3.18,276.91,7633633280.0,1.31,1.31,0.0,0.0,0.0,0.0,35213.03,0.0,0.0,0.31
2026-10-06T02:56:00Z,10-05 21:56,1.77,3.08,277.48,7633633280.0,0.86,0.86,0.0,0.0,0.0,0.0,,0.0,,
2026-10-06T02:57:00Z,10-05 21:57,1.735,3.03,278.04,7633633280.0,0.61,0.61,0.0,0.0,0.0,0.0,16040.95,0.0,0.0,0.29
2026-10-06T02:58:00Z,10-05 21:58,1.765,3.09,,,1.46,1.46,0.0,0.0,0.0,0.0,34818.01,0.0,0.0,0.38
2026-10-06T02:59:00Z,10-05 21:59,1.725,3.03,278.61,7634681856.0,0.86,0.86,0.0,0.0,0.0,0.0,18224.55,0.0,0.0,0.28
2026-10-06T03:00:00Z,10-05 22:00,1.66,2.89,279.75,7635730432.0,0.81,0.81,0.0,0.0,0.0,0.0,18496.24,0.0,0.0,0.28
2026-10-06T03:01:00Z,10-05 22:01,2.085,3.63,280.31,7637827584.0,,,0.0,0.0,0.0,0.0,,0.0,,
2026-10-06T03:02:00Z,10-05 22:02,1.79,3.1,280.88,7638876160.0,1.88,1.9,,,0.0,0.0,62941.31,,0.0,1.23
2026-10-06T03:03:00Z,10-05 22:03,1.76,3.08,281.45,7640973312.0,1.34,1.34,0.0,0.0,0.0,0.0,41430.41,0.0,0.0,0.31
2026-10-06T03:04:00Z,10-05 22:04,1.87,3.27,282.01,7642021888.0,1.48,1.48,0.0,0.0,0.0,0.0,47099.04,0.0,0.0,0.36
2026-10-06T03:05:00Z,10-05 22:05,1.885,3.27,282.57,7643070464.0,1.68,1.68,0.0,0.0,0.0,0.0,49206.78,0.0,0.0,0.86
2026-10-06T03:06:00Z,10-05 22:06,1.91,3.33,283.13,7644119040.0,1.68,1.68,0.0,0.0,0.0,0.0,,0.0,,0.36
2026-10-06T03:07:00Z,10-05 22:07,1.955,3.39,283.69,7644119040.0,1.31,1.31,0.0,0.0,0.0,0.0,36104.315,0.0,0.0,0.29
2026-10-06T03:08:00Z,10-05 22:08,2.22,3.94,284.24,7645167616.0,1.18,1.18,,,0.0,0.0,25330.04,,0.0,0.36
2026-10-06T03:09:00Z,10-05 22:09,2.3,3.96,284.8,,0.66,0.66,0.0,0.0,0.0,0.0,13785.72,0.0,0.0,0.31
2026-10-06T03:10:00Z,10-05 22:10,2.01,3.51,285.36,7644119040.0,1.48,1.48,0.0,0.0,0.0,0.0,39797.51,0.0,0.0,1.11
2026-10-06T03:11:00Z,10-05 22:11,1.98,3.43,285.92,7647264768.0,1.2,1.2,,,0.0,0.0,36731.43,0.0,,1.5
2026-10-06T03:12:00Z,10-05 22:12,2.08,3.27,286.48,7646216192.0,1.78,1.78,0.0,0.0,0.0,0.0,44903.61,,0.0,2.63
2026-10-06T03:13:00Z,10-05 22:13,1.82,3.13,287.05,7646216192.0,1.56,1.56,0.0,0.0,0.0,0.0,37551.16,0.0,0.0,1.35
2026-10-06T03:14:00Z,10-05 22:14,1.795,3.12,287.61,7647264768.0,1.34,1.34,0.0,0.0,0.0,0.0,36584.65,,0.0,0.43
2026-10-06T03:15:00Z,10-05 22:15,1.81,3.15,288.18,7647264768.0,1.15,1.15,0.0,0.0,0.0,0.0,27991.75,0.0,0.0,0.26
2026-10-06T03:16:00Z,10-05 22:16,1.735,3.01,288.75,7647264768.0,1.03,1.03,0.0,0.0,0.0,0.0,,0.0,,0.28
2026-10-06T03:17:00Z,10-05 22:17,1.78,3.08,289.31,7647264768.0,1.56,1.56,0.0,0.0,0.0,0.0,31057.455,,0.0,0.34
2026-10-06T03:18:00Z,10-05 22:18,1.785,3.03,289.88,7646216192.0,2.18,2.18,,,0.0,0.0,54534.83,0.0,0.0,1.24
2026-10-06T03:19:00Z,10-05 22:19,1.82,3.18,290.44,7647264768.0,0.96,0.96,0.0,0.0,0.0,0.0,23069.2,0.0,0.0,0.31
2026-10-06T03:20:00Z,10-05 22:20,1.9,3.32,291.0,7647264768.0,1.03,1.03,0.0,0.0,0.0,0.0,26350.42,0.0,0.0,0.28
2026-10-06T03:21:00Z,10-05 22:21,1.845,3.16,291.57,7645167616.0,1.69,1.69,,,0.0,0.0,41359.31,0.0,0.0,0.28
2026-10-06T03:22:00Z,10-05 22:22,1.785,3.11,292.13,7645167616.0,1.23,1.23,0.0,0.0,0.0,0.0,26694.08,,0.0,1.16
2026-10-06T03:23:00Z,10-05 22:23,1.765,3.06,292.7,7646216192.0,1.03,1.03,0.0,0.0,0.0,0.0,27718.54,0.0,0.0,0.4
2026-10-06T03:24:00Z,10-05 22:24,1.775,3.0,293.26,7647264768.0,1.66,1.66,0.0,0.0,0.0,0.0,61016.27,0.0,0.0,0.33
2026-10-06T03:25:00Z,10-05 22:25,1.745,3.01,293.83,7646216192.0,1.71,1.71,0.0,0.0,0.0,0.0,50230.18,0.0,0.0,0.28
2026-10-06T03:26:00Z,10-05 22:26,1.73,2.97,294.4,7646216192.0,1.19,1.19,0.0,0.0,0.0,0.0,,0.0,,0.26
2026-10-06T03:27:00Z,10-05 22:27,1.75,3.04,294.97,7646216192.0,1.23,1.23,0.0,0.0,0.0,0.0,31358.16,0.0,0.0,0.28
2026-10-06T03:28:00Z,10-05 22:28,1.785,3.08,295.54,7646216192.0,1.19,1.19,0.0,0.0,0.0,0.0,30992.98,0.0,0.0,0.29
2026-10-06T03:29:00Z,10-05 22:29,1.805,3.14,296.1,7646216192.0,1.21,1.21,,,0.0,0.0,30239.65,0.0,0.0,0.39
2026-10-06T03:30:00Z,10-05 22:30,1.73,3.0,296.67,7646216192.0,0.58,0.58,0.0,0.0,0.0,0.0,10579.68,0.0,0.0,0.24
2026-10-06T03:31:00Z,10-05 22:31,1.995,3.38,297.23,7644119040.0,2.03,2.03,0.0,0.0,0.0,0.0,,0.0,,0.33
2026-10-06T03:32:00Z,10-05 22:32,1.765,3.05,297.79,7644119040.0,1.04,1.04,0.0,0.0,0.0,0.0,51573.765,0.0,0.0,1.23
2026-10-06T03:33:00Z,10-05 22:33,1.855,3.19,298.36,7645167616.0,1.88,1.88,0.0,0.0,0.0,0.0,49067.96,0.0,0.0,0.38
2026-10-06T03:34:00Z,10-05 22:34,1.83,3.18,298.92,7646216192.0,1.34,1.34,0.0,0.0,0.0,0.0,32417.59,0.0,0.0,1.01
2026-10-06T03:35:00Z,10-05 22:35,1.775,3.09,299.49,7645167616.0,0.99,0.99,,,0.0,0.0,19519.34,,0.0,0.91
2026-10-06T03:36:00Z,10-05 22:36,1.835,3.16,300.05,7645167616.0,1.68,1.68,0.0,0.0,0.0,0.0,38625.81,0.0,0.0,0.31
2026-10-06T03:37:00Z,10-05 22:37,1.795,3.13,300.62,7645167616.0,0.93,0.93,0.0,0.0,0.0,0.0,22389.63,0.0,0.0,0.28
2026-10-06T03:38:00Z,10-05 22:38,1.79,3.08,301.18,7645167616.0,1.88,1.88,0.0,0.0,0.0,0.0,50852.37,0.0,0.0,0.39
2026-10-06T03:39:00Z,10-05 22:39,1.735,3.01,301.75,7645167616.0,2.39,2.39,0.0,0.0,0.0,0.0,60677.76,0.0,0.0,0.33
2026-10-06T03:40:00Z,10-05 22:40,2.695,3.2,302.31,7592738816.0,8.24,8.24,,,0.4,0.4,108709.54,,0.0,0.29
2026-10-06T03:41:00Z,10-05 22:41,1.835,3.17,302.87,7599030272.0,,,1.0,0.5,0.0,0.0,,0.0,,
2026-10-06T03:42:00Z,10-05 22:42,1.685,2.94,303.43,7600078848.0,1.055,1.18,0.0,0.0,0.0,0.0,23822.345,0.0,0.0,1.56
2026-10-06T03:43:00Z,10-05 22:43,1.775,3.13,304.0,7601127424.0,0.44,0.44,0.0,0.0,0.0,0.0,11192.38,0.0,0.0,0.38
2026-10-06T03:44:00Z,10-05 22:44,1.69,2.95,304.57,7601127424.0,0.73,0.73,,,0.0,0.0,20203.84,,0.0,0.33
2026-10-06T03:45:00Z,10-05 22:45,1.715,2.98,305.14,7602176000.0,0.68,0.68,0.0,0.0,0.0,0.0,17610.39,0.0,0.0,0.29
2026-10-06T03:46:00Z,10-05 22:46,1.87,3.28,305.7,7602176000.0,1.06,1.06,,,0.0,0.0,20613.68,,,0.33
2026-10-06T03:47:00Z,10-05 22:47,1.775,3.08,306.27,7603224576.0,0.73,0.73,0.0,0.0,0.0,0.0,14469.12,0.0,0.0,0.28
2026-10-06T03:48:00Z,10-05 22:48,1.69,2.95,306.84,7604273152.0,0.55,0.55,0.0,0.0,0.0,0.0,13107.76,,0.0,0.35
2026-10-06T03:49:00Z,10-05 22:49,1.705,2.94,,,0.76,0.76,0.0,0.0,0.0,0.0,19319.94,0.0,0.0,0.31
2026-10-06T03:50:00Z,10-05 22:50,1.695,2.97,307.41,7604273152.0,0.85,0.85,,,0.0,0.0,20344.03,,0.0,0.3
2026-10-06T03:51:00Z,10-05 22:51,1.84,3.16,308.54,7606370304.0,0.86,0.86,0.0,0.0,0.0,0.0,16931.66,0.0,0.0,0.31
2026-10-06T03:52:00Z,10-05 22:52,1.795,3.12,309.1,7607418880.0,1.03,1.03,0.0,0.0,0.0,0.0,30914.91,0.0,0.0,1.26
2026-10-06T03:53:00Z,10-05 22:53,1.86,3.28,309.66,7608467456.0,0.9,0.9,0.0,0.0,0.0,0.0,25465.57,0.0,0.0,0.38
2026-10-06T03:54:00Z,10-05 22:54,1.695,2.94,310.23,7608467456.0,0.39,0.39,0.0,0.0,0.0,0.0,8259.25,0.0,0.0,0.29
2026-10-06T03:55:00Z,10-05 22:55,1.76,3.09,310.8,7609516032.0,1.04,1.04,0.0,0.0,0.0,0.0,20751.87,0.0,0.0,0.28
2026-10-06T03:56:00Z,10-05 22:56,1.925,3.42,311.36,7610564608.0,,,0.0,0.0,0.0,0.0,,0.0,,
2026-10-06T03:57:00Z,10-05 22:57,1.76,3.07,311.94,7611613184.0,0.98,1.08,0.0,0.0,0.0,0.0,23719.42,0.0,0.0,0.33
2026-10-06T03:58:00Z,10-05 22:58,1.81,3.19,312.5,7612661760.0,0.94,0.94,0.0,0.0,0.0,0.0,23615.38,0.0,0.0,0.38
2026-10-06T03:59:00Z,10-05 22:59,1.71,3.0,313.07,7613710336.0,0.63,0.63,0.0,0.0,0.0,0.0,13790.76,0.0,0.0,0.3
2026-10-06T04:00:00Z,10-05 23:00,1.795,3.12,313.64,7614758912.0,1.44,1.44,0.0,0.0,0.0,0.0,32696.93,0.0,0.0,0.28
2026-10-06T04:01:00Z,10-05 23:01,1.835,3.15,314.2,7615807488.0,0.99,0.99,,,0.0,0.0,25461.6,0.0,,0.28
2026-10-06T04:02:00Z,10-05 23:02,1.85,3.21,314.75,7616856064.0,1.31,1.31,0.0,0.0,0.0,0.0,34331.33,0.0,0.0,1.21
2026-10-06T04:03:00Z,10-05 23:03,1.785,3.1,315.33,7617904640.0,1.11,1.11,0.0,0.0,0.0,0.0,21506.47,0.0,0.0,0.38
2026-10-06T04:04:00Z,10-05 23:04,1.95,3.41,315.89,7618953216.0,1.03,1.03,0.0,0.0,0.0,0.0,21843.93,0.0,0.0,0.43
2026-10-06T04:05:00Z,10-05 23:05,1.84,3.21,316.45,7620001792.0,0.96,0.96,0.0,0.0,0.0,0.0,21369.83,0.0,0.0,0.91
2026-10-06T04:06:00Z,10-05 23:06,1.78,3.09,317.02,7621050368.0,,,0.0,0.0,0.0,0.0,,0.0,,
2026-10-06T04:07:00Z,10-05 23:07,1.855,3.23,317.58,7622098944.0,1.085,1.18,0.0,0.0,0.0,0.0,28157.285,0.0,0.0,0.33
2026-10-06T04:08:00Z,10-05 23:08,1.84,3.2,318.13,7624196096.0,1.83,1.83,0.0,0.0,0.0,0.0,50636.02,0.0,0.0,0.38
2026-10-06T04:09:00Z,10-05 23:09,1.745,3.0,318.69,7626293248.0,1.43,1.43,0.0,0.0,0.0,0.0,42379.96,0.0,0.0,0.31
2026-10-06T04:10:00Z,10-05 23:10,1.79,3.13,319.26,7628390400.0,1.28,1.28,0.0,0.0,0.0,0.0,32359.89,0.0,0.0,0.28
2026-10-06T04:11:00Z,10-05 23:11,1.765,3.0,319.82,7629438976.0,,,0.0,0.0,0.0,0.0,,0.0,,
2026-10-06T04:12:00Z,10-05 23:12,1.765,3.09,320.39,7630487552.0,1.35,1.66,0.0,0.0,0.0,0.0,31567.235,0.0,0.0,1.14
2026-10-06T04:13:00Z,10-05 23:13,1.695,2.93,320.96,7631536128.0,0.85,0.85,0.0,0.0,0.0,0.0,18366.19,0.0,0.0,0.41
2026-10-06T04:14:00Z,10-05 23:14,1.755,3.06,321.53,7632584704.0,0.88,0.88,0.0,0.0,0.0,0.0,25661.45,0.0,0.0,0.33
2026-10-06T04:15:00Z,10-05 23:15,1.79,3.09,322.1,7633633280.0,0.94,0.94,0.0,0.0,0.0,0.0,27638.99,0.0,0.0,0.26
2026-10-06T04:16:00Z,10-05 23:16,1.86,3.06,322.66,7634681856.0,,,0.0,0.0,0.0,0.0,,0.0,,
2026-10-06T04:17:00Z,10-05 23:17,1.825,3.15,323.23,7637827584.0,1.625,1.86,0.0,0.0,0.0,0.0,47923.86,0.0,0.0,1.14
2026-10-06T04:18:00Z,10-05 23:18,1.925,3.36,323.79,7638876160.0,1.43,1.43,,,0.0,0.0,40486.97,,0.0,1.08
2026-10-06T04:19:00Z,10-05 23:19,1.905,3.32,324.36,7640973312.0,1.44,1.44,0.0,0.0,0.0,0.0,45659.09,0.0,0.0,0.43
2026-10-06T04:20:00Z,10-05 23:20,1.75,3.05,324.91,7640973312.0,1.26,1.26,0.0,0.0,0.0,0.0,30164.76,0.0,0.0,0.28
2026-10-06T04:21:00Z,10-05 23:21,1.84,3.16,325.47,7639924736.0,,,0.0,0.0,0.0,0.0,,0.0,,
2026-10-06T04:22:00Z,10-05 23:22,1.795,3.17,326.05,7639924736.0,0.64,0.73,0.0,0.0,0.0,0.0,13754.47,0.0,0.0,1.18
2026-10-06T04:23:00Z,10-05 23:23,1.82,3.14,326.6,7639924736.0,0.51,0.51,0.0,0.0,0.0,0.0,10170.74,0.0,0.0,0.41
2026-10-06T04:24:00Z,10-05 23:24,1.835,3.21,327.17,7640973312.0,1.36,1.36,0.0,0.0,0.0,0.0,30305.65,0.0,0.0,0.31
2026-10-06T04:25:00Z,10-05 23:25,1.83,3.22,327.74,7639924736.0,1.11,1.11,0.0,0.0,0.0,0.0,22119.16,,0.0,0.31
2026-10-06T04:26:00Z,10-05 23:26,1.865,3.26,328.3,7640973312.0,0.98,0.98,0.0,0.0,0.0,0.0,,0.0,,0.26
2026-10-06T04:27:00Z,10-05 23:27,1.875,3.29,328.86,7640973312.0,1.26,1.26,0.0,0.0,0.0,0.0,31263.565,0.0,0.0,0.31
2026-10-06T04:28:00Z,10-05 23:28,1.86,3.28,329.42,7639924736.0,0.78,0.78,,,0.0,0.0,22247.26,0.0,0.0,0.39
2026-10-06T04:29:00Z,10-05 23:29,1.885,3.3,329.98,7639924736.0,0.9,0.9,0.0,0.0,0.0,0.0,24645.61,0.0,0.0,0.33
2026-10-06T04:30:00Z,10-05 23:30,1.91,3.36,330.54,7639924736.0,0.98,0.98,0.0,0.0,0.0,0.0,25867.25,0.0,0.0,0.26
2026-10-06T04:31:00Z,10-05 23:31,1.87,3.2,331.11,7637827584.0,1.29,1.29,,,0.0,0.0,34879.88,,0.0,0.28
2026-10-06T04:32:00Z,10-05 23:32,1.945,3.39,331.67,7638876160.0,1.03,1.03,0.0,0.0,0.0,0.0,28465.45,0.0,0.0,1.14
2026-10-06T04:33:00Z,10-05 23:33,1.83,3.15,332.24,7639924736.0,1.18,1.18,0.0,0.0,0.0,0.0,29346.57,,0.0,0.41
2026-10-06T04:34:00Z,10-05 23:34,1.895,3.31,332.8,7639924736.0,1.14,1.14,0.0,0.0,0.0,0.0,26414.17,0.0,0.0,1.03
2026-10-06T04:35:00Z,10-05 23:35,1.895,3.35,333.36,7639924736.0,0.66,0.66,0.0,0.0,0.0,0.0,17818.8,0.0,0.0,0.85
2026-10-06T04:36:00Z,10-05 23:36,1.96,3.45,333.92,7639924736.0,1.33,1.33,0.0,0.0,0.0,0.0,,0.0,,0.31
2026-10-06T04:37:00Z,10-05 23:37,1.905,3.37,,,0.39,0.39,0.0,0.0,0.0,0.0,21880.045,,0.0,0.31
2026-10-06T04:38:00Z,10-05 23:38,2.07,3.66,334.49,7638876160.0,1.01,1.01,,,0.0,0.0,25187.32,0.0,0.0,0.38
2026-10-06T04:39:00Z,10-05 23:39,1.8,3.15,335.62,7638876160.0,0.59,0.59,0.0,0.0,0.0,0.0,9281.98,0.0,0.0,0.29
2026-10-06T04:40:00Z,10-05 23:40,1.995,3.39,336.17,7636779008.0,1.06,1.06,0.0,0.0,0.0,0.0,36236.38,0.0,0.0,0.26
2026-10-06T04:41:00Z,10-05 23:41,2.66,4.85,336.73,7617904640.0,,,0.0,0.0,0.0,0.0,,0.0,,
2026-10-06T04:42:00Z,10-05 23:42,1.85,3.24,337.29,,1.17,1.36,,,0.0,0.0,29458.31,0.0,0.0,1.66
2026-10-06T04:43:00Z,10-05 23:43,1.77,3.08,337.86,7618953216.0,1.31,1.31,0.0,0.0,0.0,0.0,31327.52,0.0,0.0,0.36
2026-10-06T04:44:00Z,10-05 23:44,1.82,3.19,338.43,7622098944.0,1.74,1.74,0.0,0.0,0.0,0.0,65856.01,0.0,0.0,0.38
2026-10-06T04:45:00Z,10-05 23:45,1.78,3.1,339.0,7622098944.0,0.38,0.38,1.0,1.0,0.0,0.0,7099.71,0.0,0.0,0.31
2026-10-06T04:46:00Z,10-05 23:46,1.88,3.31,,,8.59,8.59,0.0,0.0,1.06,1.06,,0.0,,0.33
2026-10-06T04:47:00Z,10-05 23:47,1.875,3.29,339.56,7605321728.0,0.89,0.89,0.0,0.0,0.0,0.0,64469.925,0.0,0.0,0.33
2026-10-06T04:48:00Z,10-05 23:48,1.925,3.36,340.68,7607418880.0,1.38,1.38,0.0,0.0,0.0,0.0,37206.25,,0.0,0.28
2026-10-06T04:49:00Z,10-05 23:49,1.735,2.99,341.25,7608467456.0,0.53,0.53,,,0.0,0.0,10033.42,0.0,0.0,0.39
2026-10-06T04:50:00Z,10-05 23:50,1.685,2.93,341.82,7608467456.0,0.48,0.48,0.0,0.0,0.0,0.0,7166.16,0.0,0.0,0.29
2026-10-06T04:51:00Z,10-05 23:51,1.815,3.14,342.38,7609516032.0,0.78,0.78,0.0,0.0,0.0,0.0,23480.39,,,0.34
2026-10-06T04:52:00Z,10-05 23:52,1.75,3.02,342.94,7610564608.0,1.46,1.46,,,0.0,0.0,33042.14,0.0,0.0,1.16
2026-10-06T04:53:00Z,10-05 23:53,1.78,3.1,,7612661760.0,1.43,1.43,0.0,0.0,0.0,0.0,38439.14,,0.0,0.38
2026-10-06T04:54:00Z,10-05 23:54,1.755,3.05,343.51,7613710336.0,0.78,0.78,0.0,0.0,0.0,0.0,14811.52,0.0,0.0,0.28
2026-10-06T04:55:00Z,10-05 23:55,1.755,3.08,344.65,7614758912.0,0.78,0.78,,,0.0,0.0,18499.22,,0.0,0.26
2026-10-06T04:56:00Z,10-05 23:56,1.73,3.01,345.22,7615807488.0,0.76,0.76,0.0,0.0,0.0,0.0,27171.82,0.0,0.0,0.31
2026-10-06T04:57:00Z,10-05 23:57,1.665,2.89,345.79,7615807488.0,0.66,0.66,0.0,0.0,0.0,0.0,12288.73,0.0,0.0,0.35
2026-10-06T04:58:00Z,10-05 23:58,1.685,2.92,346.36,7616856064.0,0.98,0.98,,,0.0,0.0,26209.53,,0.0,0.36
2026-10-06T04:59:00Z,10-05 23:59,1.695,2.96,346.93,7617904640.0,0.86,0.86,0.0,0.0,0.0,0.0,17606.91,0.0,0.0,0.29
2026-10-06T05:00:00Z,10-06 00:00,1.665,2.89,347.5,7618953216.0,0.64,0.64,0.0,0.0,0.0,0.0,15833.68,0.0,0.0,0.26
2026-10-06T05:01:00Z,10-06 00:01,1.81,3.12,348.07,7620001792.0,1.03,1.03,,,0.0,0.0,27162.37,0.0,0.0,0.29
2026-10-06T05:02:00Z,10-06 00:02,1.72,2.94,,,1.16,1.16,0.0,0.0,0.0,0.0,49210.4,0.0,0.0,1.16
2026-10-06T05:03:00Z,10-06 00:03,1.685,2.89,348.64,7621050368.0,1.29,1.29,,,0.0,0.0,35281.29,,0.0,0.44
2026-10-06T05:04:00Z,10-06 00:04,1.71,2.95,349.78,7625244672.0,1.18,1.18,0.0,0.0,0.0,0.0,29495.47,0.0,0.0,0.28
2026-10-06T05:05:00Z,10-06 00:05,1.725,2.95,350.35,7626293248.0,1.73,1.73,0.0,0.0,0.0,0.0,47234.1,0.0,0.0,0.91
2026-10-06T05:06:00Z,10-06 00:06,1.64,2.83,350.92,7628390400.0,0.89,0.89,,,0.0,0.0,22389.62,0.0,0.0,0.31
2026-10-06T05:07:00Z,10-06 00:07,1.69,2.94,351.49,7629438976.0,1.01,1.01,0.0,0.0,0.0,0.0,25603.21,,0.0,0.3
2026-10-06T05:08:00Z,10-06 00:08,1.695,2.96,352.06,7629438976.0,0.96,0.96,0.0,0.0,0.0,0.0,17406.33,0.0,0.0,0.43
2026-10-06T05:09:00Z,10-06 00:09,1.675,2.93,352.63,7630487552.0,0.68,0.68,0.0,0.0,0.0,0.0,10171.41,0.0,0.0,0.28
2026-10-06T05:10:00Z,10-06 00:10,1.69,2.96,353.2,7631536128.0,0.93,0.93,0.0,0.0,0.0,0.0,22189.41,0.0,0.0,0.33
2026-10-06T05:11:00Z,10-06 00:11,1.75,3.01,353.76,7630487552.0,0.99,0.99,0.0,0.0,0.0,0.0,25317.99,,,0.39
2026-10-06T05:12:00Z,10-06 00:12,1.715,3.01,,,1.08,1.08,0.0,0.0,0.0,0.0,24238.49,0.0,0.0,1.16
2026-10-06T05:13:00Z,10-06 00:13,1.71,2.94,354.33,7631536128.0,1.28,1.28,0.0,0.0,0.0,0.0,27098.69,0.0,0.0,0.26
2026-10-06T05:14:00Z,10-06 00:14,1.665,2.9,355.47,7633633280.0,1.18,1.18,0.0,0.0,0.0,0.0,24852.7,0.0,0.0,0.36
2026-10-06T05:15:00Z,10-06 00:15,1.815,3.19,356.04,7633633280.0,0.94,0.94,0.0,0.0,0.0,0.0,25321.0,0.0,0.0,0.33
2026-10-06T05:16:00Z,10-06 00:16,1.87,3.3,356.6,7634681856.0,0.89,0.89,0.0,0.0,0.0,0.0,18360.99,,,0.28
2026-10-06T05:17:00Z,10-06 00:17,1.735,3.0,357.16,7634681856.0,1.01,1.01,0.0,0.0,0.0,0.0,22394.03,0.0,0.0,0.3
2026-10-06T05:18:00Z,10-06 00:18,1.73,3.02,357.73,7634681856.0,1.04,1.04,0.0,0.0,0.0,0.0,24979.88,0.0,0.0,1.13
2026-10-06T05:19:00Z,10-06 00:19,1.675,2.93,358.3,7635730432.0,0.78,0.78,,,0.0,0.0,16654.86,0.0,0.0,0.36
2026-10-06T05:20:00Z,10-06 00:20,1.75,3.07,358.87,7634681856.0,0.99,0.99,0.0,0.0,0.0,0.0,25797.99,0.0,0.0,0.31
2026-10-06T05:21:00Z,10-06 00:21,1.75,3.02,359.44,7633633280.0,0.63,0.63,0.0,0.0,0.0,0.0,,0.0,,0.33
2026-10-06T05:22:00Z,10-06 00:22,1.765,3.1,360.0,7633633280.0,1.14,1.14,0.0,0.0,0.0,0.0,19724.555,0.0,0.0,1.24
2026-10-06T05:23:00Z,10-06 00:23,1.675,2.9,360.58,7634681856.0,1.13,1.13,0.0,0.0,0.0,0.0,27367.36,0.0,0.0,0.39
2026-10-06T05:24:00Z,10-06 00:24,1.72,2.99,361.13,7634681856.0,0.78,0.78,0.0,0.0,0.0,0.0,17269.25,0.0,0.0,0.34
2026-10-06T05:25:00Z,10-06 00:25,1.73,3.02,361.7,7634681856.0,1.29,1.29,0.0,0.0,0.0,0.0,34470.99,0.0,0.0,0.28
2026-10-06T05:26:00Z,10-06 00:26,1.78,3.14,362.26,7635730432.0,1.06,1.06,0.0,0.0,0.0,0.0,,0.0,,0.33
2026-10-06T05:27:00Z,10-06 00:27,1.735,3.01,362.83,7635730432.0,1.31,1.31,,,0.0,0.0,32972.41,,0.0,0.28
2026-10-06T05:28:00Z,10-06 00:28,1.7,2.92,363.4,7635730432.0,1.43,1.43,0.0,0.0,0.0,0.0,33580.79,0.0,0.0,0.36
2026-10-06T05:29:00Z,10-06 00:29,1.73,3.01,363.97,7634681856.0,1.73,1.73,0.0,0.0,0.0,0.0,46960.85,0.0,0.0,0.29
2026-10-06T05:30:00Z,10-06 00:30,1.95,3.44,364.54,7634681856.0,0.75,0.75,0.0,0.0,0.0,0.0,13859.67,0.0,0.0,0.28
2026-10-06T05:31:00Z,10-06 00:31,1.91,3.3,365.1,7633633280.0,1.16,1.16,0.0,0.0,0.0,0.0,,0.0,,0.29
2026-10-06T05:32:00Z,10-06 00:32,1.715,2.96,365.67,7633633280.0,1.08,1.08,0.0,0.0,0.0,0.0,25768.14,0.0,0.0,1.16
2026-10-06T05:33:00Z,10-06 00:33,1.79,3.05,366.23,7633633280.0,1.19,1.19,0.0,0.0,0.0,0.0,27370.67,0.0,0.0,0.39
2026-10-06T05:34:00Z,10-06 00:34,1.925,3.23,366.8,7634681856.0,2.21,2.21,,,0.0,0.0,89510.18,,0.0,1.06
2026-10-06T05:35:00Z,10-06 00:35,2.11,3.71,367.36,7634681856.0,1.19,1.19,0.0,0.0,0.0,0.0,29280.47,0.0,0.0,0.93
2026-10-06T05:36:00Z,10-06 00:36,1.875,3.25,367.92,7634681856.0,0.94,0.94,,,0.0,0.0,19932.53,0.0,0.0,0.31
2026-10-06T05:37:00Z,10-06 00:37,1.975,3.47,368.48,7633633280.0,0.63,0.63,0.0,0.0,0.0,0.0,13994.19,0.0,0.0,0.28
2026-10-06T05:38:00Z,10-06 00:38,1.91,3.34,369.04,7634681856.0,1.79,1.79,0.0,0.0,0.0,0.0,47909.16,0.0,0.0,0.41
2026-10-06T05:39:00Z,10-06 00:39,1.795,3.12,369.61,7634681856.0,1.11,1.11,0.0,0.0,0.0,0.0,25458.03,,0.0,0.28
2026-10-06T05:40:00Z,10-06 00:40,1.84,3.2,370.17,7633633280.0,1.13,1.13,0.0,0.0,0.0,0.0,26754.02,0.0,0.0,0.28
2026-10-06T05:41:00Z,10-06 00:41,2.775,4.36,370.72,7611613184.0,1.49,1.49,0.0,0.0,0.0,0.0,,0.0,,1.76
2026-10-06T05:42:00Z,10-06 00:42,1.735,2.97,371.29,7618953216.0,1.98,1.98,0.0,0.0,0.0,0.0,57957.275,0.0,0.0,0.53
2026-10-06T05:43:00Z,10-06 00:43,1.74,3.03,371.86,7618953216.0,0.76,0.76,0.0,0.0,0.0,0.0,15832.34,,0.0,0.39
2026-10-06T05:44:00Z,10-06 00:44,1.91,3.19,372.42,7618953216.0,1.33,1.33,0.0,0.0,0.0,0.0,38561.34,0.0,0.0,0.34
2026-10-06T05:45:00Z,10-06 00:45,1.715,2.95,372.99,7620001792.0,1.18,1.18,0.0,0.0,0.0,0.0,33587.35,0.0,0.0,1.15
2026-10-06T05:46:00Z,10-06 00:46,1.835,3.19,373.56,7621050368.0,0.91,0.91,0.0,0.0,0.0,0.0,30165.46,0.0,,0.29
2026-10-06T05:47:00Z,10-06 00:47,1.845,3.22,374.12,7622098944.0,1.06,1.06,0.0,0.0,0.0,0.0,27373.82,0.0,0.0,0.28
2026-10-06T05:48:00Z,10-06 00:48,1.885,3.27,374.69,7622098944.0,0.93,0.93,,,0.0,0.0,29556.97,,0.0,0.28
2026-10-06T05:49:00Z,10-06 00:49,1.795,3.13,375.26,7623147520.0,0.89,0.89,0.0,0.0,0.0,0.0,18769.8,0.0,0.0,0.39
2026-10-06T05:50:00Z,10-06 00:50,1.86,3.25,375.82,7623147520.0,0.74,0.74,0.0,0.0,0.0,0.0,23346.01,0.0,0.0,0.31
2026-10-06T05:51:00Z,10-06 00:51,1.975,3.39,376.38,7617904640.0,,,1.0,1.0,1.41,1.41,,0.0,,
2026-10-06T05:52:00Z,10-06 00:52,1.675,2.92,376.94,7617904640.0,5.535,10.16,,,0.0,0.0,73425.73,,0.0,1.19
2026-10-06T05:53:00Z,10-06 00:53,1.805,3.16,377.5,7618953216.0,1.1,1.1,0.0,0.0,0.0,0.0,28947.92,0.0,0.0,0.45
2026-10-06T05:54:00Z,10-06 00:54,1.68,2.94,378.07,7621050368.0,1.08,1.08,0.0,0.0,0.0,0.0,27639.93,,0.0,0.34
2026-10-06T05:55:00Z,10-06 00:55,1.695,2.93,378.64,7621050368.0,0.94,0.94,0.0,0.0,0.0,0.0,24774.2,0.0,0.0,0.28
2026-10-06T05:56:00Z,10-06 00:56,1.71,2.97,379.21,7622098944.0,1.46,1.46,0.0,0.0,0.0,0.0,,0.0,,0.36
2026-10-06T05:57:00Z,10-06 00:57,1.705,2.98,379.78,7623147520.0,1.03,1.03,0.0,0.0,0.0,0.0,36514.71,0.0,0.0,0.28
2026-10-06T05:58:00Z,10-06 00:58,1.67,2.92,380.35,7623147520.0,1.36,1.36,0.0,0.0,0.0,0.0,33854.03,0.0,0.0,0.39
2026-10-06T05:59:00Z,10-06 00:59,1.675,2.93,380.92,7624196096.0,0.68,0.68,0.0,0.0,0.0,0.0,16793.57,0.0,0.0,0.28
2026-10-06T06:00:00Z,10-06 01:00,1.685,2.95,381.49,7625244672.0,1.08,1.08,0.0,0.0,0.0,0.0,24505.78,0.0,0.0,0.31
2026-10-06T06:01:00Z,10-06 01:01,1.775,3.0,,7626293248.0,2.31,2.31,0.0,0.0,0.0,0.0,82791.52,0.0,,0.28
2026-10-06T06:02:00Z,10-06 01:02,1.785,3.09,382.05,7629438976.0,2.94,2.94,,,0.0,0.0,93930.31,,0.0,1.13
2026-10-06T06:03:00Z,10-06 01:03,1.775,3.04,383.18,7629438976.0,1.64,1.64,0.0,0.0,0.0,0.0,46002.31,0.0,0.0,0.43
2026-10-06T06:04:00Z,10-06 01:04,1.695,2.93,383.75,7630487552.0,2.53,2.53,0.0,0.0,0.0,0.0,67654.84,0.0,0.0,0.35
2026-10-06T06:05:00Z,10-06 01:05,1.745,3.03,384.32,7631536128.0,1.33,1.33,0.0,0.0,0.0,0.0,39731.44,0.0,0.0,0.96
2026-10-06T06:06:00Z,10-06 01:06,1.77,3.07,384.89,7630487552.0,2.46,2.46,0.0,0.0,0.0,0.0,77152.97,0.0,,0.31
2026-10-06T06:07:00Z,10-06 01:07,1.685,2.93,385.46,7631536128.0,1.18,1.18,0.0,0.0,0.0,0.0,32148.54,0.0,0.0,0.33
2026-10-06T06:08:00Z,10-06 01:08,1.685,2.93,386.03,7630487552.0,1.11,1.11,0.0,0.0,0.0,0.0,33448.0,0.0,0.0,0.36
2026-10-06T06:09:00Z,10-06 01:09,1.71,2.99,386.6,7630487552.0,1.15,1.15,,,0.0,0.0,29221.78,,0.0,0.33
2026-10-06T06:10:00Z,10-06 01:10,1.81,3.17,387.17,7630487552.0,1.66,1.66,0.0,0.0,0.0,0.0,42724.88,0.0,0.0,0.26
2026-10-06T06:11:00Z,10-06 01:11,1.745,2.97,387.74,7628390400.0,1.04,1.04,,,0.0,0.0,25935.25,0.0,0.0,0.33
2026-10-06T06:12:00Z,10-06 01:12,1.705,2.9,388.31,7629438976.0,1.91,1.91,0.0,0.0,0.0,0.0,61773.79,0.0,0.0,1.14
2026-10-06T06:13:00Z,10-06 01:13,1.765,3.0,388.88,7630487552.0,1.71,1.71,0.0,0.0,0.0,0.0,51946.78,0.0,0.0,0.36
2026-10-06T06:14:00Z,10-06 01:14,1.72,2.96,389.45,7630487552.0,2.08,2.08,0.0,0.0,0.0,0.0,62784.92,0.0,0.0,0.34
2026-10-06T06:15:00Z,10-06 01:15,1.69,2.92,390.02,7629438976.0,1.03,1.03,,,0.0,0.0,30233.96,,0.0,0.31
2026-10-06T06:16:00Z,10-06 01:16,1.76,2.96,390.58,7629438976.0,2.13,2.13,0.0,0.0,0.0,0.0,63810.95,0.0,0.0,0.33
2026-10-06T06:17:00Z,10-06 01:17,2.04,3.21,391.14,7627341824.0,5.09,5.09,1.0,0.5,0.0,0.0,244813.09,0.0,0.0,0.33
2026-10-06T06:18:00Z,10-06 01:18,2.14,3.49,391.7,7611613184.0,16.37,16.37,,,2.15,2.15,437286.7,0.0,0.0,1.11
2026-10-06T06:19:00Z,10-06 01:19,1.985,3.47,392.26,,3.28,3.28,2.0,1.0,0.0,0.0,104151.62,0.0,0.0,0.43
2026-10-06T06:20:00Z,10-06 01:20,1.79,3.05,392.82,7612661760.0,2.48,2.48,,,0.0,0.0,66676.84,,0.0,0.26
2026-10-06T06:21:00Z,10-06 01:21,1.96,3.36,,,1.88,1.88,0.0,0.0,0.0,0.0,,0.0,,0.33
2026-10-06T06:22:00Z,10-06 01:22,1.895,3.23,393.4,7616856064.0,2.61,2.61,0.0,0.0,0.0,0.0,62858.27,0.0,0.0,1.23
2026-10-06T06:23:00Z,10-06 01:23,2.035,3.46,394.52,7621050368.0,2.24,2.24,0.0,0.0,0.0,0.0,93096.64,0.0,0.0,0.38
2026-10-06T06:24:00Z,10-06 01:24,2.035,3.54,395.07,7624196096.0,2.53,2.53,0.0,0.0,0.0,0.0,84780.46,0.0,0.0,0.34
2026-10-06T06:25:00Z,10-06 01:25,2.02,3.51,395.64,7625244672.0,1.39,1.39,0.0,0.0,0.0,0.0,39452.8,0.0,0.0,0.31
2026-10-06T06:26:00Z,10-06 01:26,2.02,3.54,396.19,,2.03,2.03,0.0,0.0,0.0,0.0,,0.0,,1.06
2026-10-06T06:27:00Z,10-06 01:27,1.925,3.31,396.76,7625244672.0,1.78,1.78,0.0,0.0,0.0,0.0,55600.395,0.0,0.0,0.33
2026-10-06T06:28:00Z,10-06 01:28,2.07,3.61,397.31,7626293248.0,1.73,1.73,0.0,0.0,0.0,0.0,53101.52,0.0,0.0,0.38
2026-10-06T06:29:00Z,10-06 01:29,2.145,3.75,397.87,7626293248.0,2.14,2.14,0.0,0.0,0.0,0.0,66423.08,0.0,0.0,0.28
2026-10-06T06:30:00Z,10-06 01:30,1.94,3.36,398.43,7626293248.0,2.2,2.2,0.0,0.0,0.0,0.0,67044.98,0.0,0.0,0.26
2026-10-06T06:31:00Z,10-06 01:31,2.11,3.55,398.99,7626293248.0,3.51,3.51,0.0,0.0,0.0,0.0,,0.0,,1.14
2026-10-06T06:32:00Z,10-06 01:32,1.84,3.2,399.55,7625244672.0,1.78,1.78,0.0,0.0,0.0,0.0,81666.705,0.0,0.0,0.38
2026-10-06T06:33:00Z,10-06 01:33,1.76,3.08,400.12,7625244672.0,1.88,1.88,,,0.0,0.0,48324.63,,0.0,0.39
2026-10-06T06:34:00Z,10-06 01:34,1.995,3.51,400.68,7625244672.0,1.61,1.61,0.0,0.0,0.0,0.0,52625.71,0.0,0.0,0.98
2026-10-06T06:35:00Z,10-06 01:35,1.815,3.15,401.25,7625244672.0,1.86,1.86,0.0,0.0,0.0,0.0,59734.52,0.0,0.0,0.95
2026-10-06T06:36:00Z,10-06 01:36,1.92,3.37,401.81,7625244672.0,2.3,2.3,,,0.0,0.0,62815.16,,0.0,0.33
2026-10-06T06:37:00Z,10-06 01:37,1.72,2.95,402.38,7625244672.0,1.64,1.64,0.0,0.0,0.0,0.0,42453.18,0.0,0.0,0.29
2026-10-06T06:38:00Z,10-06 01:38,1.755,2.98,402.95,7625244672.0,2.2,2.2,0.0,0.0,0.0,0.0,73124.93,0.0,0.0,0.4
2026-10-06T06:39:00Z,10-06 01:39,1.695,2.89,403.52,7625244672.0,2.18,2.18,0.0,0.0,0.0,0.0,67643.49,0.0,0.0,0.28
2026-10-06T06:40:00Z,10-06 01:40,1.78,3.07,404.08,7625244672.0,2.13,2.13,0.0,0.0,0.0,0.0,60559.11,0.0,0.0,0.26
2026-10-06T06:41:00Z,10-06 01:41,2.695,3.13,404.63,7603224576.0,1.26,1.26,0.0,0.0,0.0,0.0,38837.83,,0.0,0.29
2026-10-06T06:42:00Z,10-06 01:42,1.855,3.25,,,1.1,1.1,0.0,0.0,0.0,0.0,31885.64,0.0,0.0,1.76
2026-10-06T06:43:00Z,10-06 01:43,1.945,3.42,405.19,7604273152.0,1.58,1.58,0.0,0.0,0.0,0.0,45114.99,0.0,0.0,0.58
2026-10-06T06:44:00Z,10-06 01:44,1.845,3.24,406.31,7606370304.0,1.13,1.13,0.0,0.0,0.0,0.0,32216.68,0.0,0.0,0.29
2026-10-06T06:45:00Z,10-06 01:45,1.755,3.1,406.88,7608467456.0,1.38,1.38,0.0,0.0,0.0,0.0,33927.77,0.0,0.0,0.29
2026-10-06T06:46:00Z,10-06 01:46,1.85,3.15,407.44,7609516032.0,12.58,12.58,2.0,2.0,2.4,2.4,146690.31,,0.0,0.29
2026-10-06T06:47:00Z,10-06 01:47,1.905,3.31,408.0,7612661760.0,2.74,2.74,0.0,0.0,0.0,0.0,85099.05,0.0,0.0,0.28
2026-10-06T06:48:00Z,10-06 01:48,1.76,3.05,,7613710336.0,2.33,2.33,0.0,0.0,0.0,0.0,63138.6,0.0,0.0,0.29
2026-10-06T06:49:00Z,10-06 01:49,1.89,3.27,408.57,7613710336.0,1.41,1.41,0.0,0.0,0.0,0.0,40605.84,0.0,0.0,0.39
2026-10-06T06:50:00Z,10-06 01:50,1.815,3.14,409.69,7614758912.0,1.71,1.71,0.0,0.0,0.0,0.0,51058.13,,0.0,0.31
2026-10-06T06:51:00Z,10-06 01:51,1.755,3.03,410.26,7615807488.0,0.93,0.93,,,0.0,0.0,23553.84,0.0,0.0,0.3
2026-10-06T06:52:00Z,10-06 01:52,1.74,3.05,410.82,7616856064.0,0.99,0.99,0.0,0.0,0.0,0.0,25800.39,0.0,0.0,1.24
2026-10-06T06:53:00Z,10-06 01:53,1.835,3.06,411.38,7616856064.0,1.21,1.21,0.0,0.0,0.0,0.0,36927.76,0.0,0.0,0.38
2026-10-06T06:54:00Z,10-06 01:54,1.795,3.13,411.94,7617904640.0,1.34,1.34,0.0,0.0,0.0,0.0,34128.79,0.0,0.0,1.08
2026-10-06T06:55:00Z,10-06 01:55,1.85,3.24,,7618953216.0,1.05,1.05,0.0,0.0,0.0,0.0,28537.05,0.0,0.0,0.26
2026-10-06T06:56:00Z,10-06 01:56,1.925,3.34,412.51,7620001792.0,1.09,1.09,0.0,0.0,0.0,0.0,,0.0,,0.31
2026-10-06T06:57:00Z,10-06 01:57,1.84,3.17,413.63,7622098944.0,1.91,1.91,0.0,0.0,0.0,0.0,46683.61,0.0,0.0,0.31
2026-10-06T06:58:00Z,10-06 01:58,1.845,3.21,414.19,7621050368.0,1.48,1.48,0.0,0.0,0.0,0.0,35352.68,0.0,0.0,0.38
2026-10-06T06:59:00Z,10-06 01:59,1.745,3.01,414.76,7621050368.0,1.33,1.33,0.0,0.0,0.0,0.0,33781.62,0.0,0.0,0.29
2026-10-06T07:00:00Z,10-06 02:00,1.7,2.89,415.33,7621050368.0,1.15,1.15,0.0,0.0,0.0,0.0,30246.62,0.0,0.0,0.31
2026-10-06T07:01:00Z,10-06 02:01,2.005,3.3,415.89,7620001792.0,5.41,5.41,0.0,0.0,0.01,0.01,210828.76,,0.0,0.29
2026-10-06T07:02:00Z,10-06 02:02,1.955,3.36,416.45,7621050368.0,4.21,4.21,0.0,0.0,0.0,0.0,129316.26,0.0,0.0,1.15
2026-10-06T07:03:00Z,10-06 02:03,1.92,3.25,417.01,7620001792.0,3.59,3.59,0.0,0.0,0.0,0.0,105733.8,0.0,0.0,0.44
2026-10-06T07:04:00Z,10-06 02:04,1.975,3.32,417.57,7621050368.0,4.26,4.26,0.0,0.0,0.0,0.0,135189.24,,0.0,0.28
2026-10-06T07:05:00Z,10-06 02:05,1.99,3.39,418.13,7620001792.0,3.44,3.44,0.0,0.0,0.0,0.0,119705.14,0.0,0.0,0.94
2026-10-06T07:06:00Z,10-06 02:06,1.895,3.29,418.69,7620001792.0,2.41,2.41,,,0.0,0.0,80532.37,0.0,0.0,0.31
2026-10-06T07:07:00Z,10-06 02:07,1.9,3.26,419.25,7620001792.0,2.81,2.81,0.0,0.0,0.0,0.0,81279.89,0.0,0.0,0.28
2026-10-06T07:08:00Z,10-06 02:08,1.91,3.21,419.81,7618953216.0,3.98,3.98,0.0,0.0,0.0,0.0,132283.95,0.0,0.0,0.38
2026-10-06T07:09:00Z,10-06 02:09,1.93,3.28,420.37,7607418880.0,17.24,17.24,3.0,3.0,2.77,2.77,255246.21,0.0,0.0,0.31
2026-10-06T07:10:00Z,10-06 02:10,1.815,3.03,420.93,7610564608.0,4.14,4.14,0.0,0.0,0.0,0.0,133971.35,0.0,0.0,0.26
2026-10-06T07:11:00Z,10-06 02:11,1.805,3.01,421.5,7614758912.0,3.38,3.38,0.0,0.0,0.0,0.0,104907.79,0.0,,0.31
2026-10-06T07:12:00Z,10-06 02:12,1.88,3.24,422.06,7616856064.0,2.56,2.56,0.0,0.0,0.0,0.0,74889.21,0.0,0.0,1.23
2026-10-06T07:13:00Z,10-06 02:13,1.89,3.17,422.62,7616856064.0,3.29,3.29,0.0,0.0,0.0,0.0,95224.98,0.0,0.0,0.36
2026-10-06T07:14:00Z,10-06 02:14,1.83,3.02,423.19,7616856064.0,4.24,4.24,0.0,0.0,0.0,0.0,135357.25,0.0,0.0,0.26
2026-10-06T07:15:00Z,10-06 02:15,1.935,3.19,423.76,7616856064.0,6.26,6.26,1.0,1.0,0.01,0.01,238904.17,0.0,0.0,0.31
2026-10-06T07:16:00Z,10-06 02:16,2.025,3.21,424.31,7616856064.0,6.98,6.98,1.0,1.0,0.01,0.01,,0.0,,0.3
2026-10-06T07:17:00Z,10-06 02:17,1.995,3.37,424.87,7616856064.0,6.79,6.79,,,0.01,0.01,255697.215,,0.0,0.31
2026-10-06T07:18:00Z,10-06 02:18,1.9,3.11,425.43,7614758912.0,4.98,4.98,1.0,1.0,0.0,0.0,159341.19,0.0,0.0,1.1
2026-10-06T07:19:00Z,10-06 02:19,1.87,3.12,425.99,7601127424.0,15.41,15.41,3.0,3.0,1.2,1.2,222850.28,,0.0,0.46
2026-10-06T07:20:00Z,10-06 02:20,1.855,3.19,426.55,7602176000.0,7.81,7.81,0.0,0.0,0.98,0.98,162758.24,0.0,0.0,0.31
2026-10-06T07:21:00Z,10-06 02:21,1.855,3.04,427.11,7604273152.0,3.93,3.93,0.0,0.0,0.0,0.0,104925.64,0.0,,0.31
2026-10-06T07:22:00Z,10-06 02:22,1.835,3.08,427.67,7607418880.0,4.03,4.03,0.0,0.0,0.0,0.0,126594.54,0.0,0.0,1.16
2026-10-06T07:23:00Z,10-06 02:23,1.87,3.24,428.23,7611613184.0,4.01,4.01,,,0.0,0.0,134573.27,0.0,0.0,0.38
2026-10-06T07:24:00Z,10-06 02:24,1.79,2.98,428.79,7612661760.0,3.26,3.26,0.0,0.0,0.0,0.0,92347.18,0.0,0.0,0.33
2026-10-06T07:25:00Z,10-06 02:25,1.77,3.01,429.36,7612661760.0,2.83,2.83,,,0.0,0.0,100400.36,,0.0,0.29
2026-10-06T07:26:00Z,10-06 02:26,1.95,3.27,429.92,7611613184.0,3.78,3.78,0.0,0.0,0.0,0.0,,0.0,,0.28
2026-10-06T07:27:00Z,10-06 02:27,1.825,3.11,430.48,7611613184.0,3.19,3.19,0.0,0.0,0.0,0.0,111026.265,0.0,0.0,0.31
2026-10-06T07:28:00Z,10-06 02:28,1.84,3.1,431.04,7611613184.0,3.08,3.08,0.0,0.0,0.0,0.0,111461.24,0.0,0.0,0.36
2026-10-06T07:29:00Z,10-06 02:29,1.81,3.1,431.6,7611613184.0,2.79,2.79,,,0.0,0.0,89075.73,,0.0,0.28
2026-10-06T07:30:00Z,10-06 02:30,1.935,3.35,,,2.4,2.4,0.0,0.0,0.0,0.0,63223.91,0.0,0.0,0.26
2026-10-06T07:31:00Z,10-06 02:31,2.035,3.38,432.16,7610564608.0,5.24,5.24,,,0.0,0.0,198358.14,0.0,0.0,0.28
2026-10-06T07:32:00Z,10-06 02:32,2.045,3.46,433.28,7610564608.0,5.18,5.18,0.0,0.0,0.0,0.0,189040.28,,0.0,1.13
2026-10-06T07:33:00Z,10-06 02:33,1.925,3.27,433.84,7600078848.0,20.26,20.26,,,3.21,3.21,303418.69,0.0,0.0,0.43
2026-10-06T07:34:00Z,10-06 02:34,1.88,3.18,434.4,7601127424.0,4.29,4.29,3.0,1.5,0.0,0.0,141421.41,0.0,0.0,1.08
2026-10-06T07:35:00Z,10-06 02:35,1.945,3.28,434.97,7604273152.0,4.53,4.53,0.0,0.0,0.0,0.0,135379.1,0.0,0.0,0.93
2026-10-06T07:36:00Z,10-06 02:36,1.75,2.97,435.54,,2.96,2.96,,,0.0,0.0,79663.49,,0.0,0.39
2026-10-06T07:37:00Z,10-06 02:37,1.825,3.11,436.1,7606370304.0,3.46,3.46,0.0,0.0,0.0,0.0,106505.72,0.0,0.0,0.3
2026-10-06T07:38:00Z,10-06 02:38,1.72,2.92,436.67,7606370304.0,2.78,2.78,0.0,0.0,0.0,0.0,82466.43,0.0,0.0,0.38
2026-10-06T07:39:00Z,10-06 02:39,1.835,3.07,437.24,7607418880.0,3.23,3.23,0.0,0.0,0.0,0.0,92756.96,0.0,0.0,0.31
2026-10-06T07:40:00Z,10-06 02:40,1.74,2.97,437.81,7607418880.0,2.93,2.93,0.0,0.0,0.0,0.0,77742.47,0.0,0.0,0.31
2026-10-06T07:41:00Z,10-06 02:41,2.015,3.06,438.36,7595884544.0,3.63,3.63,0.0,0.0,0.0,0.0,,0.0,,0.28
2026-10-06T07:42:00Z,10-06 02:42,2.55,4.64,438.92,7595884544.0,3.13,3.13,0.0,0.0,0.0,0.0,97029.3,0.0,0.0,2.73
2026-10-06T07:43:00Z,10-06 02:43,1.795,3.02,439.49,7597981696.0,3.01,3.01,0.0,0.0,0.0,0.0,94218.82,0.0,0.0,0.53
2026-10-06T07:44:00Z,10-06 02:44,1.915,3.17,440.05,7599030272.0,3.23,3.23,0.0,0.0,0.0,0.0,123883.59,0.0,0.0,0.26
2026-10-06T07:45:00Z,10-06 02:45,1.71,2.91,440.62,7600078848.0,2.09,2.09,0.0,0.0,0.0,0.0,58893.62,0.0,0.0,0.31
2026-10-06T07:46:00Z,10-06 02:46,1.845,3.16,,,2.81,2.81,,,0.0,0.0,86347.09,0.0,,0.31
2026-10-06T07:47:00Z,10-06 02:47,1.77,3.01,441.18,7604273152.0,2.38,2.38,0.0,0.0,0.0,0.0,77551.3,0.0,0.0,0.31
2026-10-06T07:48:00Z,10-06 02:48,1.745,3.03,442.32,7605321728.0,2.1,2.1,,,0.0,0.0,63011.0,,0.0,0.31
2026-10-06T07:49:00Z,10-06 02:49,1.72,2.93,442.88,7605321728.0,1.53,1.53,0.0,0.0,0.0,0.0,42186.73,0.0,0.0,0.33
2026-10-06T07:50:00Z,10-06 02:50,1.72,2.89,443.44,7605321728.0,2.38,2.38,0.0,0.0,0.0,0.0,82104.89,0.0,0.0,0.31
2026-10-06T07:51:00Z,10-06 02:51,1.87,3.15,444.01,7597981696.0,20.28,20.28,3.0,3.0,3.42,3.42,279398.44,,0.0,0.34
2026-10-06T07:52:00Z,10-06 02:52,1.725,2.92,444.58,7601127424.0,2.91,2.91,0.0,0.0,0.0,0.0,88926.03,0.0,0.0,1.31
2026-10-06T07:53:00Z,10-06 02:53,1.825,3.09,445.15,7602176000.0,2.83,2.83,0.0,0.0,0.0,0.0,81632.9,0.0,0.0,0.36
2026-10-06T07:54:00Z,10-06 02:54,1.78,3.01,445.71,7605321728.0,2.41,2.41,0.0,0.0,0.0,0.0,75838.3,,0.0,0.29
2026-10-06T07:55:00Z,10-06 02:55,1.775,3.02,446.28,7604273152.0,2.26,2.26,0.0,0.0,0.0,0.0,69407.58,0.0,0.0,0.28
2026-10-06T07:56:00Z,10-06 02:56,1.975,3.24,446.84,7604273152.0,2.78,2.78,0.0,0.0,0.0,0.0,,0.0,,0.33
2026-10-06T07:57:00Z,10-06 02:57,1.77,3.01,447.4,7604273152.0,2.83,2.83,,,0.0,0.0,94117.06,0.0,0.0,1.26
2026-10-06T07:58:00Z,10-06 02:58,1.79,3.02,447.97,7603224576.0,2.78,2.78,0.0,0.0,0.0,0.0,84284.07,0.0,0.0,0.38
2026-10-06T07:59:00Z,10-06 02:59,1.76,2.95,448.54,7603224576.0,3.39,3.39,0.0,0.0,0.0,0.0,104017.75,0.0,0.0,0.28
2026-10-06T08:00:00Z,10-06 03:00,1.685,2.91,449.1,7603224576.0,1.98,1.98,0.0,0.0,0.0,0.0,56917.92,0.0,0.0,0.31
2026-10-06T08:01:00Z,10-06 03:01,2.005,3.36,449.66,7601127424.0,6.18,6.18,1.0,1.0,0.01,0.01,,0.0,,0.31
2026-10-06T08:02:00Z,10-06 03:02,1.875,3.13,450.22,7601127424.0,4.65,4.65,,,0.0,0.0,199870.01,,0.0,1.23
2026-10-06T08:03:00Z,10-06 03:03,1.905,3.29,450.79,7602176000.0,3.73,3.73,0.0,0.0,0.0,0.0,118520.57,0.0,0.0,0.38
2026-10-06T08:04:00Z,10-06 03:04,1.875,3.05,451.35,7601127424.0,4.33,4.33,0.0,0.0,0.0,0.0,158281.45,0.0,0.0,0.28
2026-10-06T08:05:00Z,10-06 03:05,1.805,3.08,451.92,7593787392.0,20.01,20.01,3.0,3.0,3.77,3.77,255540.35,0.0,0.0,0.94
2026-10-06T08:06:00Z,10-06 03:06,1.815,3.06,452.48,7596933120.0,3.3,3.3,0.0,0.0,0.0,0.0,,0.0,,0.46
2026-10-06T08:07:00Z,10-06 03:07,1.88,3.1,453.04,7601127424.0,4.79,4.79,,,0.0,0.0,124960.265,0.0,0.0,0.29
2026-10-06T08:08:00Z,10-06 03:08,1.79,3.02,453.61,7600078848.0,3.61,3.61,0.0,0.0,0.0,0.0,116265.82,0.0,0.0,0.38
2026-10-06T08:09:00Z,10-06 03:09,1.77,3.0,454.18,7600078848.0,3.54,3.54,0.0,0.0,0.0,0.0,120804.56,0.0,0.0,0.29
2026-10-06T08:10:00Z,10-06 03:10,1.72,2.94,454.75,7600078848.0,3.06,3.06,0.0,0.0,0.0,0.0,89263.96,0.0,0.0,0.33
2026-10-06T08:11:00Z,10-06 03:11,1.795,3.0,455.31,7599030272.0,2.63,2.63,,,0.0,0.0,73112.27,,0.0,0.28
2026-10-06T08:12:00Z,10-06 03:12,1.79,3.08,455.88,7599030272.0,2.8,2.8,0.0,0.0,0.0,0.0,75856.17,0.0,0.0,1.2
2026-10-06T08:13:00Z,10-06 03:13,1.77,3.0,456.45,7599030272.0,3.54,3.54,0.0,0.0,0.0,0.0,105168.35,,0.0,0.36
2026-10-06T08:14:00Z,10-06 03:14,1.76,2.99,457.02,7599030272.0,2.76,2.76,0.0,0.0,0.0,0.0,92550.55,0.0,0.0,0.36
2026-10-06T08:15:00Z,10-06 03:15,1.765,2.93,457.59,7599030272.0,2.53,2.53,0.0,0.0,0.0,0.0,85727.68,0.0,0.0,0.34
2026-10-06T08:16:00Z,10-06 03:16,1.865,3.15,458.15,7597981696.0,3.55,3.55,0.0,0.0,0.0,0.0,,0.0,,0.31
2026-10-06T08:17:00Z,10-06 03:17,1.76,2.97,458.71,7599030272.0,2.86,2.86,0.0,0.0,0.0,0.0,112223.165,,0.0,0.29
2026-10-06T08:18:00Z,10-06 03:18,1.765,3.04,459.28,7597981696.0,2.33,2.33,0.0,0.0,0.0,0.0,67569.74,0.0,0.0,1.18
2026-10-06T08:19:00Z,10-06 03:19,1.675,2.84,459.85,7597981696.0,2.33,2.33,0.0,0.0,0.0,0.0,69749.43,0.0,0.0,0.38
2026-10-06T08:20:00Z,10-06 03:20,1.76,2.99,460.42,7597981696.0,2.89,2.89,0.0,0.0,0.0,0.0,79996.79,0.0,0.0,0.31
2026-10-06T08:21:00Z,10-06 03:21,1.765,2.93,460.99,7589593088.0,21.11,21.11,3.0,3.0,4.24,4.24,,0.0,,0.33
2026-10-06T08:22:00Z,10-06 03:22,1.725,2.98,461.56,7589593088.0,1.84,1.84,0.0,0.0,0.0,0.0,147194.805,0.0,0.0,1.23
2026-10-06T08:23:00Z,10-06 03:23,1.745,3.0,462.12,7591690240.0,1.99,1.99,0.0,0.0,0.0,0.0,53095.97,0.0,0.0,0.38
2026-10-06T08:24:00Z,10-06 03:24,1.75,2.99,462.69,7593787392.0,2.48,2.48,0.0,0.0,0.0,0.0,71737.45,0.0,0.0,0.31
2026-10-06T08:25:00Z,10-06 03:25,1.77,3.02,463.26,7594835968.0,2.23,2.23,0.0,0.0,0.0,0.0,63610.0,0.0,0.0,0.28
2026-10-06T08:26:00Z,10-06 03:26,1.755,2.97,463.83,7593787392.0,2.88,2.88,0.0,0.0,0.0,0.0,,0.0,,0.28
2026-10-06T08:27:00Z,10-06 03:27,1.745,2.95,464.39,7594835968.0,2.89,2.89,0.0,0.0,0.0,0.0,82016.305,0.0,0.0,0.26
2026-10-06T08:28:00Z,10-06 03:28,1.775,2.91,464.96,7596933120.0,2.63,2.63,0.0,0.0,0.0,0.0,75138.34,0.0,0.0,0.38
2026-10-06T08:29:00Z,10-06 03:29,1.725,2.95,465.53,7595884544.0,2.21,2.21,0.0,0.0,0.0,0.0,59318.95,0.0,0.0,1.06
2026-10-06T08:30:00Z,10-06 03:30,1.685,2.85,466.1,7595884544.0,1.93,1.93,0.0,0.0,0.0,0.0,56391.58,0.0,0.0,0.36
2026-10-06T08:31:00Z,10-06 03:31,1.825,3.05,466.67,7595884544.0,3.63,3.63,0.0,0.0,0.0,0.0,,0.0,,0.28
2026-10-06T08:32:00Z,10-06 03:32,1.86,3.17,467.24,7595884544.0,2.73,2.73,,,0.0,0.0,88404.8,0.0,0.0,1.21
2026-10-06T08:33:00Z,10-06 03:33,1.88,3.18,467.8,7595884544.0,3.05,3.05,0.0,0.0,0.0,0.0,95920.53,0.0,0.0,0.33
2026-10-06T08:34:00Z,10-06 03:34,1.875,3.2,468.36,7595884544.0,2.81,2.81,0.0,0.0,0.0,0.0,72822.25,,0.0,1.29
2026-10-06T08:35:00Z,10-06 03:35,1.865,3.16,468.92,7595884544.0,2.31,2.31,0.0,0.0,0.0,0.0,75076.64,0.0,0.0,0.43
2026-10-06T08:36:00Z,10-06 03:36,1.84,3.15,469.48,7594835968.0,3.33,3.33,0.0,0.0,0.0,0.0,99650.49,0.0,,0.98
2026-10-06T08:37:00Z,10-06 03:37,1.765,3.01,470.05,7594835968.0,2.01,2.01,0.0,0.0,0.0,0.0,55345.0,0.0,0.0,0.29
2026-10-06T08:38:00Z,10-06 03:38,1.975,3.28,470.61,7594835968.0,4.49,4.49,,,0.0,0.0,177511.39,,0.0,0.38
2026-10-06T08:39:00Z,10-06 03:39,1.77,3.0,471.18,7594835968.0,3.41,3.41,0.0,0.0,0.0,0.0,103477.56,0.0,0.0,0.31
2026-10-06T08:40:00Z,10-06 03:40,1.745,2.93,471.74,7594835968.0,2.79,2.79,0.0,0.0,0.0,0.0,73439.6,0.0,0.0,0.28
2026-10-06T08:41:00Z,10-06 03:41,1.855,3.06,472.3,7588544512.0,3.91,3.91,4.0,4.0,0.0,0.0,,0.0,,0.3
2026-10-06T08:42:00Z,10-06 03:42,2.685,4.18,472.85,7568621568.0,23.82,23.82,,,4.74,4.74,217440.355,,0.0,2.21
2026-10-06T08:43:00Z,10-06 03:43,1.835,3.09,473.41,7585398784.0,4.13,4.13,0.0,0.0,0.0,0.0,148427.1,0.0,0.0,0.63
2026-10-06T08:44:00Z,10-06 03:44,1.815,3.05,473.97,7588544512.0,3.84,3.84,0.0,0.0,0.0,0.0,139727.25,0.0,0.0,0.29
2026-10-06T08:45:00Z,10-06 03:45,1.985,3.3,474.53,7589593088.0,5.28,5.28,0.0,0.0,0.0,0.0,211233.98,0.0,0.0,0.31
2026-10-06T08:46:00Z,10-06 03:46,1.825,3.13,,7590641664.0,3.86,3.86,1.0,1.0,0.0,0.0,116916.96,0.0,0.0,0.33
2026-10-06T08:47:00Z,10-06 03:47,1.745,2.92,475.1,7590641664.0,2.56,2.56,0.0,0.0,0.0,0.0,99774.9,0.0,0.0,0.28
2026-10-06T08:48:00Z,10-06 03:48,1.845,3.15,476.24,7590641664.0,3.44,3.44,0.0,0.0,0.0,0.0,98427.36,0.0,0.0,0.41
2026-10-06T08:49:00Z,10-06 03:49,1.77,3.06,476.81,7589593088.0,2.78,2.78,0.0,0.0,0.0,0.0,72002.0,0.0,0.0,0.33
2026-10-06T08:50:00Z,10-06 03:50,1.86,3.16,477.37,7589593088.0,3.68,3.68,0.0,0.0,0.0,0.0,96792.44,0.0,0.0,0.28
2026-10-06T08:51:00Z,10-06 03:51,1.87,3.18,477.93,7588544512.0,2.86,2.86,0.0,0.0,0.0,0.0,,0.0,,0.28
2026-10-06T08:52:00Z,10-06 03:52,1.8,3.07,478.49,,3.29,3.29,0.0,0.0,0.0,0.0,79764.635,0.0,0.0,1.18
2026-10-06T08:53:00Z,10-06 03:53,1.825,3.12,479.05,7588544512.0,2.93,2.93,0.0,0.0,0.0,0.0,89540.88,0.0,0.0,0.28
2026-10-06T08:54:00Z,10-06 03:54,1.805,3.1,479.61,7588544512.0,2.48,2.48,0.0,0.0,0.0,0.0,76916.21,0.0,0.0,0.38
2026-10-06T08:55:00Z,10-06 03:55,1.815,3.11,480.17,7588544512.0,3.04,3.04,0.0,0.0,0.0,0.0,73431.13,,0.0,0.28
2026-10-06T08:56:00Z,10-06 03:56,1.86,3.19,480.73,7588544512.0,3.04,3.04,0.0,0.0,0.0,0.0,,0.0,,0.31
2026-10-06T08:57:00Z,10-06 03:57,1.88,3.23,481.29,7579107328.0,23.66,23.66,4.0,4.0,4.78,4.78,186703.305,0.0,0.0,0.28
2026-10-06T08:58:00Z,10-06 03:58,1.74,2.99,,,2.34,2.34,,,0.0,0.0,64433.12,,0.0,0.43
2026-10-06T08:59:00Z,10-06 03:59,1.805,3.1,481.86,7580155904.0,3.18,3.18,0.0,0.0,0.0,0.0,102125.94,0.0,0.0,0.29
2026-10-06T09:00:00Z,10-06 04:00,1.885,3.22,482.99,7585398784.0,2.91,2.91,0.0,0.0,0.0,0.0,96879.81,0.0,0.0,0.28
2026-10-06T09:01:00Z,10-06 04:01,2.01,3.35,483.55,7586447360.0,4.31,4.31,0.0,0.0,0.0,0.0,,0.0,,0.28
2026-10-06T09:02:00Z,10-06 04:02,1.935,3.27,,,3.79,3.79,0.0,0.0,0.0,0.0,153719.4,0.0,0.0,1.14
2026-10-06T09:03:00Z,10-06 04:03,2.085,3.55,484.11,7585398784.0,2.46,2.46,0.0,0.0,0.0,0.0,88732.95,,0.0,0.43
2026-10-06T09:04:00Z,10-06 04:04,1.85,3.11,485.23,7585398784.0,4.13,4.13,0.0,0.0,0.0,0.0,159039.34,0.0,0.0,0.28
2026-10-06T09:05:00Z,10-06 04:05,1.855,3.12,485.79,7585398784.0,3.93,3.93,0.0,0.0,0.0,0.0,126166.86,0.0,0.0,0.41
2026-10-06T09:06:00Z,10-06 04:06,2.025,3.48,486.35,7584350208.0,3.91,3.91,0.0,0.0,0.0,0.0,123823.79,0.0,,0.96
2026-10-06T09:07:00Z,10-06 04:07,1.79,3.04,486.91,7585398784.0,2.88,2.88,,,0.0,0.0,84507.07,,0.0,0.33
2026-10-06T09:08:00Z,10-06 04:08,1.79,3.02,487.48,7584350208.0,2.61,2.61,0.0,0.0,0.0,0.0,76397.71,0.0,0.0,0.35
2026-10-06T09:09:00Z,10-06 04:09,1.745,2.96,488.04,7585398784.0,3.13,3.13,0.0,0.0,0.0,0.0,85924.28,0.0,0.0,0.29
2026-10-06T09:10:00Z,10-06 04:10,1.775,3.05,488.61,7585398784.0,2.68,2.68,0.0,0.0,0.0,0.0,89093.26,0.0,0.0,0.26
2026-10-06T09:11:00Z,10-06 04:11,1.81,3.0,489.17,,3.04,3.04,1.0,1.0,0.0,0.0,,0.0,,0.29
2026-10-06T09:12:00Z,10-06 04:12,1.855,3.09,489.73,7574913024.0,25.32,25.32,3.0,3.0,4.36,4.36,184399.94,0.0,0.0,1.24
2026-10-06T09:13:00Z,10-06 04:13,2.225,3.88,490.29,7577010176.0,6.94,6.94,1.0,1.0,0.01,0.01,451944.12,0.0,0.0,0.34
2026-10-06T09:14:00Z,10-06 04:14,1.79,3.01,490.85,7579107328.0,3.13,3.13,0.0,0.0,0.0,0.0,81295.92,0.0,0.0,0.29
2026-10-06T09:15:00Z,10-06 04:15,1.8,3.05,491.41,7582253056.0,3.1,3.1,0.0,0.0,0.0,0.0,97292.62,0.0,0.0,0.26
2026-10-06T09:16:00Z,10-06 04:16,1.825,3.08,491.97,7581204480.0,3.48,3.48,0.0,0.0,0.0,0.0,,0.0,,0.33
2026-10-06T09:17:00Z,10-06 04:17,1.84,3.14,492.53,7582253056.0,3.13,3.13,,,0.0,0.0,106583.835,,0.0,0.33
2026-10-06T09:18:00Z,10-06 04:18,1.83,3.16,493.09,,2.68,2.68,0.0,0.0,0.0,0.0,70504.4,0.0,0.0,1.06
2026-10-06T09:19:00Z,10-06 04:19,1.725,2.95,493.66,7581204480.0,2.63,2.63,0.0,0.0,0.0,0.0,61012.35,0.0,0.0,0.39
2026-10-06T09:20:00Z,10-06 04:20,1.79,3.05,494.22,7581204480.0,2.69,2.69,0.0,0.0,0.0,0.0,77260.75,,0.0,0.31
2026-10-06T09:21:00Z,10-06 04:21,1.8,2.98,494.79,7580155904.0,2.09,2.09,,,0.0,0.0,65525.31,0.0,0.0,0.36
2026-10-06T09:22:00Z,10-06 04:22,1.76,3.04,495.36,7581204480.0,2.43,2.43,0.0,0.0,0.0,0.0,66146.12,0.0,0.0,1.16
2026-10-06T09:23:00Z,10-06 04:23,1.78,3.04,495.92,7580155904.0,1.61,1.61,0.0,0.0,0.0,0.0,67302.93,0.0,0.0,0.38
2026-10-06T09:24:00Z,10-06 04:24,1.69,2.92,496.49,7581204480.0,2.18,2.18,0.0,0.0,0.0,0.0,63196.79,0.0,0.0,0.34
2026-10-06T09:25:00Z,10-06 04:25,1.72,2.95,497.06,7581204480.0,1.98,1.98,0.0,0.0,0.0,0.0,60150.14,0.0,0.0,0.28
2026-10-06T09:26:00Z,10-06 04:26,1.785,2.97,497.62,7570718720.0,13.76,13.76,4.0,4.0,1.89,1.89,,0.0,,0.29
2026-10-06T09:27:00Z,10-06 04:27,1.72,2.93,498.19,7571767296.0,13.06,13.06,0.0,0.0,3.15,3.15,164341.355,0.0,0.0,0.31
2026-10-06T09:28:00Z,10-06 04:28,1.755,3.03,498.76,7572815872.0,2.21,2.21,0.0,0.0,0.0,0.0,61899.78,,0.0,0.34
2026-10-06T09:29:00Z,10-06 04:29,1.705,2.96,499.33,7572815872.0,1.53,1.53,,,0.0,0.0,38014.1,0.0,0.0,0.33
2026-10-06T09:30:00Z,10-06 04:30,1.75,2.95,499.89,7572815872.0,1.99,1.99,0.0,0.0,0.0,0.0,53992.94,0.0,0.0,0.31
2026-10-06T09:31:00Z,10-06 04:31,1.79,3.02,500.46,7574913024.0,3.26,3.26,0.0,0.0,0.0,0.0,82125.58,0.0,,0.28
2026-10-06T09:32:00Z,10-06 04:32,1.79,3.06,501.02,7575961600.0,2.15,2.15,,,0.0,0.0,56051.22,,0.0,1.15
2026-10-06T09:33:00Z,10-06 04:33,1.735,3.02,501.58,7578058752.0,2.14,2.14,0.0,0.0,0.0,0.0,67166.13,0.0,0.0,0.43
2026-10-06T09:34:00Z,10-06 04:34,1.84,3.2,502.15,7578058752.0,1.84,1.84,0.0,0.0,0.0,0.0,57403.08,,0.0,1.04
2026-10-06T09:35:00Z,10-06 04:35,2.08,3.0,502.71,7578058752.0,5.38,5.38,1.0,0.5,0.01,0.01,279089.32,0.0,0.0,0.5
2026-10-06T09:36:00Z,10-06 04:36,1.865,3.11,503.27,7573864448.0,6.19,6.19,0.0,0.0,0.01,0.01,,0.0,,0.93
2026-10-06T09:37:00Z,10-06 04:37,1.915,3.25,503.83,7574913024.0,3.71,3.71,0.0,0.0,0.0,0.0,155910.525,0.0,0.0,0.28
2026-10-06T09:38:00Z,10-06 04:38,1.815,3.11,504.39,7578058752.0,3.55,3.55,0.0,0.0,0.0,0.0,99885.95,0.0,0.0,0.36
2026-10-06T09:39:00Z,10-06 04:39,1.805,3.08,504.96,7578058752.0,3.21,3.21,0.0,0.0,0.0,0.0,91317.13,0.0,0.0,0.34
2026-10-06T09:40:00Z,10-06 04:40,1.75,3.03,505.52,7577010176.0,2.88,2.88,,,0.0,0.0,73031.52,,0.0,0.26
2026-10-06T09:41:00Z,10-06 04:41,1.98,3.38,506.08,7577010176.0,2.58,2.58,0.0,0.0,0.0,0.0,,0.0,,0.31
2026-10-06T09:42:00Z,10-06 04:42,2.755,3.27,506.63,7565475840.0,2.53,2.53,,,0.0,0.0,68025.15,,0.0,1.11
2026-10-06T09:43:00Z,10-06 04:43,1.77,3.07,507.2,7565475840.0,1.71,1.71,0.0,0.0,0.0,0.0,40754.86,0.0,0.0,1.76
2026-10-06T09:44:00Z,10-06 04:44,1.8,2.96,507.76,7568621568.0,2.69,2.69,4.0,2.0,0.0,0.0,75080.04,0.0,0.0,0.29
2026-10-06T09:45:00Z,10-06 04:45,1.88,3.18,508.32,7573864448.0,26.5,26.5,0.0,0.0,5.87,5.87,320836.01,0.0,0.0,0.9
2026-10-06T09:46:00Z,10-06 04:46,1.785,2.99,508.88,7575961600.0,3.03,3.03,0.0,0.0,0.0,0.0,,0.0,,0.29
2026-10-06T09:47:00Z,10-06 04:47,1.815,3.0,509.44,7573864448.0,2.24,2.24,0.0,0.0,0.0,0.0,96333.645,0.0,0.0,0.31
2026-10-06T09:48:00Z,10-06 04:48,1.71,2.94,510.01,7573864448.0,2.08,2.08,0.0,0.0,0.0,0.0,56918.42,,0.0,1.29
2026-10-06T09:49:00Z,10-06 04:49,1.685,2.9,510.58,7574913024.0,1.84,1.84,0.0,0.0,0.0,0.0,57601.57,0.0,0.0,0.29
2026-10-06T09:50:00Z,10-06 04:50,1.63,2.79,511.15,7575961600.0,1.26,1.26,,,0.0,0.0,33445.5,,0.0,0.31
2026-10-06T09:51:00Z,10-06 04:51,1.7,2.85,511.72,7574913024.0,1.28,1.28,0.0,0.0,0.0,0.0,30713.22,0.0,0.0,0.29
2026-10-06T09:52:00Z,10-06 04:52,1.765,2.98,512.29,7574913024.0,1.43,1.43,,,0.0,0.0,47994.43,0.0,0.0,1.21
2026-10-06T09:53:00Z,10-06 04:53,1.805,3.02,512.85,7574913024.0,3.98,3.98,0.0,0.0,0.0,0.0,147853.56,0.0,0.0,0.29
2026-10-06T09:54:00Z,10-06 04:54,1.765,2.98,513.42,7574913024.0,2.26,2.26,0.0,0.0,0.0,0.0,70769.67,0.0,0.0,0.34
2026-10-06T09:55:00Z,10-06 04:55,1.705,2.92,513.99,7574913024.0,2.24,2.24,0.0,0.0,0.0,0.0,62782.16,0.0,0.0,0.29
2026-10-06T09:56:00Z,10-06 04:56,1.805,3.1,514.55,7574913024.0,1.71,1.71,0.0,0.0,0.0,0.0,,0.0,,0.33
2026-10-06T09:57:00Z,10-06 04:57,1.73,2.94,515.12,7574913024.0,2.43,2.43,0.0,0.0,0.0,0.0,64370.67,0.0,0.0,0.28
2026-10-06T09:58:00Z,10-06 04:58,1.78,3.03,515.69,7573864448.0,3.81,3.81,0.0,0.0,0.0,0.0,135359.14,0.0,0.0,0.29
2026-10-06T09:59:00Z,10-06 04:59,1.725,2.95,516.26,7573864448.0,1.76,1.76,0.0,0.0,0.0,0.0,55972.89,0.0,0.0,0.38
2026-10-06T10:00:00Z,10-06 05:00,1.685,2.83,516.83,7573864448.0,1.6,1.6,0.0,0.0,0.0,0.0,32222.39,0.0,0.0,0.35
2026-10-06T10:01:00Z,10-06 05:01,1.92,3.23,517.39,7572815872.0,3.09,3.09,,,0.0,0.0,89012.69,,0.0,0.34
2026-10-06T10:02:00Z,10-06 05:02,1.74,2.96,517.95,7572815872.0,2.34,2.34,0.0,0.0,0.0,0.0,58965.01,0.0,0.0,1.14
2026-10-06T10:03:00Z,10-06 05:03,1.775,3.0,518.52,7572815872.0,2.73,2.73,,,0.0,0.0,88455.84,,0.0,0.41
2026-10-06T10:04:00Z,10-06 05:04,1.815,3.01,519.08,7572815872.0,3.14,3.14,0.0,0.0,0.0,0.0,94129.3,0.0,0.0,0.31
2026-10-06T10:05:00Z,10-06 05:05,1.83,3.07,519.64,7572815872.0,2.86,2.86,0.0,0.0,0.0,0.0,118286.16,0.0,0.0,0.28
2026-10-06T10:06:00Z,10-06 05:06,1.81,3.13,520.21,7564427264.0,28.07,28.07,,,6.27,6.27,305279.32,,0.0,0.96
2026-10-06T10:07:00Z,10-06 05:07,1.84,3.19,520.77,7566524416.0,2.41,2.41,4.0,2.0,0.0,0.0,74943.87,0.0,0.0,0.29
2026-10-06T10:08:00Z,10-06 05:08,1.82,3.11,521.34,7567572992.0,2.49,2.49,0.0,0.0,0.0,0.0,68807.15,0.0,0.0,0.38
2026-10-06T10:09:00Z,10-06 05:09,1.76,3.03,521.91,7569670144.0,1.86,1.86,0.0,0.0,0.0,0.0,49960.23,0.0,0.0,0.31
2026-10-06T10:10:00Z,10-06 05:10,1.735,3.01,522.47,,1.53,1.53,,,0.0,0.0,48328.8,0.0,0.0,0.28
2026-10-06T10:11:00Z,10-06 05:11,1.765,2.99,523.03,7569670144.0,1.29,1.29,0.0,0.0,0.0,0.0,41360.89,0.0,,0.29
2026-10-06T10:12:00Z,10-06 05:12,1.845,3.24,523.59,7570718720.0,1.04,1.04,0.0,0.0,0.0,0.0,27165.19,0.0,0.0,1.14
2026-10-06T10:13:00Z,10-06 05:13,1.945,3.37,524.15,7568621568.0,3.06,3.06,0.0,0.0,0.0,0.0,149390.95,0.0,0.0,0.35
2026-10-06T10:14:00Z,10-06 05:14,1.78,3.09,,,1.61,1.61,0.0,0.0,0.0,0.0,49964.27,0.0,0.0,0.29
2026-10-06T10:15:00Z,10-06 05:15,1.955,3.42,524.72,7570718720.0,1.7,1.7,0.0,0.0,0.0,0.0,43079.79,0.0,0.0,0.28
2026-10-06T10:16:00Z,10-06 05:16,1.89,3.33,525.84,7570718720.0,1.71,1.71,0.0,0.0,0.0,0.0,,0.0,,0.29
2026-10-06T10:17:00Z,10-06 05:17,1.94,3.36,526.4,7569670144.0,2.73,2.73,0.0,0.0,0.0,0.0,65490.48,0.0,0.0,0.33
2026-10-06T10:18:00Z,10-06 05:18,1.84,3.18,526.96,7569670144.0,1.56,1.56,0.0,0.0,0.0,0.0,51814.94,0.0,0.0,1.15
2026-10-06T10:19:00Z,10-06 05:19,1.835,3.19,527.52,7569670144.0,1.73,1.73,0.0,0.0,0.0,0.0,57418.27,0.0,0.0,0.35
2026-10-06T10:20:00Z,10-06 05:20,1.745,3.03,528.09,7569670144.0,1.69,1.69,0.0,0.0,0.0,0.0,41902.53,0.0,0.0,0.28
2026-10-06T10:21:00Z,10-06 05:21,1.815,3.09,528.66,7567572992.0,1.36,1.36,0.0,0.0,0.0,0.0,38225.59,0.0,,0.36
2026-10-06T10:22:00Z,10-06 05:22,1.8,3.05,,,1.56,1.56,0.0,0.0,0.0,0.0,58234.28,0.0,0.0,1.15
2026-10-06T10:23:00Z,10-06 05:23,1.89,3.22,529.22,7567572992.0,2.76,2.76,0.0,0.0,0.0,0.0,100158.55,0.0,0.0,0.4
2026-10-06T10:24:00Z,10-06 05:24,1.875,3.26,530.34,7568621568.0,2.59,2.59,0.0,0.0,0.0,0.0,92618.58,0.0,0.0,0.36
2026-10-06T10:25:00Z,10-06 05:25,1.87,3.23,530.9,7568621568.0,2.13,2.13,0.0,0.0,0.0,0.0,73986.13,,0.0,0.29
2026-10-06T10:26:00Z,10-06 05:26,1.87,3.14,531.46,7568621568.0,2.43,2.43,0.0,0.0,0.0,0.0,102533.33,0.0,0.0,0.26
2026-10-06T10:27:00Z,10-06 05:27,1.77,3.06,532.03,7567572992.0,2.06,2.06,0.0,0.0,0.0,0.0,75709.42,0.0,0.0,0.31
2026-10-06T10:28:00Z,10-06 05:28,1.84,3.25,532.59,7568621568.0,1.01,1.01,,,0.0,0.0,29694.52,0.0,0.0,0.36
2026-10-06T10:29:00Z,10-06 05:29,1.755,3.07,533.16,7568621568.0,1.04,1.04,0.0,0.0,0.0,0.0,34192.93,0.0,0.0,0.31
2026-10-06T10:30:00Z,10-06 05:30,1.855,3.18,533.73,7559184384.0,26.81,26.81,4.0,4.0,6.15,6.15,258634.57,0.0,0.0,0.29
2026-10-06T10:31:00Z,10-06 05:31,1.68,2.86,534.29,7558135808.0,0.94,0.94,0.0,0.0,0.0,0.0,30507.95,0.0,,0.28
2026-10-06T10:32:00Z,10-06 05:32,1.9,3.29,534.86,7560232960.0,2.06,2.06,,,0.0,0.0,66067.96,0.0,0.0,1.14
2026-10-06T10:33:00Z,10-06 05:33,1.795,3.04,,7561281536.0,1.46,1.46,0.0,0.0,0.0,0.0,47166.77,,0.0,0.34
2026-10-06T10:34:00Z,10-06 05:34,1.86,3.23,535.42,7562330112.0,1.88,1.88,0.0,0.0,0.0,0.0,49007.55,0.0,0.0,0.39
2026-10-06T10:35:00Z,10-06 05:35,1.78,3.1,536.55,7564427264.0,1.36,1.36,0.0,0.0,0.0,0.0,55691.48,0.0,0.0,0.99
2026-10-06T10:36:00Z,10-06 05:36,1.75,3.0,537.11,7566524416.0,1.16,1.16,0.0,0.0,0.0,0.0,47087.81,,0.0,0.98
2026-10-06T10:37:00Z,10-06 05:37,1.805,3.13,537.68,7567572992.0,2.44,2.44,0.0,0.0,0.0,0.0,82863.64,0.0,0.0,0.36
2026-10-06T10:38:00Z,10-06 05:38,1.865,3.24,538.24,7566524416.0,0.63,0.63,0.0,0.0,0.0,0.0,12763.97,,0.0,0.36
2026-10-06T10:39:00Z,10-06 05:39,1.91,3.35,538.8,7567572992.0,1.16,1.16,0.0,0.0,0.0,0.0,41233.56,0.0,0.0,0.3
2026-10-06T10:40:00Z,10-06 05:40,1.765,3.06,539.37,7566524416.0,1.01,1.01,0.0,0.0,0.0,0.0,35426.92,0.0,0.0,0.28
2026-10-06T10:41:00Z,10-06 05:41,1.85,3.13,539.93,7564427264.0,1.13,1.13,0.0,0.0,0.0,0.0,45041.0,0.0,,0.28
2026-10-06T10:42:00Z,10-06 05:42,2.085,3.12,540.48,7554990080.0,1.98,1.98,,,0.0,0.0,68867.68,0.0,0.0,1.14
2026-10-06T10:43:00Z,10-06 05:43,2.57,4.59,541.04,7558135808.0,3.63,3.63,0.0,0.0,0.0,0.0,132968.74,0.0,0.0,1.66
2026-10-06T10:44:00Z,10-06 05:44,1.845,3.14,541.6,7561281536.0,1.86,1.86,0.0,0.0,0.0,0.0,68809.18,0.0,0.0,0.58
2026-10-06T10:45:00Z,10-06 05:45,1.93,3.24,542.16,7565475840.0,4.84,4.84,0.0,0.0,0.0,0.0,188947.67,0.0,0.0,0.34
2026-10-06T10:46:00Z,10-06 05:46,1.915,3.27,542.72,7565475840.0,2.78,2.78,0.0,0.0,0.0,0.0,,0.0,,0.28
2026-10-06T10:47:00Z,10-06 05:47,1.82,3.14,543.28,7564427264.0,2.79,2.79,,,0.0,0.0,100780.56,0.0,0.0,0.28
2026-10-06T10:48:00Z,10-06 05:48,1.81,3.12,543.85,7564427264.0,1.31,1.31,0.0,0.0,0.0,0.0,35014.17,0.0,0.0,0.38
2026-10-06T10:49:00Z,10-06 05:49,1.885,3.06,544.41,7563378688.0,2.33,2.33,0.0,0.0,0.0,0.0,70379.78,,0.0,0.31
2026-10-06T10:50:00Z,10-06 05:50,1.685,2.86,544.98,7564427264.0,2.14,2.14,0.0,0.0,0.0,0.0,69290.36,0.0,0.0,1.11
2026-10-06T10:51:00Z,10-06 05:51,1.775,2.99,545.55,7563378688.0,2.01,2.01,0.0,0.0,0.0,0.0,75028.85,0.0,0.0,0.36
2026-10-06T10:52:00Z,10-06 05:52,1.81,3.11,546.11,7563378688.0,1.85,1.85,0.0,0.0,0.0,0.0,53182.7,,0.0,1.23
2026-10-06T10:53:00Z,10-06 05:53,1.8,3.13,546.68,7564427264.0,1.59,1.59,0.0,0.0,0.0,0.0,47162.34,0.0,0.0,0.34
2026-10-06T10:54:00Z,10-06 05:54,1.825,3.16,547.24,7553941504.0,27.49,27.49,4.0,4.0,6.73,6.73,249454.93,0.0,0.0,0.34
2026-10-06T10:55:00Z,10-06 05:55,1.74,3.02,547.81,7554990080.0,1.59,1.59,,,0.0,0.0,48866.74,,0.0,0.28
2026-10-06T10:56:00Z,10-06 05:56,1.865,3.27,548.37,7554990080.0,1.19,1.19,0.0,0.0,0.0,0.0,,0.0,,0.26
2026-10-06T10:57:00Z,10-06 05:57,1.75,3.02,548.94,7556038656.0,1.21,1.21,0.0,0.0,0.0,0.0,41330.91,0.0,0.0,0.85
2026-10-06T10:58:00Z,10-06 05:58,1.845,3.13,549.5,7557087232.0,2.04,2.04,0.0,0.0,0.0,0.0,73164.98,0.0,0.0,0.48
2026-10-06T10:59:00Z,10-06 05:59,1.835,3.15,550.06,7560232960.0,2.38,2.38,0.0,0.0,0.0,0.0,82437.17,0.0,0.0,0.88
2026-10-06T11:00:00Z,10-06 06:00,2.04,3.59,550.62,7562330112.0,2.04,2.04,0.0,0.0,0.0,0.0,61567.46,0.0,0.0,0.31
2026-10-06T11:01:00Z,10-06 06:01,2.18,3.73,551.18,7562330112.0,3.28,3.28,0.0,0.0,0.0,0.0,,0.0,,0.26
2026-10-06T11:02:00Z,10-06 06:02,1.835,3.1,551.74,7562330112.0,2.58,2.58,,,0.0,0.0,115831.285,,0.0,1.16
2026-10-06T11:03:00Z,10-06 06:03,1.905,3.34,552.31,7562330112.0,2.61,2.61,0.0,0.0,0.0,0.0,82445.24,0.0,0.0,0.34
2026-10-06T11:04:00Z,10-06 06:04,2.025,3.52,552.88,7562330112.0,1.91,1.91,0.0,0.0,0.0,0.0,49692.18,0.0,0.0,0.28
2026-10-06T11:05:00Z,10-06 06:05,1.885,3.29,553.44,7561281536.0,1.55,1.55,,,0.0,0.0,51615.47,,0.0,0.38
2026-10-06T11:06:00Z,10-06 06:06,1.805,3.1,554.0,7561281536.0,1.63,1.63,0.0,0.0,0.0,0.0,,0.0,,0.81
2026-10-06T11:07:00Z,10-06 06:07,1.93,3.39,554.56,7561281536.0,2.18,2.18,0.0,0.0,0.0,0.0,57779.725,0.0,0.0,0.38
2026-10-06T11:08:00Z,10-06 06:08,1.935,3.26,555.12,7561281536.0,1.83,1.83,0.0,0.0,0.0,0.0,71680.74,0.0,0.0,0.3
2026-10-06T11:09:00Z,10-06 06:09,1.87,3.24,,,1.71,1.71,0.0,0.0,0.0,0.0,50778.74,0.0,0.0,0.33
2026-10-06T11:10:00Z,10-06 06:10,1.885,3.26,555.68,7561281536.0,1.68,1.68,0.0,0.0,0.0,0.0,62242.75,0.0,0.0,0.34
2026-10-06T11:11:00Z,10-06 06:11,1.955,3.35,556.8,7559184384.0,1.84,1.84,0.0,0.0,0.0,0.0,,0.0,,0.39
2026-10-06T11:12:00Z,10-06 06:12,1.86,3.22,557.36,7559184384.0,1.85,1.85,,,0.0,0.0,63485.175,,0.0,1.15
2026-10-06T11:13:00Z,10-06 06:13,1.955,3.4,557.92,7559184384.0,3.75,3.75,0.0,0.0,0.0,0.0,173887.47,0.0,0.0,0.46
2026-10-06T11:14:00Z,10-06 06:14,1.98,3.19,558.48,7547650048.0,2.89,2.89,5.0,2.5,0.0,0.0,125046.98,0.0,0.0,0.33
2026-10-06T11:15:00Z,10-06 06:15,1.975,3.35,559.04,7549747200.0,30.99,30.99,,,7.16,7.16,340820.12,0.0,0.0,0.28
2026-10-06T11:16:00Z,10-06 06:16,2.18,3.45,559.6,7554990080.0,7.66,7.66,1.0,0.5,0.01,0.01,,0.0,,0.33
2026-10-06T11:17:00Z,10-06 06:17,2.09,3.46,560.16,7557087232.0,5.73,5.73,0.0,0.0,0.01,0.01,263591.515,0.0,0.0,0.28
2026-10-06T11:18:00Z,10-06 06:18,1.97,3.29,560.72,7557087232.0,5.44,5.44,0.0,0.0,0.01,0.01,187092.41,0.0,0.0,1.14
2026-10-06T11:19:00Z,10-06 06:19,1.945,3.28,561.28,7557087232.0,3.61,3.61,0.0,0.0,0.0,0.0,134543.1,0.0,0.0,0.36
2026-10-06T11:20:00Z,10-06 06:20,1.875,3.22,561.84,7556038656.0,3.06,3.06,,,0.0,0.0,125642.58,,0.0,0.28
2026-10-06T11:21:00Z,10-06 06:21,1.93,3.19,562.4,7556038656.0,3.24,3.24,0.0,0.0,0.0,0.0,128643.97,0.0,,0.36
2026-10-06T11:22:00Z,10-06 06:22,1.93,3.23,562.96,7556038656.0,3.68,3.68,0.0,0.0,0.0,0.0,158667.8,0.0,0.0,1.14
2026-10-06T11:23:00Z,10-06 06:23,1.99,3.36,563.52,7554990080.0,34.76,34.76,6.0,6.0,7.48,7.48,405296.23,0.0,0.0,0.39
2026-10-06T11:24:00Z,10-06 06:24,2.06,3.26,564.08,7552892928.0,6.51,6.51,,,0.01,0.01,315019.77,0.0,0.0,0.33
2026-10-06T11:25:00Z,10-06 06:25,1.955,3.28,564.64,7553941504.0,4.58,4.58,1.0,1.0,0.0,0.0,189345.91,,0.0,0.31
2026-10-06T11:26:00Z,10-06 06:26,1.905,3.24,565.2,7553941504.0,3.33,3.33,0.0,0.0,0.0,0.0,,0.0,,0.28
2026-10-06T11:27:00Z,10-06 06:27,2.025,3.37,565.76,7552892928.0,4.26,4.26,0.0,0.0,0.0,0.0,140888.135,0.0,0.0,0.26
2026-10-06T11:28:00Z,10-06 06:28,2.02,3.34,566.32,7549747200.0,5.88,5.88,1.0,1.0,0.01,0.01,213705.08,0.0,0.0,0.36
2026-10-06T11:29:00Z,10-06 06:29,2.07,3.39,566.88,7552892928.0,5.9,5.9,1.0,1.0,0.01,0.01,199008.38,0.0,0.0,0.33
2026-10-06T11:30:00Z,10-06 06:30,2.15,3.44,,,7.19,7.19,3.0,3.0,0.01,0.01,273112.19,0.0,0.0,0.29
2026-10-06T11:31:00Z,10-06 06:31,2.25,3.43,567.44,7551844352.0,39.09,39.09,,,7.81,7.81,515668.95,,0.0,0.31
2026-10-06T11:32:00Z,10-06 06:32,2.19,3.66,567.99,7545552896.0,7.93,7.93,5.0,3.0,0.01,0.01,298482.65,0.0,0.0,1.2
2026-10-06T11:33:00Z,10-06 06:33,2.065,3.57,569.11,7550795776.0,4.18,4.18,0.0,0.0,0.0,0.0,139563.42,0.0,0.0,0.34
2026-10-06T11:34:00Z,10-06 06:34,1.99,3.45,569.67,7550795776.0,2.65,2.65,0.0,0.0,0.0,0.0,83087.13,,0.0,0.4
2026-10-06T11:35:00Z,10-06 06:35,1.97,3.36,,,3.31,3.31,,,0.0,0.0,124203.59,0.0,0.0,1.01
2026-10-06T11:36:00Z,10-06 06:36,1.875,3.27,570.23,7549747200.0,2.33,2.33,0.0,0.0,0.0,0.0,62120.69,0.0,0.0,0.94
2026-10-06T11:37:00Z,10-06 06:37,1.945,3.35,571.35,7549747200.0,2.8,2.8,0.0,0.0,0.0,0.0,94219.9,0.0,0.0,0.38
2026-10-06T11:38:00Z,10-06 06:38,2.17,3.89,571.91,7549747200.0,1.91,1.91,0.0,0.0,0.0,0.0,58836.29,0.0,0.0,0.36
2026-10-06T11:39:00Z,10-06 06:39,1.955,3.34,572.47,7549747200.0,2.4,2.4,0.0,0.0,0.0,0.0,82535.07,0.0,0.0,0.3
2026-10-06T11:40:00Z,10-06 06:40,2.02,3.43,,,3.41,3.41,0.0,0.0,0.0,0.0,116524.41,0.0,0.0,0.31
2026-10-06T11:41:00Z,10-06 06:41,1.91,3.24,573.03,7546601472.0,2.91,2.91,0.0,0.0,0.0,0.0,,0.0,,0.29
2026-10-06T11:42:00Z,10-06 06:42,1.89,3.28,574.15,7548698624.0,2.63,2.63,0.0,0.0,0.0,0.0,84795.225,0.0,0.0,1.18
2026-10-06T11:43:00Z,10-06 06:43,2.795,4.35,574.69,7525629952.0,2.56,2.56,5.0,5.0,0.0,0.0,79649.48,0.0,0.0,1.54
2026-10-06T11:44:00Z,10-06 06:44,2.115,3.67,575.25,7542407168.0,35.39,35.39,0.0,0.0,8.0,8.0,390775.52,0.0,0.0,0.56
2026-10-06T11:45:00Z,10-06 06:45,1.87,3.26,575.81,7545552896.0,2.98,2.98,0.0,0.0,0.0,0.0,91760.64,,0.0,0.3
2026-10-06T11:46:00Z,10-06 06:46,1.99,3.31,576.37,7546601472.0,3.88,3.88,0.0,0.0,0.0,0.0,,0.0,,0.31
2026-10-06T11:47:00Z,10-06 06:47,1.865,3.23,,,3.21,3.21,0.0,0.0,0.0,0.0,107186.93,0.0,0.0,0.31
2026-10-06T11:48:00Z,10-06 06:48,1.91,3.22,576.93,7546601472.0,3.29,3.29,0.0,0.0,0.0,0.0,95086.96,0.0,0.0,0.41
2026-10-06T11:49:00Z,10-06 06:49,1.945,3.3,578.05,7546601472.0,3.66,3.66,0.0,0.0,0.0,0.0,105237.17,0.0,0.0,0.29
2026-10-06T11:50:00Z,10-06 06:50,1.88,3.23,578.61,7544504320.0,2.91,2.91,0.0,0.0,0.0,0.0,80470.91,0.0,0.0,0.28
2026-10-06T11:51:00Z,10-06 06:51,1.94,3.29,579.17,7544504320.0,3.04,3.04,0.0,0.0,0.0,0.0,100383.71,,0.0,0.28
2026-10-06T11:52:00Z,10-06 06:52,1.825,3.09,,7546601472.0,2.99,2.99,0.0,0.0,0.0,0.0,101209.24,0.0,0.0,1.28
2026-10-06T11:53:00Z,10-06 06:53,1.87,3.21,579.73,7545552896.0,3.11,3.11,0.0,0.0,0.0,0.0,90991.51,0.0,0.0,0.39
2026-10-06T11:54:00Z,10-06 06:54,2.015,3.3,580.85,7543455744.0,3.6,3.6,,,0.0,0.0,147955.57,,0.0,0.3
2026-10-06T11:55:00Z,10-06 06:55,1.945,3.31,581.41,7532969984.0,4.29,4.29,0.0,0.0,0.0,0.0,157454.81,0.0,0.0,0.26
2026-10-06T11:56:00Z,10-06 06:56,1.865,3.14,581.97,7536115712.0,2.76,2.76,,,0.0,0.0,92978.44,0.0,,0.33
2026-10-06T11:57:00Z,10-06 06:57,1.86,3.02,582.53,7529824256.0,35.59,35.59,6.0,3.0,8.29,8.29,347334.38,0.0,0.0,0.26
2026-10-06T11:58:00Z,10-06 06:58,2.035,3.43,,,3.48,3.48,0.0,0.0,0.0,0.0,180857.98,0.0,0.0,0.28
2026-10-06T11:59:00Z,10-06 06:59,1.89,3.23,583.09,7531921408.0,3.19,3.19,0.0,0.0,0.0,0.0,119098.35,0.0,0.0,0.34
2026-10-06T12:00:00Z,10-06 07:00,2.025,3.31,584.21,7539261440.0,2.46,2.46,0.0,0.0,0.0,0.0,99385.4,0.0,0.0,0.33
2026-10-06T12:01:00Z,10-06 07:01,2.055,3.24,584.77,7538212864.0,4.36,4.36,,,0.01,0.01,192537.52,,0.0,1.16
2026-10-06T12:02:00Z,10-06 07:02,2.01,3.31,585.33,7538212864.0,5.21,5.21,0.0,0.0,0.01,0.01,223182.42,0.0,0.0,1.21
2026-10-06T12:03:00Z,10-06 07:03,1.915,3.25,585.89,7538212864.0,3.21,3.21,0.0,0.0,0.0,0.0,110288.54,0.0,0.0,0.38
2026-10-06T12:04:00Z,10-06 07:04,2.02,3.43,,,3.39,3.39,,,0.0,0.0,108986.06,0.0,0.0,0.33
2026-10-06T12:05:00Z,10-06 07:05,1.94,3.28,586.45,7538212864.0,3.66,3.66,0.0,0.0,0.0,0.0,116722.91,0.0,0.0,0.33
2026-10-06T12:06:00Z,10-06 07:06,1.94,3.31,587.57,7538212864.0,3.54,3.54,0.0,0.0,0.0,0.0,,0.0,,0.93
2026-10-06T12:07:00Z,10-06 07:07,1.89,3.23,588.13,7538212864.0,3.04,3.04,0.0,0.0,0.0,0.0,117330.83,0.0,0.0,0.29
2026-10-06T12:08:00Z,10-06 07:08,1.98,3.34,588.69,7529824256.0,37.99,37.99,6.0,6.0,8.83,8.83,400891.69,0.0,0.0,0.38
2026-10-06T12:09:00Z,10-06 07:09,1.93,3.29,589.25,7531921408.0,3.98,3.98,0.0,0.0,0.0,0.0,169252.61,0.0,0.0,0.3
2026-10-06T12:10:00Z,10-06 07:10,1.825,3.1,589.81,7534018560.0,2.71,2.71,0.0,0.0,0.0,0.0,110830.92,0.0,0.0,0.29
2026-10-06T12:11:00Z,10-06 07:11,1.9,3.13,590.37,7536115712.0,3.83,3.83,0.0,0.0,0.0,0.0,,0.0,,0.41
2026-10-06T12:12:00Z,10-06 07:12,1.865,3.14,590.93,7536115712.0,2.86,2.86,0.0,0.0,0.0,0.0,118004.74,0.0,0.0,1.13
2026-10-06T12:13:00Z,10-06 07:13,1.86,3.12,591.49,7536115712.0,3.26,3.26,0.0,0.0,0.0,0.0,121555.35,0.0,0.0,0.46
2026-10-06T12:14:00Z,10-06 07:14,2.01,3.44,592.05,7536115712.0,3.61,3.61,0.0,0.0,0.0,0.0,145460.98,0.0,0.0,0.33
2026-10-06T12:15:00Z,10-06 07:15,1.79,3.06,592.61,7535067136.0,2.18,2.18,0.0,0.0,0.0,0.0,65613.62,0.0,0.0,0.26
2026-10-06T12:16:00Z,10-06 07:16,1.835,3.08,593.17,7532969984.0,2.78,2.78,0.0,0.0,0.0,0.0,,0.0,,0.33
2026-10-06T12:17:00Z,10-06 07:17,1.945,3.26,593.73,7534018560.0,4.39,4.39,0.0,0.0,0.0,0.0,109795.2,0.0,0.0,0.33
2026-10-06T12:18:00Z,10-06 07:18,1.925,3.12,594.29,7532969984.0,3.33,3.33,0.0,0.0,0.0,0.0,142699.9,0.0,0.0,1.1
2026-10-06T12:19:00Z,10-06 07:19,1.915,3.23,594.85,7534018560.0,4.03,4.03,0.0,0.0,0.0,0.0,139997.96,0.0,0.0,1.16
2026-10-06T12:20:00Z,10-06 07:20,2.0,3.34,595.41,7524581376.0,37.66,37.66,,,8.59,8.59,364799.33,,0.0,0.31
2026-10-06T12:21:00Z,10-06 07:21,1.815,3.07,595.97,7525629952.0,2.94,2.94,6.0,6.0,0.0,0.0,101916.73,0.0,,0.33
2026-10-06T12:22:00Z,10-06 07:22,1.825,3.07,596.53,7526678528.0,3.18,3.18,0.0,0.0,0.0,0.0,116721.77,,0.0,1.11
2026-10-06T12:23:00Z,10-06 07:23,1.965,3.31,597.09,7530872832.0,3.93,3.93,0.0,0.0,0.0,0.0,181848.34,0.0,0.0,0.39
2026-10-06T12:24:00Z,10-06 07:24,1.85,3.13,597.65,7532969984.0,4.63,4.63,0.0,0.0,0.0,0.0,161403.69,0.0,0.0,0.31
2026-10-06T12:25:00Z,10-06 07:25,1.855,3.09,598.21,7531921408.0,4.31,4.31,0.0,0.0,0.0,0.0,166545.93,0.0,0.0,0.31
2026-10-06T12:26:00Z,10-06 07:26,1.855,3.11,598.77,7531921408.0,3.81,3.81,0.0,0.0,0.0,0.0,,0.0,,0.29
2026-10-06T12:27:00Z,10-06 07:27,2.12,3.24,,7526678528.0,4.78,4.78,,,0.0,0.0,206122.05,,0.0,0.26
2026-10-06T12:28:00Z,10-06 07:28,1.96,3.26,599.33,7529824256.0,6.56,6.56,1.0,1.0,0.01,0.01,279544.84,0.0,0.0,0.38
2026-10-06T12:29:00Z,10-06 07:29,2.005,3.32,600.45,7527727104.0,40.98,40.98,,,9.45,9.45,471125.19,,0.0,0.31
2026-10-06T12:30:00Z,10-06 07:30,1.78,3.0,601.01,7530872832.0,3.41,3.41,7.0,3.5,0.0,0.0,101709.83,0.0,0.0,0.26
2026-10-06T12:31:00Z,10-06 07:31,1.87,3.11,601.57,,4.13,4.13,,,0.0,0.0,118429.31,,0.0,0.28
2026-10-06T12:32:00Z,10-06 07:32,1.825,3.08,602.13,7529824256.0,3.69,3.69,0.0,0.0,0.0,0.0,143257.59,0.0,0.0,1.19
2026-10-06T12:33:00Z,10-06 07:33,1.905,3.24,602.69,7528775680.0,4.11,4.11,0.0,0.0,0.0,0.0,180778.94,0.0,0.0,0.44
2026-10-06T12:34:00Z,10-06 07:34,1.825,3.11,603.25,7528775680.0,2.81,2.81,,,0.0,0.0,90514.78,,0.0,0.83
2026-10-06T12:35:00Z,10-06 07:35,1.93,3.27,603.81,7528775680.0,3.78,3.78,0.0,0.0,0.0,0.0,158161.14,0.0,0.0,1.04
2026-10-06T12:36:00Z,10-06 07:36,1.805,3.03,604.38,7527727104.0,3.83,3.83,0.0,0.0,0.0,0.0,149277.62,0.0,,0.98
2026-10-06T12:37:00Z,10-06 07:37,1.785,3.0,604.94,7527727104.0,3.44,3.44,0.0,0.0,0.0,0.0,137006.02,0.0,0.0,0.31
2026-10-06T12:38:00Z,10-06 07:38,1.86,3.18,605.5,7527727104.0,3.73,3.73,0.0,0.0,0.0,0.0,128661.53,0.0,0.0,0.38
2026-10-06T12:39:00Z,10-06 07:39,1.81,3.08,606.06,7527727104.0,2.56,2.56,0.0,0.0,0.0,0.0,86149.72,0.0,0.0,0.33
2026-10-06T12:40:00Z,10-06 07:40,2.015,3.23,606.62,7522484224.0,42.96,42.96,7.0,7.0,9.77,9.77,461345.07,0.0,0.0,0.26
2026-10-06T12:41:00Z,10-06 07:41,1.845,3.11,607.18,7523532800.0,3.28,3.28,0.0,0.0,0.0,0.0,,0.0,,0.33
2026-10-06T12:42:00Z,10-06 07:42,1.8,3.01,607.74,7523532800.0,2.58,2.58,,,0.0,0.0,120766.115,,0.0,1.14
2026-10-06T12:43:00Z,10-06 07:43,2.72,3.16,608.29,,2.7,2.7,0.0,0.0,0.0,0.0,85072.81,0.0,0.0,0.36
2026-10-06T12:44:00Z,10-06 07:44,1.845,3.05,608.85,7515144192.0,2.31,2.31,0.0,0.0,0.0,0.0,102719.04,0.0,0.0,1.73
2026-10-06T12:45:00Z,10-06 07:45,1.835,3.16,609.41,7521435648.0,3.7,3.7,0.0,0.0,0.0,0.0,134561.08,0.0,0.0,0.28
2026-10-06T12:46:00Z,10-06 07:46,1.845,3.16,609.97,7523532800.0,2.73,2.73,,,0.0,0.0,100490.07,,0.0,0.28
2026-10-06T12:47:00Z,10-06 07:47,1.99,3.28,610.53,7521435648.0,4.01,4.01,0.0,0.0,0.0,0.0,248183.25,0.0,0.0,0.35
2026-10-06T12:48:00Z,10-06 07:48,1.97,3.33,611.09,7522484224.0,3.26,3.26,0.0,0.0,0.0,0.0,114989.03,0.0,0.0,0.34
2026-10-06T12:49:00Z,10-06 07:49,1.985,3.27,611.65,7522484224.0,5.16,5.16,0.0,0.0,0.0,0.0,194121.49,0.0,0.0,0.28
2026-10-06T12:50:00Z,10-06 07:50,2.01,3.15,612.21,7520387072.0,4.33,4.33,2.0,2.0,0.0,0.0,176427.75,0.0,0.0,0.28
2026-10-06T12:51:00Z,10-06 07:51,2.73,3.98,,7509901312.0,53.83,53.83,,,10.11,10.11,1239791.19,1.0,0.0,0.28
2026-10-06T12:52:00Z,10-06 07:52,2.145,3.22,612.76,7514095616.0,8.84,8.84,7.0,4.0,0.01,0.01,343802.97,0.0,0.0,1.19
2026-10-06T12:53:00Z,10-06 07:53,2.125,3.48,613.87,7504658432.0,51.61,51.61,9.0,9.0,10.65,10.65,668598.26,0.0,0.0,0.39
2026-10-06T12:54:00Z,10-06 07:54,2.02,3.32,614.43,7511998464.0,5.86,5.86,0.0,0.0,0.01,0.01,237254.66,0.0,0.0,0.29
2026-10-06T12:55:00Z,10-06 07:55,2.015,3.36,614.99,7513047040.0,4.19,4.19,0.0,0.0,0.0,0.0,157785.04,0.0,0.0,0.26
2026-10-06T12:56:00Z,10-06 07:56,2.115,3.53,615.55,7513047040.0,4.08,4.08,0.0,0.0,0.0,0.0,,0.0,,0.29
2026-10-06T12:57:00Z,10-06 07:57,1.9,3.24,616.11,7511998464.0,3.16,3.16,0.0,0.0,0.0,0.0,129738.805,0.0,0.0,0.28
2026-10-06T12:58:00Z,10-06 07:58,1.97,3.35,616.67,7511998464.0,3.73,3.73,0.0,0.0,0.0,0.0,117266.87,0.0,0.0,0.38
2026-10-06T12:59:00Z,10-06 07:59,1.915,3.27,617.23,7508852736.0,3.2,3.2,0.0,0.0,0.0,0.0,109640.99,0.0,0.0,0.3
2026-10-06T13:00:00Z,10-06 08:00,1.925,3.27,,7510949888.0,3.29,3.29,0.0,0.0,0.0,0.0,115775.54,,0.0,0.28
2026-10-06T13:01:00Z,10-06 08:01,2.0,3.25,617.79,7509901312.0,5.28,5.28,0.0,0.0,0.01,0.01,,0.0,,0.3
2026-10-06T13:02:00Z,10-06 08:02,1.975,3.24,618.91,7499415552.0,36.83,36.83,8.0,8.0,8.72,8.72,283259.69,0.0,0.0,1.19
2026-10-06T13:03:00Z,10-06 08:03,1.89,3.22,619.47,7503609856.0,11.83,11.83,0.0,0.0,2.01,2.01,222780.6,0.0,0.0,0.33
2026-10-06T13:04:00Z,10-06 08:04,1.87,3.2,620.03,7504658432.0,3.25,3.25,0.0,0.0,0.0,0.0,95588.37,0.0,0.0,0.38
2026-10-06T13:05:00Z,10-06 08:05,1.86,3.16,,7506755584.0,3.39,3.39,,,0.0,0.0,105515.45,,0.0,0.29
2026-10-06T13:06:00Z,10-06 08:06,2.03,3.37,620.59,7510949888.0,4.01,4.01,0.0,0.0,0.0,0.0,147197.55,0.0,0.0,0.89
2026-10-06T13:07:00Z,10-06 08:07,2.185,3.54,621.71,7509901312.0,5.48,5.48,0.0,0.0,0.01,0.01,257705.81,0.0,0.0,0.51
2026-10-06T13:08:00Z,10-06 08:08,2.32,4.01,622.26,7508852736.0,3.73,3.73,0.0,0.0,0.0,0.0,135060.74,0.0,0.0,0.36
2026-10-06T13:09:00Z,10-06 08:09,2.065,3.44,622.82,7507804160.0,4.36,4.36,0.0,0.0,0.0,0.0,194066.3,0.0,0.0,0.29
2026-10-06T13:10:00Z,10-06 08:10,2.025,3.38,623.38,7507804160.0,3.71,3.71,0.0,0.0,0.0,0.0,156313.85,0.0,0.0,0.28
2026-10-06T13:11:00Z,10-06 08:11,2.02,3.43,623.94,7506755584.0,3.78,3.78,,,0.0,0.0,136516.25,,0.0,0.28
2026-10-06T13:12:00Z,10-06 08:12,1.94,3.28,,,3.06,3.06,0.0,0.0,0.0,0.0,95973.93,0.0,0.0,1.23
2026-10-06T13:13:00Z,10-06 08:13,1.955,3.31,624.5,7506755584.0,46.2,46.2,0.0,0.0,10.66,10.66,481332.09,,0.0,0.39
2026-10-06T13:14:00Z,10-06 08:14,1.91,3.2,625.62,7500464128.0,3.58,3.58,8.0,8.0,0.0,0.0,146091.46,0.0,0.0,0.31
2026-10-06T13:15:00Z,10-06 08:15,1.97,3.29,626.18,7506755584.0,4.86,4.86,0.0,0.0,0.0,0.0,172262.26,0.0,0.0,0.28
2026-10-06T13:16:00Z,10-06 08:16,1.965,3.22,626.74,7505707008.0,4.63,4.63,0.0,0.0,0.0,0.0,173212.48,0.0,,0.31
2026-10-06T13:17:00Z,10-06 08:17,2.085,3.45,627.3,7505707008.0,4.91,4.91,0.0,0.0,0.0,0.0,216824.4,0.0,0.0,0.29
2026-10-06T13:18:00Z,10-06 08:18,1.96,3.32,627.86,7503609856.0,4.11,4.11,,,0.0,0.0,249655.02,0.0,0.0,1.13
2026-10-06T13:19:00Z,10-06 08:19,1.875,3.13,628.42,7505707008.0,3.81,3.81,0.0,0.0,0.0,0.0,144641.86,0.0,0.0,0.34
2026-10-06T13:20:00Z,10-06 08:20,1.915,3.12,628.98,7502561280.0,2.93,2.93,,,0.0,0.0,98798.96,,0.0,0.3
2026-10-06T13:21:00Z,10-06 08:21,1.98,3.07,629.54,7503609856.0,2.54,2.54,8.0,4.0,0.0,0.0,85390.19,0.0,,1.16
2026-10-06T13:22:00Z,10-06 08:22,2.015,3.31,630.1,7498366976.0,58.97,58.97,3.0,3.0,13.39,13.39,678784.88,0.0,0.0,1.24
2026-10-06T13:23:00Z,10-06 08:23,1.975,3.24,,,4.83,4.83,0.0,0.0,0.0,0.0,183062.35,0.0,0.0,0.41
2026-10-06T13:24:00Z,10-06 08:24,1.93,3.23,630.66,7502561280.0,5.33,5.33,0.0,0.0,0.0,0.0,207931.67,0.0,0.0,0.29
2026-10-06T13:25:00Z,10-06 08:25,2.05,3.34,631.78,7502561280.0,4.51,4.51,0.0,0.0,0.0,0.0,165898.83,,0.0,0.31
2026-10-06T13:26:00Z,10-06 08:26,2.185,3.48,632.34,7499415552.0,7.94,7.94,1.0,1.0,0.01,0.01,464386.09,0.0,0.0,0.31
2026-10-06T13:27:00Z,10-06 08:27,1.865,3.03,632.9,7501512704.0,4.96,4.96,0.0,0.0,0.0,0.0,188564.5,0.0,0.0,0.26
2026-10-06T13:28:00Z,10-06 08:28,2.23,3.57,633.45,7498366976.0,49.77,49.77,8.0,8.0,12.1,12.1,575346.57,0.0,0.0,0.39
2026-10-06T13:29:00Z,10-06 08:29,2.0,3.34,,,7.18,7.18,1.0,1.0,0.01,0.01,326770.43,0.0,0.0,0.29
2026-10-06T13:30:00Z,10-06 08:30,2.185,3.65,634.01,7496269824.0,5.73,5.73,1.0,1.0,0.01,0.01,288349.71,0.0,0.0,0.26
2026-10-06T13:31:00Z,10-06 08:31,3.45,4.76,635.09,7484735488.0,97.59,97.59,,,20.55,20.55,1987796.69,,0.0,0.29
2026-10-06T13:32:00Z,10-06 08:32,3.49,4.83,635.62,7479492608.0,165.05,165.05,29.0,23.0,31.57,31.57,2532096.77,2.0,0.0,1.16
2026-10-06T13:33:00Z,10-06 08:33,2.88,4.14,636.16,7483686912.0,20.37,20.37,,,0.2,0.2,1148055.66,,0.0,0.36
2026-10-06T13:34:00Z,10-06 08:34,2.65,3.94,636.71,7486832640.0,80.32,80.32,14.0,8.5,17.3,17.3,1224444.51,1.0,0.0,0.28
2026-10-06T13:35:00Z,10-06 08:35,2.675,3.8,637.25,7483686912.0,13.49,13.49,,,0.02,0.02,749967.37,,0.0,1.06
2026-10-06T13:36:00Z,10-06 08:36,2.785,4.29,637.8,7480541184.0,100.13,100.13,3.0,3.0,21.32,21.32,1570643.34,1.0,,0.98
2026-10-06T13:37:00Z,10-06 08:37,2.705,4.04,638.34,7475298304.0,56.78,56.78,16.0,15.0,12.04,12.04,1081708.53,,0.0,0.41
2026-10-06T13:38:00Z,10-06 08:38,2.47,3.73,638.89,7475298304.0,33.35,33.35,2.0,2.0,5.08,5.08,845119.24,1.0,0.0,0.36
2026-10-06T13:39:00Z,10-06 08:39,2.72,4.1,639.43,7473201152.0,75.42,75.42,13.0,13.0,16.16,16.16,1256715.34,1.0,0.0,0.33
2026-10-06T13:40:00Z,10-06 08:40,2.58,3.97,,7470055424.0,13.84,13.84,,,0.02,0.02,732766.28,,0.0,0.26
2026-10-06T13:41:00Z,10-06 08:41,3.03,4.14,639.98,7460618240.0,94.57,94.57,2.0,2.0,19.57,19.57,1476344.38,0.0,0.0,0.28
2026-10-06T13:42:00Z,10-06 08:42,2.765,4.05,641.06,7461666816.0,17.17,17.17,17.0,17.0,0.03,0.03,1028098.63,1.0,0.0,1.19
2026-10-06T13:43:00Z,10-06 08:43,2.79,3.92,641.6,7456423936.0,80.51,80.51,14.0,8.0,16.8,16.8,1205456.58,0.0,0.0,0.49
2026-10-06T13:44:00Z,10-06 08:44,3.07,5.03,642.14,7457472512.0,10.48,10.48,1.0,1.0,0.01,0.01,559128.98,1.0,0.0,1.51
2026-10-06T13:45:00Z,10-06 08:45,2.485,3.88,642.69,7459569664.0,77.24,77.24,13.0,13.0,17.47,17.47,1037912.6,1.0,0.0,0.63
2026-10-06T13:46:00Z,10-06 08:46,2.555,3.84,643.24,7457472512.0,12.48,12.48,2.0,2.0,0.02,0.02,785894.95,,,0.38
2026-10-06T13:47:00Z,10-06 08:47,2.695,4.01,643.78,7458521088.0,85.35,85.35,,,18.6,18.6,1180801.55,1.0,0.0,0.28
2026-10-06T13:48:00Z,10-06 08:48,2.555,3.93,644.33,7453278208.0,15.31,15.31,15.0,15.0,0.02,0.02,814694.13,0.0,0.0,0.38
2026-10-06T13:49:00Z,10-06 08:49,2.49,3.92,644.88,7450132480.0,84.0,84.0,14.0,8.0,18.31,18.31,1044044.63,1.0,0.0,0.3
2026-10-06T13:50:00Z,10-06 08:50,2.68,4.09,645.43,7454326784.0,12.71,12.71,,,0.02,0.02,608718.6,,0.0,0.33
2026-10-06T13:51:00Z,10-06 08:51,2.735,3.97,645.97,7451181056.0,72.77,72.77,18.0,10.0,17.23,17.23,,1.0,,0.28
2026-10-06T13:52:00Z,10-06 08:52,2.705,4.23,646.52,7445938176.0,57.09,57.09,5.0,5.0,5.61,5.61,1068570.12,0.0,0.0,1.14
2026-10-06T13:53:00Z,10-06 08:53,2.41,3.73,647.07,7445938176.0,10.71,10.71,,,0.02,0.02,579704.66,,0.0,0.38
2026-10-06T13:54:00Z,10-06 08:54,2.495,3.72,647.62,7445938176.0,78.2,78.2,13.0,7.0,17.62,17.62,1086139.36,1.0,0.0,0.29
2026-10-06T13:55:00Z,10-06 08:55,2.5,3.91,648.17,7442792448.0,11.54,11.54,,,0.02,0.02,655192.34,0.0,0.0,0.26
2026-10-06T13:56:00Z,10-06 08:56,2.975,4.59,648.71,7429160960.0,98.05,98.05,1.0,1.0,22.48,22.48,1501225.1,1.0,,0.28
2026-10-06T13:57:00Z,10-06 08:57,2.5,3.78,649.26,7432306688.0,11.46,11.46,17.0,9.5,0.02,0.02,635624.54,,0.0,0.33
2026-10-06T13:58:00Z,10-06 08:58,2.875,4.26,649.8,7437549568.0,87.84,87.84,15.0,15.0,19.18,19.18,1346665.17,1.0,0.0,0.36
2026-10-06T13:59:00Z,10-06 08:59,2.75,4.03,650.34,7432306688.0,13.85,13.85,16.0,16.0,0.02,0.02,783923.1,,0.0,0.33
2026-10-06T14:00:00Z,10-06 09:00,2.615,4.19,650.89,7430209536.0,97.24,97.24,,,22.53,22.53,1300516.41,1.0,0.0,0.26
2026-10-06T14:01:00Z,10-06 09:01,3.345,4.49,651.42,7423918080.0,109.37,109.37,3.0,3.0,24.73,24.73,1624154.78,0.0,0.0,0.29
2026-10-06T14:02:00Z,10-06 09:02,2.685,3.94,651.96,7434403840.0,69.28,69.28,23.0,15.5,13.62,13.62,1331614.71,2.0,0.0,1.23
2026-10-06T14:03:00Z,10-06 09:03,2.74,4.21,652.5,7430209536.0,13.31,13.31,12.0,12.0,0.02,0.02,728911.7,1.0,0.0,0.35
2026-10-06T14:04:00Z,10-06 09:04,3.085,4.57,653.04,7427063808.0,108.25,108.25,9.0,9.0,23.58,23.58,1467036.33,1.0,0.0,0.4
2026-10-06T14:05:00Z,10-06 09:05,3.085,3.97,653.58,7414480896.0,81.29,81.29,19.0,19.0,19.0,19.0,1549112.73,1.0,0.0,0.36
2026-10-06T14:06:00Z,10-06 09:06,2.73,4.12,654.13,7419723776.0,42.52,42.52,,,5.97,5.97,1049264.33,,0.0,0.91
2026-10-06T14:07:00Z,10-06 09:07,2.705,4.1,654.67,7413432320.0,83.23,83.23,17.0,9.5,19.76,19.76,1131431.18,1.0,0.0,0.39
2026-10-06T14:08:00Z,10-06 09:08,2.865,4.05,655.21,7410286592.0,26.77,26.77,2.0,2.0,1.96,1.96,875699.32,0.0,0.0,0.38
2026-10-06T14:09:00Z,10-06 09:09,2.985,4.56,655.75,7407140864.0,124.13,124.13,21.0,21.0,27.75,27.75,1715017.36,1.0,0.0,0.29
2026-10-06T14:10:00Z,10-06 09:10,2.835,3.96,656.29,7389315072.0,13.33,13.33,2.0,2.0,0.02,0.02,726755.59,0.0,0.0,0.31
2026-10-06T14:11:00Z,10-06 09:11,3.045,4.66,656.83,7390363648.0,177.18,177.18,31.0,31.0,41.22,41.22,2159579.07,,,0.31
2026-10-06T14:12:00Z,10-06 09:12,2.595,4.03,657.38,7393509376.0,11.66,11.66,2.0,2.0,0.02,0.02,645412.26,2.0,0.0,1.13
2026-10-06T14:13:00Z,10-06 09:13,2.76,4.09,657.92,7390363648.0,106.24,106.24,18.0,18.0,24.71,24.71,1305165.53,1.0,0.0,0.36
2026-10-06T14:14:00Z,10-06 09:14,2.63,3.92,658.47,7391412224.0,9.88,9.88,1.0,1.0,0.01,0.01,623569.8,0.0,0.0,0.34
2026-10-06T14:15:00Z,10-06 09:15,2.71,4.06,,,107.37,107.37,19.0,19.0,25.01,25.01,1415320.26,,0.0,0.29
2026-10-06T14:16:00Z,10-06 09:16,2.78,4.13,659.01,7388266496.0,13.65,13.65,,,0.02,0.02,844160.55,1.0,0.0,0.3
2026-10-06T14:17:00Z,10-06 09:17,2.89,4.57,660.09,7380926464.0,103.87,103.87,18.0,10.0,23.89,23.89,1180392.54,0.0,0.0,0.28
2026-10-06T14:18:00Z,10-06 09:18,2.685,4.26,660.64,7376732160.0,11.88,11.88,,,0.02,0.02,678358.05,1.0,0.0,1.08
2026-10-06T14:19:00Z,10-06 09:19,2.765,4.1,661.18,7375683584.0,103.48,103.48,2.0,2.0,24.72,24.72,1268776.52,0.0,0.0,0.41
2026-10-06T14:20:00Z,10-06 09:20,2.675,4.15,661.73,7378829312.0,12.76,12.76,17.0,9.5,0.02,0.02,753767.45,1.0,0.0,0.28
2026-10-06T14:21:00Z,10-06 09:21,2.74,4.01,662.27,7373586432.0,102.35,102.35,18.0,18.0,23.91,23.91,,1.0,,0.33
2026-10-06T14:22:00Z,10-06 09:22,2.645,3.94,662.82,7375683584.0,13.43,13.43,,,0.02,0.02,978780.045,,0.0,1.24
2026-10-06T14:23:00Z,10-06 09:23,2.61,3.76,663.37,7361003520.0,88.24,88.24,2.0,2.0,21.33,21.33,1134901.34,1.0,0.0,0.39
2026-10-06T14:24:00Z,10-06 09:24,2.74,3.77,663.91,7368343552.0,41.79,41.79,20.0,11.0,5.36,5.36,1101352.53,0.0,0.0,0.28
2026-10-06T14:25:00Z,10-06 09:25,2.68,3.94,664.46,7369392128.0,124.01,124.01,21.0,21.0,27.01,27.01,1435443.56,,0.0,0.3
2026-10-06T14:26:00Z,10-06 09:26,2.73,4.03,665.0,7368343552.0,14.46,14.46,,,0.02,0.02,775821.82,1.0,0.0,0.33
2026-10-06T14:27:00Z,10-06 09:27,2.535,3.76,665.55,7363100672.0,109.3,109.3,19.0,10.5,25.59,25.59,1266389.38,1.0,0.0,0.33
2026-10-06T14:28:00Z,10-06 09:28,2.56,3.86,666.1,7359954944.0,12.19,12.19,2.0,2.0,0.02,0.02,678752.59,0.0,0.0,0.38
2026-10-06T14:29:00Z,10-06 09:29,2.44,3.69,666.65,7359954944.0,10.74,10.74,17.0,17.0,0.02,0.02,583621.97,1.0,0.0,0.29
2026-10-06T14:30:00Z,10-06 09:30,2.63,3.61,667.19,7349469184.0,104.99,104.99,,,24.69,24.69,1303244.62,0.0,0.0,0.28
2026-10-06T14:31:00Z,10-06 09:31,3.48,5.02,667.72,7345274880.0,167.33,167.33,34.0,18.0,37.93,37.93,,2.0,,0.31
2026-10-06T14:32:00Z,10-06 09:32,2.735,4.07,668.26,7336886272.0,42.42,42.42,2.0,2.0,3.04,3.04,1558009.93,0.0,0.0,1.19
2026-10-06T14:33:00Z,10-06 09:33,2.96,4.26,668.8,,124.1,124.1,22.0,22.0,28.73,28.73,1526379.7,1.0,0.0,0.36
2026-10-06T14:34:00Z,10-06 09:34,2.845,4.23,669.34,7335837696.0,14.53,14.53,2.0,2.0,0.02,0.02,851334.81,0.0,0.0,0.44
2026-10-06T14:35:00Z,10-06 09:35,2.685,4.02,669.89,7340032000.0,120.93,120.93,,,26.71,26.71,1316212.18,,0.0,0.98
2026-10-06T14:36:00Z,10-06 09:36,2.58,3.65,670.44,7341080576.0,13.44,13.44,21.0,11.5,0.02,0.02,658644.91,1.0,,0.94
2026-10-06T14:37:00Z,10-06 09:37,2.705,3.96,,,120.48,120.48,,,28.81,28.81,1443231.18,0.0,0.0,0.55
2026-10-06T14:38:00Z,10-06 09:38,2.68,4.08,670.98,7336886272.0,13.43,13.43,21.0,11.5,0.02,0.02,681012.89,1.0,0.0,0.36
2026-10-06T14:39:00Z,10-06 09:39,2.875,4.24,672.07,7335837696.0,107.56,107.56,19.0,19.0,25.45,25.45,1357805.92,1.0,0.0,1.21
2026-10-06T14:40:00Z,10-06 09:40,2.615,4.12,672.62,7335837696.0,13.28,13.28,2.0,2.0,0.02,0.02,737472.39,0.0,0.0,0.29
2026-10-06T14:41:00Z,10-06 09:41,2.555,3.75,673.17,7333740544.0,12.18,12.18,19.0,19.0,0.02,0.02,,1.0,,0.26
2026-10-06T14:42:00Z,10-06 09:42,2.61,3.79,673.71,,110.68,110.68,2.0,2.0,26.71,26.71,890790.725,0.0,0.0,1.21
2026-10-06T14:43:00Z,10-06 09:43,2.89,4.33,674.25,7327449088.0,83.21,83.21,,,18.91,18.91,1276011.96,1.0,0.0,0.34
2026-10-06T14:44:00Z,10-06 09:44,3.36,4.99,674.78,7306477568.0,53.14,53.14,21.0,11.5,9.8,9.8,880758.18,0.0,0.0,1.69
2026-10-06T14:45:00Z,10-06 09:45,2.6,3.82,,7326400512.0,12.83,12.83,,,0.02,0.02,623148.54,,0.0,1.31
2026-10-06T14:46:00Z,10-06 09:46,2.775,4.29,675.33,,140.42,140.42,2.0,2.0,33.46,33.46,1575971.47,1.0,,0.3
2026-10-06T14:47:00Z,10-06 09:47,2.35,3.6,675.88,7318011904.0,10.01,10.01,24.0,12.5,0.01,0.01,521023.12,0.0,0.0,0.28
2026-10-06T14:48:00Z,10-06 09:48,2.495,3.6,676.98,7315914752.0,101.23,101.23,21.0,21.0,25.18,25.18,1167837.29,1.0,0.0,0.28
2026-10-06T14:49:00Z,10-06 09:49,2.61,3.65,677.53,7313817600.0,32.17,32.17,2.0,2.0,4.17,4.17,853088.85,0.0,0.0,0.49
2026-10-06T14:50:00Z,10-06 09:50,2.465,3.79,678.08,7307526144.0,23.29,23.29,,,2.6,2.6,741252.18,,0.0,0.36
2026-10-06T14:51:00Z,10-06 09:51,2.395,3.6,678.63,7307526144.0,96.94,96.94,19.0,10.0,24.25,24.25,,1.0,,0.28
2026-10-06T14:52:00Z,10-06 09:52,2.405,3.64,679.18,7303331840.0,10.69,10.69,1.0,1.0,0.01,0.01,783770.555,,0.0,1.18
2026-10-06T14:53:00Z,10-06 09:53,2.385,3.77,679.73,7309623296.0,108.79,108.79,,,27.04,27.04,1092020.81,0.0,0.0,0.45
2026-10-06T14:54:00Z,10-06 09:54,2.38,3.54,680.28,7312769024.0,7.83,7.83,19.0,10.0,0.01,0.01,426658.57,1.0,0.0,0.39
2026-10-06T14:55:00Z,10-06 09:55,2.715,4.38,680.83,7312769024.0,11.06,11.06,,,0.02,0.02,731408.57,0.0,0.0,0.28
2026-10-06T14:56:00Z,10-06 09:56,2.425,3.8,681.38,7311720448.0,108.37,108.37,18.0,10.0,26.4,26.4,1050842.39,,0.0,0.3
2026-10-06T14:57:00Z,10-06 09:57,2.25,3.58,681.94,7307526144.0,8.34,8.34,1.0,1.0,0.01,0.01,426008.05,1.0,0.0,0.28
2026-10-06T14:58:00Z,10-06 09:58,2.165,3.42,,,7.21,7.21,,,0.01,0.01,387571.12,0.0,0.0,0.39
2026-10-06T14:59:00Z,10-06 09:59,2.385,3.82,682.5,7305428992.0,114.75,114.75,1.0,1.0,28.69,28.69,1096169.31,,0.0,0.33
2026-10-06T15:00:00Z,10-06 10:00,2.405,3.58,683.6,7306477568.0,6.26,6.26,20.0,10.5,0.01,0.01,359595.09,1.0,0.0,0.31
2026-10-06T15:01:00Z,10-06 10:01,2.735,3.92,684.14,7302283264.0,12.54,12.54,,,0.02,0.02,795456.73,,0.0,0.29
2026-10-06T15:02:00Z,10-06 10:02,2.475,3.89,684.69,7301234688.0,135.34,135.34,20.0,20.0,32.06,32.06,1370012.67,1.0,0.0,1.21
2026-10-06T15:03:00Z,10-06 10:03,2.775,4.34,685.23,7298088960.0,45.87,45.87,21.0,13.0,9.45,9.45,1118123.88,1.0,0.0,0.39
2026-10-06T15:04:00Z,10-06 10:04,2.285,3.5,685.78,7299137536.0,82.19,82.19,1.0,1.0,19.71,19.71,907051.09,0.0,0.0,0.33
2026-10-06T15:05:00Z,10-06 10:05,2.185,3.48,686.34,7292846080.0,6.93,6.93,,,0.01,0.01,347707.53,,0.0,0.26
2026-10-06T15:06:00Z,10-06 10:06,2.565,3.5,686.89,7289700352.0,20.34,20.34,23.0,12.0,2.11,2.11,669572.94,0.0,0.0,0.49
2026-10-06T15:07:00Z,10-06 10:07,2.745,4.2,687.44,7284457472.0,123.03,123.03,2.0,2.0,30.07,30.07,1385243.42,1.0,0.0,0.95
2026-10-06T15:08:00Z,10-06 10:08,2.53,3.94,687.99,7286554624.0,11.43,11.43,1.0,1.0,0.02,0.02,566642.81,0.0,0.0,0.36
2026-10-06T15:09:00Z,10-06 10:09,2.495,3.7,688.54,7283408896.0,109.31,109.31,,,27.6,27.6,1029974.61,,0.0,0.29
2026-10-06T15:10:00Z,10-06 10:10,2.15,3.42,689.1,7284457472.0,8.06,8.06,19.0,10.0,0.01,0.01,518641.18,1.0,0.0,0.29
2026-10-06T15:11:00Z,10-06 10:11,2.21,3.49,689.66,7282360320.0,6.86,6.86,1.0,1.0,0.01,0.01,,0.0,,1.14
2026-10-06T15:12:00Z,10-06 10:12,2.145,3.25,690.22,7283408896.0,6.3,6.3,,,0.01,0.01,348592.625,0.0,0.0,0.4
2026-10-06T15:13:00Z,10-06 10:13,2.175,3.55,690.78,7289700352.0,106.97,106.97,19.0,19.0,27.59,27.59,873256.37,,0.0,0.36
2026-10-06T15:14:00Z,10-06 10:14,2.225,3.34,691.34,7288651776.0,7.54,7.54,1.0,1.0,0.01,0.01,407326.27,0.0,0.0,0.29
2026-10-06T15:15:00Z,10-06 10:15,2.345,3.44,691.89,,9.56,9.56,1.0,1.0,0.01,0.01,448835.9,,0.0,0.31
2026-10-06T15:16:00Z,10-06 10:16,2.63,4.02,692.44,7278166016.0,130.1,130.1,,,32.11,32.11,1342634.35,1.0,,1.06
2026-10-06T15:17:00Z,10-06 10:17,2.36,3.9,692.99,7278166016.0,9.11,9.11,23.0,23.0,0.01,0.01,428565.21,,0.0,0.36
2026-10-06T15:18:00Z,10-06 10:18,2.23,3.45,693.55,7280263168.0,7.8,7.8,1.0,1.0,0.01,0.01,451799.02,0.0,0.0,1.2
2026-10-06T15:19:00Z,10-06 10:19,2.39,3.69,694.1,7270825984.0,114.83,114.83,1.0,1.0,29.52,29.52,1051521.68,0.0,0.0,0.35
2026-10-06T15:20:00Z,10-06 10:20,2.195,3.38,694.66,7271874560.0,8.75,8.75,20.0,20.0,0.01,0.01,474840.62,1.0,0.0,0.33
2026-10-06T15:21:00Z,10-06 10:21,2.35,3.75,695.21,7272923136.0,7.91,7.91,1.0,1.0,0.01,0.01,437303.25,0.0,,0.28
2026-10-06T15:22:00Z,10-06 10:22,2.47,3.85,695.76,7268728832.0,123.12,123.12,22.0,22.0,31.39,31.39,1173177.87,1.0,0.0,1.19
2026-10-06T15:23:00Z,10-06 10:23,2.35,3.51,696.31,7266631680.0,8.3,8.3,1.0,1.0,0.01,0.01,458856.55,0.0,0.0,0.38
2026-10-06T15:24:00Z,10-06 10:24,2.4,3.67,696.86,7267680256.0,8.81,8.81,1.0,1.0,0.01,0.01,550724.42,0.0,0.0,0.34
2026-10-06T15:25:00Z,10-06 10:25,2.52,4.13,697.41,7264534528.0,131.72,131.72,23.0,23.0,33.63,33.63,1296608.16,1.0,0.0,0.29
2026-10-06T15:26:00Z,10-06 10:26,2.33,3.59,697.96,7264534528.0,9.59,9.59,,,0.01,0.01,523446.31,,0.0,0.33
2026-10-06T15:27:00Z,10-06 10:27,2.465,3.87,698.51,7262437376.0,10.13,10.13,1.0,1.0,0.01,0.01,558039.84,0.0,0.0,0.29
2026-10-06T15:28:00Z,10-06 10:28,2.645,4.12,699.06,7263485952.0,130.05,130.05,1.0,1.0,32.25,32.25,1325318.74,1.0,0.0,0.36
2026-10-06T15:29:00Z,10-06 10:29,2.37,3.62,699.61,7264534528.0,8.23,8.23,23.0,12.0,0.01,0.01,457044.27,0.0,0.0,0.3
2026-10-06T15:30:00Z,10-06 10:30,2.54,3.68,700.16,7260340224.0,72.03,72.03,23.0,23.0,17.75,17.75,909210.12,,0.0,0.31
2026-10-06T15:31:00Z,10-06 10:31,3.005,4.21,700.7,7258243072.0,74.0,74.0,,,15.22,15.22,1392217.32,1.0,0.0,0.28
2026-10-06T15:32:00Z,10-06 10:32,2.55,3.86,701.25,7257194496.0,125.96,125.96,22.0,12.0,31.49,31.49,1223369.02,1.0,0.0,1.14
2026-10-06T15:33:00Z,10-06 10:33,2.68,4.06,701.8,7258243072.0,11.06,11.06,,,0.02,0.02,609563.7,,0.0,0.51
2026-10-06T15:34:00Z,10-06 10:34,2.47,3.83,702.35,7251951616.0,9.66,9.66,2.0,2.0,0.01,0.01,615116.3,0.0,0.0,0.34
2026-10-06T15:35:00Z,10-06 10:35,2.495,3.84,702.9,7255097344.0,125.85,125.85,22.0,11.5,31.6,31.6,1121583.49,,0.0,1.09
2026-10-06T15:36:00Z,10-06 10:36,2.645,3.92,703.45,7255097344.0,12.81,12.81,2.0,2.0,0.02,0.02,,1.0,,0.53
2026-10-06T15:37:00Z,10-06 10:37,2.505,3.75,704.0,7255097344.0,120.57,120.57,,,30.29,30.29,974065.79,,0.0,0.88
2026-10-06T15:38:00Z,10-06 10:38,2.445,3.76,704.55,7256145920.0,10.49,10.49,21.0,11.0,0.01,0.01,570187.53,1.0,0.0,0.39
2026-10-06T15:39:00Z,10-06 10:39,2.565,3.78,705.1,7249854464.0,11.98,11.98,2.0,2.0,0.02,0.02,694511.5,0.0,0.0,0.33
2026-10-06T15:40:00Z,10-06 10:40,2.315,3.68,705.65,7255097344.0,125.14,125.14,22.0,22.0,30.67,30.67,1132327.87,1.0,0.0,0.31
2026-10-06T15:41:00Z,10-06 10:41,2.615,3.83,706.2,7253000192.0,10.23,10.23,1.0,1.0,0.02,0.02,,0.0,,1.21
2026-10-06T15:42:00Z,10-06 10:42,2.18,3.41,706.76,7253000192.0,9.54,9.54,,,0.01,0.01,488411.055,,0.0,0.36
2026-10-06T15:43:00Z,10-06 10:43,2.375,3.72,707.31,7248805888.0,120.25,120.25,21.0,11.0,30.73,30.73,1101003.32,1.0,0.0,0.35
2026-10-06T15:44:00Z,10-06 10:44,3.03,3.5,707.85,7253000192.0,8.04,8.04,1.0,1.0,0.01,0.01,404311.77,0.0,0.0,0.31
2026-10-06T15:45:00Z,10-06 10:45,2.305,3.56,708.4,7254048768.0,7.19,7.19,1.0,1.0,0.01,0.01,384228.38,,0.0,1.61
2026-10-06T15:46:00Z,10-06 10:46,2.535,3.56,708.95,7247757312.0,129.56,129.56,,,33.0,33.0,1233075.66,0.0,0.0,0.43
2026-10-06T15:47:00Z,10-06 10:47,2.41,3.7,709.5,7249854464.0,23.92,23.92,25.0,25.0,2.62,2.62,639415.09,1.0,0.0,0.29
2026-10-06T15:48:00Z,10-06 10:48,2.175,3.59,710.06,7249854464.0,7.1,7.1,1.0,1.0,0.01,0.01,393063.29,0.0,0.0,0.4
2026-10-06T15:49:00Z,10-06 10:49,2.17,3.51,710.62,7249854464.0,5.08,5.08,,,0.0,0.0,316635.13,0.0,0.0,0.31
2026-10-06T15:50:00Z,10-06 10:50,2.16,3.47,711.18,7253000192.0,116.66,116.66,0.0,0.0,30.31,30.31,955694.2,0.0,0.0,0.33
2026-10-06T15:51:00Z,10-06 10:51,2.11,3.4,711.74,7255097344.0,6.18,6.18,20.0,10.5,0.01,0.01,371552.73,,0.0,0.29
2026-10-06T15:52:00Z,10-06 10:52,2.06,3.29,712.3,7253000192.0,5.18,5.18,0.0,0.0,0.0,0.0,288666.04,0.0,0.0,1.33
2026-10-06T15:53:00Z,10-06 10:53,1.985,3.16,712.86,7251951616.0,4.4,4.4,,,0.0,0.0,289143.9,0.0,0.0,0.4
2026-10-06T15:54:00Z,10-06 10:54,2.03,3.04,713.42,7247757312.0,106.65,106.65,20.0,10.0,28.38,28.38,795082.93,0.0,0.0,0.29
2026-10-06T15:55:00Z,10-06 10:55,2.14,3.57,713.98,7251951616.0,12.64,12.64,0.0,0.0,1.44,1.44,345569.74,0.0,0.0,0.29
2026-10-06T15:56:00Z,10-06 10:56,2.235,3.61,714.54,7250903040.0,6.98,6.98,1.0,1.0,0.01,0.01,,0.0,,0.33
2026-10-06T15:57:00Z,10-06 10:57,2.155,3.39,715.1,7248805888.0,7.09,7.09,1.0,1.0,0.01,0.01,363648.51,0.0,0.0,0.28
2026-10-06T15:58:00Z,10-06 10:58,2.08,3.4,715.66,7248805888.0,5.59,5.59,0.0,0.0,0.01,0.01,295580.02,0.0,0.0,0.38
2026-10-06T15:59:00Z,10-06 10:59,2.07,3.33,716.22,7250903040.0,117.41,117.41,20.0,20.0,31.18,31.18,872907.09,0.0,0.0,0.29
2026-10-06T16:00:00Z,10-06 11:00,2.035,3.25,716.78,7253000192.0,4.58,4.58,0.0,0.0,0.0,0.0,238330.73,0.0,0.0,0.29
2026-10-06T16:01:00Z,10-06 11:01,2.21,3.53,717.34,7251951616.0,6.81,6.81,1.0,1.0,0.01,0.01,,0.0,,0.28
2026-10-06T16:02:00Z,10-06 11:02,2.18,3.41,717.9,7250903040.0,7.71,7.71,1.0,1.0,0.01,0.01,426088.815,0.0,0.0,1.13
2026-10-06T16:03:00Z,10-06 11:03,2.16,3.42,718.46,7248805888.0,122.24,122.24,21.0,21.0,30.88,30.88,984131.94,0.0,0.0,0.36
2026-10-06T16:04:00Z,10-06 11:04,2.125,3.51,719.02,7248805888.0,5.24,5.24,,,0.01,0.01,273269.3,0.0,0.0,0.31
2026-10-06T16:05:00Z,10-06 11:05,2.225,3.35,719.58,7248805888.0,7.18,7.18,1.0,0.5,0.01,0.01,438942.86,0.0,0.0,0.31
2026-10-06T16:06:00Z,10-06 11:06,2.08,3.31,720.14,7249854464.0,6.61,6.61,,,0.01,0.01,313932.98,,0.0,0.36
2026-10-06T16:07:00Z,10-06 11:07,2.16,3.28,720.7,7249854464.0,27.57,27.57,1.0,1.0,5.81,5.81,423956.65,0.0,0.0,1.03
2026-10-06T16:08:00Z,10-06 11:08,2.04,3.36,721.26,7253000192.0,90.12,90.12,20.0,10.0,23.79,23.79,745774.1,0.0,0.0,0.39
2026-10-06T16:09:00Z,10-06 11:09,2.285,3.37,721.81,7253000192.0,7.06,7.06,1.0,1.0,0.01,0.01,385880.22,0.0,0.0,0.33
2026-10-06T16:10:00Z,10-06 11:10,2.595,4.05,,,123.87,123.87,21.0,21.0,30.96,30.96,1384107.73,,0.0,0.28
2026-10-06T16:11:00Z,10-06 11:11,2.365,3.95,722.36,7249854464.0,8.73,8.73,,,0.01,0.01,420256.36,1.0,0.0,1.16
2026-10-06T16:12:00Z,10-06 11:12,2.1,3.37,723.47,7253000192.0,5.79,5.79,1.0,1.0,0.01,0.01,299673.27,,0.0,0.38
2026-10-06T16:13:00Z,10-06 11:13,2.24,3.65,724.03,7253000192.0,6.06,6.06,1.0,1.0,0.01,0.01,325829.12,0.0,0.0,0.36
2026-10-06T16:14:00Z,10-06 11:14,2.3,3.51,724.58,7247757312.0,123.01,123.01,22.0,11.5,30.85,30.85,1036268.76,,0.0,0.34
2026-10-06T16:15:00Z,10-06 11:15,2.12,3.47,,7250903040.0,6.28,6.28,,,0.01,0.01,346721.47,1.0,0.0,0.21
2026-10-06T16:16:00Z,10-06 11:16,2.265,3.51,725.14,7253000192.0,8.43,8.43,0.0,0.0,0.01,0.01,448039.08,0.0,,0.31
2026-10-06T16:17:00Z,10-06 11:17,2.445,3.4,726.25,7245660160.0,9.68,9.68,9.0,5.0,0.01,0.01,526897.41,0.0,0.0,0.33
2026-10-06T16:18:00Z,10-06 11:18,2.53,3.94,726.8,7249854464.0,134.31,134.31,15.0,15.0,33.41,33.41,1353592.87,,0.0,1.16
2026-10-06T16:19:00Z,10-06 11:19,2.14,3.42,727.36,7250903040.0,7.96,7.96,1.0,1.0,0.01,0.01,426940.29,1.0,0.0,0.38
2026-10-06T16:20:00Z,10-06 11:20,2.045,3.39,727.92,7251951616.0,5.41,5.41,0.0,0.0,0.01,0.01,276458.35,0.0,0.0,0.28
2026-10-06T16:21:00Z,10-06 11:21,2.22,3.43,728.48,7248805888.0,5.49,5.49,21.0,21.0,0.01,0.01,298142.7,,0.0,0.31
2026-10-06T16:22:00Z,10-06 11:22,2.135,3.45,729.04,7251951616.0,124.11,124.11,,,32.23,32.23,953820.29,0.0,0.0,1.25
2026-10-06T16:23:00Z,10-06 11:23,2.14,3.55,729.6,7251951616.0,7.08,7.08,1.0,1.0,0.01,0.01,386603.43,,0.0,0.39
2026-10-06T16:24:00Z,10-06 11:24,1.955,3.18,730.16,7251951616.0,4.61,4.61,0.0,0.0,0.0,0.0,235823.76,0.0,0.0,0.33
2026-10-06T16:25:00Z,10-06 11:25,2.08,3.31,730.72,7249854464.0,5.71,5.71,,,0.01,0.01,325950.29,,0.0,0.3
2026-10-06T16:26:00Z,10-06 11:26,2.08,3.18,731.28,7250903040.0,113.53,113.53,20.0,10.5,29.94,29.94,867737.7,0.0,0.0,0.34
2026-10-06T16:27:00Z,10-06 11:27,2.025,3.28,731.84,7251951616.0,7.91,7.91,0.0,0.0,0.61,0.61,294878.38,0.0,0.0,0.33
2026-10-06T16:28:00Z,10-06 11:28,2.18,3.37,732.4,7251951616.0,6.03,6.03,,,0.01,0.01,344811.03,0.0,0.0,0.38
2026-10-06T16:29:00Z,10-06 11:29,2.19,3.47,,,6.21,6.21,1.0,1.0,0.01,0.01,321490.1,0.0,0.0,0.29
2026-10-06T16:30:00Z,10-06 11:30,2.28,3.33,732.96,7246708736.0,8.26,8.26,21.0,21.0,0.01,0.01,491265.96,1.0,0.0,0.26
2026-10-06T16:31:00Z,10-06 11:31,2.32,3.57,734.06,7244611584.0,124.39,124.39,,,31.84,31.84,1096372.09,0.0,0.0,0.28
2026-10-06T16:32:00Z,10-06 11:32,2.075,3.2,734.62,7246708736.0,6.96,6.96,1.0,1.0,0.01,0.01,332077.77,0.0,0.0,1.18
2026-10-06T16:33:00Z,10-06 11:33,2.46,3.97,735.17,7245660160.0,9.28,9.28,11.0,11.0,0.01,0.01,583738.73,0.0,0.0,0.36
2026-10-06T16:34:00Z,10-06 11:34,2.235,3.47,735.73,7249854464.0,122.56,122.56,12.0,12.0,32.05,32.05,928591.75,0.0,0.0,0.28
2026-10-06T16:35:00Z,10-06 11:35,2.22,3.56,736.29,7250903040.0,8.09,8.09,1.0,1.0,0.01,0.01,402228.94,,0.0,1.09
2026-10-06T16:36:00Z,10-06 11:36,2.115,3.47,736.85,7248805888.0,4.91,4.91,0.0,0.0,0.0,0.0,287896.75,0.0,,1.14
2026-10-06T16:37:00Z,10-06 11:37,2.13,3.47,737.41,7247757312.0,6.25,6.25,,,0.01,0.01,318626.08,,0.0,0.96
2026-10-06T16:38:00Z,10-06 11:38,2.465,3.85,737.96,7245660160.0,121.21,121.21,21.0,11.0,31.0,31.0,999788.91,1.0,0.0,0.38
2026-10-06T16:39:00Z,10-06 11:39,2.35,3.83,738.51,7246708736.0,11.74,11.74,,,0.02,0.02,573560.04,,0.0,0.29
2026-10-06T16:40:00Z,10-06 11:40,2.105,3.41,739.07,7245660160.0,5.71,5.71,1.0,1.0,0.01,0.01,262791.42,0.0,0.0,0.33
2026-10-06T16:41:00Z,10-06 11:41,2.39,3.84,739.62,7243563008.0,7.08,7.08,,,0.01,0.01,401130.38,0.0,0.0,0.34
2026-10-06T16:42:00Z,10-06 11:42,2.23,3.53,740.18,7249854464.0,123.63,123.63,22.0,11.5,32.21,32.21,971968.33,0.0,0.0,1.33
2026-10-06T16:43:00Z,10-06 11:43,2.155,3.56,740.74,7249854464.0,6.81,6.81,1.0,1.0,0.01,0.01,286104.19,0.0,0.0,0.36
2026-10-06T16:44:00Z,10-06 11:44,2.15,3.3,,,5.56,5.56,0.0,0.0,0.01,0.01,255217.32,0.0,0.0,0.29
2026-10-06T16:45:00Z,10-06 11:45,3.06,5.23,741.29,7243563008.0,7.49,7.49,1.0,1.0,0.01,0.01,367457.93,0.0,0.0,1.83
2026-10-06T16:46:00Z,10-06 11:46,2.3,3.66,742.39,7242514432.0,121.82,121.82,21.0,21.0,31.94,31.94,1034343.98,,,0.43
2026-10-06T16:47:00Z,10-06 11:47,1.995,3.28,742.95,7249854464.0,5.48,5.48,,,0.01,0.01,340262.81,1.0,0.0,0.36
2026-10-06T16:48:00Z,10-06 11:48,2.15,3.51,743.51,7247757312.0,5.31,5.31,1.0,0.5,0.0,0.0,298916.44,0.0,0.0,0.26
2026-10-06T16:49:00Z,10-06 11:49,2.5,3.61,744.06,7248805888.0,8.28,8.28,1.0,1.0,0.01,0.01,487984.01,0.0,0.0,0.39
2026-10-06T16:50:00Z,10-06 11:50,2.54,4.25,744.61,7239368704.0,144.04,144.04,25.0,25.0,35.33,35.33,1309416.12,,0.0,0.33
2026-10-06T16:51:00Z,10-06 11:51,2.085,3.46,745.17,7248805888.0,5.79,5.79,,,0.01,0.01,306309.47,1.0,0.0,0.31
2026-10-06T16:52:00Z,10-06 11:52,1.985,3.18,745.73,7248805888.0,4.78,4.78,1.0,0.5,0.0,0.0,286173.67,0.0,0.0,1.18
2026-10-06T16:53:00Z,10-06 11:53,2.14,3.52,746.29,7248805888.0,5.93,5.93,1.0,1.0,0.01,0.01,315690.68,0.0,0.0,0.46
2026-10-06T16:54:00Z,10-06 11:54,2.09,3.5,746.85,7246708736.0,5.55,5.55,,,0.01,0.01,270684.04,0.0,0.0,0.35
2026-10-06T16:55:00Z,10-06 11:55,2.21,3.59,747.41,7242514432.0,119.26,119.26,1.0,1.0,30.9,30.9,936091.62,,0.0,0.31
2026-10-06T16:56:00Z,10-06 11:56,2.305,3.73,,7242514432.0,7.48,7.48,21.0,11.0,0.01,0.01,504690.59,0.0,,0.29
2026-10-06T16:57:00Z,10-06 11:57,2.105,3.54,747.96,7226785792.0,6.11,6.11,1.0,1.0,0.01,0.01,288756.73,0.0,0.0,0.34
2026-10-06T16:58:00Z,10-06 11:58,2.015,3.31,749.08,7234125824.0,5.33,5.33,,,0.0,0.0,228690.69,,0.0,0.41
2026-10-06T16:59:00Z,10-06 11:59,1.985,3.18,749.64,7235174400.0,3.41,3.41,15.0,7.5,0.0,0.0,150655.91,0.0,0.0,0.33
2026-10-06T17:00:00Z,10-06 12:00,1.955,3.25,750.2,7224688640.0,126.0,126.0,,,32.71,32.71,911377.6,0.0,0.0,0.28
2026-10-06T17:01:00Z,10-06 12:01,2.19,3.45,750.76,7230980096.0,5.63,5.63,7.0,7.0,0.02,0.02,333616.79,0.0,,0.28
2026-10-06T17:02:00Z,10-06 12:02,1.94,3.11,751.32,7237271552.0,6.31,6.31,1.0,1.0,0.01,0.01,296133.21,0.0,0.0,1.19
2026-10-06T17:03:00Z,10-06 12:03,2.56,3.72,751.87,7236222976.0,10.51,10.51,20.0,20.0,0.02,0.02,623634.29,1.0,0.0,0.44
2026-10-06T17:04:00Z,10-06 12:04,2.35,3.87,752.42,7240417280.0,147.0,147.0,7.0,7.0,35.0,35.0,1236481.91,0.0,0.0,0.34
2026-10-06T17:05:00Z,10-06 12:05,2.03,3.44,752.98,7243563008.0,4.9,4.9,0.0,0.0,0.0,0.0,287898.12,0.0,0.0,0.28
2026-10-06T17:06:00Z,10-06 12:06,2.02,3.22,753.54,7243563008.0,5.16,5.16,,,0.0,0.0,259591.42,0.0,0.0,0.3
2026-10-06T17:07:00Z,10-06 12:07,2.125,3.36,754.1,7241465856.0,5.66,5.66,1.0,1.0,0.01,0.01,358822.55,,0.0,0.91
2026-10-06T17:08:00Z,10-06 12:08,2.18,3.4,754.66,7223640064.0,122.6,122.6,21.0,21.0,31.78,31.78,959776.88,0.0,0.0,0.36
2026-10-06T17:09:00Z,10-06 12:09,1.98,3.27,755.22,7226785792.0,5.19,5.19,0.0,0.0,0.0,0.0,231688.47,0.0,0.0,0.33
2026-10-06T17:10:00Z,10-06 12:10,1.96,3.21,755.78,7233077248.0,3.81,3.81,0.0,0.0,0.0,0.0,212784.65,0.0,0.0,0.28
2026-10-06T17:11:00Z,10-06 12:11,2.075,3.38,756.34,7236222976.0,5.09,5.09,0.0,0.0,0.0,0.0,,0.0,,0.28
2026-10-06T17:12:00Z,10-06 12:12,1.905,3.15,756.9,7240417280.0,4.18,4.18,0.0,0.0,0.0,0.0,251475.27,0.0,0.0,1.23
2026-10-06T17:13:00Z,10-06 12:13,2.435,3.43,757.45,7239368704.0,20.28,20.28,24.0,24.0,2.98,2.98,514367.15,1.0,0.0,0.31
2026-10-06T17:14:00Z,10-06 12:14,2.255,3.61,758.0,7241465856.0,123.8,123.8,,,32.2,32.2,1048566.82,0.0,0.0,0.39
2026-10-06T17:15:00Z,10-06 12:15,2.21,3.56,758.56,7241465856.0,7.78,7.78,1.0,1.0,0.01,0.01,374852.58,0.0,0.0,0.31
2026-10-06T17:16:00Z,10-06 12:16,2.14,3.41,759.12,7240417280.0,7.51,7.51,1.0,1.0,0.01,0.01,,0.0,,0.28
2026-10-06T17:17:00Z,10-06 12:17,2.29,3.57,,,116.43,116.43,22.0,22.0,30.77,30.77,656935.65,0.0,0.0,0.28
2026-10-06T17:18:00Z,10-06 12:18,2.31,3.35,759.67,7218397184.0,14.25,14.25,,,1.21,1.21,422036.67,0.0,0.0,1.11
2026-10-06T17:19:00Z,10-06 12:19,2.255,3.61,760.77,7236222976.0,7.93,7.93,1.0,1.0,0.01,0.01,440425.74,0.0,0.0,0.36
2026-10-06T17:20:00Z,10-06 12:20,2.39,3.81,761.32,7236222976.0,7.61,7.61,2.0,2.0,0.01,0.01,437240.31,0.0,0.0,0.33
2026-10-06T17:21:00Z,10-06 12:21,2.9,3.95,761.86,7235174400.0,143.18,143.18,,,37.0,37.0,1615907.27,,0.0,0.34
2026-10-06T17:22:00Z,10-06 12:22,2.865,3.98,762.4,7227834368.0,103.23,103.23,28.0,26.0,25.91,25.91,1393043.21,1.0,0.0,1.15
2026-10-06T17:23:00Z,10-06 12:23,3.09,4.45,,7233077248.0,71.0,71.0,,,15.18,15.18,1327276.7,0.0,0.0,0.39
2026-10-06T17:24:00Z,10-06 12:24,2.51,3.83,762.94,7239368704.0,152.46,152.46,2.0,2.0,39.15,39.15,1322464.43,,0.0,0.36
2026-10-06T17:25:00Z,10-06 12:25,2.665,4.18,764.04,7237271552.0,11.25,11.25,27.0,27.0,0.03,0.03,585072.73,1.0,0.0,0.31
2026-10-06T17:26:00Z,10-06 12:26,2.4,3.8,764.59,7239368704.0,8.86,8.86,1.0,1.0,0.01,0.01,481932.66,0.0,,0.28
2026-10-06T17:27:00Z,10-06 12:27,2.545,4.01,765.14,7220494336.0,139.58,139.58,,,35.5,35.5,1226391.53,1.0,0.0,0.31
2026-10-06T17:28:00Z,10-06 12:28,2.3,3.68,765.69,7234125824.0,7.58,7.58,25.0,13.0,0.01,0.01,423337.17,0.0,0.0,0.38
2026-10-06T17:29:00Z,10-06 12:29,2.38,3.69,766.24,7237271552.0,8.65,8.65,1.0,1.0,0.01,0.01,445124.81,,0.0,0.28
2026-10-06T17:30:00Z,10-06 12:30,2.325,3.56,766.79,7237271552.0,15.31,15.31,23.0,23.0,1.13,1.13,479864.2,1.0,0.0,0.28
2026-10-06T17:31:00Z,10-06 12:31,2.435,4.02,767.34,7224688640.0,132.42,132.42,2.0,2.0,33.91,33.91,,0.0,,0.34
2026-10-06T17:32:00Z,10-06 12:32,2.155,3.56,767.9,7233077248.0,6.48,6.48,1.0,1.0,0.01,0.01,707226.505,0.0,0.0,1.23
2026-10-06T17:33:00Z,10-06 12:33,2.095,3.45,,7237271552.0,5.26,5.26,0.0,0.0,0.01,0.01,313415.14,0.0,0.0,0.41
2026-10-06T17:34:00Z,10-06 12:34,2.08,3.31,768.46,7237271552.0,4.84,4.84,0.0,0.0,0.0,0.0,242496.86,0.0,0.0,0.29
2026-10-06T17:35:00Z,10-06 12:35,2.62,3.99,769.57,7234125824.0,133.07,133.07,23.0,23.0,34.32,34.32,1085617.28,1.0,0.0,1.03
2026-10-06T17:36:00Z,10-06 12:36,2.39,3.75,,,10.5,10.5,,,0.02,0.02,537207.08,,0.0,0.4
2026-10-06T17:37:00Z,10-06 12:37,2.545,3.87,770.12,7236222976.0,9.81,9.81,1.0,1.0,0.01,0.01,507932.92,0.0,0.0,0.94
2026-10-06T17:38:00Z,10-06 12:38,2.33,3.94,771.22,7233077248.0,138.97,138.97,17.0,13.0,35.37,35.37,1206348.85,,0.0,0.39
2026-10-06T17:39:00Z,10-06 12:39,2.015,3.32,771.78,7238320128.0,5.21,5.21,,,0.0,0.0,254557.08,0.0,0.0,0.39
2026-10-06T17:40:00Z,10-06 12:40,2.005,3.34,772.34,7236222976.0,4.81,4.81,0.0,0.0,0.0,0.0,351530.61,0.0,0.0,0.3
2026-10-06T17:41:00Z,10-06 12:41,2.08,3.33,772.9,,5.79,5.79,1.0,1.0,0.01,0.01,,0.0,,0.26
2026-10-06T17:42:00Z,10-06 12:42,1.94,3.22,773.46,7235174400.0,5.33,5.33,,,0.01,0.01,267031.0,,0.0,1.19
2026-10-06T17:43:00Z,10-06 12:43,2.15,3.51,774.02,7218397184.0,123.08,123.08,0.0,0.0,32.4,32.4,872449.27,0.0,0.0,0.34
2026-10-06T17:44:00Z,10-06 12:44,2.075,3.38,774.58,7219445760.0,5.53,5.53,21.0,21.0,0.0,0.0,299587.75,0.0,0.0,1.24
2026-10-06T17:45:00Z,10-06 12:45,2.9,4.38,775.12,7215251456.0,4.63,4.63,1.0,0.5,0.0,0.0,237127.88,0.0,0.0,0.41
2026-10-06T17:46:00Z,10-06 12:46,1.985,3.23,775.68,7238320128.0,5.16,5.16,,,0.0,0.0,294274.29,,0.0,1.69
2026-10-06T17:47:00Z,10-06 12:47,1.93,3.12,776.24,7235174400.0,3.56,3.56,0.0,0.0,0.0,0.0,198605.87,0.0,0.0,0.33
2026-10-06T17:48:00Z,10-06 12:48,1.865,3.09,776.8,7238320128.0,3.83,3.83,0.0,0.0,0.0,0.0,175530.97,0.0,0.0,0.28
2026-10-06T17:49:00Z,10-06 12:49,2.02,3.14,777.36,7236222976.0,120.84,120.84,21.0,10.5,31.96,31.96,808426.36,0.0,0.0,0.39
2026-10-06T17:50:00Z,10-06 12:50,2.035,3.36,777.92,7237271552.0,4.18,4.18,0.0,0.0,0.0,0.0,205893.52,0.0,0.0,0.31
2026-10-06T17:51:00Z,10-06 12:51,2.24,3.41,778.47,7235174400.0,6.86,6.86,1.0,1.0,0.01,0.01,,0.0,,0.28
2026-10-06T17:52:00Z,10-06 12:52,2.08,3.34,779.03,7229931520.0,7.26,7.26,,,0.01,0.01,358956.21,,0.0,1.21
2026-10-06T17:53:00Z,10-06 12:53,2.055,3.39,779.59,7237271552.0,5.03,5.03,1.0,0.5,0.01,0.01,246273.22,0.0,0.0,0.4
2026-10-06T17:54:00Z,10-06 12:54,2.095,3.2,780.15,7236222976.0,10.74,10.74,,,1.27,1.27,225783.36,,0.0,0.36
2026-10-06T17:55:00Z,10-06 12:55,2.325,3.33,780.7,7234125824.0,122.03,122.03,22.0,11.5,31.76,31.76,1128455.54,0.0,0.0,0.31
2026-10-06T17:56:00Z,10-06 12:56,2.255,3.39,781.25,7238320128.0,7.36,7.36,1.0,1.0,0.01,0.01,385978.02,0.0,,0.36
2026-10-06T17:57:00Z,10-06 12:57,2.31,3.67,781.8,7237271552.0,9.19,9.19,1.0,1.0,0.01,0.01,482477.19,0.0,0.0,0.31
2026-10-06T17:58:00Z,10-06 12:58,2.29,3.58,782.36,7238320128.0,133.27,133.27,23.0,23.0,33.8,33.8,1060782.46,1.0,0.0,0.38
2026-10-06T17:59:00Z,10-06 12:59,2.15,3.53,782.92,7230980096.0,6.93,6.93,1.0,1.0,0.01,0.01,367990.68,0.0,0.0,0.3
2026-10-06T18:00:00Z,10-06 13:00,2.06,3.36,783.48,7235174400.0,3.99,3.99,0.0,0.0,0.0,0.0,228568.27,0.0,0.0,0.31
2026-10-06T18:01:00Z,10-06 13:01,2.325,3.78,,7236222976.0,7.11,7.11,1.0,1.0,0.01,0.01,403746.89,0.0,,0.31
2026-10-06T18:02:00Z,10-06 13:02,2.365,3.64,784.03,7236222976.0,138.14,138.14,24.0,24.0,35.21,35.21,1088445.85,1.0,0.0,1.21
2026-10-06T18:03:00Z,10-06 13:03,2.47,3.65,785.13,7234125824.0,8.14,8.14,1.0,1.0,0.01,0.01,425006.47,0.0,0.0,0.44
2026-10-06T18:04:00Z,10-06 13:04,2.28,3.75,785.69,7235174400.0,7.79,7.79,1.0,1.0,0.01,0.01,404956.99,,0.0,0.33
2026-10-06T18:05:00Z,10-06 13:05,2.17,3.48,786.25,7229931520.0,6.14,6.14,1.0,1.0,0.01,0.01,352903.79,0.0,0.0,0.28
2026-10-06T18:06:00Z,10-06 13:06,2.265,3.58,786.8,7224688640.0,64.25,64.25,,,15.96,15.96,586878.81,,0.0,0.31
2026-10-06T18:07:00Z,10-06 13:07,1.99,3.26,787.36,7225737216.0,70.93,70.93,23.0,23.0,18.23,18.23,562971.88,0.0,0.0,0.98
2026-10-06T18:08:00Z,10-06 13:08,1.86,3.14,787.92,7229931520.0,3.24,3.24,0.0,0.0,0.0,0.0,160110.41,0.0,0.0,0.38
2026-10-06T18:09:00Z,10-06 13:09,2.015,3.24,788.48,7235174400.0,4.93,4.93,0.0,0.0,0.0,0.0,252458.71,0.0,0.0,0.3
2026-10-06T18:10:00Z,10-06 13:10,2.015,3.31,,,3.99,3.99,0.0,0.0,0.0,0.0,172509.24,0.0,0.0,0.31
2026-10-06T18:11:00Z,10-06 13:11,2.1,3.41,789.04,7233077248.0,5.53,5.53,0.0,0.0,0.01,0.01,,0.0,,0.36
2026-10-06T18:12:00Z,10-06 13:12,2.01,3.25,790.16,7235174400.0,3.89,3.89,0.0,0.0,0.0,0.0,241383.835,0.0,0.0,1.18
2026-10-06T18:13:00Z,10-06 13:13,2.125,3.55,790.72,7233077248.0,127.34,127.34,22.0,22.0,33.9,33.9,910931.5,0.0,0.0,0.36
2026-10-06T18:14:00Z,10-06 13:14,2.055,3.42,791.28,7236222976.0,5.36,5.36,0.0,0.0,0.0,0.0,265194.64,0.0,0.0,0.28
2026-10-06T18:15:00Z,10-06 13:15,1.88,3.14,,,3.66,3.66,,,0.0,0.0,190465.95,,0.0,0.26
2026-10-06T18:16:00Z,10-06 13:16,1.83,3.05,791.84,7235174400.0,4.09,4.09,0.0,0.0,0.0,0.0,,0.0,,0.28
2026-10-06T18:17:00Z,10-06 13:17,1.815,3.02,792.96,7235174400.0,2.81,2.81,,,0.0,0.0,192616.385,0.0,0.0,0.28
2026-10-06T18:18:00Z,10-06 13:18,1.84,3.08,793.52,7235174400.0,3.03,3.03,0.0,0.0,0.0,0.0,158766.06,,0.0,1.08
2026-10-06T18:19:00Z,10-06 13:19,2.245,3.84,794.08,7234125824.0,3.88,3.88,0.0,0.0,0.0,0.0,179071.55,0.0,0.0,0.34
2026-10-06T18:20:00Z,10-06 13:20,2.085,3.48,794.64,7233077248.0,127.35,127.35,,,34.3,34.3,878121.2,,0.0,0.28
2026-10-06T18:21:00Z,10-06 13:21,2.135,3.3,795.2,,5.06,5.06,22.0,11.5,0.0,0.0,,0.0,,0.29
2026-10-06T18:22:00Z,10-06 13:22,2.045,3.33,795.76,7233077248.0,6.33,6.33,0.0,0.0,0.01,0.01,339825.53,,0.0,1.25
2026-10-06T18:23:00Z,10-06 13:23,2.1,3.42,796.32,7232028672.0,5.63,5.63,,,0.01,0.01,291735.16,0.0,0.0,0.41
2026-10-06T18:24:00Z,10-06 13:24,2.135,3.54,796.88,7235174400.0,5.26,5.26,1.0,0.5,0.0,0.0,299304.42,0.0,0.0,0.38
2026-10-06T18:25:00Z,10-06 13:25,2.19,3.62,797.44,7219445760.0,135.47,135.47,24.0,24.0,35.28,35.28,986962.93,0.0,0.0,0.31
2026-10-06T18:26:00Z,10-06 13:26,2.105,3.43,798.0,7228882944.0,5.51,5.51,1.0,1.0,0.01,0.01,291540.23,0.0,,0.28
2026-10-06T18:27:00Z,10-06 13:27,2.0,3.39,798.56,7232028672.0,4.91,4.91,0.0,0.0,0.0,0.0,266145.36,0.0,0.0,0.28
2026-10-06T18:28:00Z,10-06 13:28,2.015,3.35,799.12,7232028672.0,4.03,4.03,,,0.0,0.0,167528.95,,0.0,0.38
2026-10-06T18:29:00Z,10-06 13:29,2.13,3.43,799.68,7230980096.0,4.31,4.31,0.0,0.0,0.0,0.0,306534.29,0.0,0.0,0.29
2026-10-06T18:30:00Z,10-06 13:30,2.065,3.27,800.24,7229931520.0,4.66,4.66,4.0,4.0,0.0,0.0,197461.65,0.0,0.0,0.28
2026-10-06T18:31:00Z,10-06 13:31,2.325,3.56,800.79,7230980096.0,134.57,134.57,20.0,20.0,34.89,34.89,,1.0,,0.28
2026-10-06T18:32:00Z,10-06 13:32,2.08,3.25,801.35,,7.81,7.81,1.0,1.0,0.01,0.01,733447.88,0.0,0.0,1.23
2026-10-06T18:33:00Z,10-06 13:33,2.185,3.69,801.91,7233077248.0,6.23,6.23,,,0.01,0.01,334205.1,0.0,0.0,0.38
2026-10-06T18:34:00Z,10-06 13:34,2.11,3.43,802.47,7233077248.0,4.39,4.39,1.0,1.0,0.0,0.0,229506.64,,0.0,0.29
2026-10-06T18:35:00Z,10-06 13:35,2.195,3.45,803.03,7226785792.0,4.61,4.61,10.0,5.0,0.0,0.0,198328.7,0.0,0.0,1.08
2026-10-06T18:36:00Z,10-06 13:36,2.025,3.28,803.59,7229931520.0,133.85,133.85,,,35.37,35.37,953191.16,0.0,,0.31
2026-10-06T18:37:00Z,10-06 13:37,2.225,3.39,804.14,7234125824.0,5.81,5.81,14.0,14.0,0.01,0.01,315930.68,0.0,0.0,0.96
2026-10-06T18:38:00Z,10-06 13:38,2.1,3.47,804.7,7234125824.0,5.93,5.93,1.0,1.0,0.01,0.01,317786.89,,0.0,0.46
2026-10-06T18:39:00Z,10-06 13:39,2.14,3.58,805.26,7234125824.0,4.83,4.83,0.0,0.0,0.0,0.0,222229.03,0.0,0.0,0.33
2026-10-06T18:40:00Z,10-06 13:40,1.985,3.24,805.82,7233077248.0,4.33,4.33,0.0,0.0,0.0,0.0,190574.44,0.0,0.0,0.31
2026-10-06T18:41:00Z,10-06 13:41,2.1,3.25,806.38,7226785792.0,4.96,4.96,,,0.0,0.0,249366.44,,0.0,0.28
2026-10-06T18:42:00Z,10-06 13:42,2.01,3.26,806.94,7219445760.0,126.6,126.6,18.0,11.5,33.23,33.23,869137.02,0.0,0.0,1.16
2026-10-06T18:43:00Z,10-06 13:43,2.025,3.18,807.5,7227834368.0,3.83,3.83,0.0,0.0,0.0,0.0,214609.32,0.0,0.0,0.79
2026-10-06T18:44:00Z,10-06 13:44,2.095,3.47,808.06,,5.28,5.28,0.0,0.0,0.01,0.01,277156.98,,0.0,0.49
2026-10-06T18:45:00Z,10-06 13:45,2.855,3.29,808.6,7218397184.0,4.19,4.19,0.0,0.0,0.0,0.0,112123.8,0.0,0.0,0.73
2026-10-06T18:46:00Z,10-06 13:46,2.05,3.47,809.16,7221542912.0,4.31,4.31,,,0.0,0.0,214853.9,0.0,,1.58
2026-10-06T18:47:00Z,10-06 13:47,1.995,3.3,809.72,7224688640.0,3.58,3.58,0.0,0.0,0.0,0.0,207631.02,,0.0,0.54
2026-10-06T18:48:00Z,10-06 13:48,2.32,3.6,810.27,7215251456.0,123.21,123.21,23.0,11.5,32.56,32.56,907394.5,0.0,0.0,0.31
2026-10-06T18:49:00Z,10-06 13:49,2.13,3.6,810.83,7218397184.0,13.15,13.15,,,1.24,1.24,299158.55,,0.0,0.35
2026-10-06T18:50:00Z,10-06 13:50,1.98,3.34,811.39,7222591488.0,3.88,3.88,0.0,0.0,0.0,0.0,172778.39,0.0,0.0,0.31
2026-10-06T18:51:00Z,10-06 13:51,1.98,3.31,811.95,7225737216.0,3.03,3.03,,,0.0,0.0,153958.22,,0.0,0.38
2026-10-06T18:52:00Z,10-06 13:52,1.97,3.13,812.51,7225737216.0,3.98,3.98,0.0,0.0,0.0,0.0,184065.53,0.0,0.0,1.18
2026-10-06T18:53:00Z,10-06 13:53,1.885,3.15,813.07,7225737216.0,3.66,3.66,0.0,0.0,0.0,0.0,196898.73,0.0,0.0,0.31
2026-10-06T18:54:00Z,10-06 13:54,2.005,3.22,813.63,7225737216.0,3.79,3.79,0.0,0.0,0.0,0.0,198526.67,0.0,0.0,0.34
2026-10-06T18:55:00Z,10-06 13:55,2.13,3.34,814.19,7215251456.0,124.8,124.8,22.0,22.0,33.81,33.81,895311.08,,0.0,0.35
2026-10-06T18:56:00Z,10-06 13:56,2.13,3.36,814.75,7218397184.0,8.71,8.71,0.0,0.0,0.3,0.3,312287.77,0.0,0.0,0.34
2026-10-06T18:57:00Z,10-06 13:57,1.98,3.2,815.31,7224688640.0,4.96,4.96,,,0.0,0.0,262709.34,0.0,0.0,0.31
2026-10-06T18:58:00Z,10-06 13:58,1.93,3.04,815.87,7225737216.0,3.76,3.76,0.0,0.0,0.0,0.0,224554.11,0.0,0.0,0.41
2026-10-06T18:59:00Z,10-06 13:59,1.895,2.99,816.43,7224688640.0,3.25,3.25,0.0,0.0,0.0,0.0,224429.93,0.0,0.0,0.28
2026-10-06T19:00:00Z,10-06 14:00,1.855,3.01,816.99,7224688640.0,3.46,3.46,0.0,0.0,0.0,0.0,207662.33,0.0,0.0,1.23
2026-10-06T19:01:00Z,10-06 14:01,2.275,3.67,817.55,7211057152.0,146.4,146.4,,,38.03,38.03,1127503.75,1.0,0.0,0.31
2026-10-06T19:02:00Z,10-06 14:02,1.935,3.21,818.11,7214202880.0,4.71,4.71,26.0,13.0,0.0,0.0,225848.85,0.0,0.0,1.2
2026-10-06T19:03:00Z,10-06 14:03,2.065,3.41,818.67,7217348608.0,5.01,5.01,,,0.0,0.0,232266.07,0.0,0.0,0.38
2026-10-06T19:04:00Z,10-06 14:04,2.155,3.64,819.23,7223640064.0,4.48,4.48,0.0,0.0,0.0,0.0,201188.63,,0.0,0.35
2026-10-06T19:05:00Z,10-06 14:05,1.98,3.31,819.79,7223640064.0,4.53,4.53,0.0,0.0,0.0,0.0,193631.05,0.0,0.0,0.38
2026-10-06T19:06:00Z,10-06 14:06,2.09,3.39,820.35,7223640064.0,6.36,6.36,1.0,1.0,0.01,0.01,,0.0,,0.26
2026-10-06T19:07:00Z,10-06 14:07,2.31,3.61,820.9,7223640064.0,130.73,130.73,23.0,23.0,34.42,34.42,620853.29,0.0,0.0,1.06
2026-10-06T19:08:00Z,10-06 14:08,2.165,3.52,821.46,7230980096.0,9.93,9.93,,,0.73,0.73,301171.31,,0.0,0.45
2026-10-06T19:09:00Z,10-06 14:09,2.1,3.37,822.02,7230980096.0,3.89,3.89,1.0,1.0,0.0,0.0,224673.84,0.0,0.0,0.28
2026-10-06T19:10:00Z,10-06 14:10,2.23,3.43,,,6.71,6.71,1.0,0.5,0.01,0.01,362581.83,0.0,0.0,0.31
2026-10-06T19:11:00Z,10-06 14:11,2.07,3.47,822.58,7229931520.0,6.26,6.26,1.0,1.0,0.01,0.01,,0.0,,0.38
2026-10-06T19:12:00Z,10-06 14:12,2.215,3.44,823.7,7227834368.0,62.9,62.9,,,16.1,16.1,420801.125,,0.0,1.18
2026-10-06T19:13:00Z,10-06 14:13,2.09,3.44,824.26,7229931520.0,76.05,76.05,24.0,24.0,19.84,19.84,619109.23,0.0,0.0,0.36
2026-10-06T19:14:00Z,10-06 14:14,2.085,3.49,824.82,7230980096.0,3.99,3.99,0.0,0.0,0.0,0.0,246017.7,0.0,0.0,0.33
2026-10-06T19:15:00Z,10-06 14:15,2.14,3.63,825.38,7230980096.0,4.03,4.03,0.0,0.0,0.0,0.0,214129.34,0.0,0.0,0.28
2026-10-06T19:16:00Z,10-06 14:16,2.03,3.36,825.94,7230980096.0,3.81,3.81,0.0,0.0,0.0,0.0,,0.0,,0.29
2026-10-06T19:17:00Z,10-06 14:17,2.085,3.54,826.5,7228882944.0,3.99,3.99,,,0.0,0.0,238737.015,0.0,0.0,0.28
2026-10-06T19:18:00Z,10-06 14:18,2.07,3.39,827.06,7228882944.0,2.46,2.46,0.0,0.0,0.0,0.0,161463.61,,0.0,1.06
2026-10-06T19:19:00Z,10-06 14:19,2.4,3.75,827.61,7213154304.0,148.89,148.89,26.0,13.0,38.48,38.48,1136349.37,1.0,0.0,0.4
2026-10-06T19:20:00Z,10-06 14:20,2.175,3.69,828.17,7213154304.0,4.53,4.53,,,0.0,0.0,233976.15,,0.0,0.29
2026-10-06T19:21:00Z,10-06 14:21,2.24,3.73,828.73,7219445760.0,4.36,4.36,0.0,0.0,0.0,0.0,,0.0,,0.29
2026-10-06T19:22:00Z,10-06 14:22,2.075,3.39,829.29,7224688640.0,4.38,4.38,,,0.0,0.0,221384.46,,0.0,1.13
2026-10-06T19:23:00Z,10-06 14:23,2.38,3.92,829.84,7222591488.0,5.84,5.84,0.0,0.0,0.01,0.01,288695.64,0.0,0.0,0.39
2026-10-06T19:24:00Z,10-06 14:24,2.095,3.39,830.4,7224688640.0,5.33,5.33,0.0,0.0,0.0,0.0,236554.7,,0.0,0.31
2026-10-06T19:25:00Z,10-06 14:25,2.135,3.52,830.96,7227834368.0,135.02,135.02,24.0,24.0,36.11,36.11,946431.55,0.0,0.0,0.31
2026-10-06T19:26:00Z,10-06 14:26,2.2,3.39,831.52,7228882944.0,5.1,5.1,1.0,1.0,0.0,0.0,,0.0,,0.3
2026-10-06T19:27:00Z,10-06 14:27,2.095,3.49,832.08,7228882944.0,5.26,5.26,0.0,0.0,0.0,0.0,321541.155,0.0,0.0,0.26
2026-10-06T19:28:00Z,10-06 14:28,2.165,3.6,832.64,7228882944.0,4.38,4.38,0.0,0.0,0.0,0.0,168280.14,0.0,0.0,0.38
2026-10-06T19:29:00Z,10-06 14:29,2.135,3.43,833.2,7227834368.0,4.99,4.99,,,0.0,0.0,313040.59,,0.0,0.33
2026-10-06T19:30:00Z,10-06 14:30,2.17,3.45,833.76,7225737216.0,78.32,78.32,23.0,11.5,20.13,20.13,608860.61,0.0,0.0,0.26
2026-10-06T19:31:00Z,10-06 14:31,2.205,3.67,,,60.1,60.1,0.0,0.0,14.96,14.96,,0.0,,
2026-10-06T19:32:00Z,10-06 14:32,2.235,3.66,834.32,7227834368.0,4.51,4.51,0.0,0.0,0.0,0.0,450263.48,0.0,0.0,1.18
2026-10-06T19:33:00Z,10-06 14:33,2.0,3.31,835.43,7228882944.0,5.51,5.51,0.0,0.0,0.01,0.01,285205.39,0.0,0.0,0.43
2026-10-06T19:34:00Z,10-06 14:34,2.035,3.18,835.99,7227834368.0,4.63,4.63,0.0,0.0,0.0,0.0,243649.7,,0.0,0.36
2026-10-06T19:35:00Z,10-06 14:35,2.205,3.31,836.55,7222591488.0,63.18,63.18,,,15.97,15.97,651723.01,0.0,0.0,1.09
2026-10-06T19:36:00Z,10-06 14:36,2.26,3.63,,,91.81,91.81,25.0,25.0,22.27,22.27,819975.64,1.0,0.0,0.39
2026-10-06T19:37:00Z,10-06 14:37,2.125,3.38,837.1,7226785792.0,5.8,5.8,1.0,0.5,0.01,0.01,365741.96,0.0,0.0,0.4
2026-10-06T19:38:00Z,10-06 14:38,2.16,3.68,838.22,7227834368.0,4.68,4.68,,,0.0,0.0,290633.52,,0.0,0.96
2026-10-06T19:39:00Z,10-06 14:39,2.04,3.32,838.78,7228882944.0,5.75,5.75,0.0,0.0,0.01,0.01,239154.35,0.0,0.0,0.33
2026-10-06T19:40:00Z,10-06 14:40,2.215,3.65,839.34,7213154304.0,138.03,138.03,1.0,1.0,36.4,36.4,983865.9,,0.0,0.28
2026-10-06T19:41:00Z,10-06 14:41,2.07,3.37,839.9,7217348608.0,,,24.0,12.0,0.0,0.0,,0.0,,
2026-10-06T19:42:00Z,10-06 14:42,2.23,3.58,840.46,7223640064.0,5.105,5.88,1.0,1.0,0.01,0.01,281815.52,,0.0,1.19
2026-10-06T19:43:00Z,10-06 14:43,2.1,3.25,841.02,7224688640.0,4.41,4.41,0.0,0.0,0.0,0.0,234997.02,0.0,0.0,1.16
2026-10-06T19:44:00Z,10-06 14:44,1.995,3.17,841.58,7224688640.0,5.31,5.31,0.0,0.0,0.0,0.0,297051.69,0.0,0.0,0.43
2026-10-06T19:45:00Z,10-06 14:45,2.3,3.36,842.13,7217348608.0,135.0,135.0,24.0,24.0,35.69,35.69,989722.59,0.0,0.0,0.26
2026-10-06T19:46:00Z,10-06 14:46,2.975,5.01,842.67,7221542912.0,6.74,6.74,1.0,1.0,0.01,0.01,481491.58,,,1.48
2026-10-06T19:47:00Z,10-06 14:47,2.065,3.41,843.23,7228882944.0,5.71,5.71,0.0,0.0,0.01,0.01,316533.67,0.0,0.0,0.53
2026-10-06T19:48:00Z,10-06 14:48,2.135,3.27,843.79,7227834368.0,5.21,5.21,1.0,1.0,0.0,0.0,260535.32,0.0,0.0,0.39
2026-10-06T19:49:00Z,10-06 14:49,2.1,3.5,844.35,7227834368.0,6.91,6.91,1.0,1.0,0.01,0.01,322091.22,0.0,0.0,0.38
2026-10-06T19:50:00Z,10-06 14:50,2.07,3.37,844.9,7225737216.0,135.63,135.63,24.0,24.0,35.04,35.04,988567.7,0.0,0.0,0.31
2026-10-06T19:51:00Z,10-06 14:51,2.745,4.17,845.45,,11.23,11.23,2.0,2.0,0.02,0.02,,0.0,,0.31
2026-10-06T19:52:00Z,10-06 14:52,2.34,3.7,846.0,7212105728.0,152.06,152.06,,,39.15,39.15,1055369.375,,0.0,1.26
2026-10-06T19:53:00Z,10-06 14:53,2.26,3.65,846.55,7215251456.0,7.88,7.88,26.0,26.0,0.01,0.01,376298.22,1.0,0.0,0.41
2026-10-06T19:54:00Z,10-06 14:54,2.485,3.85,847.1,7225737216.0,9.51,9.51,1.0,1.0,0.01,0.01,588033.89,0.0,0.0,0.26
2026-10-06T19:55:00Z,10-06 14:55,3.055,3.92,847.63,7221542912.0,168.7,168.7,30.0,15.5,42.8,42.8,1752529.31,0.0,0.0,0.31
2026-10-06T19:56:00Z,10-06 14:56,3.175,4.74,848.17,7221542912.0,191.1,191.1,34.0,34.0,47.89,47.89,,2.0,,0.31
2026-10-06T19:57:00Z,10-06 14:57,2.52,3.83,848.72,7223640064.0,13.81,13.81,2.0,2.0,0.02,0.02,1417841.575,0.0,0.0,0.29
2026-10-06T19:58:00Z,10-06 14:58,2.87,4.36,849.26,7216300032.0,15.26,15.26,19.0,19.0,0.02,0.02,714628.8,1.0,0.0,0.33
2026-10-06T19:59:00Z,10-06 14:59,3.39,4.14,849.79,7212105728.0,179.52,179.52,15.0,15.0,42.18,42.18,1877518.75,1.0,0.0,0.39
2026-10-06T20:00:00Z,10-06 15:00,6.555,7.36,850.25,7199522816.0,181.86,181.86,32.0,32.0,46.03,46.03,3908226.91,4.0,0.0,0.33
2026-10-06T20:01:00Z,10-06 15:01,3.43,5.46,850.79,7200571392.0,334.06,334.06,59.0,59.0,89.14,89.14,,4.0,,0.33
2026-10-06T20:02:00Z,10-06 15:02,2.305,3.62,851.34,7207911424.0,10.14,10.14,,,0.01,0.01,3062596.295,0.0,0.0,1.19
2026-10-06T20:03:00Z,10-06 15:03,2.04,3.26,851.9,7215251456.0,7.63,7.63,1.0,1.0,0.01,0.01,321241.96,0.0,0.0,0.41
2026-10-06T20:04:00Z,10-06 15:04,1.955,3.2,852.46,7221542912.0,6.31,6.31,,,0.01,0.01,237820.13,0.0,0.0,0.34
2026-10-06T20:05:00Z,10-06 15:05,1.98,3.18,853.02,7225737216.0,6.18,6.18,1.0,1.0,0.01,0.01,196488.99,0.0,0.0,0.3
2026-10-06T20:06:00Z,10-06 15:06,2.015,3.35,853.58,7228882944.0,5.5,5.5,,,0.0,0.0,245286.16,,0.0,0.31
2026-10-06T20:07:00Z,10-06 15:07,2.2,3.45,854.14,7201619968.0,107.62,107.62,0.0,0.0,28.97,28.97,695552.98,0.0,0.0,0.39
2026-10-06T20:08:00Z,10-06 15:08,1.91,3.24,854.7,7203717120.0,25.73,25.73,23.0,23.0,5.32,5.32,302340.13,0.0,0.0,0.93
2026-10-06T20:09:00Z,10-06 15:09,1.835,3.03,855.26,7205814272.0,3.48,3.48,0.0,0.0,0.0,0.0,137354.19,0.0,0.0,0.28
2026-10-06T20:10:00Z,10-06 15:10,1.815,3.07,855.82,7207911424.0,2.68,2.68,,,0.0,0.0,120488.25,,0.0,0.26
2026-10-06T20:11:00Z,10-06 15:11,1.81,3.09,856.38,7208960000.0,1.83,1.83,0.0,0.0,0.0,0.0,65405.33,0.0,0.0,0.3
2026-10-06T20:12:00Z,10-06 15:12,1.87,3.12,856.94,7212105728.0,2.86,2.86,0.0,0.0,0.0,0.0,125644.93,0.0,0.0,1.19
2026-10-06T20:13:00Z,10-06 15:13,1.91,3.27,857.5,7214202880.0,2.18,2.18,,,0.0,0.0,86269.75,0.0,0.0,0.39
2026-10-06T20:14:00Z,10-06 15:14,1.79,3.09,858.07,7217348608.0,1.84,1.84,0.0,0.0,0.0,0.0,98487.33,0.0,0.0,0.28
2026-10-06T20:15:00Z,10-06 15:15,1.835,3.01,858.63,7219445760.0,2.78,2.78,0.0,0.0,0.0,0.0,98200.86,0.0,0.0,0.31
2026-10-06T20:16:00Z,10-06 15:16,1.755,2.98,859.2,7222591488.0,2.88,2.88,0.0,0.0,0.0,0.0,,0.0,,0.29
2026-10-06T20:17:00Z,10-06 15:17,1.92,3.17,859.76,7225737216.0,4.06,4.06,0.0,0.0,0.0,0.0,148936.295,0.0,0.0,0.31
2026-10-06T20:18:00Z,10-06 15:18,2.065,3.51,,,4.76,4.76,0.0,0.0,0.0,0.0,168864.29,0.0,0.0,1.16
2026-10-06T20:19:00Z,10-06 15:19,1.835,3.12,860.32,7225737216.0,3.03,3.03,0.0,0.0,0.0,0.0,100672.54,,0.0,0.36
2026-10-06T20:20:00Z,10-06 15:20,2.12,3.33,861.44,7203717120.0,95.37,95.37,22.0,22.0,25.44,25.44,633026.52,0.0,0.0,0.26
2026-10-06T20:21:00Z,10-06 15:21,1.835,3.09,862.0,7202668544.0,35.55,35.55,0.0,0.0,8.86,8.86,304359.83,0.0,,0.33
2026-10-06T20:22:00Z,10-06 15:22,1.825,3.07,862.56,7203717120.0,2.43,2.43,0.0,0.0,0.0,0.0,86707.25,0.0,0.0,1.15
2026-10-06T20:23:00Z,10-06 15:23,1.865,3.19,863.12,7206862848.0,2.71,2.71,,,0.0,0.0,80610.26,,0.0,0.39
2026-10-06T20:24:00Z,10-06 15:24,1.955,3.02,863.68,7208960000.0,4.35,4.35,0.0,0.0,0.0,0.0,112652.47,0.0,0.0,0.3
2026-10-06T20:25:00Z,10-06 15:25,1.775,3.08,864.25,7212105728.0,3.53,3.53,0.0,0.0,0.0,0.0,169547.02,0.0,0.0,0.26
2026-10-06T20:26:00Z,10-06 15:26,1.96,3.41,864.81,7214202880.0,1.78,1.78,0.0,0.0,0.0,0.0,,0.0,,0.28
2026-10-06T20:27:00Z,10-06 15:27,1.77,3.01,865.38,7215251456.0,1.76,1.76,0.0,0.0,0.0,0.0,67482.23,0.0,0.0,0.26
2026-10-06T20:28:00Z,10-06 15:28,1.895,3.24,865.94,7216300032.0,2.13,2.13,0.0,0.0,0.0,0.0,84086.36,0.0,0.0,0.38
2026-10-06T20:29:00Z,10-06 15:29,1.77,3.03,866.51,7218397184.0,1.61,1.61,0.0,0.0,0.0,0.0,47377.29,0.0,0.0,0.28
2026-10-06T20:30:00Z,10-06 15:30,1.845,3.22,867.07,,1.06,1.06,0.0,0.0,0.0,0.0,33727.93,0.0,0.0,0.26
2026-10-06T20:31:00Z,10-06 15:31,1.915,3.3,867.63,7219445760.0,2.01,2.01,0.0,0.0,0.0,0.0,,0.0,,0.28
2026-10-06T20:32:00Z,10-06 15:32,1.95,3.36,868.19,7221542912.0,1.33,1.33,0.0,0.0,0.0,0.0,59349.51,0.0,0.0,1.18
2026-10-06T20:33:00Z,10-06 15:33,1.885,3.3,,,1.03,1.03,,,0.0,0.0,28738.02,0.0,0.0,1.16
2026-10-06T20:34:00Z,10-06 15:34,1.805,3.12,868.75,7222591488.0,1.09,1.09,0.0,0.0,0.0,0.0,45863.94,0.0,0.0,0.78
2026-10-06T20:35:00Z,10-06 15:35,1.82,3.13,869.87,7224688640.0,0.9,0.9,0.0,0.0,0.0,0.0,42397.24,0.0,0.0,1.03
2026-10-06T20:36:00Z,10-06 15:36,3.54,3.54,,7224688640.0,1.25,1.25,0.0,0.0,0.0,0.0,,0.0,,0.46
2026-10-06T20:37:00Z,10-06 15:37,1.795,3.07,870.43,7224688640.0,1.23,1.23,,,0.0,0.0,44439.405,,0.0,0.48
2026-10-06T20:38:00Z,10-06 15:38,1.755,2.98,871.56,7225737216.0,1.11,1.11,0.0,0.0,0.0,0.0,29494.64,0.0,0.0,0.9
2026-10-06T20:39:00Z,10-06 15:39,1.845,3.16,872.12,7226785792.0,1.08,1.08,0.0,0.0,0.0,0.0,29617.81,0.0,0.0,0.29
2026-10-06T20:40:00Z,10-06 15:40,1.9,3.31,872.68,7225737216.0,1.03,1.03,0.0,0.0,0.0,0.0,37005.16,0.0,0.0,0.5
2026-10-06T20:41:00Z,10-06 15:41,1.785,3.07,873.25,7224688640.0,1.31,1.31,0.0,0.0,0.0,0.0,,0.0,,1.24
2026-10-06T20:42:00Z,10-06 15:42,1.855,3.21,873.81,7225737216.0,1.24,1.24,0.0,0.0,0.0,0.0,37743.075,0.0,0.0,1.18
2026-10-06T20:43:00Z,10-06 15:43,1.845,3.12,874.37,7226785792.0,1.08,1.08,0.0,0.0,0.0,0.0,28742.73,,0.0,0.4
2026-10-06T20:44:00Z,10-06 15:44,1.735,2.98,874.94,7226785792.0,1.03,1.03,0.0,0.0,0.0,0.0,33510.56,0.0,0.0,0.29
2026-10-06T20:45:00Z,10-06 15:45,1.825,3.16,875.5,7226785792.0,1.24,1.24,0.0,0.0,0.0,0.0,40402.64,0.0,0.0,0.28
2026-10-06T20:46:00Z,10-06 15:46,2.335,4.15,876.05,7204765696.0,1.54,1.54,0.0,0.0,0.0,0.0,46892.33,,,0.33
2026-10-06T20:47:00Z,10-06 15:47,2.28,3.3,876.61,7223640064.0,123.24,123.24,22.0,22.0,33.79,33.79,695423.02,0.0,0.0,2.61
2026-10-06T20:48:00Z,10-06 15:48,1.875,3.17,877.17,7202668544.0,1.58,1.58,,,0.0,0.0,69404.35,0.0,0.0,0.26
2026-10-06T20:49:00Z,10-06 15:49,1.805,3.05,877.73,7203717120.0,2.01,2.01,0.0,0.0,0.0,0.0,75419.14,0.0,0.0,1.86
2026-10-06T20:50:00Z,10-06 15:50,1.91,3.24,878.29,7204765696.0,1.66,1.66,0.0,0.0,0.0,0.0,56251.05,0.0,0.0,0.29
2026-10-06T20:51:00Z,10-06 15:51,1.795,3.11,878.85,7204765696.0,1.61,1.61,0.0,0.0,0.0,0.0,59653.49,,0.0,0.36
2026-10-06T20:52:00Z,10-06 15:52,1.915,3.32,879.41,7205814272.0,1.91,1.91,,,0.0,0.0,98428.48,0.0,0.0,1.21
2026-10-06T20:53:00Z,10-06 15:53,1.865,3.11,879.98,7207911424.0,1.31,1.31,0.0,0.0,0.0,0.0,43208.22,0.0,0.0,0.36
2026-10-06T20:54:00Z,10-06 15:54,1.79,3.13,880.54,7207911424.0,0.91,0.91,,,0.0,0.0,29151.22,0.0,0.0,0.26
2026-10-06T20:55:00Z,10-06 15:55,1.74,2.98,881.11,7210008576.0,1.86,1.86,0.0,0.0,0.0,0.0,70935.53,0.0,0.0,0.28
2026-10-06T20:56:00Z,10-06 15:56,1.79,3.07,881.68,7211057152.0,2.41,2.41,0.0,0.0,0.0,0.0,,0.0,,0.29
2026-10-06T20:57:00Z,10-06 15:57,1.79,3.04,882.25,7213154304.0,1.73,1.73,0.0,0.0,0.0,0.0,76042.85,0.0,0.0,0.28
2026-10-06T20:58:00Z,10-06 15:58,1.8,3.07,882.82,7214202880.0,1.88,1.88,0.0,0.0,0.0,0.0,53245.87,0.0,0.0,0.39
2026-10-06T20:59:00Z,10-06 15:59,1.88,3.26,883.38,7214202880.0,2.04,2.04,0.0,0.0,0.0,0.0,57802.73,0.0,0.0,0.29
2026-10-06T21:00:00Z,10-06 16:00,1.76,2.95,,,2.46,2.46,,,0.0,0.0,89200.95,0.0,0.0,0.29
2026-10-06T21:01:00Z,10-06 16:01,5.79,11.02,883.94,7216300032.0,77.86,77.86,13.0,6.5,20.2,20.2,,0.0,,0.28
2026-10-06T21:02:00Z,10-06 16:02,1.63,2.93,884.43,,0.08,0.08,0.0,0.0,0.0,0.0,215834.25,0.0,0.0,1.19
2026-10-06T21:03:00Z,10-06 16:03,1.61,2.87,885.57,7595884544.0,0.0,0.0,0.0,0.0,0.0,0.0,0.0,0.0,0.0,0.44
2026-10-06T21:04:00Z,10-06 16:04,1.69,3.04,886.14,7595884544.0,0.0,0.0,0.0,0.0,0.0,0.0,0.0,0.0,0.0,0.29
2026-10-06T21:05:00Z,10-06 16:05,1.755,3.18,886.71,7595884544.0,0.0,0.0,0.0,0.0,0.0,0.0,0.0,0.0,0.0,0.31
2026-10-06T21:06:00Z,10-06 16:06,1.55,2.77,887.28,7595884544.0,0.0,0.0,0.0,0.0,0.0,0.0,0.0,0.0,,0.29
2026-10-06T21:07:00Z,10-06 16:07,1.625,2.91,887.85,7595884544.0,0.0,0.0,0.0,0.0,0.0,0.0,0.0,0.0,0.0,0.34
2026-10-06T21:08:00Z,10-06 16:08,1.545,2.72,888.42,7595884544.0,0.0,0.0,0.0,0.0,0.0,0.0,0.0,0.0,0.0,0.93
2026-10-06T21:09:00Z,10-06 16:09,1.615,2.9,888.99,7595884544.0,0.0,0.0,0.0,0.0,0.0,0.0,0.0,0.0,0.0,0.39
2026-10-06T21:10:00Z,10-06 16:10,1.72,3.11,889.56,7595884544.0,0.0,0.0,,,0.0,0.0,0.0,0.0,0.0,0.33
2026-10-06T21:11:00Z,10-06 16:11,1.67,3.0,890.13,7595884544.0,0.0,0.0,0.0,0.0,0.0,0.0,,0.0,,2.11
2026-10-06T21:12:00Z,10-06 16:12,1.575,2.81,890.7,7655653376.0,0.0,0.0,,,0.0,0.0,0.0,,0.0,0.38
2026-10-06T21:13:00Z,10-06 16:13,1.66,2.96,891.27,7655653376.0,0.0,0.0,0.0,0.0,0.0,0.0,0.0,0.0,0.0,0.39
2026-10-06T21:14:00Z,10-06 16:14,1.57,2.81,891.84,7655653376.0,0.0,0.0,0.0,0.0,0.0,0.0,0.0,0.0,0.0,0.3
2026-10-06T21:15:00Z,10-06 16:15,1.525,2.72,,,0.0,0.0,0.0,0.0,0.0,0.0,0.0,0.0,0.0,0.31
2026-10-06T21:16:00Z,10-06 16:16,1.57,2.82,892.41,7655653376.0,0.0,0.0,,,0.0,0.0,0.0,,0.0,0.26
2026-10-06T21:17:00Z,10-06 16:17,1.49,2.66,893.55,7655653376.0,0.0,0.0,0.0,0.0,0.0,0.0,0.0,0.0,0.0,0.28
2026-10-06T21:18:00Z,10-06 16:18,1.52,2.67,894.12,7655653376.0,0.0,0.0,0.0,0.0,0.0,0.0,0.0,0.0,0.0,1.18
2026-10-06T21:19:00Z,10-06 16:19,1.525,2.7,,,0.0,0.0,0.0,0.0,0.0,0.0,0.0,0.0,0.0,0.36
2026-10-06T21:20:00Z,10-06 16:20,1.54,2.73,894.69,7655653376.0,0.0,0.0,0.0,0.0,0.0,0.0,0.0,,0.0,0.28
2026-10-06T21:21:00Z,10-06 16:21,1.635,2.92,895.26,7655653376.0,0.0,0.0,0.0,0.0,0.0,0.0,0.0,0.0,,0.33
2026-10-06T21:22:00Z,10-06 16:22,3.025,5.7,896.37,7473201152.0,0.0,0.0,,,0.0,0.0,0.0,0.0,0.0,1.94
2026-10-06T21:23:00Z,10-06 16:23,1.64,2.79,896.94,7657750528.0,0.0,0.0,0.0,0.0,0.0,0.0,0.0,0.0,0.0,1.44
2026-10-06T21:24:00Z,10-06 16:24,1.48,2.61,897.51,7657750528.0,0.0,0.0,0.0,0.0,0.0,0.0,0.0,,0.0,0.28
2026-10-06T21:25:00Z,10-06 16:25,1.545,2.75,898.08,7657750528.0,0.0,0.0,0.0,0.0,0.0,0.0,0.0,0.0,0.0,0.26
2026-10-06T21:26:00Z,10-06 16:26,1.82,3.29,898.65,7657750528.0,0.0,0.0,0.0,0.0,0.0,0.0,0.0,,,0.28
2026-10-06T21:27:00Z,10-06 16:27,1.565,2.79,899.22,7657750528.0,0.0,0.0,0.0,0.0,0.0,0.0,0.0,0.0,0.0,0.28
2026-10-06T21:28:00Z,10-06 16:28,1.575,2.78,899.79,7657750528.0,0.0,0.0,0.0,0.0,0.0,0.0,0.0,,0.0,0.39
2026-10-06T21:29:00Z,10-06 16:29,1.57,2.8,900.36,7657750528.0,0.0,0.0,,,0.0,0.0,0.0,0.0,0.0,0.29
2026-10-06T21:30:00Z,10-06 16:30,1.545,2.74,900.93,7657750528.0,0.0,0.0,0.0,0.0,0.0,0.0,0.0,0.0,0.0,0.28
2026-10-06T21:31:00Z,10-06 16:31,1.675,3.01,,,0.0,0.0,0.0,0.0,0.0,0.0,0.0,0.0,,0.28
2026-10-06T21:32:00Z,10-06 16:32,1.71,3.08,901.5,7656701952.0,,,0.0,0.0,,,,0.0,0.0,
2026-10-06T21:33:00Z,10-06 16:33,,,,,,,,,,,,,,
2026-10-06T21:34:00Z,10-06 16:34,,,,,,,,,,,,,,
