timestamp_utc,Percentage CPU (average),Percentage CPU (maximum),CPU Credits Remaining (average),Available Memory Bytes (minimum),Data Disk Write Operations/Sec (average),Data Disk Write Operations/Sec (maximum),Data Disk IOPS Consumed Percentage (maximum),Data Disk Queue Depth (maximum),Disk Write Operations/Sec (average)
2026-09-20T20:33:00Z,12.590,12.590,,0,,,,,
2026-09-20T20:34:00Z,1.520,2.330,60.885,7715422208,0.000,0.000,0.000,0.000,
2026-09-20T20:35:00Z,1.325,2.300,61.740,7715422208,0.000,0.000,0.000,0.000,1.480
2026-09-20T20:36:00Z,1.315,2.290,62.320,7715422208,0.000,0.000,0.000,0.000,0.147
2026-09-20T20:37:00Z,1.305,2.270,62.900,7715422208,0.000,0.000,0.000,0.000,0.098
2026-09-20T20:38:00Z,2.120,3.900,63.460,7709130752,0.000,0.000,0.000,0.000,0.085
2026-09-20T20:39:00Z,,,,,0.000,0.000,0.000,0.000,0.360
2026-09-20T20:40:00Z,1.340,2.290,64.320,7726956544,0.000,0.000,0.000,0.000,0.443
2026-09-20T20:41:00Z,1.365,2.380,65.180,7726956544,0.000,0.000,0.000,0.000,0.147
2026-09-20T20:42:00Z,,,,,0.000,0.000,0.000,0.000,0.085
2026-09-20T20:43:00Z,1.335,2.330,66.035,7726956544,0.000,0.000,0.000,0.000,0.285
2026-09-20T20:44:00Z,1.315,2.290,66.900,7726956544,0.000,0.000,0.000,0.000,0.110
2026-09-20T20:45:00Z,1.290,2.250,67.480,7726956544,0.000,0.000,0.000,0.000,0.140
2026-09-20T20:46:00Z,1.315,2.290,,7726956544,0.000,0.000,0.000,0.000,0.092
2026-09-20T20:47:00Z,1.320,2.310,68.350,7726956544,0.000,0.000,0.000,0.000,0.090
2026-09-20T20:48:00Z,1.365,2.300,69.210,7726956544,0.000,0.000,0.000,0.000,0.085
2026-09-20T20:49:00Z,1.335,2.350,69.780,7726956544,0.000,0.000,0.000,0.000,0.535
2026-09-20T20:50:00Z,1.340,2.350,70.350,7726956544,0.000,0.000,0.000,0.000,0.080
2026-09-20T20:51:00Z,1.350,2.360,,7726956544,0.000,0.000,0.000,0.000,0.117
2026-09-20T20:52:00Z,1.330,2.320,71.205,7726956544,0.000,0.000,0.000,0.000,0.115
2026-09-20T20:53:00Z,1.300,2.250,72.070,7726956544,0.000,0.000,0.000,0.000,0.278
2026-09-20T20:54:00Z,,,72.650,7726956544,0.000,0.000,0.000,0.000,0.105
2026-09-20T20:55:00Z,1.310,2.290,73.230,7726956544,0.000,0.000,0.000,0.000,0.120
2026-09-20T20:56:00Z,1.350,2.320,73.800,7726956544,0.000,0.000,0.000,0.000,0.115
2026-09-20T20:57:00Z,1.335,2.300,74.370,7726956544,0.000,0.000,0.000,0.000,0.092
2026-09-20T20:58:00Z,1.295,2.250,74.950,7726956544,0.000,0.000,0.000,0.000,0.107
2026-09-20T20:59:00Z,0.370,0.370,75.520,7726956544,0.000,0.000,0.000,0.000,0.092
2026-09-20T21:00:00Z,1.633,2.300,76.100,7726956544,0.000,0.000,0.000,0.000,0.115
2026-09-20T21:01:00Z,1.335,2.320,76.670,7726956544,0.000,0.000,0.000,0.000,0.110
2026-09-20T21:02:00Z,3.755,5.140,77.190,7688159232,0.000,0.000,0.000,0.000,0.102
2026-09-20T21:03:00Z,1.305,2.260,77.770,7689207808,0.000,0.000,0.000,0.000,1.080
2026-09-20T21:04:00Z,1.295,2.240,78.350,7688159232,0.000,0.000,0.000,0.000,0.128
2026-09-20T21:05:00Z,1.310,2.270,78.930,7688159232,0.000,0.000,0.000,0.000,0.247
2026-09-20T21:06:00Z,1.325,2.300,79.510,7688159232,0.000,0.000,0.000,0.000,0.128
2026-09-20T21:07:00Z,1.305,2.250,80.090,7689207808,0.000,0.000,0.000,0.000,0.117
2026-09-20T21:08:00Z,1.310,2.270,80.670,,0.000,0.000,0.000,0.000,0.092
2026-09-20T21:09:00Z,1.300,2.240,81.250,7688159232,0.000,0.000,0.000,0.000,0.105
2026-09-20T21:10:00Z,1.315,2.270,81.830,7688159232,0.000,0.000,0.000,0.000,0.128
2026-09-20T21:11:00Z,1.350,2.350,82.400,7688159232,0.000,0.000,0.000,0.000,0.095
2026-09-20T21:12:00Z,1.320,2.290,82.970,7688159232,0.000,0.000,0.000,0.000,0.098
2026-09-20T21:13:00Z,1.340,2.310,83.540,7688159232,0.000,0.000,0.000,0.000,0.297
2026-09-20T21:14:00Z,1.315,2.300,84.120,7688159232,0.000,0.000,0.000,0.000,0.107
2026-09-20T21:15:00Z,,,,7688159232,0.000,0.000,0.000,0.000,0.098
2026-09-20T21:16:00Z,1.300,2.270,84.990,7688159232,0.000,0.000,0.000,0.000,0.102
2026-09-20T21:17:00Z,1.295,2.250,,,0.000,0.000,0.000,0.000,0.110
2026-09-20T21:18:00Z,1.288,2.250,86.150,7688159232,0.000,0.000,0.000,0.000,0.095
2026-09-20T21:19:00Z,1.375,2.410,87.010,7689207808,0.000,0.000,0.000,0.000,0.280
2026-09-20T21:20:00Z,1.300,2.260,87.590,7689207808,0.000,0.000,0.000,0.000,0.120
2026-09-20T21:21:00Z,1.345,2.350,88.160,7689207808,0.000,0.000,0.000,0.000,0.130
2026-09-20T21:22:00Z,1.305,2.270,88.740,7690256384,0.000,0.000,0.000,0.000,0.102
2026-09-20T21:23:00Z,1.330,2.320,89.310,7690256384,0.000,0.000,0.000,0.000,0.295
2026-09-20T21:24:00Z,1.360,2.380,89.880,7690256384,0.000,0.000,0.000,0.000,0.092
2026-09-20T21:25:00Z,1.340,2.340,90.450,7690256384,0.000,0.000,0.000,0.000,0.128
2026-09-20T21:26:00Z,,,,7690256384,0.000,0.000,0.000,0.000,0.115
2026-09-20T21:27:00Z,1.300,2.260,91.315,7690256384,0.000,0.000,0.000,0.000,0.102
2026-09-20T21:28:00Z,1.333,2.350,92.180,7690256384,0.000,0.000,0.000,0.000,0.102
2026-09-20T21:29:00Z,1.450,2.250,92.750,7690256384,0.000,0.000,0.000,0.000,0.102
2026-09-20T21:30:00Z,1.305,2.270,93.330,,0.000,0.000,0.000,0.000,0.605
2026-09-20T21:31:00Z,1.335,2.340,93.900,7690256384,0.000,0.000,0.000,0.000,0.160
2026-09-20T21:32:00Z,1.305,2.270,94.480,7690256384,0.000,0.000,0.000,0.000,0.105
2026-09-20T21:33:00Z,1.350,2.360,95.050,7690256384,0.000,0.000,0.000,0.000,0.290
2026-09-20T21:34:00Z,1.310,2.280,95.630,7690256384,0.000,0.000,0.000,0.000,0.092
2026-09-20T21:35:00Z,,,,7690256384,0.000,0.000,0.000,0.000,0.323
2026-09-20T21:36:00Z,1.278,2.270,96.500,7690256384,0.000,0.000,0.000,0.000,0.110
2026-09-20T21:37:00Z,1.260,2.190,97.370,7690256384,0.000,0.000,0.000,0.000,0.095
2026-09-20T21:38:00Z,1.270,2.180,97.950,7689207808,0.000,0.000,0.000,0.000,0.085
2026-09-20T21:39:00Z,2.165,2.260,98.510,7692353536,0.000,0.000,0.000,0.000,0.210
2026-09-20T21:40:00Z,1.305,2.260,99.090,7692353536,0.000,0.000,0.000,0.000,0.443
2026-09-20T21:41:00Z,1.355,2.340,99.660,7692353536,0.000,0.000,0.000,0.000,0.128
2026-09-20T21:42:00Z,1.325,2.300,100.230,7692353536,0.000,0.000,0.000,0.000,0.092
2026-09-20T21:43:00Z,1.940,2.420,100.790,7689207808,0.000,0.000,0.000,0.000,0.302
2026-09-20T21:44:00Z,,,101.360,,0.000,0.000,0.000,0.000,0.705
2026-09-20T21:45:00Z,1.333,2.300,101.930,7697596416,0.000,0.000,0.000,0.000,0.242
2026-09-20T21:46:00Z,1.310,2.270,102.510,7697596416,0.000,0.000,0.000,0.000,0.115
2026-09-20T21:47:00Z,1.290,2.220,,7697596416,0.000,0.000,0.000,0.000,0.090
2026-09-20T21:48:00Z,1.290,2.220,103.380,7698644992,0.000,0.000,0.000,0.000,0.102
2026-09-20T21:49:00Z,1.255,2.160,104.250,7698644992,0.000,0.000,0.000,0.000,0.115
2026-09-20T21:50:00Z,1.250,2.150,104.830,7698644992,0.000,0.000,0.000,0.000,0.128
2026-09-20T21:51:00Z,1.300,2.250,105.410,7698644992,0.000,0.000,0.000,0.000,0.128
2026-09-20T21:52:00Z,1.265,2.170,105.990,7698644992,0.000,0.000,0.000,0.000,0.107
2026-09-20T21:53:00Z,1.265,2.180,106.570,7698644992,0.000,0.000,0.000,0.000,0.310
2026-09-20T21:54:00Z,1.255,2.160,107.150,7698644992,0.000,0.000,0.000,0.000,0.105
2026-09-20T21:55:00Z,1.265,2.180,107.730,7698644992,0.000,0.000,0.000,0.000,0.115
2026-09-20T21:56:00Z,1.755,2.160,108.300,7667187712,0.000,0.000,0.000,0.000,0.092
2026-09-20T21:57:00Z,0.350,0.350,,7667187712,0.000,0.000,0.000,0.000,0.510
2026-09-20T21:58:00Z,1.603,2.280,109.170,7667187712,0.000,0.000,0.000,0.000,0.110
2026-09-20T21:59:00Z,,,,7667187712,0.000,0.000,0.000,0.000,0.115
2026-09-20T22:00:00Z,1.280,2.270,110.330,7667187712,0.000,0.000,0.000,0.000,0.128
2026-09-20T22:01:00Z,1.820,2.990,111.180,7668236288,31.630,31.630,0.000,0.070,0.092
2026-09-20T22:02:00Z,,,,,42.590,42.590,2.000,0.080,8.210
2026-09-20T22:03:00Z,1.907,2.910,112.020,7673479168,44.150,44.150,7.000,0.090,10.745
2026-09-20T22:04:00Z,1.760,2.840,112.860,7677673472,27.740,27.740,8.000,0.050,11.140
2026-09-20T22:05:00Z,1.655,2.640,113.430,7678722048,25.040,25.040,5.000,0.050,7.202
2026-09-20T22:06:00Z,1.725,2.720,113.990,7677673472,31.980,31.980,4.000,0.060,6.383
2026-09-20T22:07:00Z,1.555,2.550,114.560,7678722048,18.740,18.740,5.000,0.040,8.100
2026-09-20T22:08:00Z,1.440,2.340,115.130,7678722048,10.750,10.750,3.000,0.020,4.775
2026-09-20T22:09:00Z,,,115.700,7678722048,9.300,9.300,2.000,0.010,2.795
2026-09-20T22:10:00Z,1.455,2.430,116.270,7678722048,9.840,9.840,1.000,0.010,2.435
2026-09-20T22:11:00Z,1.490,2.490,116.840,7676624896,10.360,10.360,1.000,0.020,2.575
2026-09-20T22:12:00Z,1.500,2.500,117.410,7677673472,9.740,9.740,1.000,0.010,2.700
2026-09-20T22:13:00Z,1.625,2.670,117.980,7676624896,22.180,22.180,1.000,0.040,2.720
2026-09-20T22:14:00Z,,,,,15.610,15.610,2.000,0.030,5.630
2026-09-20T22:15:00Z,1.540,2.510,118.550,7673479168,24.230,24.230,3.000,0.050,4.013
2026-09-20T22:16:00Z,1.688,2.750,119.400,7674527744,37.660,37.660,4.000,0.080,6.175
2026-09-20T22:17:00Z,,,,,20.260,20.260,5.000,0.040,9.518
2026-09-20T22:18:00Z,1.580,2.630,120.535,7674527744,14.030,14.030,4.000,0.020,5.162
2026-09-20T22:19:00Z,1.505,2.460,121.390,7676624896,11.040,11.040,3.000,0.020,3.760
2026-09-20T22:20:00Z,1.525,2.480,121.960,7676624896,11.010,11.010,2.000,0.020,2.865
2026-09-20T22:21:00Z,1.495,2.500,122.530,7674527744,7.210,7.210,1.000,0.010,2.875
2026-09-20T22:22:00Z,1.465,2.420,123.100,7674527744,6.750,6.750,1.000,0.010,1.893
2026-09-20T22:23:00Z,1.450,2.420,123.670,7674527744,5.940,5.940,1.000,0.010,1.990
2026-09-20T22:24:00Z,1.455,2.380,,7675576320,11.640,11.640,1.000,0.020,1.595
2026-09-20T22:25:00Z,1.405,2.300,124.525,7675576320,7.850,7.850,1.000,0.020,3.070
2026-09-20T22:26:00Z,1.480,2.440,125.380,7676624896,13.030,13.030,1.000,0.030,2.047
2026-09-20T22:27:00Z,1.460,2.420,125.950,7675576320,5.940,5.940,1.000,0.010,3.355
2026-09-20T22:28:00Z,1.430,2.350,126.520,7675576320,4.250,4.250,2.000,0.000,1.583
2026-09-20T22:29:00Z,1.480,2.460,127.090,7675576320,8.740,8.740,0.000,0.010,1.147
2026-09-20T22:30:00Z,1.420,2.370,127.660,7675576320,4.230,4.230,1.000,0.000,2.300
2026-09-20T22:31:00Z,1.665,2.680,128.230,7674527744,20.180,20.180,1.000,0.040,1.177
2026-09-20T22:32:00Z,1.550,2.540,128.800,7675576320,18.280,18.280,2.000,0.030,5.143
2026-09-20T22:33:00Z,1.655,2.560,129.370,7673479168,17.430,17.430,2.000,0.030,4.855
2026-09-20T22:34:00Z,1.480,2.410,129.940,7673479168,8.630,8.630,3.000,0.010,4.730
2026-09-20T22:35:00Z,1.530,2.530,130.510,7673479168,14.890,14.890,2.000,0.030,2.342
2026-09-20T22:36:00Z,1.590,2.620,131.080,7674527744,19.740,19.740,1.000,0.040,3.808
2026-09-20T22:37:00Z,1.545,2.530,131.650,7673479168,15.660,15.660,2.000,0.030,5.040
2026-09-20T22:38:00Z,1.585,2.480,132.220,7673479168,22.390,22.390,3.000,0.040,4.020
2026-09-20T22:39:00Z,2.340,3.450,132.770,7655653376,13.560,13.560,3.000,0.030,5.700
2026-09-20T22:40:00Z,1.455,2.410,133.340,7667187712,5.940,5.940,3.000,0.010,3.788
2026-09-20T22:41:00Z,,,,7668236288,14.090,14.090,1.000,0.020,1.650
2026-09-20T22:42:00Z,1.505,2.540,134.195,7669284864,8.930,8.930,2.000,0.010,3.632
2026-09-20T22:43:00Z,1.485,2.450,135.050,7669284864,9.610,9.610,1.000,0.020,2.547
2026-09-20T22:44:00Z,1.495,2.520,135.620,7670333440,6.640,6.640,2.000,0.010,2.505
2026-09-20T22:45:00Z,1.465,2.420,136.190,7671382016,10.280,10.280,1.000,0.020,1.800
2026-09-20T22:46:00Z,1.450,2.330,136.760,7672430592,12.660,12.660,1.000,0.020,2.685
2026-09-20T22:47:00Z,1.410,2.350,137.330,7672430592,2.380,2.380,2.000,0.000,3.257
2026-09-20T22:48:00Z,1.470,2.440,137.900,7672430592,7.550,7.550,1.000,0.010,0.680
2026-09-20T22:49:00Z,,,,,7.760,7.760,0.000,0.010,1.982
2026-09-20T22:50:00Z,1.492,2.550,138.755,7673479168,12.080,12.080,1.000,0.020,2.058
2026-09-20T22:51:00Z,1.435,2.380,139.610,7672430592,5.160,5.160,1.000,0.010,3.135
2026-09-20T22:52:00Z,1.405,2.330,140.180,7672430592,4.780,4.780,1.000,0.010,1.387
2026-09-20T22:53:00Z,1.445,2.410,140.750,7672430592,6.060,6.060,0.000,0.010,1.485
2026-09-20T22:54:00Z,1.430,2.420,141.320,7672430592,4.040,4.040,0.000,0.010,1.605
2026-09-20T22:55:00Z,1.465,2.470,141.890,7671382016,6.930,6.930,0.000,0.010,1.137
2026-09-20T22:56:00Z,1.395,2.350,142.460,7671382016,5.090,5.090,0.000,0.010,1.847
2026-09-20T22:57:00Z,1.445,2.450,143.030,7670333440,7.580,7.580,1.000,0.010,1.387
2026-09-20T22:58:00Z,1.580,2.540,143.600,7671382016,18.410,18.410,0.000,0.030,1.992
2026-09-20T22:59:00Z,1.475,2.480,144.170,7672430592,8.260,8.260,3.000,0.010,4.720
2026-09-20T23:00:00Z,1.465,2.450,144.740,7672430592,5.710,5.710,1.000,0.010,2.205
2026-09-20T23:01:00Z,1.535,2.530,145.310,7672430592,9.000,9.000,1.000,0.020,1.502
2026-09-20T23:02:00Z,1.485,2.450,145.880,7672430592,8.380,8.380,1.000,0.010,2.345
2026-09-20T23:03:00Z,,,146.450,7673479168,11.880,11.880,1.000,0.020,2.375
2026-09-20T23:04:00Z,1.465,2.450,147.020,7672430592,2.710,2.710,1.000,0.000,3.075
2026-09-20T23:05:00Z,1.430,2.370,147.590,7672430592,4.910,4.910,1.000,0.000,0.938
2026-09-20T23:06:00Z,1.405,2.310,148.160,7673479168,6.460,6.460,0.000,0.010,1.312
2026-09-20T23:07:00Z,1.360,2.250,148.730,7673479168,3.660,3.660,1.000,0.000,1.720
2026-09-20T23:08:00Z,1.445,2.420,149.300,7672430592,4.780,4.780,0.000,0.000,1.018
2026-09-20T23:09:00Z,1.410,2.360,149.870,7672430592,2.060,2.060,0.000,0.000,1.285
2026-09-20T23:10:00Z,1.420,2.380,150.440,7672430592,3.110,3.110,0.000,0.000,0.630
2026-09-20T23:11:00Z,,,,,3.810,3.810,0.000,0.000,0.887
2026-09-20T23:12:00Z,1.438,2.400,151.295,7672430592,2.780,2.780,0.000,0.000,1.050
2026-09-20T23:13:00Z,1.435,2.410,152.150,7672430592,1.860,1.860,0.000,0.000,0.988
2026-09-20T23:14:00Z,1.450,2.420,152.720,7672430592,4.930,4.930,0.000,0.010,0.555
2026-09-20T23:15:00Z,,,,,2.280,2.280,0.000,0.000,1.350
2026-09-20T23:16:00Z,1.420,2.400,153.575,7671382016,3.890,3.890,0.000,0.000,0.685
2026-09-20T23:17:00Z,,,,,7.430,7.430,0.000,0.010,1.065
2026-09-20T23:18:00Z,1.460,2.440,154.430,7671382016,0.990,0.990,1.000,0.000,1.955
2026-09-20T23:19:00Z,1.395,2.390,155.285,7671382016,2.680,2.680,0.000,0.000,0.515
2026-09-20T23:20:00Z,1.420,2.340,156.140,7672430592,4.310,4.310,0.000,0.000,0.780
2026-09-20T23:21:00Z,1.445,2.410,156.710,7671382016,2.290,2.290,0.000,0.000,1.192
2026-09-20T23:22:00Z,1.430,2.410,157.280,7672430592,4.680,4.680,0.000,0.010,0.665
2026-09-20T23:23:00Z,1.440,2.410,157.850,7672430592,3.010,3.010,0.000,0.000,1.485
2026-09-20T23:24:00Z,1.430,2.420,158.420,7672430592,4.160,4.160,0.000,0.000,0.868
2026-09-20T23:25:00Z,1.435,2.410,158.990,7672430592,4.680,4.680,0.000,0.000,1.167
2026-09-20T23:26:00Z,1.385,2.310,159.560,7672430592,4.060,4.060,0.000,0.000,1.285
2026-09-20T23:27:00Z,1.385,2.340,160.130,7672430592,3.240,3.240,1.000,0.000,1.120
2026-09-20T23:28:00Z,1.430,2.380,160.700,7672430592,5.860,5.860,0.000,0.010,0.912
2026-09-20T23:29:00Z,,,,7672430592,7.700,7.700,1.000,0.010,1.562
2026-09-20T23:30:00Z,1.460,2.450,161.555,7671382016,7.610,7.610,1.000,0.010,2.045
2026-09-20T23:31:00Z,1.470,2.460,162.410,7670333440,9.210,9.210,1.000,0.020,2.007
2026-09-20T23:32:00Z,1.500,2.520,162.980,7670333440,6.410,6.410,0.000,0.010,2.405
2026-09-20T23:33:00Z,1.460,2.460,163.550,7670333440,4.230,4.230,1.000,0.010,1.887
2026-09-20T23:34:00Z,1.420,2.350,164.120,7671382016,4.830,4.830,0.000,0.010,1.155
2026-09-20T23:35:00Z,1.410,2.410,164.690,7671382016,0.960,0.960,0.000,0.000,1.525
2026-09-20T23:36:00Z,1.385,2.340,165.260,7671382016,1.290,1.290,0.000,0.000,0.357
2026-09-20T23:37:00Z,1.385,2.360,165.830,7671382016,0.150,0.150,0.000,0.000,0.415
2026-09-20T23:38:00Z,1.440,2.390,166.400,7671382016,7.480,7.480,0.000,0.010,0.128
2026-09-20T23:39:00Z,2.125,3.780,166.960,,4.130,4.130,1.000,0.010,1.980
2026-09-20T23:40:00Z,1.590,2.470,167.520,7647264768,7.840,7.840,0.000,0.040,1.160
2026-09-20T23:41:00Z,1.470,2.440,168.090,7664041984,6.380,6.380,1.000,0.010,2.428
2026-09-20T23:42:00Z,1.390,2.310,168.660,7664041984,3.230,3.230,1.000,0.000,1.748
2026-09-20T23:43:00Z,1.425,2.420,169.230,7664041984,3.880,3.880,0.000,0.000,1.085
2026-09-20T23:44:00Z,,,169.800,7665090560,3.700,3.700,0.000,0.000,1.055
2026-09-20T23:45:00Z,1.417,2.390,170.370,7665090560,3.430,3.430,0.000,0.000,1.052
2026-09-20T23:46:00Z,1.400,2.310,170.940,7665090560,6.360,6.360,0.000,0.010,0.950
2026-09-20T23:47:00Z,1.470,2.370,171.510,7666139136,11.560,11.560,0.000,0.020,1.680
2026-09-20T23:48:00Z,1.450,2.410,172.080,7666139136,7.390,7.390,1.000,0.010,2.987
2026-09-20T23:49:00Z,1.420,2.390,172.650,7666139136,5.330,5.330,1.000,0.010,1.952
2026-09-20T23:50:00Z,1.395,2.290,173.220,7666139136,5.390,5.390,0.000,0.010,1.450
2026-09-20T23:51:00Z,1.495,2.460,173.790,7664041984,8.410,8.410,1.000,0.010,1.440
2026-09-20T23:52:00Z,1.435,2.400,174.360,,6.040,6.040,1.000,0.010,2.192
2026-09-20T23:53:00Z,,,,7665090560,4.060,4.060,1.000,0.000,1.825
2026-09-20T23:54:00Z,1.410,2.370,175.215,7665090560,2.550,2.550,1.000,0.000,1.137
2026-09-20T23:55:00Z,1.425,2.380,176.070,7666139136,2.390,2.390,0.000,0.000,0.752
2026-09-20T23:56:00Z,1.420,2.320,176.640,7666139136,7.510,7.510,0.000,0.010,0.690
2026-09-20T23:57:00Z,1.425,2.380,177.210,7667187712,5.830,5.830,1.000,0.010,1.970
2026-09-20T23:58:00Z,,,,,6.410,6.410,0.000,0.010,1.552
2026-09-20T23:59:00Z,1.525,2.540,177.780,7667187712,4.880,4.880,1.000,0.010,1.718
2026-09-21T00:00:00Z,1.430,2.400,178.635,7668236288,2.730,2.730,0.000,0.000,1.518
2026-09-21T00:01:00Z,1.740,2.830,179.490,7666139136,27.260,27.260,0.000,0.080,0.785
2026-09-21T00:02:00Z,1.680,2.540,180.060,7666139136,19.280,19.280,3.000,0.030,6.912
2026-09-21T00:03:00Z,1.580,2.630,180.630,7667187712,16.490,16.490,4.000,0.030,5.380
2026-09-21T00:04:00Z,1.620,2.510,181.200,7669284864,23.150,23.150,2.000,0.040,4.250
2026-09-21T00:05:00Z,1.490,2.420,181.770,7668236288,11.480,11.480,4.000,0.020,6.072
2026-09-21T00:06:00Z,1.615,2.660,182.340,7669284864,26.990,26.990,2.000,0.070,2.967
2026-09-21T00:07:00Z,,,182.910,7669284864,13.690,13.690,2.000,0.020,6.832
2026-09-21T00:08:00Z,1.558,2.650,183.480,7667187712,14.560,14.560,4.000,0.020,3.513
2026-09-21T00:09:00Z,1.480,2.390,184.050,7667187712,11.040,11.040,2.000,0.020,4.143
2026-09-21T00:10:00Z,1.490,2.390,184.620,7668236288,13.510,13.510,2.000,0.020,2.982
2026-09-21T00:11:00Z,1.400,2.350,185.190,7667187712,4.760,4.760,1.000,0.000,3.475
2026-09-21T00:12:00Z,1.520,2.500,185.760,7666139136,19.010,19.010,1.000,0.040,1.282
2026-09-21T00:13:00Z,1.495,2.450,,7667187712,9.860,9.860,2.000,0.010,5.048
2026-09-21T00:14:00Z,1.480,2.430,186.615,7666139136,10.060,10.060,2.000,0.010,2.587
2026-09-21T00:15:00Z,1.475,2.440,187.470,7666139136,6.330,6.330,1.000,0.010,2.638
2026-09-21T00:16:00Z,0.520,0.520,188.040,7666139136,18.820,18.820,1.000,0.040,1.680
2026-09-21T00:17:00Z,2.600,2.600,188.610,,16.780,16.780,1.000,0.030,4.798
2026-09-21T00:18:00Z,1.542,2.500,189.180,7662993408,14.920,14.920,4.000,0.030,4.293
2026-09-21T00:19:00Z,1.715,2.630,189.750,7662993408,30.100,30.100,3.000,0.060,3.998
2026-09-21T00:20:00Z,1.505,2.430,190.320,7662993408,17.960,17.960,4.000,0.030,7.640
2026-09-21T00:21:00Z,1.550,2.540,190.890,7662993408,16.310,16.310,3.000,0.030,4.600
2026-09-21T00:22:00Z,1.515,2.480,191.460,7662993408,18.010,18.010,2.000,0.040,4.175
2026-09-21T00:23:00Z,,,192.030,,17.180,17.180,2.000,0.030,4.798
2026-09-21T00:24:00Z,1.597,2.560,192.600,7664041984,29.350,29.350,3.000,0.060,4.412
2026-09-21T00:25:00Z,,,,,15.440,15.440,4.000,0.020,7.465
2026-09-21T00:26:00Z,1.555,2.540,193.455,7665090560,16.920,16.920,3.000,0.030,3.965
2026-09-21T00:27:00Z,1.520,2.450,,7664041984,14.890,14.890,3.000,0.030,4.303
2026-09-21T00:28:00Z,1.555,2.560,194.595,7664041984,16.910,16.910,2.000,0.030,3.812
2026-09-21T00:29:00Z,,,195.450,7661944832,14.990,14.990,2.000,0.020,4.317
2026-09-21T00:30:00Z,1.488,2.430,196.020,7661944832,10.540,10.540,3.000,0.020,3.882
2026-09-21T00:31:00Z,1.520,2.450,196.590,7658799104,14.360,14.360,1.000,0.020,2.745
2026-09-21T00:32:00Z,1.595,2.550,,,17.020,17.020,2.000,0.030,3.692
2026-09-21T00:33:00Z,1.495,2.450,197.160,7659847680,10.780,10.780,3.000,0.020,4.553
2026-09-21T00:34:00Z,1.490,2.440,197.730,7660896256,16.920,16.920,1.000,0.060,2.788
2026-09-21T00:35:00Z,1.490,2.370,198.585,7660896256,13.210,13.210,1.000,0.020,4.527
2026-09-21T00:36:00Z,1.500,2.430,199.440,7660896256,13.350,13.350,3.000,0.020,3.438
2026-09-21T00:37:00Z,1.485,2.420,200.010,7660896256,9.780,9.780,1.000,0.010,3.445
2026-09-21T00:38:00Z,,,200.580,,13.310,13.310,2.000,0.020,2.538
2026-09-21T00:39:00Z,1.485,2.450,201.150,7659847680,10.440,10.440,2.000,0.010,3.442
2026-09-21T00:40:00Z,,,201.700,7656701952,7.430,7.430,2.000,0.010,2.708
2026-09-21T00:41:00Z,2.050,2.740,202.260,7656701952,37.540,37.540,1.000,0.090,2.243
2026-09-21T00:42:00Z,1.550,2.460,,,19.130,19.130,5.000,0.040,9.533
2026-09-21T00:43:00Z,1.500,2.450,203.115,7656701952,11.860,11.860,4.000,0.020,5.080
2026-09-21T00:44:00Z,1.485,2.450,203.970,7657750528,8.940,8.940,1.000,0.010,3.062
2026-09-21T00:45:00Z,1.505,2.470,204.540,7657750528,12.710,12.710,1.000,0.020,2.333
2026-09-21T00:46:00Z,1.490,2.470,205.110,7657750528,10.140,10.140,1.000,0.010,3.300
2026-09-21T00:47:00Z,1.530,2.510,,,13.930,13.930,1.000,0.020,2.625
2026-09-21T00:48:00Z,1.510,2.460,205.965,7658799104,13.430,13.430,2.000,0.030,3.567
2026-09-21T00:49:00Z,1.425,2.370,206.820,7659847680,8.780,8.780,3.000,0.010,3.450
2026-09-21T00:50:00Z,1.470,2.410,207.390,7659847680,12.380,12.380,1.000,0.020,2.322
2026-09-21T00:51:00Z,1.575,2.550,207.960,7658799104,7.630,7.630,1.000,0.010,3.212
2026-09-21T00:52:00Z,0.550,0.550,,7658799104,12.910,12.910,2.000,0.020,2.272
2026-09-21T00:53:00Z,2.490,2.490,208.530,7658799104,11.080,11.080,1.000,0.020,3.380
2026-09-21T00:54:00Z,1.480,2.420,209.385,7658799104,7.130,7.130,2.000,0.010,2.885
2026-09-21T00:55:00Z,1.440,2.400,210.240,7658799104,5.960,5.960,1.000,0.010,1.900
2026-09-21T00:56:00Z,1.780,2.570,210.800,7657750528,42.850,42.850,1.000,0.110,1.580
2026-09-21T00:57:00Z,1.480,2.450,211.370,7657750528,9.300,9.300,1.000,0.010,13.867
2026-09-21T00:58:00Z,,,211.940,7658799104,9.350,9.350,1.000,0.010,2.445
2026-09-21T00:59:00Z,1.433,2.470,212.510,7658799104,6.280,6.280,1.000,0.010,2.440
2026-09-21T01:00:00Z,1.475,2.450,213.080,7658799104,16.810,16.810,0.000,0.030,1.688
2026-09-21T01:01:00Z,1.675,2.740,213.650,7656701952,27.070,27.070,2.000,0.060,4.312
2026-09-21T01:02:00Z,1.630,2.580,214.220,7657750528,23.640,23.640,3.000,0.040,6.890
2026-09-21T01:03:00Z,,,,7658799104,28.040,28.040,5.000,0.070,6.213
2026-09-21T01:04:00Z,1.627,2.610,215.075,7657750528,18.960,18.960,4.000,0.060,7.107
2026-09-21T01:05:00Z,1.450,2.420,215.930,7657750528,6.960,6.960,4.000,0.010,5.005
2026-09-21T01:06:00Z,1.525,2.570,216.500,7658799104,8.840,8.840,1.000,0.020,1.850
2026-09-21T01:07:00Z,1.520,2.490,217.070,7658799104,11.590,11.590,1.000,0.020,2.312
2026-09-21T01:08:00Z,1.525,2.460,217.640,7658799104,16.860,16.860,2.000,0.030,2.990
2026-09-21T01:09:00Z,1.555,2.560,218.210,7657750528,16.140,16.140,2.000,0.030,4.320
2026-09-21T01:10:00Z,1.595,2.530,218.780,7656701952,23.660,23.660,2.000,0.100,4.130
2026-09-21T01:11:00Z,1.590,2.640,219.350,7655653376,12.720,12.720,3.000,0.020,6.000
2026-09-21T01:12:00Z,,,219.920,,11.910,11.910,2.000,0.020,3.285
2026-09-21T01:13:00Z,1.585,2.520,,7652507648,31.140,31.140,1.000,1.050,3.305
2026-09-21T01:14:00Z,1.550,2.520,220.775,7652507648,17.000,17.000,5.000,0.030,7.902
2026-09-21T01:15:00Z,1.475,2.420,,7652507648,12.280,12.280,2.000,0.020,4.383
2026-09-21T01:16:00Z,1.450,2.390,221.915,7653556224,7.330,7.330,2.000,0.010,3.175
2026-09-21T01:17:00Z,,,,7653556224,12.460,12.460,1.000,0.020,1.927
2026-09-21T01:18:00Z,1.512,2.480,223.055,7652507648,13.930,13.930,2.000,0.030,3.217
2026-09-21T01:19:00Z,1.480,2.450,223.910,7651459072,12.200,12.200,1.000,0.020,3.755
2026-09-21T01:20:00Z,1.510,2.500,224.480,7652507648,8.980,8.980,2.000,0.010,3.178
2026-09-21T01:21:00Z,1.480,2.470,225.050,7652507648,7.500,7.500,1.000,0.010,2.373
2026-09-21T01:22:00Z,,,225.620,,6.500,6.500,1.000,0.010,1.985
2026-09-21T01:23:00Z,1.450,2.460,226.190,7652507648,8.040,8.040,1.000,0.010,1.907
2026-09-21T01:24:00Z,1.470,2.400,226.760,7652507648,10.980,10.980,0.000,0.020,2.145
2026-09-21T01:25:00Z,1.500,2.460,,7652507648,14.640,14.640,2.000,0.030,2.868
2026-09-21T01:26:00Z,1.470,2.440,227.615,7652507648,8.010,8.010,2.000,0.010,3.770
2026-09-21T01:27:00Z,1.450,2.350,228.470,7653556224,9.060,9.060,1.000,0.010,2.095
2026-09-21T01:28:00Z,1.465,2.420,229.040,7653556224,6.860,6.860,1.000,0.010,2.360
2026-09-21T01:29:00Z,1.455,2.390,229.610,7653556224,5.780,5.780,1.000,0.010,1.810
2026-09-21T01:30:00Z,1.500,2.460,230.180,,13.440,13.440,1.000,0.020,1.573
2026-09-21T01:31:00Z,1.575,2.520,230.750,7653556224,16.210,16.210,1.000,0.030,3.465
2026-09-21T01:32:00Z,,,,7654604800,14.560,14.560,2.000,0.030,4.160
2026-09-21T01:33:00Z,1.510,2.500,231.605,7655653376,9.040,9.040,2.000,0.020,3.942
2026-09-21T01:34:00Z,1.505,2.460,232.460,7654604800,10.290,10.290,1.000,0.020,2.353
2026-09-21T01:35:00Z,1.430,2.380,233.030,7653556224,5.180,5.180,2.000,0.010,2.913
2026-09-21T01:36:00Z,1.410,2.310,,7653556224,5.990,5.990,0.000,0.010,1.387
2026-09-21T01:37:00Z,1.415,2.320,233.885,7654604800,9.600,9.600,1.000,0.010,1.590
2026-09-21T01:38:00Z,1.380,2.310,234.740,7654604800,6.140,6.140,1.000,0.010,2.490
2026-09-21T01:39:00Z,1.415,2.340,235.310,7654604800,7.590,7.590,1.000,0.010,1.637
2026-09-21T01:40:00Z,2.255,3.460,235.870,7634681856,8.550,8.550,1.000,0.020,2.020
2026-09-21T01:41:00Z,1.480,2.480,236.440,7636779008,9.830,9.830,1.000,0.020,2.533
2026-09-21T01:42:00Z,,,,,9.580,9.580,1.000,0.010,2.630
2026-09-21T01:43:00Z,1.427,2.450,237.295,7637827584,6.960,6.960,2.000,0.010,2.725
2026-09-21T01:44:00Z,,,238.150,7638876160,6.310,6.310,0.000,0.010,1.845
2026-09-21T01:45:00Z,1.433,2.470,238.720,7638876160,5.130,5.130,1.000,0.000,1.700
2026-09-21T01:46:00Z,1.420,2.390,239.290,7638876160,4.160,4.160,0.000,0.000,1.397
2026-09-21T01:47:00Z,1.445,2.420,239.860,7639924736,6.810,6.810,0.000,0.010,1.137
2026-09-21T01:48:00Z,1.465,2.470,240.430,7639924736,9.890,9.890,1.000,0.020,1.800
2026-09-21T01:49:00Z,,,,,19.200,19.200,1.000,0.030,2.565
2026-09-21T01:50:00Z,1.500,2.490,241.285,7639924736,13.470,13.470,2.000,0.020,4.897
2026-09-21T01:51:00Z,1.600,2.600,242.140,7637827584,23.670,23.670,2.000,0.050,3.495
2026-09-21T01:52:00Z,1.560,2.540,242.710,7636779008,18.520,18.520,3.000,0.040,6.035
2026-09-21T01:53:00Z,1.510,2.460,243.280,7637827584,11.530,11.530,3.000,0.020,4.920
2026-09-21T01:54:00Z,1.485,2.460,243.850,7638876160,11.760,11.760,2.000,0.020,3.005
2026-09-21T01:55:00Z,1.470,2.420,244.420,7639924736,7.360,7.360,1.000,0.010,3.070
2026-09-21T01:56:00Z,,,,7639924736,8.530,8.530,1.000,0.020,1.935
2026-09-21T01:57:00Z,1.480,2.450,245.275,7640973312,10.480,10.480,1.000,0.020,2.225
2026-09-21T01:58:00Z,,,,7639924736,4.610,4.610,1.000,0.000,2.705
2026-09-21T01:59:00Z,1.425,2.380,246.415,7639924736,8.830,8.830,1.000,0.010,1.238
2026-09-21T02:00:00Z,1.500,2.460,247.270,7639924736,17.590,17.590,0.000,0.030,2.342
2026-09-21T02:01:00Z,1.615,2.590,247.840,7638876160,19.440,19.440,2.000,0.070,4.508
2026-09-21T02:02:00Z,1.495,2.410,248.410,7638876160,14.080,14.080,3.000,0.020,4.957
2026-09-21T02:03:00Z,1.540,2.500,248.980,7639924736,15.160,15.160,2.000,0.040,3.828
2026-09-21T02:04:00Z,1.505,2.460,249.550,7640973312,12.430,12.430,2.000,0.030,3.875
2026-09-21T02:05:00Z,1.435,2.360,250.120,7640973312,9.740,9.740,2.000,0.020,3.380
2026-09-21T02:06:00Z,,,,,10.830,10.830,1.000,0.030,2.558
2026-09-21T02:07:00Z,1.448,2.420,250.975,7640973312,11.180,11.180,1.000,0.070,2.800
2026-09-21T02:08:00Z,1.495,2.450,251.830,,12.480,12.480,1.000,0.020,2.888
2026-09-21T02:09:00Z,1.470,2.440,252.400,7640973312,6.390,6.390,2.000,0.010,3.225
2026-09-21T02:10:00Z,1.445,2.390,252.970,7643070464,6.780,6.780,1.000,0.010,1.715
2026-09-21T02:11:00Z,1.505,2.490,253.540,7643070464,8.990,8.990,1.000,0.010,1.798
2026-09-21T02:12:00Z,1.445,2.370,254.110,7643070464,8.160,8.160,1.000,0.010,2.337
2026-09-21T02:13:00Z,1.435,2.390,254.680,7644119040,7.410,7.410,1.000,0.010,2.337
2026-09-21T02:14:00Z,1.435,2.400,255.250,7644119040,6.080,6.080,1.000,0.010,1.968
2026-09-21T02:15:00Z,,,255.820,7645167616,6.510,6.510,1.000,0.010,1.655
2026-09-21T02:16:00Z,1.425,2.380,256.390,7646216192,6.010,6.010,1.000,0.010,1.730
2026-09-21T02:17:00Z,,,,,9.540,9.540,1.000,0.010,1.595
2026-09-21T02:18:00Z,1.472,2.480,256.960,7646216192,9.190,9.190,1.000,0.030,2.482
2026-09-21T02:19:00Z,1.440,2.380,257.815,7645167616,6.660,6.660,1.000,0.010,2.607
2026-09-21T02:20:00Z,1.480,2.410,258.670,7646216192,7.830,7.830,1.000,0.010,1.795
2026-09-21T02:21:00Z,1.500,2.480,259.240,7645167616,8.380,8.380,1.000,0.010,2.062
2026-09-21T02:22:00Z,1.375,2.270,259.810,7645167616,6.140,6.140,1.000,0.010,2.180
2026-09-21T02:23:00Z,1.400,2.330,260.380,7645167616,4.480,4.480,1.000,0.010,1.865
2026-09-21T02:24:00Z,1.425,2.380,260.950,7646216192,6.410,6.410,0.000,0.010,1.218
2026-09-21T02:25:00Z,1.440,2.390,261.520,7646216192,6.780,6.780,0.000,0.010,1.730
2026-09-21T02:26:00Z,1.455,2.350,262.090,7646216192,11.110,11.110,1.000,0.120,1.817
2026-09-21T02:27:00Z,1.415,2.350,262.660,7647264768,9.030,9.030,1.000,0.010,2.862
2026-09-21T02:28:00Z,1.420,2.360,263.230,7647264768,7.430,7.430,1.000,0.010,2.355
2026-09-21T02:29:00Z,1.455,2.420,263.800,7648313344,8.180,8.180,1.000,0.020,1.960
2026-09-21T02:30:00Z,1.410,2.370,264.370,7648313344,5.610,5.610,1.000,0.010,2.165
2026-09-21T02:31:00Z,1.565,2.450,264.940,7646216192,8.490,8.490,1.000,0.010,1.510
2026-09-21T02:32:00Z,1.515,2.520,265.510,7647264768,10.800,10.800,1.000,0.020,2.438
2026-09-21T02:33:00Z,,,266.080,7648313344,13.780,13.780,1.000,0.020,2.790
2026-09-21T02:34:00Z,1.520,2.520,266.650,7649361920,12.510,12.510,2.000,0.020,3.553
2026-09-21T02:35:00Z,1.405,2.360,267.220,7649361920,6.140,6.140,2.000,0.010,3.450
2026-09-21T02:36:00Z,1.475,2.440,267.790,7649361920,8.910,8.910,1.000,0.020,1.630
2026-09-21T02:37:00Z,1.410,2.340,,7649361920,6.380,6.380,1.000,0.010,2.325
2026-09-21T02:38:00Z,1.615,2.740,268.645,7645167616,7.290,7.290,1.000,0.010,1.680
2026-09-21T02:39:00Z,1.410,2.320,269.500,7645167616,6.630,6.630,0.000,0.010,2.382
2026-09-21T02:40:00Z,2.070,3.660,270.070,7624196096,3.010,3.010,1.000,0.000,2.180
2026-09-21T02:41:00Z,1.655,2.450,270.630,7631536128,7.530,7.530,1.000,0.010,0.875
2026-09-21T02:42:00Z,1.425,2.330,271.200,7631536128,7.750,7.750,1.000,0.010,2.330
2026-09-21T02:43:00Z,1.435,2.400,271.770,7631536128,7.230,7.230,1.000,0.010,2.283
2026-09-21T02:44:00Z,1.420,2.340,272.340,7632584704,6.440,6.440,0.000,0.010,1.900
2026-09-21T02:45:00Z,1.425,2.350,272.910,7632584704,5.160,5.160,1.000,0.010,1.740
2026-09-21T02:46:00Z,1.445,2.370,273.480,7633633280,7.800,7.800,1.000,0.010,1.405
2026-09-21T02:47:00Z,1.535,2.400,274.050,7634681856,19.020,19.020,1.000,0.040,2.045
2026-09-21T02:48:00Z,1.450,2.410,274.620,7633633280,7.330,7.330,2.000,0.010,4.853
2026-09-21T02:49:00Z,1.440,2.360,275.190,7633633280,9.090,9.090,1.000,0.020,1.948
2026-09-21T02:50:00Z,1.425,2.380,275.760,7633633280,4.810,4.810,1.000,0.000,2.357
2026-09-21T02:51:00Z,1.480,2.400,276.330,7632584704,12.140,12.140,0.000,0.020,1.295
2026-09-21T02:52:00Z,1.420,2.370,276.900,7633633280,9.340,9.340,2.000,0.020,3.127
2026-09-21T02:53:00Z,1.440,2.340,277.470,7633633280,7.030,7.030,0.000,0.010,2.620
2026-09-21T02:54:00Z,1.390,2.320,278.040,7634681856,2.550,2.550,2.000,0.000,1.897
2026-09-21T02:55:00Z,1.480,2.470,278.610,7634681856,12.540,12.540,0.000,0.020,0.733
2026-09-21T02:56:00Z,1.450,2.450,279.180,7635730432,4.360,4.360,1.000,0.000,3.225
2026-09-21T02:57:00Z,1.410,2.360,279.750,7635730432,5.050,5.050,1.000,0.010,1.292
2026-09-21T02:58:00Z,1.465,2.360,280.320,7635730432,10.330,10.330,0.000,0.020,1.373
2026-09-21T02:59:00Z,1.435,2.410,280.890,7636779008,9.260,9.260,1.000,0.010,2.705
2026-09-21T03:00:00Z,1.430,2.370,281.460,7636779008,6.930,6.930,1.000,0.010,2.417
2026-09-21T03:01:00Z,1.420,2.360,282.030,7635730432,5.040,5.040,1.000,0.010,1.830
2026-09-21T03:02:00Z,1.455,2.400,282.600,7635730432,8.690,8.690,1.000,0.020,1.345
2026-09-21T03:03:00Z,,,283.170,7636779008,6.480,6.480,1.000,0.010,2.470
2026-09-21T03:04:00Z,1.435,2.440,283.740,7636779008,6.110,6.110,0.000,0.010,1.738
2026-09-21T03:05:00Z,1.460,2.410,284.310,7637827584,10.280,10.280,1.000,0.020,1.782
2026-09-21T03:06:00Z,1.450,2.420,284.880,7637827584,7.730,7.730,1.000,0.010,2.660
2026-09-21T03:07:00Z,,,,,3.980,3.980,1.000,0.000,2.038
2026-09-21T03:08:00Z,1.445,2.450,285.735,7638876160,8.210,8.210,1.000,0.010,1.085
2026-09-21T03:09:00Z,1.390,2.310,286.590,7639924736,3.760,3.760,1.000,0.000,2.163
2026-09-21T03:10:00Z,1.445,2.390,287.160,7639924736,6.560,6.560,1.000,0.010,1.025
2026-09-21T03:11:00Z,1.445,2.390,287.730,7638876160,4.840,4.840,1.000,0.010,1.742
2026-09-21T03:12:00Z,1.390,2.310,288.300,7638876160,4.840,4.840,1.000,0.000,1.590
2026-09-21T03:13:00Z,1.390,2.310,288.870,7638876160,4.630,4.630,0.000,0.000,1.340
2026-09-21T03:14:00Z,1.415,2.380,289.440,7638876160,5.430,5.430,0.000,0.010,1.255
2026-09-21T03:15:00Z,1.420,2.370,290.010,7639924736,5.140,5.140,0.000,0.000,1.462
2026-09-21T03:16:00Z,1.440,2.360,290.580,7639924736,7.980,7.980,0.000,0.010,1.387
2026-09-21T03:17:00Z,1.385,2.330,291.150,7640973312,3.440,3.440,1.000,0.000,2.098
2026-09-21T03:18:00Z,1.515,2.390,291.720,7642021888,12.980,12.980,0.000,0.020,0.958
2026-09-21T03:19:00Z,1.420,2.340,292.290,7642021888,4.960,4.960,2.000,0.000,3.480
2026-09-21T03:20:00Z,1.430,2.280,292.860,7642021888,10.410,10.410,1.000,0.020,1.370
2026-09-21T03:21:00Z,1.470,2.460,293.430,7639924736,5.190,5.190,1.000,0.010,2.692
2026-09-21T03:22:00Z,,,294.000,,6.280,6.280,0.000,0.010,1.413
2026-09-21T03:23:00Z,1.417,2.380,294.570,7640973312,6.000,6.000,1.000,0.010,1.847
2026-09-21T03:24:00Z,,,,,5.960,5.960,0.000,0.010,1.603
2026-09-21T03:25:00Z,1.417,2.400,295.425,7640973312,2.750,2.750,0.000,0.000,1.600
2026-09-21T03:26:00Z,1.410,2.340,296.280,7642021888,5.280,5.280,1.000,0.010,0.782
2026-09-21T03:27:00Z,1.380,2.320,296.850,7642021888,1.760,1.760,0.000,0.000,1.405
2026-09-21T03:28:00Z,1.400,2.310,297.420,7643070464,6.060,6.060,0.000,0.010,0.525
2026-09-21T03:29:00Z,1.445,2.370,297.990,7643070464,7.180,7.180,0.000,0.010,1.607
2026-09-21T03:30:00Z,1.450,2.370,298.560,7643070464,11.460,11.460,0.000,0.030,1.910
2026-09-21T03:31:00Z,1.510,2.470,299.130,7642021888,11.450,11.450,1.000,0.020,2.947
2026-09-21T03:32:00Z,1.420,2.360,,,5.960,5.960,1.000,0.010,2.958
2026-09-21T03:33:00Z,1.550,2.590,299.985,7639924736,5.340,5.340,1.000,0.010,1.775
2026-09-21T03:34:00Z,,,300.840,7639924736,8.180,8.180,1.000,0.010,1.445
2026-09-21T03:35:00Z,1.420,2.350,301.410,7639924736,6.050,6.050,1.000,0.010,2.473
2026-09-21T03:36:00Z,1.445,2.390,301.980,7639924736,8.080,8.080,1.000,0.010,1.660
2026-09-21T03:37:00Z,1.440,2.340,302.550,7639924736,7.330,7.330,1.000,0.010,2.118
2026-09-21T03:38:00Z,1.405,2.310,,7640973312,5.530,5.530,1.000,0.010,1.927
2026-09-21T03:39:00Z,1.425,2.340,303.405,7640973312,6.090,6.090,1.000,0.010,1.500
2026-09-21T03:40:00Z,1.395,2.340,304.260,7642021888,2.850,2.850,1.000,0.000,1.625
2026-09-21T03:41:00Z,2.255,2.330,304.820,7639924736,1.780,1.780,0.000,0.000,0.810
2026-09-21T03:42:00Z,1.370,2.290,,7638876160,3.410,3.410,0.000,0.000,0.880
2026-09-21T03:43:00Z,,,305.675,7639924736,2.340,2.340,0.000,0.000,1.000
2026-09-21T03:44:00Z,1.385,2.320,,,2.830,2.830,0.000,0.000,0.700
2026-09-21T03:45:00Z,1.367,2.290,306.815,7639924736,3.130,3.130,0.000,0.000,0.812
2026-09-21T03:46:00Z,1.425,2.380,307.670,7639924736,8.360,8.360,0.000,0.010,0.868
2026-09-21T03:47:00Z,1.395,2.290,308.240,7640973312,8.280,8.280,0.000,0.010,2.195
2026-09-21T03:48:00Z,1.400,2.370,308.810,7642021888,3.160,3.160,2.000,0.000,2.167
2026-09-21T03:49:00Z,1.400,2.330,309.380,7642021888,6.330,6.330,0.000,0.010,0.887
2026-09-21T03:50:00Z,1.430,2.390,309.950,7640973312,7.740,7.740,0.000,0.010,1.698
2026-09-21T03:51:00Z,1.455,2.420,310.520,7639924736,6.310,6.310,1.000,0.010,2.025
2026-09-21T03:52:00Z,1.395,2.320,311.090,,5.480,5.480,1.000,0.000,1.680
2026-09-21T03:53:00Z,0.480,0.480,,7639924736,4.400,4.400,0.000,0.000,1.655
2026-09-21T03:54:00Z,1.693,2.330,311.945,7639924736,5.010,5.010,1.000,0.000,1.222
2026-09-21T03:55:00Z,1.345,2.230,312.800,7639924736,3.160,3.160,0.000,0.000,1.343
2026-09-21T03:56:00Z,1.385,2.350,313.370,7639924736,3.980,3.980,0.000,0.000,0.875
2026-09-21T03:57:00Z,1.415,2.380,313.940,7640973312,7.440,7.440,0.000,0.010,1.087
2026-09-21T03:58:00Z,,,,7640973312,4.580,4.580,1.000,0.010,1.950
2026-09-21T03:59:00Z,1.390,2.370,314.795,7640973312,3.580,3.580,1.000,0.000,1.262
2026-09-21T04:00:00Z,1.365,2.310,315.650,7640973312,3.790,3.790,0.000,0.000,0.990
2026-09-21T04:01:00Z,1.465,2.460,316.220,7640973312,6.240,6.240,0.000,0.010,1.032
2026-09-21T04:02:00Z,1.405,2.340,316.790,7639924736,6.380,6.380,0.000,0.010,1.633
2026-09-21T04:03:00Z,,,,7639924736,4.430,4.430,1.000,0.000,1.887
2026-09-21T04:04:00Z,1.403,2.380,317.645,7639924736,4.310,4.310,0.000,0.010,1.205
2026-09-21T04:05:00Z,1.415,2.350,318.500,7639924736,6.850,6.850,0.000,0.010,1.317
2026-09-21T04:06:00Z,,,319.070,7638876160,6.110,6.110,0.000,0.010,1.823
2026-09-21T04:07:00Z,1.410,2.360,,,6.480,6.480,1.000,0.010,1.637
2026-09-21T04:08:00Z,1.410,2.350,319.925,7638876160,9.830,9.830,1.000,0.020,1.722
2026-09-21T04:09:00Z,1.395,2.300,320.780,7639924736,11.540,11.540,1.000,0.020,2.555
2026-09-21T04:10:00Z,1.395,2.280,321.350,7639924736,6.310,6.310,1.000,0.010,2.995
2026-09-21T04:11:00Z,1.380,2.290,321.920,7639924736,3.730,3.730,1.000,0.000,1.675
2026-09-21T04:12:00Z,,,,7639924736,5.130,5.130,0.000,0.000,1.030
2026-09-21T04:13:00Z,1.442,2.430,322.775,7639924736,5.700,5.700,0.000,0.010,1.573
2026-09-21T04:14:00Z,1.475,2.420,323.630,7639924736,8.290,8.290,1.000,0.010,1.552
2026-09-21T04:15:00Z,1.415,2.360,,7639924736,2.610,2.610,1.000,0.000,2.178
2026-09-21T04:16:00Z,1.415,2.340,324.485,7640973312,6.240,6.240,0.000,0.010,0.750
2026-09-21T04:17:00Z,1.370,2.300,325.340,7639924736,2.980,2.980,0.000,0.000,1.653
2026-09-21T04:18:00Z,1.395,2.250,325.910,7639924736,8.130,8.130,0.000,0.010,0.848
2026-09-21T04:19:00Z,1.395,2.320,326.480,7639924736,5.310,5.310,1.000,0.000,2.292
2026-09-21T04:20:00Z,,,,,4.810,4.810,0.000,0.000,1.450
2026-09-21T04:21:00Z,1.445,2.460,327.335,7638876160,8.190,8.190,1.000,0.010,1.295
2026-09-21T04:22:00Z,,,328.190,7638876160,5.040,5.040,0.000,0.000,2.132
2026-09-21T04:23:00Z,1.400,2.360,328.760,7638876160,4.490,4.490,1.000,0.000,1.558
2026-09-21T04:24:00Z,1.330,2.220,329.330,7638876160,3.440,3.440,1.000,0.000,1.220
2026-09-21T04:25:00Z,,,,,5.830,5.830,0.000,0.010,0.975
2026-09-21T04:26:00Z,1.367,2.240,330.185,7638876160,6.810,6.810,1.000,0.010,1.555
2026-09-21T04:27:00Z,1.440,2.270,331.040,7637827584,4.390,4.390,0.000,0.000,1.798
2026-09-21T04:28:00Z,,,,,3.560,3.560,0.000,0.000,1.383
2026-09-21T04:29:00Z,1.345,2.280,331.895,7637827584,1.900,1.900,0.000,0.000,0.988
2026-09-21T04:30:00Z,1.335,2.230,332.750,7637827584,2.980,2.980,0.000,0.000,0.578
2026-09-21T04:31:00Z,1.410,2.350,333.320,7637827584,6.650,6.650,0.000,0.010,0.843
2026-09-21T04:32:00Z,1.370,2.250,333.890,7638876160,7.210,7.210,0.000,0.010,1.765
2026-09-21T04:33:00Z,,,334.460,,2.150,2.150,1.000,0.000,2.125
2026-09-21T04:34:00Z,1.345,2.280,335.030,7638876160,1.300,1.300,0.000,0.000,0.647
2026-09-21T04:35:00Z,1.350,2.270,335.600,7638876160,2.240,2.240,0.000,0.000,0.610
2026-09-21T04:36:00Z,1.360,2.270,,7637827584,4.610,4.610,0.000,0.000,0.695
2026-09-21T04:37:00Z,0.480,0.480,336.455,7638876160,5.560,5.560,0.000,0.010,1.255
2026-09-21T04:38:00Z,1.670,2.290,337.310,7638876160,3.130,3.130,1.000,0.000,1.480
2026-09-21T04:39:00Z,0.480,0.480,337.880,7638876160,3.140,3.140,0.000,0.000,0.905
2026-09-21T04:40:00Z,1.640,2.270,338.450,7638876160,3.080,3.080,0.000,0.000,0.877
2026-09-21T04:41:00Z,2.260,3.470,339.010,7621050368,4.410,4.410,0.000,0.010,0.855
2026-09-21T04:42:00Z,,,,,6.990,6.990,0.000,0.010,1.555
2026-09-21T04:43:00Z,1.413,2.360,339.580,7627341824,1.810,1.810,1.000,0.000,1.853
2026-09-21T04:44:00Z,0.440,0.440,340.435,7627341824,1.480,1.480,0.000,0.000,0.600
2026-09-21T04:45:00Z,1.667,2.310,341.290,7627341824,5.160,5.160,0.000,0.010,0.492
2026-09-21T04:46:00Z,,,341.860,7627341824,2.700,2.700,0.000,0.000,1.393
2026-09-21T04:47:00Z,1.393,2.320,342.430,7628390400,4.390,4.390,0.000,0.010,0.770
2026-09-21T04:48:00Z,1.420,2.370,343.000,7628390400,3.410,3.410,0.000,0.000,1.195
2026-09-21T04:49:00Z,1.385,2.320,343.570,7628390400,2.680,2.680,0.000,0.000,0.943
2026-09-21T04:50:00Z,,,,,3.440,3.440,0.000,0.000,0.775
2026-09-21T04:51:00Z,1.395,2.360,344.425,7628390400,3.030,3.030,0.000,0.000,0.963
2026-09-21T04:52:00Z,1.400,2.320,345.280,7628390400,2.580,2.580,0.000,0.000,0.863
2026-09-21T04:53:00Z,,,345.850,,3.730,3.730,0.000,0.000,0.935
2026-09-21T04:54:00Z,1.393,2.320,346.420,7628390400,2.990,2.990,0.000,0.000,1.035
2026-09-21T04:55:00Z,,,,,4.550,4.550,0.000,0.010,0.865
2026-09-21T04:56:00Z,1.423,2.370,347.275,7628390400,5.890,5.890,0.000,0.010,1.240
2026-09-21T04:57:00Z,1.405,2.340,348.130,7628390400,4.090,4.090,0.000,0.000,1.565
2026-09-21T04:58:00Z,,,,,2.810,2.810,1.000,0.000,1.115
2026-09-21T04:59:00Z,1.425,2.400,348.985,7628390400,4.210,4.210,0.000,0.010,0.818
2026-09-21T05:00:00Z,1.420,2.340,,,6.490,6.490,0.000,0.010,1.145
2026-09-21T05:01:00Z,1.520,2.530,350.125,7628390400,8.110,8.110,1.000,0.020,1.720
2026-09-21T05:02:00Z,1.425,2.370,350.980,7629438976,3.780,3.780,1.000,0.000,2.118
2026-09-21T05:03:00Z,1.450,2.420,351.550,7630487552,4.350,4.350,1.000,0.010,1.238
2026-09-21T05:04:00Z,1.500,2.500,352.120,7630487552,6.060,6.060,0.000,0.010,1.190
2026-09-21T05:05:00Z,1.380,2.290,352.690,7630487552,3.660,3.660,1.000,0.000,1.857
2026-09-21T05:06:00Z,1.390,2.310,353.260,7631536128,5.380,5.380,0.000,0.010,1.042
2026-09-21T05:07:00Z,1.370,2.270,353.830,7630487552,3.350,3.350,0.000,0.000,1.448
2026-09-21T05:08:00Z,1.385,2.340,354.400,7630487552,3.230,3.230,0.000,0.000,0.932
2026-09-21T05:09:00Z,1.390,2.310,354.970,7630487552,5.530,5.530,0.000,0.010,0.912
2026-09-21T05:10:00Z,1.335,2.220,355.540,7630487552,3.960,3.960,0.000,0.000,1.475
2026-09-21T05:11:00Z,1.435,2.420,356.110,7630487552,4.590,4.590,0.000,0.000,1.080
2026-09-21T05:12:00Z,1.405,2.340,356.680,7630487552,4.760,4.760,0.000,0.010,1.240
2026-09-21T05:13:00Z,1.380,2.330,,,1.430,1.430,1.000,0.000,1.480
2026-09-21T05:14:00Z,1.385,2.310,357.535,7630487552,5.760,5.760,0.000,0.010,0.455
2026-09-21T05:15:00Z,1.425,2.410,358.390,7631536128,4.490,4.490,0.000,0.000,1.545
2026-09-21T05:16:00Z,1.375,2.300,358.960,7631536128,4.800,4.800,0.000,0.010,1.220
2026-09-21T05:17:00Z,1.405,2.380,359.530,7631536128,4.310,4.310,1.000,0.010,1.298
2026-09-21T05:18:00Z,1.445,2.380,360.100,7631536128,8.290,8.290,0.000,0.010,1.175
2026-09-21T05:19:00Z,1.450,2.390,360.670,7631536128,7.030,7.030,1.000,0.010,2.340
2026-09-21T05:20:00Z,1.435,2.410,361.240,7631536128,7.230,7.230,1.000,0.010,1.885
2026-09-21T05:21:00Z,1.430,2.420,361.810,7630487552,4.940,4.940,0.000,0.000,1.897
2026-09-21T05:22:00Z,1.430,2.370,362.380,7630487552,7.110,7.110,1.000,0.010,1.337
2026-09-21T05:23:00Z,1.400,2.350,362.950,7630487552,4.280,4.280,1.000,0.000,2.087
2026-09-21T05:24:00Z,,,363.520,,5.860,5.860,0.000,0.010,1.163
2026-09-21T05:25:00Z,1.400,2.320,364.090,7630487552,3.490,3.490,1.000,0.000,1.580
2026-09-21T05:26:00Z,1.425,2.410,364.660,7630487552,5.030,5.030,0.000,0.010,0.965
2026-09-21T05:27:00Z,1.405,2.340,365.230,7630487552,4.640,4.640,0.000,0.010,1.323
2026-09-21T05:28:00Z,1.365,2.260,365.800,7631536128,4.130,4.130,0.000,0.010,1.258
2026-09-21T05:29:00Z,1.365,2.300,366.370,7631536128,2.240,2.240,0.000,0.000,1.123
2026-09-21T05:30:00Z,1.360,2.210,366.940,7631536128,7.540,7.540,0.000,0.010,0.670
2026-09-21T05:31:00Z,1.475,2.470,367.510,7632584704,8.030,8.030,1.000,0.010,1.978
2026-09-21T05:32:00Z,1.420,2.340,368.080,7632584704,11.920,11.920,0.000,0.050,2.098
2026-09-21T05:33:00Z,,,,,10.350,10.350,1.000,0.020,3.272
2026-09-21T05:34:00Z,1.488,2.460,368.935,7632584704,13.760,13.760,2.000,0.020,2.678
2026-09-21T05:35:00Z,1.405,2.310,369.790,7634681856,6.480,6.480,2.000,0.010,3.685
2026-09-21T05:36:00Z,1.420,2.340,370.360,7634681856,5.310,5.310,1.000,0.010,1.775
2026-09-21T05:37:00Z,,,,,10.500,10.500,1.000,0.020,1.433
2026-09-21T05:38:00Z,1.488,2.520,371.215,7633633280,12.440,12.440,1.000,0.030,2.728
2026-09-21T05:39:00Z,,,372.070,7633633280,6.560,6.560,1.000,0.010,3.225
2026-09-21T05:40:00Z,1.488,2.420,372.640,7633633280,14.730,14.730,2.000,0.030,1.730
2026-09-21T05:41:00Z,2.175,3.800,373.200,7611613184,10.650,10.650,2.000,0.020,3.780
2026-09-21T05:42:00Z,1.685,2.400,373.760,7620001792,17.070,17.070,1.000,0.030,2.757
2026-09-21T05:43:00Z,1.470,2.380,374.330,7620001792,10.330,10.330,3.000,0.010,4.702
2026-09-21T05:44:00Z,1.405,2.310,374.900,7621050368,6.260,6.260,2.000,0.010,2.750
2026-09-21T05:45:00Z,1.435,2.340,375.470,7621050368,8.190,8.190,1.000,0.010,1.657
2026-09-21T05:46:00Z,,,376.040,7622098944,5.980,5.980,1.000,0.010,2.138
2026-09-21T05:47:00Z,1.407,2.330,376.610,7622098944,6.040,6.040,1.000,0.010,1.585
2026-09-21T05:48:00Z,1.405,2.320,377.180,7623147520,5.430,5.430,0.000,0.010,1.603
2026-09-21T05:49:00Z,1.450,2.410,377.750,7623147520,9.200,9.200,1.000,0.010,1.468
2026-09-21T05:50:00Z,1.480,2.430,378.320,7623147520,10.550,10.550,0.000,0.020,2.397
2026-09-21T05:51:00Z,1.455,2.420,378.890,7621050368,6.810,6.810,2.000,0.010,2.723
2026-09-21T05:52:00Z,,,,,7.490,7.490,1.000,0.010,1.805
2026-09-21T05:53:00Z,1.417,2.370,379.745,7621050368,3.410,3.410,1.000,0.000,2.183
2026-09-21T05:54:00Z,1.415,2.360,380.600,7621050368,7.340,7.340,0.000,0.010,0.943
2026-09-21T05:55:00Z,1.410,2.340,381.170,7622098944,5.910,5.910,0.000,0.010,1.945
2026-09-21T05:56:00Z,1.410,2.370,381.740,7622098944,4.800,4.800,1.000,0.010,1.570
2026-09-21T05:57:00Z,1.455,2.440,382.310,7623147520,6.780,6.780,0.000,0.010,1.308
2026-09-21T05:58:00Z,1.410,2.370,382.880,7622098944,5.960,5.960,1.000,0.010,1.798
2026-09-21T05:59:00Z,,,383.450,,3.880,3.880,1.000,0.010,1.575
2026-09-21T06:00:00Z,1.335,2.230,384.020,7622098944,3.890,3.890,1.000,0.000,1.080
2026-09-21T06:01:00Z,0.550,0.550,384.590,7621050368,15.910,15.910,0.000,0.070,1.065
2026-09-21T06:02:00Z,1.840,2.510,385.160,7622098944,14.960,14.960,1.000,0.030,4.080
2026-09-21T06:03:00Z,,,385.730,,11.670,11.670,3.000,0.020,4.062
2026-09-21T06:04:00Z,1.460,2.420,386.300,7623147520,9.360,9.360,2.000,0.020,3.022
2026-09-21T06:05:00Z,1.435,2.380,386.870,7624196096,9.140,9.140,1.000,0.020,2.575
2026-09-21T06:06:00Z,1.505,2.430,387.440,7624196096,14.330,14.330,1.000,0.030,2.370
2026-09-21T06:07:00Z,1.460,2.410,388.010,7624196096,8.060,8.060,2.000,0.010,3.685
2026-09-21T06:08:00Z,1.435,2.360,388.580,7625244672,6.800,6.800,1.000,0.010,2.107
2026-09-21T06:09:00Z,1.435,2.360,389.150,7625244672,9.740,9.740,1.000,0.020,1.810
2026-09-21T06:10:00Z,1.435,2.360,389.720,7624196096,7.880,7.880,1.000,0.020,2.507
2026-09-21T06:11:00Z,1.495,2.470,390.290,7623147520,9.630,9.630,1.000,0.020,2.080
2026-09-21T06:12:00Z,1.415,2.350,,,5.560,5.560,1.000,0.010,2.505
2026-09-21T06:13:00Z,1.580,2.480,391.145,7624196096,27.740,27.740,1.000,0.250,1.705
2026-09-21T06:14:00Z,,,,,17.290,17.290,3.000,0.050,7.027
2026-09-21T06:15:00Z,1.485,2.330,392.000,7626293248,13.790,13.790,3.000,0.030,4.438
2026-09-21T06:16:00Z,1.472,2.360,392.855,7627341824,8.760,8.760,2.000,0.020,3.540
2026-09-21T06:17:00Z,1.485,2.440,393.710,7628390400,10.410,10.410,1.000,0.020,2.295
2026-09-21T06:18:00Z,1.530,2.480,394.280,7629438976,14.590,14.590,1.000,0.030,2.700
2026-09-21T06:19:00Z,1.440,2.330,394.850,7630487552,9.790,9.790,2.000,0.020,3.908
2026-09-21T06:20:00Z,1.545,2.490,395.420,7630487552,19.990,19.990,2.000,0.050,2.583
2026-09-21T06:21:00Z,1.475,2.370,395.990,7629438976,13.310,13.310,2.000,0.020,5.088
2026-09-21T06:22:00Z,1.405,2.290,396.560,7629438976,9.380,9.380,3.000,0.010,3.413
2026-09-21T06:23:00Z,,,397.130,7630487552,14.260,14.260,1.000,0.020,2.650
2026-09-21T06:24:00Z,1.500,2.450,397.700,7629438976,14.910,14.910,2.000,0.060,3.667
2026-09-21T06:25:00Z,1.420,2.330,398.270,7629438976,6.100,6.100,2.000,0.010,3.842
2026-09-21T06:26:00Z,1.575,2.440,,7629438976,15.660,15.660,1.000,0.080,1.620
2026-09-21T06:27:00Z,1.435,2.370,399.125,7630487552,11.380,11.380,2.000,0.020,4.168
2026-09-21T06:28:00Z,0.540,0.540,399.980,7630487552,9.090,9.090,2.000,0.010,2.960
2026-09-21T06:29:00Z,1.770,2.430,400.550,7630487552,8.140,8.140,2.000,0.010,2.357
2026-09-21T06:30:00Z,1.465,2.350,401.120,7631536128,14.730,14.730,1.000,0.030,2.145
2026-09-21T06:31:00Z,1.495,2.450,401.690,7629438976,9.260,9.260,2.000,0.010,3.760
2026-09-21T06:32:00Z,1.430,2.340,402.260,7630487552,7.430,7.430,1.000,0.010,2.607
2026-09-21T06:33:00Z,1.470,2.410,402.830,7630487552,8.590,8.590,1.000,0.020,1.962
2026-09-21T06:34:00Z,1.430,2.360,403.400,,10.210,10.210,1.000,0.020,2.237
2026-09-21T06:35:00Z,1.440,2.410,403.970,7629438976,7.630,7.630,1.000,0.010,2.942
2026-09-21T06:36:00Z,1.480,2.430,404.540,7630487552,12.610,12.610,1.000,0.030,2.072
2026-09-21T06:37:00Z,1.445,2.400,,,10.750,10.750,2.000,0.020,3.255
2026-09-21T06:38:00Z,,,405.395,7630487552,9.230,9.230,1.000,0.010,2.783
2026-09-21T06:39:00Z,1.465,2.460,406.250,7629438976,9.510,9.510,2.000,0.010,2.397
2026-09-21T06:40:00Z,,,406.820,,10.730,10.730,0.000,0.020,2.493
2026-09-21T06:41:00Z,1.480,2.520,407.390,7628390400,10.930,10.930,2.000,0.020,2.785
2026-09-21T06:42:00Z,,,,7625244672,8.950,8.950,1.000,0.030,2.837
2026-09-21T06:43:00Z,2.250,2.320,408.235,7625244672,7.800,7.800,2.000,0.010,2.672
2026-09-21T06:44:00Z,1.413,2.400,409.090,7626293248,3.440,3.440,0.000,0.000,2.328
2026-09-21T06:45:00Z,1.445,2.450,409.660,7626293248,5.760,5.760,1.000,0.010,0.970
2026-09-21T06:46:00Z,,,410.230,7627341824,9.560,9.560,0.000,0.020,1.538
2026-09-21T06:47:00Z,1.470,2.450,410.800,7627341824,12.190,12.190,1.000,0.020,2.493
2026-09-21T06:48:00Z,1.510,2.410,411.370,7627341824,7.280,7.280,1.000,0.010,3.145
2026-09-21T06:49:00Z,1.475,2.360,411.940,7628390400,12.470,12.470,1.000,0.020,2.130
2026-09-21T06:50:00Z,,,412.510,7628390400,9.240,9.240,2.000,0.020,3.240
2026-09-21T06:51:00Z,1.455,2.410,413.080,7628390400,9.660,9.660,1.000,0.020,2.408
2026-09-21T06:52:00Z,1.430,2.340,413.650,7628390400,8.240,8.240,1.000,0.010,2.525
2026-09-21T06:53:00Z,1.525,2.340,414.220,7629438976,19.340,19.340,1.000,0.080,2.333
2026-09-21T06:54:00Z,1.470,2.450,414.790,7628390400,8.460,8.460,3.000,0.010,4.933
2026-09-21T06:55:00Z,1.475,2.410,415.360,7629438976,10.290,10.290,1.000,0.020,2.225
2026-09-21T06:56:00Z,1.375,2.300,415.930,7629438976,4.230,4.230,2.000,0.000,2.675
2026-09-21T06:57:00Z,1.445,2.380,416.500,7629438976,9.680,9.680,0.000,0.020,1.155
2026-09-21T06:58:00Z,,,,7629438976,6.060,6.060,1.000,0.010,2.510
2026-09-21T06:59:00Z,1.433,2.370,417.355,7629438976,8.240,8.240,1.000,0.010,1.630
2026-09-21T07:00:00Z,1.500,2.440,418.210,,14.490,14.490,1.000,0.040,2.152
2026-09-21T07:01:00Z,2.020,3.130,418.770,7624196096,70.670,70.670,1.000,3.220,3.712
2026-09-21T07:02:00Z,,,,7625244672,22.890,22.890,5.000,0.040,17.760
2026-09-21T07:03:00Z,1.627,2.760,419.625,7626293248,27.440,27.440,10.000,0.060,6.020
2026-09-21T07:04:00Z,1.640,2.490,420.480,7627341824,30.960,30.960,3.000,0.080,6.950
2026-09-21T07:05:00Z,1.770,2.660,421.040,7625244672,50.070,50.070,7.000,0.650,7.975
2026-09-21T07:06:00Z,1.765,2.630,421.600,7625244672,43.460,43.460,7.000,0.100,12.640
2026-09-21T07:07:00Z,1.615,2.530,422.170,7625244672,26.330,26.330,8.000,0.060,10.957
2026-09-21T07:08:00Z,1.620,2.570,,7625244672,23.730,23.730,5.000,0.050,6.673
2026-09-21T07:09:00Z,1.540,2.480,423.025,7625244672,19.780,19.780,4.000,0.040,6.037
2026-09-21T07:10:00Z,1.690,2.710,423.880,7625244672,29.710,29.710,3.000,0.140,5.040
2026-09-21T07:11:00Z,,,,,25.590,25.590,3.000,0.070,7.537
2026-09-21T07:12:00Z,1.643,2.590,424.735,7624196096,32.590,32.590,5.000,0.090,6.490
2026-09-21T07:13:00Z,1.555,2.460,425.590,7625244672,21.940,21.940,5.000,0.070,8.440
2026-09-21T07:14:00Z,1.535,2.410,426.160,7626293248,21.120,21.120,4.000,0.120,5.600
2026-09-21T07:15:00Z,1.565,2.570,426.730,7625244672,15.840,15.840,4.000,0.030,5.370
2026-09-21T07:16:00Z,1.545,2.420,427.300,7625244672,20.960,20.960,2.000,0.040,4.058
2026-09-21T07:17:00Z,1.545,2.530,427.870,7624196096,16.810,16.810,4.000,0.050,5.330
2026-09-21T07:18:00Z,1.535,2.530,428.440,7623147520,12.990,12.990,2.000,0.020,4.295
2026-09-21T07:19:00Z,0.640,0.640,429.010,7623147520,19.890,19.890,2.000,0.040,3.520
2026-09-21T07:20:00Z,1.823,2.480,429.580,7623147520,12.340,12.340,3.000,0.020,5.090
2026-09-21T07:21:00Z,1.565,2.560,430.150,7623147520,16.590,16.590,2.000,0.030,3.178
2026-09-21T07:22:00Z,,,,,11.710,11.710,2.000,0.020,4.245
2026-09-21T07:23:00Z,1.490,2.510,431.005,7622098944,16.560,16.560,2.000,0.030,3.217
2026-09-21T07:24:00Z,1.535,2.490,431.860,7623147520,20.680,20.680,1.000,0.050,4.237
2026-09-21T07:25:00Z,1.545,2.530,432.430,7623147520,18.710,18.710,3.000,0.040,5.277
2026-09-21T07:26:00Z,1.535,2.470,433.000,7623147520,18.370,18.370,3.000,0.030,4.780
2026-09-21T07:27:00Z,1.480,2.430,433.570,7624196096,14.560,14.560,3.000,0.040,4.683
2026-09-21T07:28:00Z,1.520,2.460,434.140,7624196096,15.240,15.240,2.000,0.030,3.732
2026-09-21T07:29:00Z,1.515,2.470,434.710,7624196096,15.310,15.310,2.000,0.030,3.895
2026-09-21T07:30:00Z,1.550,2.490,435.280,7624196096,19.260,19.260,2.000,0.040,3.933
2026-09-21T07:31:00Z,1.595,2.610,435.850,7623147520,20.210,20.210,3.000,0.040,4.918
2026-09-21T07:32:00Z,1.460,2.440,436.420,7623147520,10.910,10.910,3.000,0.020,5.155
2026-09-21T07:33:00Z,1.600,2.600,436.990,,20.550,20.550,2.000,0.040,3.013
2026-09-21T07:34:00Z,1.640,2.550,437.560,7624196096,28.890,28.890,3.000,0.060,5.245
2026-09-21T07:35:00Z,0.580,0.580,438.130,,16.240,16.240,4.000,0.030,7.620
2026-09-21T07:36:00Z,1.837,2.450,438.700,7623147520,15.970,15.970,3.000,0.030,4.183
2026-09-21T07:37:00Z,,,439.270,7623147520,15.340,15.340,3.000,0.030,4.085
2026-09-21T07:38:00Z,1.197,2.510,439.840,7623147520,10.510,10.510,2.000,0.020,3.920
2026-09-21T07:39:00Z,2.350,2.350,,7624196096,17.960,17.960,2.000,0.040,2.735
2026-09-21T07:40:00Z,1.538,2.500,440.695,7624196096,14.980,14.980,2.000,0.050,4.593
2026-09-21T07:41:00Z,1.540,2.490,441.550,7622098944,16.660,16.660,2.000,0.030,3.840
2026-09-21T07:42:00Z,,,,,12.330,12.330,3.000,0.020,4.263
2026-09-21T07:43:00Z,1.960,3.700,442.385,7611613184,22.150,22.150,2.000,0.290,3.375
2026-09-21T07:44:00Z,1.480,2.370,443.240,7615807488,17.210,17.210,3.000,0.040,5.982
2026-09-21T07:45:00Z,1.530,2.500,443.810,7616856064,18.860,18.860,3.000,0.060,4.400
2026-09-21T07:46:00Z,1.470,2.380,444.380,7616856064,12.460,12.460,2.000,0.030,4.820
2026-09-21T07:47:00Z,1.480,2.420,444.950,7617904640,10.740,10.740,2.000,0.020,3.212
2026-09-21T07:48:00Z,0.700,0.700,445.520,7618953216,21.020,21.020,2.000,0.050,2.783
2026-09-21T07:49:00Z,1.767,2.400,446.090,7618953216,8.810,8.810,3.000,0.020,5.370
2026-09-21T07:50:00Z,1.550,2.520,446.660,7620001792,14.550,14.550,1.000,0.030,2.305
2026-09-21T07:51:00Z,1.530,2.500,447.230,7620001792,12.430,12.430,2.000,0.030,3.745
2026-09-21T07:52:00Z,1.550,2.460,447.800,7621050368,17.110,17.110,2.000,0.060,3.428
2026-09-21T07:53:00Z,1.495,2.420,448.370,7621050368,15.390,15.390,3.000,0.030,4.570
2026-09-21T07:54:00Z,1.540,2.500,448.940,7622098944,19.330,19.330,2.000,0.040,3.953
2026-09-21T07:55:00Z,1.485,2.440,449.510,7621050368,14.390,14.390,2.000,0.040,4.923
2026-09-21T07:56:00Z,1.510,2.370,450.080,7618953216,20.980,20.980,2.000,0.060,3.690
2026-09-21T07:57:00Z,1.510,2.400,450.650,7612661760,19.510,19.510,3.000,0.040,5.335
2026-09-21T07:58:00Z,,,451.220,7613710336,13.510,13.510,3.000,0.030,4.982
2026-09-21T07:59:00Z,1.498,2.440,451.790,7614758912,15.730,15.730,3.000,0.030,3.487
2026-09-21T08:00:00Z,1.500,2.480,452.360,7614758912,13.460,13.460,2.000,0.030,4.027
2026-09-21T08:01:00Z,1.745,2.700,452.930,7615807488,35.630,35.630,2.000,0.140,3.462
2026-09-21T08:02:00Z,1.645,2.640,453.500,7617904640,25.250,25.250,5.000,0.060,9.005
2026-09-21T08:03:00Z,1.630,2.660,454.070,7617904640,39.430,39.430,5.000,0.840,6.622
2026-09-21T08:04:00Z,1.620,2.590,454.640,7618953216,29.430,29.430,6.000,0.100,9.965
2026-09-21T08:05:00Z,1.595,2.520,455.210,7618953216,27.660,27.660,5.000,0.060,7.468
2026-09-21T08:06:00Z,1.605,2.650,455.780,7618953216,23.930,23.930,5.000,0.050,7.157
2026-09-21T08:07:00Z,1.690,2.590,456.350,,34.970,34.970,3.000,0.090,6.080
2026-09-21T08:08:00Z,1.635,2.530,456.920,7620001792,25.460,25.460,6.000,0.050,8.835
2026-09-21T08:09:00Z,1.590,2.490,457.490,7620001792,28.510,28.510,5.000,0.060,6.487
2026-09-21T08:10:00Z,1.620,2.680,458.060,7620001792,22.810,22.810,4.000,0.040,7.220
2026-09-21T08:11:00Z,1.640,2.630,458.630,7618953216,27.840,27.840,3.000,0.060,5.800
2026-09-21T08:12:00Z,1.515,2.430,459.200,7618953216,16.880,16.880,5.000,0.030,7.053
2026-09-21T08:13:00Z,1.660,2.660,459.770,7617904640,32.490,32.490,3.000,0.080,4.505
2026-09-21T08:14:00Z,1.470,2.340,460.340,7618953216,17.000,17.000,3.000,0.040,8.245
2026-09-21T08:15:00Z,1.530,2.490,460.910,7618953216,16.120,16.120,5.000,0.030,4.345
2026-09-21T08:16:00Z,1.480,2.410,461.480,7618953216,14.790,14.790,2.000,0.030,4.120
2026-09-21T08:17:00Z,,,462.050,,8.830,8.830,2.000,0.010,3.795
2026-09-21T08:18:00Z,1.448,2.400,462.620,7617904640,4.880,4.880,1.000,0.000,2.300
2026-09-21T08:19:00Z,1.470,2.440,463.190,7618953216,11.490,11.490,1.000,0.020,1.472
2026-09-21T08:20:00Z,1.510,2.470,463.760,7618953216,15.480,15.480,1.000,0.030,3.007
2026-09-21T08:21:00Z,1.465,2.450,464.330,7618953216,9.540,9.540,2.000,0.020,3.980
2026-09-21T08:22:00Z,1.440,2.400,464.900,7618953216,6.410,6.410,2.000,0.010,2.490
2026-09-21T08:23:00Z,1.545,2.460,465.470,7618953216,22.220,22.220,1.000,0.050,1.893
2026-09-21T08:24:00Z,1.520,2.490,466.040,7617904640,19.290,19.290,3.000,0.090,5.647
2026-09-21T08:25:00Z,1.425,2.370,466.610,7617904640,8.080,8.080,2.000,0.010,4.928
2026-09-21T08:26:00Z,1.450,2.360,467.180,7617904640,8.840,8.840,3.000,0.010,2.123
2026-09-21T08:27:00Z,1.530,2.460,467.750,7618953216,18.790,18.790,1.000,0.030,2.300
2026-09-21T08:28:00Z,1.475,2.400,468.320,7618953216,11.110,11.110,2.000,0.020,4.790
2026-09-21T08:29:00Z,1.440,2.340,468.890,7618953216,11.310,11.310,2.000,0.020,2.875
2026-09-21T08:30:00Z,1.430,2.330,469.460,7618953216,9.680,9.680,2.000,0.020,2.942
2026-09-21T08:31:00Z,1.540,2.480,470.030,7617904640,12.710,12.710,1.000,0.030,2.518
2026-09-21T08:32:00Z,,,,,14.020,14.020,2.000,0.030,3.292
2026-09-21T08:33:00Z,1.500,2.420,470.600,7616856064,29.190,29.190,2.000,0.080,3.815
2026-09-21T08:34:00Z,1.670,2.690,471.170,7616856064,21.930,21.930,3.000,0.050,7.438
2026-09-21T08:35:00Z,1.548,2.420,472.025,7618953216,20.960,20.960,5.000,0.050,5.747
2026-09-21T08:36:00Z,1.475,2.390,472.880,7618953216,12.770,12.770,3.000,0.030,5.497
2026-09-21T08:37:00Z,1.515,2.430,473.450,7617904640,16.630,16.630,2.000,0.030,3.290
2026-09-21T08:38:00Z,1.450,2.360,474.020,7617904640,15.600,15.600,2.000,0.060,4.255
2026-09-21T08:39:00Z,1.440,2.290,474.590,7618953216,10.910,10.910,2.000,0.020,4.010
2026-09-21T08:40:00Z,1.495,2.370,475.160,7618953216,14.320,14.320,2.000,0.050,2.822
2026-09-21T08:41:00Z,1.490,2.450,,7617904640,9.380,9.380,2.000,0.020,3.672
2026-09-21T08:42:00Z,2.200,3.740,476.015,7594835968,22.090,22.090,1.000,0.070,2.455
2026-09-21T08:43:00Z,1.730,2.450,476.850,7606370304,17.910,17.910,3.000,0.040,5.832
2026-09-21T08:44:00Z,1.500,2.380,477.420,7606370304,10.140,10.140,3.000,0.020,4.900
2026-09-21T08:45:00Z,1.510,2.430,477.990,7607418880,16.590,16.590,1.000,0.040,2.820
2026-09-21T08:46:00Z,1.495,2.400,478.560,7607418880,16.090,16.090,2.000,0.040,4.265
2026-09-21T08:47:00Z,1.515,2.450,479.130,7607418880,17.440,17.440,2.000,0.160,4.120
2026-09-21T08:48:00Z,,,,7608467456,33.690,33.690,3.000,0.590,4.452
2026-09-21T08:49:00Z,1.560,2.600,479.985,7608467456,13.490,13.490,4.000,0.020,8.533
2026-09-21T08:50:00Z,1.460,2.370,,7609516032,7.960,7.960,4.000,0.010,3.475
2026-09-21T08:51:00Z,1.510,2.490,481.125,7609516032,13.290,13.290,1.000,0.040,2.080
2026-09-21T08:52:00Z,1.455,2.390,481.980,7610564608,12.130,12.130,1.000,0.030,3.413
2026-09-21T08:53:00Z,1.470,2.450,482.550,7610564608,10.750,10.750,2.000,0.030,3.337
2026-09-21T08:54:00Z,1.530,2.490,483.120,7611613184,17.130,17.130,1.000,0.030,2.797
2026-09-21T08:55:00Z,,,483.690,,20.570,20.570,2.000,0.130,4.367
2026-09-21T08:56:00Z,1.560,2.540,484.260,7612661760,25.090,25.090,2.000,0.060,5.235
2026-09-21T08:57:00Z,1.455,2.390,484.830,7614758912,12.320,12.320,5.000,0.020,6.365
2026-09-21T08:58:00Z,1.480,2.440,485.400,7614758912,11.000,11.000,2.000,0.020,3.170
2026-09-21T08:59:00Z,1.480,2.440,485.970,7613710336,10.680,10.680,2.000,0.020,2.835
2026-09-21T09:00:00Z,1.475,2.380,486.540,7613710336,14.610,14.610,1.000,0.030,2.785
2026-09-21T09:01:00Z,,,487.110,7612661760,19.130,19.130,2.000,0.040,3.743
2026-09-21T09:02:00Z,1.515,2.510,487.680,7612661760,16.340,16.340,2.000,0.030,4.872
2026-09-21T09:03:00Z,,,488.250,,19.110,19.110,3.000,0.040,4.375
2026-09-21T09:04:00Z,1.520,2.480,488.820,7612661760,12.750,12.750,2.000,0.030,4.900
2026-09-21T09:05:00Z,1.520,2.410,489.390,7613710336,18.230,18.230,2.000,0.030,3.308
2026-09-21T09:06:00Z,1.430,2.260,489.960,7613710336,12.310,12.310,3.000,0.020,4.812
2026-09-21T09:07:00Z,,,,7613710336,12.060,12.060,2.000,0.030,3.183
2026-09-21T09:08:00Z,1.450,2.390,490.815,7613710336,10.340,10.340,1.000,0.020,3.100
2026-09-21T09:09:00Z,1.485,2.380,491.670,7613710336,15.660,15.660,2.000,0.030,2.695
2026-09-21T09:10:00Z,1.440,2.380,492.240,7613710336,10.380,10.380,2.000,0.020,4.013
2026-09-21T09:11:00Z,1.465,2.400,492.810,7614758912,9.730,9.730,2.000,0.020,2.685
2026-09-21T09:12:00Z,,,493.380,7613710336,12.690,12.690,2.000,0.030,2.522
2026-09-21T09:13:00Z,1.472,2.410,493.950,7613710336,12.130,12.130,2.000,0.020,3.458
2026-09-21T09:14:00Z,1.400,2.300,494.520,7613710336,7.140,7.140,2.000,0.010,3.130
2026-09-21T09:15:00Z,1.500,2.430,495.090,7614758912,13.040,13.040,1.000,0.020,1.903
2026-09-21T09:16:00Z,1.460,2.410,,7614758912,10.910,10.910,1.000,0.020,3.353
2026-09-21T09:17:00Z,1.505,2.380,495.945,7613710336,11.530,11.530,1.000,0.020,2.820
2026-09-21T09:18:00Z,1.440,2.360,,7613710336,8.930,8.930,2.000,0.010,3.192
2026-09-21T09:19:00Z,1.375,2.250,497.085,7613710336,6.790,6.790,1.000,0.010,2.550
2026-09-21T09:20:00Z,1.430,2.330,497.940,7613710336,9.810,9.810,1.000,0.010,1.795
2026-09-21T09:21:00Z,1.480,2.460,498.510,7613710336,8.230,8.230,1.000,0.010,2.550
2026-09-21T09:22:00Z,,,,,6.060,6.060,1.000,0.010,2.163
2026-09-21T09:23:00Z,1.425,2.330,499.080,7613710336,9.340,9.340,1.000,0.020,1.820
2026-09-21T09:24:00Z,1.455,2.410,499.935,7612661760,13.950,13.950,0.000,0.080,2.425
2026-09-21T09:25:00Z,1.395,2.260,500.790,7612661760,8.080,8.080,3.000,0.020,3.603
2026-09-21T09:26:00Z,1.445,2.370,501.360,7612661760,9.480,9.480,1.000,0.020,2.112
2026-09-21T09:27:00Z,1.470,2.430,501.930,7611613184,16.330,16.330,1.000,0.060,2.460
2026-09-21T09:28:00Z,,,,,11.830,11.830,2.000,0.020,4.173
2026-09-21T09:29:00Z,1.485,2.480,502.785,7611613184,14.090,14.090,2.000,0.030,3.047
2026-09-21T09:30:00Z,1.380,2.270,503.640,7612661760,9.430,9.430,2.000,0.020,3.632
2026-09-21T09:31:00Z,1.545,2.500,504.210,7612661760,14.610,14.610,1.000,0.030,2.455
2026-09-21T09:32:00Z,1.415,2.330,,7612661760,6.710,6.710,2.000,0.010,3.750
2026-09-21T09:33:00Z,1.525,2.470,505.065,7613710336,13.480,13.480,1.000,0.020,1.968
2026-09-21T09:34:00Z,1.430,2.390,505.920,7613710336,8.710,8.710,1.000,0.020,3.462
2026-09-21T09:35:00Z,1.470,2.390,506.490,7612661760,10.090,10.090,1.000,0.020,2.442
2026-09-21T09:36:00Z,1.475,2.490,507.060,7613710336,14.720,14.720,2.000,0.040,2.803
2026-09-21T09:37:00Z,1.395,2.330,507.630,7613710336,10.060,10.060,0.000,0.020,3.790
2026-09-21T09:38:00Z,1.435,2.390,508.200,7613710336,7.010,7.010,3.000,0.010,2.620
2026-09-21T09:39:00Z,1.390,2.310,508.770,7613710336,6.010,6.010,1.000,0.010,1.863
2026-09-21T09:40:00Z,1.410,2.320,509.340,7612661760,8.480,8.480,1.000,0.010,1.600
2026-09-21T09:41:00Z,1.450,2.380,509.910,7612661760,7.780,7.780,1.000,0.010,2.205
2026-09-21T09:42:00Z,,,,,9.260,9.260,1.000,0.020,2.038
2026-09-21T09:43:00Z,1.853,2.390,510.755,7606370304,7.640,7.640,1.000,0.020,2.618
2026-09-21T09:44:00Z,1.390,2.330,511.600,7606370304,4.310,4.310,1.000,0.000,2.353
2026-09-21T09:45:00Z,,,,7607418880,3.890,3.890,0.000,0.000,1.155
2026-09-21T09:46:00Z,1.433,2.440,512.455,7607418880,8.900,8.900,0.000,0.010,1.058
2026-09-21T09:47:00Z,1.530,2.530,,,11.410,11.410,1.000,0.020,2.328
2026-09-21T09:48:00Z,,,513.310,7607418880,7.740,7.740,1.000,0.010,2.938
2026-09-21T09:49:00Z,1.442,2.450,514.165,7608467456,7.480,7.480,1.000,0.010,2.038
2026-09-21T09:50:00Z,1.455,2.370,515.020,7609516032,10.140,10.140,0.000,0.010,1.980
2026-09-21T09:51:00Z,,,515.590,,10.550,10.550,2.000,0.030,2.627
2026-09-21T09:52:00Z,1.505,2.480,,7609516032,10.410,10.410,1.000,0.010,2.735
2026-09-21T09:53:00Z,1.505,2.500,516.445,7609516032,20.140,20.140,1.000,0.090,2.905
2026-09-21T09:54:00Z,,,517.300,,16.740,16.740,3.000,0.040,5.120
2026-09-21T09:55:00Z,1.460,2.350,517.870,7609516032,11.010,11.010,3.000,0.020,4.290
2026-09-21T09:56:00Z,1.430,2.320,518.440,7609516032,8.910,8.910,2.000,0.010,2.855
2026-09-21T09:57:00Z,1.510,2.350,519.010,7608467456,11.540,11.540,1.000,0.020,2.322
2026-09-21T09:58:00Z,1.440,2.370,519.580,7609516032,8.050,8.050,1.000,0.010,3.188
2026-09-21T09:59:00Z,1.460,2.320,520.150,7609516032,12.140,12.140,1.000,0.020,2.120
2026-09-21T10:00:00Z,1.420,2.350,520.720,7610564608,7.250,7.250,2.000,0.010,3.140
2026-09-21T10:01:00Z,1.520,2.510,521.290,7610564608,11.230,11.230,1.000,0.040,1.910
2026-09-21T10:02:00Z,1.415,2.330,521.860,7611613184,8.280,8.280,1.000,0.010,2.897
2026-09-21T10:03:00Z,1.425,2.310,522.430,7611613184,7.990,7.990,1.000,0.010,2.380
2026-09-21T10:04:00Z,1.415,2.290,523.000,,6.910,6.910,1.000,0.010,2.090
2026-09-21T10:05:00Z,1.470,2.350,523.570,7611613184,14.930,14.930,1.000,0.040,1.837
2026-09-21T10:06:00Z,,,,,7.980,7.980,2.000,0.020,3.985
2026-09-21T10:07:00Z,1.458,2.370,524.140,7611613184,13.030,13.030,1.000,0.020,2.105
2026-09-21T10:08:00Z,1.455,2.320,524.995,7611613184,10.990,10.990,2.000,0.030,3.368
2026-09-21T10:09:00Z,1.435,2.330,525.850,7612661760,10.770,10.770,2.000,0.020,2.837
2026-09-21T10:10:00Z,1.445,2.360,526.420,7612661760,14.040,14.040,1.000,0.050,2.815
2026-09-21T10:11:00Z,1.445,2.370,526.990,7611613184,7.590,7.590,2.000,0.010,3.607
2026-09-21T10:12:00Z,1.415,2.360,527.560,7611613184,7.180,7.180,2.000,0.010,2.025
2026-09-21T10:13:00Z,,,528.130,,9.340,9.340,0.000,0.010,2.098
2026-09-21T10:14:00Z,1.455,2.370,,7611613184,6.690,6.690,1.000,0.010,2.433
2026-09-21T10:15:00Z,1.435,2.380,528.985,7610564608,8.330,8.330,1.000,0.010,1.778
2026-09-21T10:16:00Z,,,529.840,7610564608,20.260,20.260,1.000,0.050,2.175
2026-09-21T10:17:00Z,1.530,2.450,530.410,7610564608,14.730,14.730,2.000,0.030,5.160
2026-09-21T10:18:00Z,1.490,2.440,530.980,7610564608,10.290,10.290,2.000,0.020,3.775
2026-09-21T10:19:00Z,1.495,2.440,531.550,7610564608,11.490,11.490,1.000,0.020,2.840
2026-09-21T10:20:00Z,1.495,2.430,532.120,7610564608,14.830,14.830,2.000,0.030,2.995
2026-09-21T10:21:00Z,1.500,2.450,532.690,7609516032,10.760,10.760,2.000,0.020,3.800
2026-09-21T10:22:00Z,1.420,2.330,533.260,7609516032,7.060,7.060,2.000,0.010,2.783
2026-09-21T10:23:00Z,,,533.830,7609516032,7.050,7.050,1.000,0.020,2.067
2026-09-21T10:24:00Z,1.435,2.340,,,10.510,10.510,1.000,0.030,1.857
2026-09-21T10:25:00Z,1.425,2.400,534.400,7609516032,5.110,5.110,0.000,0.010,2.745
2026-09-21T10:26:00Z,1.435,2.350,535.255,7610564608,7.660,7.660,1.000,0.010,1.370
2026-09-21T10:27:00Z,1.415,2.330,536.110,7610564608,8.500,8.500,1.000,0.010,2.013
2026-09-21T10:28:00Z,1.425,2.310,536.680,7610564608,9.150,9.150,1.000,0.010,2.200
2026-09-21T10:29:00Z,,,537.250,7607418880,8.730,8.730,1.000,0.010,2.373
2026-09-21T10:30:00Z,1.482,2.410,537.820,,9.560,9.560,1.000,0.020,2.485
2026-09-21T10:31:00Z,1.710,2.650,538.390,7607418880,35.910,35.910,1.000,0.410,2.500
2026-09-21T10:32:00Z,1.525,2.480,538.960,7607418880,15.380,15.380,4.000,0.030,9.068
2026-09-21T10:33:00Z,1.525,2.420,539.530,7607418880,16.290,16.290,4.000,0.530,4.152
2026-09-21T10:34:00Z,1.465,2.400,,7607418880,8.860,8.860,3.000,0.010,4.178
2026-09-21T10:35:00Z,,,540.100,7607418880,16.060,16.060,1.000,0.040,2.587
2026-09-21T10:36:00Z,1.570,2.540,540.955,7608467456,29.190,29.190,2.000,0.160,4.168
2026-09-21T10:37:00Z,1.595,2.620,541.810,7608467456,20.600,20.600,4.000,0.040,7.445
2026-09-21T10:38:00Z,1.545,2.500,542.380,7609516032,21.860,21.860,3.000,0.040,5.260
2026-09-21T10:39:00Z,1.370,2.260,542.950,7609516032,8.110,8.110,4.000,0.010,5.562
2026-09-21T10:40:00Z,1.495,2.380,543.520,7609516032,16.140,16.140,2.000,0.030,2.138
2026-09-21T10:41:00Z,1.505,2.480,544.090,7609516032,10.730,10.730,2.000,0.020,4.133
2026-09-21T10:42:00Z,,,,,6.510,6.510,2.000,0.010,2.772
2026-09-21T10:43:00Z,1.837,3.520,544.940,7596933120,4.740,4.740,1.000,0.000,1.930
2026-09-21T10:44:00Z,,,545.790,,12.590,12.590,1.000,0.020,1.308
2026-09-21T10:45:00Z,1.415,2.360,546.360,7603224576,6.430,6.430,1.000,0.010,3.583
2026-09-21T10:46:00Z,1.425,2.350,546.930,7604273152,6.130,6.130,2.000,0.010,1.700
2026-09-21T10:47:00Z,1.495,2.470,547.500,7604273152,12.240,12.240,1.000,0.020,1.627
2026-09-21T10:48:00Z,1.470,2.400,548.070,7604273152,10.340,10.340,1.000,0.010,3.158
2026-09-21T10:49:00Z,1.480,2.340,548.640,7604273152,15.980,15.980,2.000,0.020,2.700
2026-09-21T10:50:00Z,1.410,2.280,549.210,7604273152,7.380,7.380,3.000,0.010,4.105
2026-09-21T10:51:00Z,,,549.780,7604273152,7.390,7.390,1.000,0.010,1.935
2026-09-21T10:52:00Z,1.430,2.430,550.350,7604273152,5.810,5.810,1.000,0.010,1.938
2026-09-21T10:53:00Z,1.395,2.310,550.920,7604273152,4.140,4.140,1.000,0.000,1.745
2026-09-21T10:54:00Z,1.365,2.220,551.490,7604273152,9.270,9.270,0.000,0.020,1.140
2026-09-21T10:55:00Z,1.395,2.270,552.060,7604273152,6.410,6.410,1.000,0.010,2.422
2026-09-21T10:56:00Z,1.560,2.350,552.630,7603224576,28.510,28.510,1.000,0.590,1.712
2026-09-21T10:57:00Z,1.385,2.290,553.200,7603224576,14.230,14.230,4.000,0.040,7.242
2026-09-21T10:58:00Z,0.710,0.710,553.770,7603224576,24.030,24.030,2.000,0.110,3.660
2026-09-21T10:59:00Z,1.783,2.470,554.340,7603224576,10.710,10.710,4.000,0.030,6.117
2026-09-21T11:00:00Z,1.460,2.430,554.910,7602176000,10.130,10.130,2.000,0.010,2.770
2026-09-21T11:01:00Z,1.670,2.630,555.480,7603224576,29.550,29.550,1.000,0.210,2.623
2026-09-21T11:02:00Z,,,,,24.790,24.790,4.000,0.080,7.480
2026-09-21T11:03:00Z,1.502,2.470,556.335,7603224576,9.480,9.480,4.000,0.020,6.495
2026-09-21T11:04:00Z,1.510,2.470,557.190,7604273152,18.620,18.620,2.000,0.040,2.467
2026-09-21T11:05:00Z,1.465,2.440,557.760,7604273152,8.260,8.260,2.000,0.010,4.760
2026-09-21T11:06:00Z,,,,7605321728,16.640,16.640,2.000,0.030,2.308
2026-09-21T11:07:00Z,1.468,2.460,558.615,7605321728,10.840,10.840,2.000,0.020,4.270
2026-09-21T11:08:00Z,1.515,2.390,559.470,7606370304,18.300,18.300,2.000,0.040,2.812
2026-09-21T11:09:00Z,1.490,2.330,560.040,7605321728,11.010,11.010,2.000,0.020,4.695
2026-09-21T11:10:00Z,1.450,2.380,560.610,7605321728,13.890,13.890,2.000,0.030,3.030
2026-09-21T11:11:00Z,1.470,2.430,561.180,7605321728,10.250,10.250,2.000,0.020,3.575
2026-09-21T11:12:00Z,,,561.750,,6.240,6.240,2.000,0.010,2.660
2026-09-21T11:13:00Z,1.400,2.330,,7606370304,6.660,6.660,1.000,0.010,1.863
2026-09-21T11:14:00Z,1.425,2.310,562.320,7606370304,9.460,9.460,1.000,0.010,1.780
2026-09-21T11:15:00Z,1.425,2.440,562.890,7606370304,8.510,8.510,1.000,0.010,2.458
2026-09-21T11:16:00Z,1.415,2.370,563.745,7608467456,7.230,7.230,1.000,0.010,2.225
2026-09-21T11:17:00Z,,,,7608467456,13.240,13.240,1.000,0.140,1.897
2026-09-21T11:18:00Z,1.462,2.420,564.885,7609516032,5.490,5.490,1.000,0.010,3.402
2026-09-21T11:19:00Z,,,,,9.230,9.230,1.000,0.010,1.620
2026-09-21T11:20:00Z,1.435,2.360,565.740,7609516032,3.750,3.750,1.000,0.000,2.438
2026-09-21T11:21:00Z,1.410,2.330,566.310,7609516032,8.360,8.360,1.000,0.010,1.032
2026-09-21T11:22:00Z,1.173,2.460,567.165,7609516032,7.530,7.530,0.000,0.020,2.188
2026-09-21T11:23:00Z,1.717,2.370,568.020,7608467456,6.940,6.940,1.000,0.040,2.160
2026-09-21T11:24:00Z,,,,,16.580,16.580,0.000,0.100,1.833
2026-09-21T11:25:00Z,1.518,2.550,568.875,7609516032,14.760,14.760,2.000,0.030,4.250
2026-09-21T11:26:00Z,1.480,2.350,569.730,7608467456,13.130,13.130,3.000,0.030,3.788
2026-09-21T11:27:00Z,,,,,11.790,11.790,2.000,0.050,3.385
2026-09-21T11:28:00Z,1.450,2.370,570.300,7608467456,9.640,9.640,2.000,0.010,3.038
2026-09-21T11:29:00Z,1.425,2.350,571.155,7608467456,8.230,8.230,1.000,0.010,2.520
2026-09-21T11:30:00Z,1.450,2.390,572.010,7608467456,8.440,8.440,1.000,0.010,2.160
2026-09-21T11:31:00Z,1.440,2.420,572.580,7608467456,5.130,5.130,1.000,0.010,2.212
2026-09-21T11:32:00Z,1.470,2.420,573.150,7608467456,8.540,8.540,1.000,0.010,1.373
2026-09-21T11:33:00Z,1.540,2.440,573.720,,15.930,15.930,1.000,0.030,2.425
2026-09-21T11:34:00Z,,,,7608467456,11.260,11.260,2.000,0.020,4.093
2026-09-21T11:35:00Z,1.565,2.590,574.575,7608467456,23.420,23.420,1.000,0.060,3.075
2026-09-21T11:36:00Z,1.515,2.410,575.430,7608467456,17.730,17.730,3.000,0.030,6.115
2026-09-21T11:37:00Z,1.515,2.430,576.000,7607418880,17.910,17.910,4.000,0.030,4.580
2026-09-21T11:38:00Z,,,576.570,7608467456,12.260,12.260,2.000,0.020,4.580
2026-09-21T11:39:00Z,1.475,2.440,577.140,7608467456,12.970,12.970,2.000,0.020,3.183
2026-09-21T11:40:00Z,1.510,2.520,577.710,7608467456,10.780,10.780,2.000,0.020,3.348
2026-09-21T11:41:00Z,1.595,2.520,578.280,7606370304,32.550,32.550,2.000,1.240,2.792
2026-09-21T11:42:00Z,1.505,2.420,578.850,7607418880,16.240,16.240,5.000,0.030,8.227
2026-09-21T11:43:00Z,2.140,3.670,579.420,7584350208,12.030,12.030,2.000,0.020,4.365
2026-09-21T11:44:00Z,1.620,2.420,579.980,7602176000,10.310,10.310,2.000,0.020,3.118
2026-09-21T11:45:00Z,,,,,18.210,18.210,1.000,0.040,3.000
2026-09-21T11:46:00Z,1.538,2.570,580.835,7603224576,16.490,16.490,2.000,0.030,4.655
2026-09-21T11:47:00Z,,,,,13.980,13.980,3.000,0.030,4.215
2026-09-21T11:48:00Z,1.455,2.400,581.975,7605321728,15.290,15.290,2.000,0.030,3.585
2026-09-21T11:49:00Z,,,,,8.790,8.790,2.000,0.010,3.928
2026-09-21T11:50:00Z,1.455,2.420,583.115,7605321728,10.560,10.560,1.000,0.020,2.300
2026-09-21T11:51:00Z,1.500,2.460,583.970,7607418880,9.530,9.530,2.000,0.020,2.748
2026-09-21T11:52:00Z,1.430,2.380,584.540,7607418880,6.290,6.290,2.000,0.010,2.473
2026-09-21T11:53:00Z,1.490,2.420,585.110,7607418880,15.830,15.830,1.000,0.040,1.845
2026-09-21T11:54:00Z,1.525,2.500,585.680,7607418880,18.500,18.500,2.000,0.050,4.055
2026-09-21T11:55:00Z,1.565,2.570,586.250,7607418880,25.010,25.010,2.000,0.100,4.728
2026-09-21T11:56:00Z,1.570,2.580,586.820,7607418880,19.300,19.300,3.000,0.040,6.345
2026-09-21T11:57:00Z,1.495,2.380,587.390,7606370304,29.480,29.480,4.000,0.920,4.915
2026-09-21T11:58:00Z,,,,7606370304,22.840,22.840,5.000,0.060,7.460
2026-09-21T11:59:00Z,1.472,2.440,588.245,7606370304,14.860,14.860,3.000,0.030,5.825
2026-09-21T12:00:00Z,1.410,2.350,589.100,7606370304,10.140,10.140,3.000,0.030,3.817
2026-09-21T12:01:00Z,1.615,2.560,589.670,7605321728,32.590,32.590,1.000,0.160,2.627
2026-09-21T12:02:00Z,1.510,2.320,590.240,7604273152,24.480,24.480,4.000,0.180,8.238
2026-09-21T12:03:00Z,1.475,2.330,590.810,7605321728,19.080,19.080,6.000,0.050,6.410
2026-09-21T12:04:00Z,1.985,2.710,591.370,7604273152,68.990,68.990,2.000,3.030,4.897
2026-09-21T12:05:00Z,1.775,2.810,591.930,7605321728,34.790,34.790,10.000,0.170,17.340
2026-09-21T12:06:00Z,1.705,2.690,592.490,7605321728,36.760,36.760,6.000,0.090,8.957
2026-09-21T12:07:00Z,1.620,2.520,593.060,7605321728,33.170,33.170,6.000,0.080,9.280
2026-09-21T12:08:00Z,1.485,2.370,593.630,7604273152,21.370,21.370,6.000,0.080,8.402
2026-09-21T12:09:00Z,1.510,2.430,594.200,7605321728,18.710,18.710,4.000,0.050,5.445
2026-09-21T12:10:00Z,1.500,2.440,594.770,7604273152,15.290,15.290,3.000,0.030,4.782
2026-09-21T12:11:00Z,1.530,2.500,595.340,7604273152,15.360,15.360,2.000,0.030,3.913
2026-09-21T12:12:00Z,,,,,18.610,18.610,2.000,0.040,3.930
2026-09-21T12:13:00Z,1.515,2.500,595.910,7605321728,20.750,20.750,2.000,0.040,4.955
2026-09-21T12:14:00Z,1.510,2.370,596.765,7604273152,18.190,18.190,4.000,0.060,5.298
2026-09-21T12:15:00Z,1.670,2.690,597.620,7605321728,28.450,28.450,3.000,0.050,4.650
2026-09-21T12:16:00Z,1.560,2.440,598.190,7606370304,26.460,26.460,3.000,0.060,7.202
2026-09-21T12:17:00Z,1.500,2.370,598.760,7605321728,21.510,21.510,6.000,0.060,6.710
2026-09-21T12:18:00Z,1.520,2.320,599.330,7605321728,14.810,14.810,3.000,0.030,5.468
2026-09-21T12:19:00Z,1.460,2.410,599.900,7605321728,12.960,12.960,3.000,0.030,3.970
2026-09-21T12:20:00Z,,,,,14.830,14.830,1.000,0.030,3.368
2026-09-21T12:21:00Z,1.522,2.520,600.755,7603224576,14.960,14.960,3.000,0.030,3.792
2026-09-21T12:22:00Z,1.590,2.560,601.610,,23.460,23.460,2.000,0.070,3.845
2026-09-21T12:23:00Z,1.630,2.540,602.180,7603224576,30.560,30.560,2.000,0.130,6.150
2026-09-21T12:24:00Z,1.450,2.370,602.750,7604273152,13.690,13.690,5.000,0.030,7.735
2026-09-21T12:25:00Z,1.430,2.360,603.320,7604273152,9.510,9.510,3.000,0.020,3.515
2026-09-21T12:26:00Z,1.435,2.320,603.890,7604273152,12.040,12.040,1.000,0.020,2.470
2026-09-21T12:27:00Z,1.420,2.360,604.460,7605321728,8.580,8.580,2.000,0.010,3.100
2026-09-21T12:28:00Z,,,,,10.860,10.860,1.000,0.020,2.243
2026-09-21T12:29:00Z,1.488,2.410,605.315,7604273152,13.690,13.690,2.000,0.030,2.805
2026-09-21T12:30:00Z,1.445,2.430,,7604273152,10.410,10.410,2.000,0.020,3.538
2026-09-21T12:31:00Z,1.530,2.510,606.455,7602176000,14.810,14.810,1.000,0.020,2.695
2026-09-21T12:32:00Z,1.565,2.490,607.310,7603224576,20.010,20.010,2.000,0.100,3.808
2026-09-21T12:33:00Z,1.535,2.480,607.880,7603224576,16.060,16.060,4.000,0.030,5.322
2026-09-21T12:34:00Z,1.535,2.410,608.450,7602176000,9.740,9.740,3.000,0.020,4.105
2026-09-21T12:35:00Z,,,,7602176000,14.760,14.760,2.000,0.040,2.695
2026-09-21T12:36:00Z,1.468,2.400,609.305,7602176000,10.130,10.130,1.000,0.020,4.085
2026-09-21T12:37:00Z,,,610.160,7603224576,20.240,20.240,2.000,0.050,2.672
2026-09-21T12:38:00Z,1.532,2.420,610.730,7603224576,22.310,22.310,2.000,0.080,5.165
2026-09-21T12:39:00Z,1.490,2.450,611.300,7603224576,10.690,10.690,3.000,0.040,5.688
2026-09-21T12:40:00Z,1.495,2.430,611.870,7603224576,17.160,17.160,2.000,0.040,2.795
2026-09-21T12:41:00Z,1.505,2.410,612.440,7601127424,13.600,13.600,2.000,0.030,4.380
2026-09-21T12:42:00Z,1.515,2.470,613.010,7601127424,19.360,19.360,2.000,0.080,3.490
2026-09-21T12:43:00Z,1.490,2.430,613.580,7602176000,10.640,10.640,2.000,0.020,5.145
2026-09-21T12:44:00Z,2.290,2.380,614.130,7613710336,12.560,12.560,2.000,0.050,2.745
2026-09-21T12:45:00Z,,,614.700,,29.650,29.650,1.000,2.290,3.538
2026-09-21T12:46:00Z,1.905,3.170,615.250,7612661760,103.880,103.880,2.000,4.940,7.555
2026-09-21T12:47:00Z,1.520,2.420,615.820,7615807488,21.420,21.420,19.000,0.040,26.062
2026-09-21T12:48:00Z,1.555,2.450,616.390,7615807488,23.260,23.260,4.000,0.060,5.445
2026-09-21T12:49:00Z,1.520,2.460,616.960,7615807488,17.560,17.560,3.000,0.030,5.900
2026-09-21T12:50:00Z,1.555,2.480,617.530,7615807488,19.980,19.980,3.000,0.090,4.495
2026-09-21T12:51:00Z,1.550,2.450,618.100,7613710336,16.360,16.360,3.000,0.040,5.088
2026-09-21T12:52:00Z,1.480,2.410,,7613710336,13.310,13.310,3.000,0.050,4.180
2026-09-21T12:53:00Z,1.565,2.520,618.955,7612661760,18.070,18.070,2.000,0.040,3.618
2026-09-21T12:54:00Z,1.450,2.340,619.810,7613710336,13.480,13.480,2.000,0.030,4.640
2026-09-21T12:55:00Z,1.495,2.440,620.380,7613710336,15.360,15.360,3.000,0.030,3.465
2026-09-21T12:56:00Z,1.545,2.510,620.950,7613710336,24.540,24.540,1.000,0.060,3.930
2026-09-21T12:57:00Z,1.535,2.440,621.520,7614758912,18.510,18.510,3.000,0.050,6.228
2026-09-21T12:58:00Z,1.530,2.380,622.090,7614758912,23.630,23.630,4.000,0.060,4.718
2026-09-21T12:59:00Z,1.540,2.450,622.660,7613710336,21.050,21.050,3.000,0.040,5.992
2026-09-21T13:00:00Z,1.505,2.470,623.230,7613710336,18.540,18.540,3.000,0.040,5.370
2026-09-21T13:01:00Z,1.770,2.660,623.790,7614758912,36.970,36.970,3.000,0.170,4.737
2026-09-21T13:02:00Z,,,624.360,7613710336,34.340,34.340,5.000,0.100,9.345
2026-09-21T13:03:00Z,1.655,2.630,624.930,7613710336,34.670,34.670,6.000,0.110,8.887
2026-09-21T13:04:00Z,,,,,16.410,16.410,5.000,0.040,8.790
2026-09-21T13:05:00Z,1.520,2.460,625.785,7612661760,20.110,20.110,4.000,0.080,4.195
2026-09-21T13:06:00Z,1.490,2.390,626.640,7613710336,17.690,17.690,3.000,0.050,5.287
2026-09-21T13:07:00Z,0.610,0.610,,7614758912,22.190,22.190,3.000,0.050,4.525
2026-09-21T13:08:00Z,1.813,2.470,627.495,7614758912,15.460,15.460,3.000,0.040,5.633
2026-09-21T13:09:00Z,1.525,2.480,628.350,7613710336,17.130,17.130,3.000,0.050,3.962
2026-09-21T13:10:00Z,1.600,2.590,,,26.620,26.620,3.000,0.190,4.393
2026-09-21T13:11:00Z,1.525,2.430,629.205,7612661760,18.270,18.270,3.000,0.070,6.747
2026-09-21T13:12:00Z,1.625,2.580,630.060,7612661760,24.870,24.870,4.000,0.130,4.657
2026-09-21T13:13:00Z,1.555,2.490,630.630,7613710336,20.690,20.690,4.000,0.040,6.520
2026-09-21T13:14:00Z,1.590,2.580,631.200,7613710336,24.280,24.280,3.000,0.050,5.263
2026-09-21T13:15:00Z,1.565,2.530,631.770,,20.120,20.120,3.000,0.050,6.178
2026-09-21T13:16:00Z,,,632.340,7611613184,22.560,22.560,4.000,0.090,5.133
2026-09-21T13:17:00Z,1.613,2.550,632.910,7611613184,23.740,23.740,4.000,0.110,5.900
2026-09-21T13:18:00Z,,,,,21.260,21.260,3.000,0.050,6.215
2026-09-21T13:19:00Z,1.562,2.490,633.765,7612661760,19.030,19.030,4.000,0.070,5.567
2026-09-21T13:20:00Z,1.575,2.450,634.620,7612661760,23.180,23.180,3.000,0.070,4.880
2026-09-21T13:21:00Z,1.570,2.500,635.190,7612661760,17.690,17.690,3.000,0.040,5.888
2026-09-21T13:22:00Z,1.610,2.510,635.760,7612661760,23.580,23.580,2.000,0.060,4.702
2026-09-21T13:23:00Z,1.575,2.570,636.330,7612661760,20.690,20.690,4.000,0.060,6.010
2026-09-21T13:24:00Z,,,636.900,7612661760,28.680,28.680,2.000,0.110,5.277
2026-09-21T13:25:00Z,1.640,2.600,,,29.720,29.720,5.000,0.310,7.268
2026-09-21T13:26:00Z,1.725,2.630,637.750,7611613184,53.100,53.100,5.000,1.680,7.532
2026-09-21T13:27:00Z,,,,,96.850,96.850,9.000,8.190,13.365
2026-09-21T13:28:00Z,1.893,2.670,638.875,7606370304,36.120,36.120,16.000,0.120,24.305
2026-09-21T13:29:00Z,1.725,2.500,639.720,7606370304,56.730,56.730,6.000,1.860,9.133
2026-09-21T13:30:00Z,,,,,54.510,54.510,10.000,0.300,14.303
2026-09-21T13:31:00Z,2.542,4.030,640.550,7604273152,243.910,243.910,8.000,16.040,13.725
2026-09-21T13:32:00Z,,,,7604273152,235.600,235.600,30.000,2.980,61.070
2026-09-21T13:33:00Z,2.995,4.110,641.620,7602176000,190.400,190.400,42.000,1.280,59.193
2026-09-21T13:34:00Z,2.720,3.450,642.430,7602176000,180.660,180.660,38.000,0.850,47.740
2026-09-21T13:35:00Z,,,,,142.520,142.520,32.000,0.660,45.405
2026-09-21T13:36:00Z,2.485,3.440,643.255,7604273152,157.920,157.920,27.000,3.020,35.935
2026-09-21T13:37:00Z,2.420,3.230,644.080,7602176000,153.550,153.550,25.000,1.410,39.578
2026-09-21T13:38:00Z,2.345,3.230,644.630,7600078848,123.210,123.210,28.000,0.640,38.485
2026-09-21T13:39:00Z,2.325,3.160,645.180,7601127424,144.860,144.860,24.000,2.190,30.920
2026-09-21T13:40:00Z,2.080,3.140,645.740,7600078848,91.480,91.480,23.000,0.620,36.312
2026-09-21T13:41:00Z,2.420,3.240,646.290,7603224576,130.860,130.860,17.000,2.100,22.955
2026-09-21T13:42:00Z,2.245,3.070,646.840,7603224576,119.600,119.600,22.000,1.400,32.810
2026-09-21T13:43:00Z,2.005,2.950,647.400,7597981696,82.770,82.770,23.000,1.030,30.203
2026-09-21T13:44:00Z,,,,7590641664,108.530,108.530,15.000,0.680,20.795
2026-09-21T13:45:00Z,2.487,4.250,648.220,7591690240,91.000,91.000,18.000,0.660,27.247
2026-09-21T13:46:00Z,2.740,3.440,649.040,7592738816,191.230,191.230,17.000,4.880,23.205
2026-09-21T13:47:00Z,2.320,3.190,649.590,7594835968,133.400,133.400,28.000,0.800,47.935
2026-09-21T13:48:00Z,2.215,2.990,650.140,7600078848,115.060,115.060,26.000,2.920,33.443
2026-09-21T13:49:00Z,2.090,3.020,650.700,7600078848,98.400,98.400,23.000,0.550,28.887
2026-09-21T13:50:00Z,1.935,2.820,651.260,7600078848,81.230,81.230,16.000,0.380,24.692
2026-09-21T13:51:00Z,2.075,2.950,651.820,7599030272,93.510,93.510,16.000,0.710,20.418
2026-09-21T13:52:00Z,2.040,3.070,652.380,7599030272,82.310,82.310,15.000,0.550,23.468
2026-09-21T13:53:00Z,,,,,157.880,157.880,14.000,4.200,20.875
2026-09-21T13:54:00Z,2.475,3.540,653.205,7599030272,134.400,134.400,23.000,1.210,39.580
2026-09-21T13:55:00Z,2.395,3.280,654.030,7599030272,132.970,132.970,27.000,1.820,33.718
2026-09-21T13:56:00Z,2.325,3.280,654.580,7599030272,127.960,127.960,21.000,1.610,33.335
2026-09-21T13:57:00Z,2.060,3.010,655.130,7597981696,95.240,95.240,22.000,0.640,32.100
2026-09-21T13:58:00Z,1.980,2.880,655.690,7599030272,82.520,82.520,19.000,0.870,23.913
2026-09-21T13:59:00Z,2.245,2.940,656.240,7599030272,124.360,124.360,15.000,1.780,20.715
2026-09-21T14:00:00Z,1.935,2.910,656.800,7599030272,76.490,76.490,21.000,0.480,31.200
2026-09-21T14:01:00Z,2.605,3.230,657.350,7597981696,167.490,167.490,14.000,3.930,19.225
2026-09-21T14:02:00Z,,,,,179.160,179.160,26.000,2.580,41.962
2026-09-21T14:03:00Z,2.575,3.490,657.890,7594835968,103.770,103.770,28.000,0.890,45.112
2026-09-21T14:04:00Z,2.083,3.000,658.720,7594835968,86.570,86.570,24.000,0.420,26.047
2026-09-21T14:05:00Z,2.060,2.970,659.560,7596933120,99.890,99.890,16.000,0.940,21.733
2026-09-21T14:06:00Z,2.370,3.500,660.110,7596933120,138.480,138.480,17.000,1.830,25.225
2026-09-21T14:07:00Z,2.220,3.040,660.660,7593787392,121.910,121.910,18.000,1.290,34.718
2026-09-21T14:08:00Z,2.210,3.210,661.210,7595884544,99.680,99.680,26.000,0.780,30.575
2026-09-21T14:09:00Z,2.190,3.040,661.760,7595884544,119.040,119.040,18.000,0.760,25.035
2026-09-21T14:10:00Z,2.235,2.990,662.310,7596933120,119.210,119.210,21.000,4.670,29.863
2026-09-21T14:11:00Z,2.235,3.040,662.860,7596933120,109.040,109.040,22.000,1.440,29.892
2026-09-21T14:12:00Z,2.375,3.150,663.410,7592738816,155.840,155.840,18.000,7.560,27.350
2026-09-21T14:13:00Z,2.200,3.380,663.970,7594835968,125.390,125.390,26.000,3.360,39.250
2026-09-21T14:14:00Z,2.265,3.260,664.520,7594835968,122.030,122.030,18.000,2.500,31.445
2026-09-21T14:15:00Z,2.125,2.870,665.070,7595884544,107.060,107.060,25.000,1.440,30.613
2026-09-21T14:16:00Z,2.335,3.250,665.620,7590641664,126.920,126.920,23.000,3.810,26.860
2026-09-21T14:17:00Z,2.505,3.640,666.170,7593787392,158.550,158.550,19.000,3.350,31.823
2026-09-21T14:18:00Z,2.345,3.170,666.720,7591690240,137.130,137.130,23.000,1.750,39.740
2026-09-21T14:19:00Z,2.200,3.090,667.270,,116.110,116.110,29.000,1.480,34.542
2026-09-21T14:20:00Z,2.105,2.870,667.820,7592738816,108.540,108.540,21.000,0.820,29.150
2026-09-21T14:21:00Z,2.215,3.050,668.380,7593787392,105.480,105.480,21.000,1.460,27.245
2026-09-21T14:22:00Z,2.445,3.450,668.930,7590641664,115.190,115.190,17.000,1.240,26.460
2026-09-21T14:23:00Z,,,669.470,7592738816,252.590,252.590,21.000,18.550,29.117
2026-09-21T14:24:00Z,2.640,3.620,670.010,7592738816,159.120,159.120,37.000,1.720,63.250
2026-09-21T14:25:00Z,2.335,3.300,670.560,7589593088,140.150,140.150,31.000,2.110,39.890
2026-09-21T14:26:00Z,2.245,3.070,671.110,7590641664,139.270,139.270,24.000,1.820,35.140
2026-09-21T14:27:00Z,2.180,2.920,671.660,7591690240,117.140,117.140,26.000,2.500,34.915
2026-09-21T14:28:00Z,,,,,117.750,117.750,23.000,1.430,29.375
2026-09-21T14:29:00Z,2.255,3.370,672.495,7589593088,135.070,135.070,19.000,1.390,29.543
2026-09-21T14:30:00Z,2.320,3.230,673.320,7590641664,128.030,128.030,19.000,1.430,33.877
2026-09-21T14:31:00Z,2.495,3.170,673.860,7590641664,168.600,168.600,26.000,2.950,32.117
2026-09-21T14:32:00Z,2.355,3.190,674.410,7589593088,138.280,138.280,29.000,1.120,42.435
2026-09-21T14:33:00Z,1.480,1.480,674.960,7590641664,135.700,135.700,24.000,2.400,34.873
2026-09-21T14:34:00Z,2.235,3.200,675.510,7582253056,121.010,121.010,25.000,1.850,34.042
2026-09-21T14:35:00Z,2.433,3.100,676.070,7583301632,101.610,101.610,21.000,1.020,30.500
2026-09-21T14:36:00Z,2.095,2.990,676.630,7583301632,104.390,104.390,20.000,1.130,25.692
2026-09-21T14:37:00Z,,,,,102.980,102.980,17.000,0.720,26.195
2026-09-21T14:38:00Z,2.208,3.390,677.465,7579107328,125.050,125.050,16.000,1.600,25.843
2026-09-21T14:39:00Z,,,678.290,7581204480,114.790,114.790,21.000,0.790,31.367
2026-09-21T14:40:00Z,2.147,3.140,678.850,7581204480,110.180,110.180,24.000,1.540,28.795
2026-09-21T14:41:00Z,2.050,2.970,679.410,7582253056,104.440,104.440,17.000,0.810,27.635
2026-09-21T14:42:00Z,2.515,3.120,679.960,7577010176,173.010,173.010,18.000,15.540,26.212
2026-09-21T14:43:00Z,2.100,3.000,680.520,7578058752,103.870,103.870,31.000,1.180,43.538
2026-09-21T14:44:00Z,2.880,4.420,681.070,7558135808,136.020,136.020,19.000,2.280,26.065
2026-09-21T14:45:00Z,2.540,3.170,681.600,7570718720,124.870,124.870,19.000,1.200,34.095
2026-09-21T14:46:00Z,2.275,3.090,682.150,7577010176,140.400,140.400,25.000,2.060,31.610
2026-09-21T14:47:00Z,2.120,2.970,682.710,7577010176,104.550,104.550,23.000,1.120,35.248
2026-09-21T14:48:00Z,2.350,3.330,683.260,7581204480,148.150,148.150,20.000,1.490,26.247
2026-09-21T14:49:00Z,,,,7580155904,100.300,100.300,20.000,0.740,37.127
2026-09-21T14:50:00Z,2.055,3.010,684.100,7579107328,98.430,98.430,24.000,1.050,25.190
2026-09-21T14:51:00Z,,,,,90.920,90.920,17.000,0.910,24.705
2026-09-21T14:52:00Z,2.018,2.920,685.220,7580155904,87.380,87.380,17.000,0.630,22.823
2026-09-21T14:53:00Z,2.000,2.860,686.060,7580155904,88.710,88.710,15.000,0.510,22.150
2026-09-21T14:54:00Z,1.850,2.790,686.620,7578058752,74.000,74.000,15.000,0.730,22.293
2026-09-21T14:55:00Z,2.075,3.050,687.180,7575961600,105.630,105.630,13.000,1.200,18.590
2026-09-21T14:56:00Z,1.885,2.660,687.740,7579107328,68.200,68.200,15.000,0.440,26.517
2026-09-21T14:57:00Z,1.965,2.930,688.300,7579107328,87.390,87.390,18.000,0.630,17.152
2026-09-21T14:58:00Z,,,,,88.280,88.280,11.000,1.000,21.940
2026-09-21T14:59:00Z,2.027,3.120,689.140,7580155904,83.180,83.180,17.000,0.520,22.160
2026-09-21T15:00:00Z,2.055,2.960,689.980,7580155904,104.320,104.320,13.000,2.210,20.910
2026-09-21T15:01:00Z,2.035,2.910,690.540,7580155904,94.120,94.120,17.000,1.310,26.170
2026-09-21T15:02:00Z,1.975,2.870,691.100,7580155904,102.950,102.950,18.000,1.140,23.622
2026-09-21T15:03:00Z,1.955,2.800,691.660,7579107328,90.880,90.880,17.000,0.910,26.047
2026-09-21T15:04:00Z,1.940,2.890,692.220,7579107328,75.340,75.340,16.000,0.420,22.817
2026-09-21T15:05:00Z,2.025,3.000,692.780,7575961600,88.940,88.940,14.000,0.990,18.942
2026-09-21T15:06:00Z,2.490,3.030,693.330,7579107328,182.060,182.060,16.000,8.130,22.483
2026-09-21T15:07:00Z,1.760,2.610,693.890,7579107328,69.100,69.100,29.000,0.490,45.633
2026-09-21T15:08:00Z,2.000,2.830,694.450,7577010176,90.930,90.930,16.000,2.670,17.383
2026-09-21T15:09:00Z,1.795,2.700,695.010,7574913024,67.230,67.230,14.000,0.950,22.843
2026-09-21T15:10:00Z,1.780,2.650,695.570,7572815872,67.020,67.020,13.000,0.800,16.898
2026-09-21T15:11:00Z,1.935,2.920,696.130,7569670144,71.800,71.800,11.000,1.880,16.852
2026-09-21T15:12:00Z,,,,,87.290,87.290,11.000,1.410,18.040
2026-09-21T15:13:00Z,1.962,3.160,696.970,7567572992,88.150,88.150,17.000,1.030,22.125
2026-09-21T15:14:00Z,2.030,2.820,697.810,7570718720,96.300,96.300,12.000,0.980,22.152
2026-09-21T15:15:00Z,,,698.370,,100.780,100.780,20.000,1.530,24.177
2026-09-21T15:16:00Z,2.118,3.030,698.920,7575961600,126.330,126.330,14.000,1.760,25.285
2026-09-21T15:17:00Z,,,699.480,7577010176,98.040,98.040,21.000,1.600,31.688
2026-09-21T15:18:00Z,2.002,3.050,700.040,7577010176,85.480,85.480,17.000,0.770,24.608
2026-09-21T15:19:00Z,1.925,2.700,700.600,7575961600,89.830,89.830,19.000,1.670,21.630
2026-09-21T15:20:00Z,2.110,3.100,701.160,7577010176,107.410,107.410,16.000,1.930,22.585
2026-09-21T15:21:00Z,2.045,2.860,701.720,7575961600,88.900,88.900,14.000,0.560,26.950
2026-09-21T15:22:00Z,,,,,91.190,91.190,19.000,1.100,22.317
2026-09-21T15:23:00Z,1.985,3.030,702.560,7574913024,98.800,98.800,14.000,1.050,23.108
2026-09-21T15:24:00Z,,,,7573864448,71.790,71.790,18.000,0.440,24.823
2026-09-21T15:25:00Z,1.857,2.870,703.680,7575961600,63.330,63.330,12.000,0.810,18.050
2026-09-21T15:26:00Z,1.905,2.850,704.530,7573864448,81.830,81.830,13.000,2.730,15.922
2026-09-21T15:27:00Z,,,,,61.240,61.240,11.000,0.600,20.547
2026-09-21T15:28:00Z,1.443,2.480,705.370,7572815872,68.520,68.520,14.000,0.390,15.375
2026-09-21T15:29:00Z,2.143,2.970,706.210,7575961600,72.960,72.960,10.000,0.800,17.220
2026-09-21T15:30:00Z,1.945,2.700,706.770,7574913024,89.780,89.780,11.000,1.040,18.348
2026-09-21T15:31:00Z,2.095,2.930,707.330,7568621568,95.150,95.150,18.000,0.920,22.538
2026-09-21T15:32:00Z,1.070,1.070,,7567572992,87.940,87.940,15.000,0.680,23.872
2026-09-21T15:33:00Z,2.277,2.890,708.170,7569670144,85.840,85.840,15.000,0.720,22.288
2026-09-21T15:34:00Z,1.865,2.700,709.010,7572815872,63.390,63.390,15.000,0.450,21.565
2026-09-21T15:35:00Z,1.995,2.970,709.570,7573864448,90.050,90.050,12.000,1.070,16.113
2026-09-21T15:36:00Z,1.930,2.720,710.130,7573864448,93.550,93.550,13.000,1.330,22.915
2026-09-21T15:37:00Z,2.230,3.580,710.690,7571767296,83.540,83.540,19.000,3.620,23.517
2026-09-21T15:38:00Z,2.265,3.270,711.240,7574913024,186.100,186.100,11.000,15.860,20.975
2026-09-21T15:39:00Z,2.150,3.090,711.790,7572815872,107.220,107.220,30.000,0.930,46.627
2026-09-21T15:40:00Z,2.295,3.180,712.340,7570718720,126.790,126.790,21.000,3.810,26.915
2026-09-21T15:41:00Z,2.180,3.130,712.900,7573864448,110.440,110.440,20.000,1.760,31.782
2026-09-21T15:42:00Z,2.060,2.890,713.450,7572815872,93.270,93.270,20.000,0.920,27.700
2026-09-21T15:43:00Z,1.890,2.840,714.010,7571767296,80.900,80.900,19.000,0.850,23.622
2026-09-21T15:44:00Z,,,,,83.220,83.220,13.000,1.200,20.340
2026-09-21T15:45:00Z,2.438,3.050,714.840,7571767296,104.120,104.120,14.000,2.330,20.907
2026-09-21T15:46:00Z,2.345,3.230,715.660,7572815872,123.360,123.360,17.000,2.050,26.433
2026-09-21T15:47:00Z,2.115,2.990,716.210,7572815872,116.480,116.480,22.000,2.330,30.983
2026-09-21T15:48:00Z,2.060,2.990,716.770,7573864448,93.990,93.990,21.000,1.840,29.218
2026-09-21T15:49:00Z,2.120,2.940,717.320,7573864448,117.220,117.220,17.000,1.650,23.608
2026-09-21T15:50:00Z,2.015,2.920,717.880,7574913024,86.170,86.170,19.000,0.710,29.402
2026-09-21T15:51:00Z,2.185,3.200,718.440,7572815872,99.340,99.340,17.000,0.840,21.635
2026-09-21T15:52:00Z,2.685,2.790,718.980,7568621568,263.460,263.460,16.000,41.320,24.927
2026-09-21T15:53:00Z,1.915,2.770,719.540,7567572992,85.170,85.170,48.000,0.770,66.192
2026-09-21T15:54:00Z,,,720.100,,64.920,64.920,16.000,0.380,21.407
2026-09-21T15:55:00Z,1.873,2.820,720.660,7566524416,84.820,84.820,13.000,1.240,16.332
2026-09-21T15:56:00Z,2.035,2.980,721.220,7564427264,106.240,106.240,13.000,2.590,21.302
2026-09-21T15:57:00Z,1.835,2.670,721.780,7568621568,75.260,75.260,16.000,0.440,26.652
2026-09-21T15:58:00Z,1.945,2.790,722.340,7567572992,93.570,93.570,17.000,1.360,18.913
2026-09-21T15:59:00Z,1.855,2.710,722.900,7567572992,72.280,72.280,14.000,1.380,23.508
2026-09-21T16:00:00Z,1.755,2.610,723.470,7567572992,64.050,64.050,14.000,0.590,18.160
2026-09-21T16:01:00Z,2.080,2.930,724.030,7564427264,101.840,101.840,12.000,1.060,16.115
2026-09-21T16:02:00Z,,,724.590,,92.140,92.140,14.000,0.940,25.552
2026-09-21T16:03:00Z,1.600,2.850,725.150,7563378688,69.920,69.920,16.000,0.770,23.343
2026-09-21T16:04:00Z,2.273,2.910,725.710,7565475840,90.850,90.850,14.000,0.810,17.565
2026-09-21T16:05:00Z,1.965,2.920,726.270,7567572992,77.430,77.430,14.000,0.800,22.820
2026-09-21T16:06:00Z,1.815,2.720,726.830,7566524416,67.310,67.310,15.000,0.730,19.610
2026-09-21T16:07:00Z,1.795,2.680,727.390,7567572992,63.670,63.670,12.000,0.760,16.938
2026-09-21T16:08:00Z,3.270,4.490,727.930,7566524416,339.700,339.700,12.000,57.940,16.032
2026-09-21T16:09:00Z,1.140,1.140,728.480,,101.710,101.710,22.000,0.940,85.010
2026-09-21T16:10:00Z,2.407,3.100,729.040,7566524416,108.920,108.920,52.000,1.800,25.543
2026-09-21T16:11:00Z,2.330,3.170,729.590,7565475840,135.450,135.450,18.000,2.620,27.302
2026-09-21T16:12:00Z,2.210,2.980,730.140,7566524416,129.520,129.520,23.000,1.570,33.953
2026-09-21T16:13:00Z,2.160,3.030,730.700,7563378688,113.950,113.950,25.000,1.760,32.678
2026-09-21T16:14:00Z,1.200,1.200,,7560232960,108.330,108.330,20.000,2.480,28.585
2026-09-21T16:15:00Z,2.860,2.860,731.260,7561281536,79.310,79.310,19.000,0.670,27.205
2026-09-21T16:16:00Z,1.972,2.880,732.100,7562330112,117.440,117.440,15.000,8.030,19.930
2026-09-21T16:17:00Z,1.850,2.710,732.950,7561281536,60.620,60.620,17.000,0.670,29.470
2026-09-21T16:18:00Z,1.060,1.060,733.510,7562330112,91.040,91.040,15.000,1.240,15.258
2026-09-21T16:19:00Z,2.273,2.930,734.070,7565475840,94.280,94.280,14.000,0.890,23.027
2026-09-21T16:20:00Z,1.795,2.620,734.630,7565475840,83.050,83.050,16.000,2.000,23.705
2026-09-21T16:21:00Z,1.855,2.690,735.190,7564427264,69.650,69.650,17.000,0.760,20.870
2026-09-21T16:22:00Z,1.870,2.680,735.750,7565475840,74.150,74.150,10.000,0.530,17.505
2026-09-21T16:23:00Z,1.765,2.640,736.310,7564427264,60.360,60.360,14.000,0.380,18.840
2026-09-21T16:24:00Z,1.800,2.570,736.870,7565475840,72.860,72.860,10.000,0.920,15.193
2026-09-21T16:25:00Z,1.810,2.740,737.440,7564427264,59.130,59.130,13.000,1.160,18.325
2026-09-21T16:26:00Z,1.860,2.780,738.000,7564427264,66.520,66.520,8.000,0.860,14.880
2026-09-21T16:27:00Z,1.850,2.680,738.560,7564427264,71.370,71.370,13.000,0.370,16.727
2026-09-21T16:28:00Z,2.000,2.700,739.120,7564427264,93.120,93.120,13.000,0.830,17.933
2026-09-21T16:29:00Z,2.060,2.950,739.680,7564427264,94.310,94.310,14.000,0.930,23.372
2026-09-21T16:30:00Z,1.910,2.660,740.240,7562330112,84.230,84.230,14.000,0.940,23.692
2026-09-21T16:31:00Z,2.180,2.780,740.800,7558135808,119.750,119.750,18.000,3.020,21.152
2026-09-21T16:32:00Z,,,,,89.140,89.140,17.000,2.420,30.032
2026-09-21T16:33:00Z,2.235,3.170,741.635,7557087232,154.050,154.050,18.000,3.930,22.628
2026-09-21T16:34:00Z,2.335,3.140,742.460,7562330112,136.270,136.270,23.000,3.840,38.635
2026-09-21T16:35:00Z,,,,7562330112,134.330,134.330,25.000,1.980,34.352
2026-09-21T16:36:00Z,2.118,2.930,743.290,7562330112,95.940,95.940,24.000,2.390,33.835
2026-09-21T16:37:00Z,1.975,2.800,744.130,7561281536,88.280,88.280,18.000,0.680,24.125
2026-09-21T16:38:00Z,,,,,92.520,92.520,17.000,1.460,22.155
2026-09-21T16:39:00Z,1.980,2.860,744.965,7562330112,127.490,127.490,15.000,1.030,23.260
2026-09-21T16:40:00Z,2.143,3.170,745.800,7564427264,78.720,78.720,19.000,0.800,31.965
2026-09-21T16:41:00Z,2.170,3.050,746.350,7564427264,112.110,112.110,18.000,1.040,19.770
2026-09-21T16:42:00Z,2.060,2.850,746.910,7564427264,94.830,94.830,17.000,1.340,28.117
2026-09-21T16:43:00Z,1.975,2.900,747.470,7563378688,97.430,97.430,19.000,0.970,24.030
2026-09-21T16:44:00Z,1.875,2.770,,,71.970,71.970,14.000,0.820,24.442
2026-09-21T16:45:00Z,2.805,4.100,748.305,7552892928,100.190,100.190,16.000,1.550,18.120
2026-09-21T16:46:00Z,2.005,2.830,749.130,7564427264,94.840,94.840,15.000,2.310,25.145
2026-09-21T16:47:00Z,1.785,2.710,749.690,7564427264,60.480,60.480,17.000,0.380,24.175
2026-09-21T16:48:00Z,,,,,65.700,65.700,13.000,0.470,15.248
2026-09-21T16:49:00Z,1.760,2.720,750.535,7564427264,59.380,59.380,10.000,0.760,16.535
2026-09-21T16:50:00Z,1.665,2.580,751.390,7563378688,44.050,44.050,11.000,0.160,14.955
2026-09-21T16:51:00Z,1.795,2.540,751.950,7563378688,68.540,68.540,8.000,0.500,11.102
2026-09-21T16:52:00Z,1.750,2.650,752.520,7563378688,51.500,51.500,10.000,0.440,17.233
2026-09-21T16:53:00Z,1.915,2.860,753.080,7560232960,73.680,73.680,10.000,1.090,13.145
2026-09-21T16:54:00Z,1.755,2.550,753.640,7560232960,67.010,67.010,10.000,0.540,18.505
2026-09-21T16:55:00Z,1.820,2.790,754.210,7561281536,63.840,63.840,13.000,0.800,16.863
2026-09-21T16:56:00Z,1.890,2.880,754.770,7561281536,74.880,74.880,8.000,0.990,16.052
2026-09-21T16:57:00Z,1.715,2.580,755.330,7561281536,62.940,62.940,13.000,0.810,18.817
2026-09-21T16:58:00Z,1.740,2.510,755.890,7560232960,56.560,56.560,13.000,0.890,15.825
2026-09-21T16:59:00Z,1.700,2.580,756.460,7561281536,57.130,57.130,11.000,0.320,14.250
2026-09-21T17:00:00Z,1.730,2.720,757.020,7561281536,55.090,55.090,7.000,0.530,14.377
2026-09-21T17:01:00Z,2.015,2.730,757.580,7563378688,92.880,92.880,9.000,2.180,13.857
2026-09-21T17:02:00Z,1.870,2.720,758.140,7563378688,78.570,78.570,16.000,1.120,23.315
2026-09-21T17:03:00Z,1.760,2.570,758.700,7563378688,71.520,71.520,13.000,0.500,19.938
2026-09-21T17:04:00Z,,,,,63.800,63.800,13.000,0.360,17.977
2026-09-21T17:05:00Z,1.840,2.980,759.540,7562330112,72.430,72.430,11.000,1.340,16.065
2026-09-21T17:06:00Z,1.830,2.770,760.380,7562330112,60.800,60.800,9.000,0.730,18.360
2026-09-21T17:07:00Z,1.725,2.550,,,54.330,54.330,13.000,0.440,15.315
2026-09-21T17:08:00Z,1.710,2.590,761.225,7562330112,49.660,49.660,11.000,0.570,13.680
2026-09-21T17:09:00Z,1.930,2.790,762.070,7558135808,77.840,77.840,7.000,0.740,12.520
2026-09-21T17:10:00Z,1.725,2.720,762.640,7558135808,51.900,51.900,12.000,0.480,19.562
2026-09-21T17:11:00Z,1.715,2.530,763.200,,59.430,59.430,10.000,0.470,13.060
2026-09-21T17:12:00Z,,,,7560232960,49.500,49.500,11.000,0.490,14.950
2026-09-21T17:13:00Z,1.840,2.870,764.050,7559184384,91.520,91.520,8.000,1.960,12.660
2026-09-21T17:14:00Z,1.860,2.900,764.890,7562330112,76.030,76.030,13.000,1.530,23.003
2026-09-21T17:15:00Z,,,765.450,7561281536,82.990,82.990,13.000,1.440,19.105
2026-09-21T17:16:00Z,2.042,3.080,766.010,7560232960,103.290,103.290,12.000,1.530,20.837
2026-09-21T17:17:00Z,,,,,84.550,84.550,19.000,0.830,25.918
2026-09-21T17:18:00Z,1.855,2.670,766.570,7554990080,62.800,62.800,18.000,0.830,21.240
2026-09-21T17:19:00Z,1.875,2.860,767.410,7557087232,73.870,73.870,12.000,1.370,15.973
2026-09-21T17:20:00Z,1.930,2.750,768.250,7561281536,84.850,84.850,11.000,1.080,18.595
2026-09-21T17:21:00Z,1.885,2.790,768.810,7561281536,70.490,70.490,15.000,1.010,21.302
2026-09-21T17:22:00Z,1.830,2.800,769.370,7561281536,63.630,63.630,12.000,0.560,17.707
2026-09-21T17:23:00Z,1.970,2.850,,7558135808,88.010,88.010,12.000,2.350,16.212
2026-09-21T17:24:00Z,1.910,2.780,770.210,7559184384,82.320,82.320,14.000,0.640,22.108
2026-09-21T17:25:00Z,1.945,2.930,771.050,7558135808,91.250,91.250,15.000,1.420,20.703
2026-09-21T17:26:00Z,1.945,3.020,771.610,7554990080,71.320,71.320,15.000,0.940,22.910
2026-09-21T17:27:00Z,1.750,2.670,772.170,7556038656,64.310,64.310,13.000,0.700,17.920
2026-09-21T17:28:00Z,,,,,61.370,61.370,13.000,0.430,16.163
2026-09-21T17:29:00Z,1.860,2.790,773.010,7553941504,67.550,67.550,10.000,0.880,15.440
2026-09-21T17:30:00Z,1.955,2.770,773.850,7559184384,101.920,101.920,12.000,2.410,17.010
2026-09-21T17:31:00Z,2.105,3.010,774.410,7559184384,92.520,92.520,15.000,1.190,25.578
2026-09-21T17:32:00Z,2.370,3.040,774.960,7557087232,152.790,152.790,15.000,17.270,23.227
2026-09-21T17:33:00Z,1.985,2.740,775.520,7557087232,90.960,90.960,22.000,1.660,38.483
2026-09-21T17:34:00Z,,,,7557087232,71.600,71.600,24.000,0.970,22.843
2026-09-21T17:35:00Z,1.935,2.880,776.080,,87.190,87.190,11.000,0.940,18.170
2026-09-21T17:36:00Z,1.975,2.930,776.920,7557087232,74.660,74.660,14.000,0.760,22.045
2026-09-21T17:37:00Z,,,,,66.050,66.050,14.000,0.710,18.830
2026-09-21T17:38:00Z,1.927,3.130,778.040,7554990080,77.170,77.170,12.000,0.830,16.630
2026-09-21T17:39:00Z,1.910,2.700,778.880,7558135808,86.150,86.150,10.000,0.880,19.385
2026-09-21T17:40:00Z,1.880,2.780,779.440,7557087232,70.440,70.440,18.000,0.830,21.648
2026-09-21T17:41:00Z,2.115,2.720,780.000,7557087232,105.240,105.240,11.000,1.950,17.712
2026-09-21T17:42:00Z,1.845,2.690,780.560,7553941504,70.310,70.310,17.000,0.430,26.675
2026-09-21T17:43:00Z,2.045,3.000,781.120,7553941504,81.750,81.750,14.000,0.930,17.675
2026-09-21T17:44:00Z,1.850,2.720,781.680,7553941504,75.510,75.510,12.000,1.130,20.547
2026-09-21T17:45:00Z,,,,7535067136,96.470,96.470,16.000,1.860,18.983
2026-09-21T17:46:00Z,2.598,4.010,782.510,7546601472,140.700,140.700,15.000,4.120,24.220
2026-09-21T17:47:00Z,1.250,1.250,783.340,7557087232,111.450,111.450,20.000,2.110,35.615
2026-09-21T17:48:00Z,2.397,3.090,783.900,7556038656,127.550,127.550,23.000,3.340,27.990
2026-09-21T17:49:00Z,,,784.460,7557087232,70.860,70.860,17.000,0.440,31.990
2026-09-21T17:50:00Z,1.910,2.950,785.020,7556038656,86.600,86.600,19.000,0.920,17.825
2026-09-21T17:51:00Z,1.735,2.580,785.580,7556038656,48.830,48.830,12.000,0.330,21.747
2026-09-21T17:52:00Z,,,786.150,,57.350,57.350,13.000,0.620,12.305
2026-09-21T17:53:00Z,1.748,2.680,786.710,7553941504,50.330,50.330,8.000,0.400,14.640
2026-09-21T17:54:00Z,1.720,2.570,787.280,7551844352,56.950,56.950,10.000,1.120,12.697
2026-09-21T17:55:00Z,1.825,2.720,787.840,7519338496,54.880,54.880,10.000,0.440,14.345
2026-09-21T17:56:00Z,1.770,2.670,788.400,7528775680,64.920,64.920,9.000,1.490,13.812
2026-09-21T17:57:00Z,1.710,2.660,788.970,7529824256,50.850,50.850,10.000,0.540,16.328
2026-09-21T17:58:00Z,,,789.530,,61.260,61.260,9.000,1.030,12.803
2026-09-21T17:59:00Z,1.702,2.570,790.100,7530872832,49.050,49.050,12.000,0.370,15.438
2026-09-21T18:00:00Z,1.605,2.510,790.670,7532969984,32.710,32.710,8.000,0.190,12.352
2026-09-21T18:01:00Z,,,791.230,7531921408,80.700,80.700,7.000,0.840,8.280
2026-09-21T18:02:00Z,1.907,2.940,791.790,7534018560,69.560,69.560,9.000,1.000,20.265
2026-09-21T18:03:00Z,2.035,2.940,792.350,7534018560,85.450,85.450,15.000,1.060,17.712
2026-09-21T18:04:00Z,1.925,2.870,792.910,7530872832,84.280,84.280,12.000,0.990,21.468
2026-09-21T18:05:00Z,1.870,2.650,793.470,7529824256,71.050,71.050,15.000,0.850,21.172
2026-09-21T18:06:00Z,2.135,2.830,794.030,7532969984,108.370,108.370,14.000,3.700,18.017
2026-09-21T18:07:00Z,1.825,2.700,794.590,7531921408,62.550,62.550,17.000,0.550,27.190
2026-09-21T18:08:00Z,1.840,2.680,795.150,7535067136,69.190,69.190,13.000,0.960,15.727
2026-09-21T18:09:00Z,,,,,71.370,71.370,11.000,1.230,17.407
2026-09-21T18:10:00Z,1.875,2.820,795.990,7535067136,79.470,79.470,11.000,1.330,17.945
2026-09-21T18:11:00Z,1.915,2.760,796.830,7536115712,65.390,65.390,13.000,0.430,19.957
2026-09-21T18:12:00Z,1.870,2.720,797.390,7539261440,72.700,72.700,13.000,1.030,16.453
2026-09-21T18:13:00Z,1.700,2.590,797.960,7538212864,47.130,47.130,13.000,0.270,18.473
2026-09-21T18:14:00Z,1.645,2.640,798.530,7539261440,37.470,37.470,8.000,0.250,11.893
2026-09-21T18:15:00Z,2.010,3.180,799.090,7535067136,101.590,101.590,7.000,2.290,9.470
2026-09-21T18:16:00Z,1.900,2.840,799.650,7530872832,71.100,71.100,9.000,0.550,25.488
2026-09-21T18:17:00Z,,,800.210,,77.440,77.440,19.000,1.510,17.878
2026-09-21T18:18:00Z,1.810,2.760,800.770,7529824256,61.980,61.980,13.000,0.740,19.457
2026-09-21T18:19:00Z,1.785,2.740,801.340,7531921408,59.230,59.230,12.000,0.650,15.748
2026-09-21T18:20:00Z,1.780,2.630,801.900,7532969984,60.040,60.040,9.000,1.580,14.938
2026-09-21T18:21:00Z,1.740,2.570,802.460,7531921408,52.430,52.430,12.000,1.130,15.102
2026-09-21T18:22:00Z,,,,7532969984,59.550,59.550,10.000,0.770,13.210
2026-09-21T18:23:00Z,2.002,3.370,803.310,7535067136,116.490,116.490,7.000,3.070,15.193
2026-09-21T18:24:00Z,2.070,3.020,804.140,7540310016,116.440,116.440,13.000,3.080,29.220
2026-09-21T18:25:00Z,1.770,2.720,,,65.210,65.210,23.000,0.790,29.215
2026-09-21T18:26:00Z,0.950,0.950,804.980,7542407168,75.840,75.840,16.000,0.960,16.395
2026-09-21T18:27:00Z,2.150,2.870,805.820,7542407168,81.690,81.690,12.000,0.880,19.045
2026-09-21T18:28:00Z,1.705,2.530,806.390,7544504320,54.960,54.960,14.000,0.760,20.512
2026-09-21T18:29:00Z,1.795,2.810,806.960,7545552896,60.910,60.910,11.000,0.550,13.842
2026-09-21T18:30:00Z,1.855,2.720,807.520,7543455744,69.370,69.370,9.000,1.000,15.338
2026-09-21T18:31:00Z,1.990,2.820,808.080,7544504320,97.850,97.850,13.000,2.620,17.438
2026-09-21T18:32:00Z,1.990,3.040,808.640,7542407168,104.500,104.500,16.000,2.890,24.573
2026-09-21T18:33:00Z,1.990,2.850,809.200,7544504320,91.300,91.300,14.000,0.900,26.422
2026-09-21T18:34:00Z,1.960,2.900,809.760,7544504320,85.090,85.090,19.000,1.100,22.922
2026-09-21T18:35:00Z,1.780,2.720,810.320,7543455744,62.410,62.410,14.000,0.820,21.545
2026-09-21T18:36:00Z,1.910,2.870,810.880,7543455744,74.520,74.520,13.000,0.640,15.857
2026-09-21T18:37:00Z,1.780,2.720,811.440,7540310016,62.450,62.450,11.000,0.410,18.795
2026-09-21T18:38:00Z,,,812.000,7540310016,49.210,49.210,12.000,0.370,15.715
2026-09-21T18:39:00Z,1.735,2.590,,7538212864,68.440,68.440,11.000,1.060,12.418
2026-09-21T18:40:00Z,1.785,2.750,812.840,7540310016,50.530,50.530,11.000,0.560,17.195
2026-09-21T18:41:00Z,1.925,2.780,813.680,7539261440,67.130,67.130,10.000,0.930,12.730
2026-09-21T18:42:00Z,1.895,2.810,814.240,7537164288,84.850,84.850,11.000,1.790,16.878
2026-09-21T18:43:00Z,1.875,2.710,814.800,7535067136,75.740,75.740,12.000,0.780,21.532
2026-09-21T18:44:00Z,1.925,2.780,815.360,7538212864,77.050,77.050,13.000,1.020,19.032
2026-09-21T18:45:00Z,,,,,87.440,87.440,14.000,1.550,19.370
2026-09-21T18:46:00Z,2.570,3.530,816.185,7529824256,156.670,156.670,15.000,5.520,21.953
2026-09-21T18:47:00Z,1.945,2.670,817.010,7528775680,89.340,89.340,26.000,1.780,39.735
2026-09-21T18:48:00Z,1.985,2.950,817.570,7526678528,88.830,88.830,18.000,1.030,22.488
2026-09-21T18:49:00Z,1.765,2.730,818.130,7525629952,55.660,55.660,12.000,0.440,22.340
2026-09-21T18:50:00Z,1.905,2.750,818.690,7525629952,80.290,80.290,14.000,1.980,14.000
2026-09-21T18:51:00Z,2.285,3.230,819.250,7526678528,127.630,127.630,12.000,2.580,20.168
2026-09-21T18:52:00Z,1.985,2.770,819.810,7529824256,89.270,89.270,16.000,2.340,32.188
2026-09-21T18:53:00Z,2.155,3.010,,7529824256,119.850,119.850,22.000,2.090,22.445
2026-09-21T18:54:00Z,,,820.370,,104.660,104.660,19.000,2.720,30.067
2026-09-21T18:55:00Z,2.100,3.160,820.930,7526678528,98.240,98.240,16.000,2.110,26.258
2026-09-21T18:56:00Z,,,821.490,7528775680,92.310,92.310,20.000,1.110,24.645
2026-09-21T18:57:00Z,1.915,2.900,822.330,7527727104,64.040,64.040,17.000,0.560,23.183
2026-09-21T18:58:00Z,1.910,2.760,823.170,7530872832,80.630,80.630,12.000,0.770,16.095
2026-09-21T18:59:00Z,2.000,2.960,823.730,7525629952,96.830,96.830,13.000,2.340,20.262
2026-09-21T19:00:00Z,,,,,86.370,86.370,14.000,1.750,24.328
2026-09-21T19:01:00Z,1.965,2.830,824.570,7523532800,108.200,108.200,15.000,2.450,21.898
2026-09-21T19:02:00Z,2.072,2.960,825.410,7525629952,98.530,98.530,19.000,0.910,27.145
2026-09-21T19:03:00Z,,,825.970,7526678528,95.980,95.980,20.000,1.400,24.910
2026-09-21T19:04:00Z,1.917,2.960,826.530,7528775680,66.980,66.980,14.000,0.520,24.090
2026-09-21T19:05:00Z,1.850,2.820,827.090,7528775680,63.770,63.770,15.000,0.710,16.855
2026-09-21T19:06:00Z,2.110,3.130,827.650,7528775680,103.150,103.150,11.000,1.190,16.200
2026-09-21T19:07:00Z,1.945,2.820,828.210,7529824256,90.480,90.480,15.000,1.960,25.905
2026-09-21T19:08:00Z,1.825,2.590,828.770,7532969984,82.810,82.810,18.000,1.010,22.725
2026-09-21T19:09:00Z,1.770,2.580,829.330,7534018560,61.270,61.270,15.000,1.220,20.795
2026-09-21T19:10:00Z,1.800,2.750,829.890,7531921408,73.210,73.210,11.000,1.020,15.422
2026-09-21T19:11:00Z,2.055,3.070,830.450,7531921408,83.440,83.440,10.000,2.180,18.400
2026-09-21T19:12:00Z,1.895,2.770,831.010,7535067136,73.350,73.350,13.000,1.040,20.953
2026-09-21T19:13:00Z,,,,,88.860,88.860,16.000,1.810,18.628
2026-09-21T19:14:00Z,1.808,2.670,831.850,7536115712,66.000,66.000,13.000,1.320,22.343
2026-09-21T19:15:00Z,1.915,2.760,832.690,7534018560,77.650,77.650,13.000,0.930,16.593
2026-09-21T19:16:00Z,1.920,2.790,,7535067136,84.660,84.660,13.000,1.700,19.503
2026-09-21T19:17:00Z,,,833.250,7534018560,64.290,64.290,13.000,1.360,21.262
2026-09-21T19:18:00Z,1.815,2.650,834.090,7530872832,61.160,61.160,14.000,0.430,16.165
2026-09-21T19:19:00Z,1.730,2.690,834.930,7529824256,49.810,49.810,9.000,0.700,15.557
2026-09-21T19:20:00Z,1.835,2.680,835.490,,69.510,69.510,8.000,0.570,12.592
2026-09-21T19:21:00Z,1.910,2.790,,7527727104,71.400,71.400,12.000,0.780,17.488
2026-09-21T19:22:00Z,2.175,2.920,836.325,7528775680,130.410,130.410,12.000,5.360,17.953
2026-09-21T19:23:00Z,1.775,2.660,837.160,7528775680,62.560,62.560,19.000,1.240,32.917
2026-09-21T19:24:00Z,,,,,55.180,55.180,16.000,0.420,15.748
2026-09-21T19:25:00Z,1.740,2.730,838.005,7527727104,53.610,53.610,10.000,0.940,13.900
2026-09-21T19:26:00Z,1.930,2.890,838.850,7525629952,74.700,74.700,8.000,1.270,13.492
2026-09-21T19:27:00Z,1.860,2.820,839.410,7521435648,74.880,74.880,10.000,0.830,18.765
2026-09-21T19:28:00Z,1.805,2.670,839.970,7521435648,67.860,67.860,13.000,0.780,18.817
2026-09-21T19:29:00Z,1.790,2.670,840.530,7520387072,58.190,58.190,13.000,0.880,17.055
2026-09-21T19:30:00Z,1.950,2.850,841.090,7521435648,86.630,86.630,10.000,1.130,14.652
2026-09-21T19:31:00Z,2.135,2.940,841.650,7522484224,101.610,101.610,13.000,1.060,21.750
2026-09-21T19:32:00Z,2.025,2.950,842.210,7525629952,97.480,97.480,17.000,1.330,25.495
2026-09-21T19:33:00Z,,,,,89.270,89.270,17.000,1.240,24.663
2026-09-21T19:34:00Z,1.948,2.860,843.050,7526678528,79.500,79.500,16.000,1.640,22.440
2026-09-21T19:35:00Z,2.055,2.980,843.890,7535067136,104.120,104.120,15.000,1.910,20.155
2026-09-21T19:36:00Z,1.920,2.730,,,86.910,86.910,16.000,1.370,26.290
2026-09-21T19:37:00Z,1.850,2.720,844.730,7528775680,77.140,77.140,18.000,1.180,21.875
2026-09-21T19:38:00Z,2.155,3.070,845.570,7528775680,99.060,99.060,13.000,2.000,19.383
2026-09-21T19:39:00Z,2.280,3.050,846.120,7532969984,133.730,133.730,12.000,2.860,25.067
2026-09-21T19:40:00Z,2.045,2.960,846.680,7531921408,99.230,99.230,25.000,1.600,33.560
2026-09-21T19:41:00Z,2.435,3.400,847.230,7531921408,145.080,145.080,19.000,2.840,24.910
2026-09-21T19:42:00Z,2.150,2.960,847.780,7532969984,128.090,128.090,22.000,2.790,36.367
2026-09-21T19:43:00Z,2.240,3.040,848.330,7530872832,137.680,137.680,26.000,3.200,32.312
2026-09-21T19:44:00Z,2.025,2.810,848.890,7530872832,104.080,104.080,21.000,1.240,34.525
2026-09-21T19:45:00Z,1.990,2.910,849.450,7531921408,83.400,83.400,22.000,1.720,26.108
2026-09-21T19:46:00Z,3.165,4.460,849.990,7522484224,170.050,170.050,15.000,7.520,20.945
2026-09-21T19:47:00Z,2.030,3.090,850.540,7524581376,93.120,93.120,25.000,1.520,42.605
2026-09-21T19:48:00Z,1.080,1.080,851.100,,95.170,95.170,18.000,3.130,23.695
2026-09-21T19:49:00Z,2.373,3.050,851.660,7527727104,113.890,113.890,20.000,3.290,23.953
2026-09-21T19:50:00Z,2.250,3.150,852.210,7525629952,136.720,136.720,17.000,2.410,28.562
2026-09-21T19:51:00Z,3.100,3.750,852.750,7524581376,259.540,259.540,21.000,18.560,34.290
2026-09-21T19:52:00Z,2.545,3.380,853.300,7521435648,177.050,177.050,38.000,2.760,65.192
2026-09-21T19:53:00Z,2.495,3.190,,7523532800,183.690,183.690,38.000,9.260,44.392
2026-09-21T19:54:00Z,2.315,3.170,854.115,7521435648,137.840,137.840,34.000,1.880,46.025
2026-09-21T19:55:00Z,,,,,196.230,196.230,24.000,10.010,34.562
2026-09-21T19:56:00Z,2.947,4.030,855.205,7520387072,265.330,265.330,28.000,14.100,49.142
2026-09-21T19:57:00Z,3.000,3.850,856.000,7523532800,223.620,223.620,45.000,4.870,66.450
2026-09-21T19:58:00Z,3.005,3.910,856.540,7527727104,222.290,222.290,42.000,7.280,55.995
2026-09-21T19:59:00Z,,,,,272.160,272.160,37.000,14.230,55.695
2026-09-21T20:00:00Z,4.005,5.940,857.325,7511998464,517.780,517.780,45.000,94.210,68.155
2026-09-21T20:01:00Z,4.455,4.830,858.080,7507804160,600.020,600.020,67.000,127.560,129.550
2026-09-21T20:02:00Z,,,,,495.000,495.000,100.000,98.190,150.102
2026-09-21T20:03:00Z,3.385,3.730,858.600,7506755584,111.900,111.900,100.000,0.880,124.052
2026-09-21T20:04:00Z,2.210,3.070,859.150,7505707008,79.220,79.220,39.000,0.890,28.073
2026-09-21T20:05:00Z,2.680,5.220,859.985,7481589760,108.710,108.710,15.000,0.940,19.915
2026-09-21T20:06:00Z,2.450,3.060,860.780,7484735488,93.220,93.220,17.000,0.670,27.445
2026-09-21T20:07:00Z,1.765,2.580,861.340,7486832640,49.510,49.510,16.000,0.350,24.420
2026-09-21T20:08:00Z,2.075,3.140,861.900,7488929792,62.930,62.930,13.000,0.450,13.030
2026-09-21T20:09:00Z,1.845,2.680,862.460,7494172672,53.330,53.330,9.000,0.640,15.860
2026-09-21T20:10:00Z,1.690,2.560,863.020,7493124096,40.570,40.570,11.000,0.240,14.480
2026-09-21T20:11:00Z,,,,,33.000,33.000,7.000,0.090,10.283
2026-09-21T20:12:00Z,1.665,2.450,863.875,7496269824,28.980,28.980,6.000,0.110,8.685
2026-09-21T20:13:00Z,1.317,2.530,864.730,7497318400,28.470,28.470,4.000,0.070,7.372
2026-09-21T20:14:00Z,1.907,2.520,865.300,7499415552,28.600,28.600,5.000,0.110,7.202
2026-09-21T20:15:00Z,,,865.870,7500464128,31.680,31.680,4.000,0.090,7.255
2026-09-21T20:16:00Z,1.593,2.590,866.440,7501512704,21.080,21.080,6.000,0.040,8.015
2026-09-21T20:17:00Z,1.780,2.670,867.010,7501512704,57.600,57.600,4.000,0.450,5.360
2026-09-21T20:18:00Z,1.635,2.540,867.570,7503609856,31.250,31.250,6.000,0.090,14.502
2026-09-21T20:19:00Z,1.545,2.390,868.140,7503609856,23.690,23.690,7.000,0.340,8.080
2026-09-21T20:20:00Z,1.500,2.400,868.710,7502561280,19.870,19.870,5.000,0.090,6.050
2026-09-21T20:21:00Z,1.600,2.540,869.280,7502561280,18.910,18.910,3.000,0.040,5.058
2026-09-21T20:22:00Z,,,869.850,,12.160,12.160,2.000,0.050,4.832
2026-09-21T20:23:00Z,1.450,2.350,,7503609856,12.890,12.890,3.000,0.050,3.337
2026-09-21T20:24:00Z,1.465,2.420,870.705,,10.310,10.310,1.000,0.020,3.315
2026-09-21T20:25:00Z,1.440,2.400,871.560,7503609856,13.540,13.540,2.000,0.030,2.683
2026-09-21T20:26:00Z,1.525,2.480,872.130,7504658432,15.200,15.200,2.000,0.150,3.478
2026-09-21T20:27:00Z,1.535,2.380,,,32.860,32.860,2.000,0.240,3.885
2026-09-21T20:28:00Z,1.460,2.370,872.985,7506755584,13.430,13.430,4.000,0.050,8.290
2026-09-21T20:29:00Z,,,,,10.560,10.560,3.000,0.020,3.462
2026-09-21T20:30:00Z,1.435,2.360,874.125,7506755584,18.160,18.160,1.000,0.050,2.750
2026-09-21T20:31:00Z,1.480,2.280,874.980,7506755584,15.030,15.030,2.000,0.070,4.645
2026-09-21T20:32:00Z,,,,,17.780,17.780,3.000,0.040,3.848
2026-09-21T20:33:00Z,1.430,2.280,875.835,7507804160,11.580,11.580,2.000,0.040,4.735
2026-09-21T20:34:00Z,1.355,2.210,876.690,7507804160,6.310,6.310,2.000,0.010,2.998
2026-09-21T20:35:00Z,1.405,2.320,877.260,7507804160,7.060,7.060,1.000,0.010,2.030
2026-09-21T20:36:00Z,1.455,2.370,877.830,7507804160,10.210,10.210,1.000,0.030,2.007
2026-09-21T20:37:00Z,1.435,2.330,878.400,7507804160,11.560,11.560,1.000,0.020,2.705
2026-09-21T20:38:00Z,,,,7508852736,5.700,5.700,1.000,0.010,3.000
2026-09-21T20:39:00Z,1.435,2.340,878.970,,11.450,11.450,1.000,0.030,1.532
2026-09-21T20:40:00Z,1.445,2.420,879.825,7508852736,14.390,14.390,1.000,0.050,2.960
2026-09-21T20:41:00Z,1.510,2.430,,,14.140,14.140,2.000,0.030,3.688
2026-09-21T20:42:00Z,,,880.680,7508852736,9.010,9.010,2.000,0.010,3.640
2026-09-21T20:43:00Z,1.460,2.400,881.250,7509901312,13.190,13.190,2.000,0.030,2.607
2026-09-21T20:44:00Z,1.430,2.360,882.105,7510949888,11.520,11.520,2.000,0.060,3.425
2026-09-21T20:45:00Z,1.460,2.370,882.960,7510949888,13.760,13.760,2.000,0.020,2.970
2026-09-21T20:46:00Z,2.080,3.520,883.530,7491026944,19.920,19.920,1.000,0.090,3.530
2026-09-21T20:47:00Z,1.760,2.370,884.080,7497318400,12.740,12.740,3.000,0.040,5.095
2026-09-21T20:48:00Z,,,,7497318400,9.540,9.540,2.000,0.030,4.013
2026-09-21T20:49:00Z,1.435,2.380,884.935,7497318400,12.140,12.140,2.000,0.020,2.470
2026-09-21T20:50:00Z,1.470,2.380,885.790,7498366976,17.010,17.010,1.000,0.080,3.350
2026-09-21T20:51:00Z,1.490,2.330,886.360,7499415552,15.350,15.350,3.000,0.050,4.400
2026-09-21T20:52:00Z,1.440,2.330,886.930,7499415552,13.460,13.460,3.000,0.030,4.173
2026-09-21T20:53:00Z,1.415,2.270,887.500,7499415552,7.930,7.930,1.000,0.010,3.462
2026-09-21T20:54:00Z,1.380,2.280,888.070,7499415552,5.210,5.210,1.000,0.010,2.080
2026-09-21T20:55:00Z,1.515,2.350,888.640,7498366976,14.880,14.880,0.000,0.030,1.397
2026-09-21T20:56:00Z,1.395,2.270,889.210,7499415552,10.690,10.690,1.000,0.030,4.035
2026-09-21T20:57:00Z,1.425,2.350,889.780,7499415552,8.400,8.400,2.000,0.010,2.770
2026-09-21T20:58:00Z,1.505,2.360,890.350,7500464128,25.490,25.490,1.000,0.140,2.185
2026-09-21T20:59:00Z,1.480,2.400,890.920,7500464128,19.890,19.890,3.000,0.130,6.457
2026-09-21T21:00:00Z,1.600,2.610,891.490,7500464128,31.670,31.670,2.000,0.110,5.077
2026-09-21T21:01:00Z,5.320,8.450,891.980,7568621568,9.910,9.910,4.000,0.020,8.015
2026-09-21T21:02:00Z,1.280,2.220,892.560,7568621568,0.130,0.130,5.000,0.000,2.580
2026-09-21T21:03:00Z,1.275,2.180,893.140,7567572992,0.000,0.000,0.000,0.000,0.323
2026-09-21T21:04:00Z,1.275,2.220,893.720,7567572992,0.000,0.000,0.000,0.000,0.128
2026-09-21T21:05:00Z,1.225,2.110,894.300,7567572992,0.000,0.000,0.000,0.000,0.098
2026-09-21T21:06:00Z,1.270,2.200,894.880,7567572992,0.000,0.000,0.000,0.000,0.247
2026-09-21T21:07:00Z,1.245,2.160,895.460,7567572992,0.000,0.000,0.000,0.000,0.105
2026-09-21T21:08:00Z,,,,7567572992,0.000,0.000,0.000,0.000,0.098
2026-09-21T21:09:00Z,1.280,2.200,896.040,7567572992,0.000,0.000,0.000,0.000,0.115
2026-09-21T21:10:00Z,1.265,2.200,896.620,,0.000,0.000,0.000,0.000,0.098
2026-09-21T21:11:00Z,1.317,2.230,897.485,7567572992,0.000,0.000,0.000,0.000,0.065
2026-09-21T21:12:00Z,,,898.350,7643070464,0.000,0.000,0.000,0.000,0.515
2026-09-21T21:13:00Z,1.285,2.240,898.930,7643070464,0.000,0.000,0.000,0.000,0.122
2026-09-21T21:14:00Z,1.220,2.100,899.510,7643070464,0.000,0.000,0.000,0.000,0.102
2026-09-21T21:15:00Z,,,,,0.000,0.000,0.000,0.000,0.105
2026-09-21T21:16:00Z,2.382,4.900,900.365,7634681856,0.060,0.060,0.000,0.000,0.098
2026-09-21T21:17:00Z,,,,7615807488,0.040,0.040,0.000,0.000,1.312
2026-09-21T21:18:00Z,3.215,5.500,901.405,7618953216,0.000,0.000,0.000,0.000,2.652
2026-09-21T21:19:00Z,,,902.260,7618953216,0.000,0.000,0.000,0.000,4.605
2026-09-21T21:20:00Z,1.260,2.180,902.840,7617904640,0.000,0.000,0.000,0.000,0.295
2026-09-21T21:21:00Z,1.350,2.220,903.410,7617904640,0.000,0.000,0.000,0.000,0.105
2026-09-21T21:22:00Z,,,,,0.000,0.000,0.000,0.000,0.297
2026-09-21T21:23:00Z,1.295,2.260,904.275,7617904640,0.000,0.000,0.000,0.000,0.110
2026-09-21T21:24:00Z,1.265,2.190,905.140,7617904640,0.000,0.000,0.000,0.000,0.115
2026-09-21T21:25:00Z,1.255,2.160,905.720,7617904640,0.000,0.000,0.000,0.000,0.090
2026-09-21T21:26:00Z,1.245,2.110,906.300,7617904640,0.000,0.000,0.000,0.000,0.102
2026-09-21T21:27:00Z,1.230,2.110,,,0.000,0.000,0.000,0.000,0.098
2026-09-21T21:28:00Z,1.240,2.100,907.170,7617904640,0.000,0.000,0.000,0.000,0.090
2026-09-21T21:29:00Z,0.350,0.350,908.040,7618953216,0.000,0.000,0.000,0.000,0.115
2026-09-21T21:30:00Z,2.237,4.220,908.620,7612661760,0.000,0.000,0.000,0.000,0.092
2026-09-21T21:31:00Z,1.790,2.250,909.160,7618953216,0.000,0.000,0.000,0.000,0.090
2026-09-21T21:32:00Z,1.270,2.170,909.740,7618953216,0.000,0.000,0.000,0.000,1.615
2026-09-21T21:33:00Z,1.320,2.240,910.320,,0.000,0.000,0.000,0.000,0.247
2026-09-21T21:34:00Z,,,,7618953216,0.000,0.000,0.000,0.000,0.235
2026-09-21T21:35:00Z,1.270,2.190,911.190,7618953216,0.000,0.000,0.000,0.000,0.290
2026-09-21T21:36:00Z,1.285,2.220,912.060,7618953216,0.000,0.000,0.000,0.000,0.253
2026-09-21T21:37:00Z,1.270,2.190,912.640,7618953216,0.000,0.000,0.000,0.000,0.142
2026-09-21T21:38:00Z,1.275,2.170,913.220,7618953216,0.000,0.000,0.000,0.000,0.122
2026-09-21T21:39:00Z,1.285,2.230,913.800,7618953216,0.000,0.000,0.000,0.000,0.105
2026-09-21T21:40:00Z,1.230,2.130,914.380,7618953216,0.000,0.000,0.000,0.000,0.102
2026-09-21T21:41:00Z,1.265,2.140,914.960,7618953216,0.000,0.000,0.000,0.000,0.105
2026-09-21T21:42:00Z,1.270,2.210,915.540,7618953216,0.000,0.000,0.000,0.000,0.090
2026-09-21T21:43:00Z,3.285,4.350,916.070,7620001792,0.000,0.000,0.000,0.000,0.292
2026-09-21T21:44:00Z,,,,,0.000,0.000,0.000,0.000,0.685
2026-09-21T21:45:00Z,1.292,2.250,916.650,7620001792,0.000,0.000,0.000,0.000,0.122
2026-09-21T21:46:00Z,1.270,2.210,917.520,7620001792,0.000,0.000,0.000,0.000,0.090
2026-09-21T21:47:00Z,,,918.370,,0.000,0.000,0.000,0.000,0.095
2026-09-21T21:48:00Z,2.145,2.220,,7607418880,0.000,0.000,0.000,0.000,0.393
2026-09-21T21:49:00Z,1.275,2.200,919.240,7628390400,0.000,0.000,0.000,0.000,0.168
2026-09-21T21:50:00Z,1.280,2.230,920.110,7627341824,0.000,0.000,0.000,0.000,0.105
2026-09-21T21:51:00Z,1.290,2.180,920.690,7627341824,0.000,0.000,0.000,0.000,0.102
2026-09-21T21:52:00Z,1.250,2.160,921.270,7627341824,0.000,0.000,0.000,0.000,0.092
2026-09-21T21:53:00Z,1.225,2.080,921.850,7626293248,0.000,0.000,0.000,0.000,0.297
2026-09-21T21:54:00Z,1.220,2.110,922.430,7626293248,0.000,0.000,0.000,0.000,0.095
2026-09-21T21:55:00Z,1.230,2.130,923.010,7626293248,0.000,0.000,0.000,0.000,0.102
2026-09-21T21:56:00Z,1.835,2.190,923.570,7628390400,0.000,0.000,0.000,0.000,0.098
2026-09-21T21:57:00Z,1.265,2.200,924.000,7628390400,0.000,0.000,0.000,0.000,0.743
2026-09-21T21:58:00Z,1.275,2.180,924.000,7629438976,0.000,0.000,0.000,0.000,0.128
2026-09-21T21:59:00Z,1.290,2.240,924.000,,0.000,0.000,0.000,0.000,0.085
2026-09-21T22:00:00Z,,,,7629438976,0.000,0.000,0.000,0.000,0.102
2026-09-21T22:01:00Z,1.290,2.220,924.000,7629438976,0.000,0.000,0.000,0.000,0.098
2026-09-21T22:02:00Z,1.255,2.170,924.000,7629438976,0.000,0.000,0.000,0.000,0.290
2026-09-21T22:03:00Z,1.290,2.200,924.000,7629438976,0.000,0.000,0.000,0.000,0.122
2026-09-21T22:04:00Z,,,,,0.000,0.000,0.000,0.000,0.095
2026-09-21T22:05:00Z,1.268,2.190,924.000,7629438976,0.000,0.000,0.000,0.000,0.115
2026-09-21T22:06:00Z,1.280,2.190,924.000,7629438976,0.000,0.000,0.000,0.000,0.255
2026-09-21T22:07:00Z,,,924.000,7629438976,0.000,0.000,0.000,0.000,0.110
2026-09-21T22:08:00Z,1.265,2.190,924.000,7628390400,0.000,0.000,0.000,0.000,0.098
2026-09-21T22:09:00Z,,,,,0.000,0.000,0.000,0.000,0.090
2026-09-21T22:10:00Z,1.285,2.190,924.000,7628390400,0.000,0.000,0.000,0.000,0.117
2026-09-21T22:11:00Z,1.265,2.170,924.000,7628390400,0.000,0.000,0.000,0.000,0.110
2026-09-21T22:12:00Z,1.250,2.140,924.000,7628390400,0.000,0.000,0.000,0.000,0.090
2026-09-21T22:13:00Z,1.270,2.150,924.000,7628390400,0.000,0.000,0.000,0.000,0.310
2026-09-21T22:14:00Z,1.280,2.200,924.000,7628390400,0.000,0.000,0.000,0.000,0.090
2026-09-21T22:15:00Z,1.260,2.160,924.000,7628390400,0.000,0.000,0.000,0.000,0.115
2026-09-21T22:16:00Z,1.310,2.260,924.000,7628390400,0.000,0.000,0.000,0.000,0.090
2026-09-21T22:17:00Z,1.225,2.100,924.000,7628390400,0.000,0.000,0.000,0.000,0.092
2026-09-21T22:18:00Z,1.220,2.040,924.000,,0.000,0.000,0.000,0.000,0.095
2026-09-21T22:19:00Z,1.200,2.060,924.000,7629438976,0.000,0.000,0.000,0.000,0.265
2026-09-21T22:20:00Z,,,924.000,7628390400,0.000,0.000,0.000,0.000,0.135
2026-09-21T22:21:00Z,0.943,2.060,924.000,7628390400,0.000,0.000,0.000,0.000,0.090
2026-09-21T22:22:00Z,1.593,2.240,924.000,7629438976,0.000,0.000,0.000,0.000,0.102
2026-09-21T22:23:00Z,,,,,0.000,0.000,0.000,0.000,0.315
2026-09-21T22:24:00Z,1.305,2.190,924.000,7632584704,0.000,0.000,0.000,0.000,0.305
2026-09-21T22:25:00Z,1.260,2.190,924.000,7632584704,0.000,0.000,0.000,0.000,0.128
2026-09-21T22:26:00Z,1.275,2.210,924.000,7632584704,0.000,0.000,0.000,0.000,0.098
2026-09-21T22:27:00Z,,,,7632584704,0.000,0.000,0.000,0.000,0.102
2026-09-21T22:28:00Z,1.265,2.200,924.000,7632584704,0.000,0.000,0.000,0.000,0.102
2026-09-21T22:29:00Z,1.290,2.250,924.000,7632584704,0.000,0.000,0.000,0.000,0.090
2026-09-21T22:30:00Z,1.265,2.190,924.000,7632584704,0.000,0.000,0.000,0.000,0.110
2026-09-21T22:31:00Z,1.315,2.230,924.000,7632584704,0.000,0.000,0.000,0.000,0.098
2026-09-21T22:32:00Z,1.245,2.160,924.000,7632584704,0.000,0.000,0.000,0.000,0.098
2026-09-21T22:33:00Z,1.280,2.180,924.000,7632584704,0.000,0.000,0.000,0.000,0.295
2026-09-21T22:34:00Z,0.350,0.350,924.000,7631536128,0.000,0.000,0.000,0.000,0.105
2026-09-21T22:35:00Z,1.543,2.170,924.000,7631536128,0.000,0.000,0.000,0.000,0.268
2026-09-21T22:36:00Z,1.230,2.120,924.000,7631536128,0.000,0.000,0.000,0.000,0.223
2026-09-21T22:37:00Z,1.225,2.120,924.000,7631536128,0.000,0.000,0.000,0.000,0.133
2026-09-21T22:38:00Z,1.215,2.070,,7631536128,0.000,0.000,0.000,0.000,0.128
2026-09-21T22:39:00Z,1.240,2.140,924.000,7631536128,0.000,0.000,0.000,0.000,0.092
2026-09-21T22:40:00Z,1.220,2.110,924.000,7631536128,0.000,0.000,0.000,0.000,0.110
2026-09-21T22:41:00Z,1.285,2.180,924.000,7631536128,0.000,0.000,0.000,0.000,0.098
2026-09-21T22:42:00Z,1.265,2.200,924.000,7631536128,0.000,0.000,0.000,0.000,0.090
2026-09-21T22:43:00Z,1.280,2.200,924.000,7631536128,0.000,0.000,0.000,0.000,0.302
2026-09-21T22:44:00Z,1.300,2.250,924.000,7631536128,0.000,0.000,0.000,0.000,0.105
2026-09-21T22:45:00Z,1.280,2.210,924.000,7631536128,0.000,0.000,0.000,0.000,0.095
2026-09-21T22:46:00Z,,,,,0.000,0.000,0.000,0.000,0.098
2026-09-21T22:47:00Z,1.680,3.640,924.000,7630487552,0.000,0.000,0.000,0.000,0.090
2026-09-21T22:48:00Z,,,,,0.000,0.000,0.000,0.000,0.117
2026-09-21T22:49:00Z,1.260,2.120,924.000,7636779008,0.000,0.000,0.000,0.000,0.435
2026-09-21T22:50:00Z,1.230,2.120,924.000,7636779008,0.000,0.000,0.000,0.000,0.152
2026-09-21T22:51:00Z,1.290,2.170,924.000,7634681856,0.000,0.000,0.000,0.000,0.085
2026-09-21T22:52:00Z,,,,,0.000,0.000,0.000,0.000,0.115
2026-09-21T22:53:00Z,1.250,2.150,924.000,7634681856,0.000,0.000,0.000,0.000,0.305
2026-09-21T22:54:00Z,1.250,2.160,924.000,7634681856,0.000,0.000,0.000,0.000,0.115
2026-09-21T22:55:00Z,,,924.000,7634681856,0.000,0.000,0.000,0.000,0.095
2026-09-21T22:56:00Z,1.258,2.170,924.000,7634681856,0.000,0.000,0.000,0.000,0.105
2026-09-21T22:57:00Z,1.265,2.180,924.000,7634681856,0.000,0.000,0.000,0.000,0.092
2026-09-21T22:58:00Z,1.270,2.170,924.000,7634681856,0.000,0.000,0.000,0.000,0.107
2026-09-21T22:59:00Z,1.250,2.150,924.000,7634681856,0.000,0.000,0.000,0.000,0.110
2026-09-21T23:00:00Z,1.325,2.290,924.000,7634681856,0.000,0.000,0.000,0.000,0.098
2026-09-21T23:01:00Z,1.270,2.130,924.000,7634681856,0.000,0.000,0.000,0.000,0.085
2026-09-21T23:02:00Z,1.245,2.140,924.000,7633633280,0.000,0.000,0.000,0.000,0.090
2026-09-21T23:03:00Z,1.270,2.160,,7633633280,0.000,0.000,0.000,0.000,0.297
2026-09-21T23:04:00Z,1.255,2.160,924.000,7633633280,0.000,0.000,0.000,0.000,0.110
2026-09-21T23:05:00Z,,,,7633633280,0.000,0.000,0.000,0.000,0.090
2026-09-21T23:06:00Z,1.280,2.220,924.000,7633633280,0.000,0.000,0.000,0.000,0.240
2026-09-21T23:07:00Z,0.967,2.220,924.000,7633633280,0.000,0.000,0.000,0.000,0.098
2026-09-21T23:08:00Z,1.593,2.220,924.000,7633633280,0.000,0.000,0.000,0.000,0.090
2026-09-21T23:09:00Z,1.265,2.190,924.000,7633633280,0.000,0.000,0.000,0.000,0.085
2026-09-21T23:10:00Z,1.255,2.180,924.000,7633633280,0.000,0.000,0.000,0.000,0.105
2026-09-21T23:11:00Z,1.305,2.210,924.000,7633633280,0.000,0.000,0.000,0.000,0.095
2026-09-21T23:12:00Z,1.310,2.280,924.000,7633633280,0.000,0.000,0.000,0.000,0.092
2026-09-21T23:13:00Z,1.295,2.210,924.000,7633633280,0.000,0.000,0.000,0.000,0.302
2026-09-21T23:14:00Z,1.255,2.180,924.000,7633633280,0.000,0.000,0.000,0.000,0.117
2026-09-21T23:15:00Z,1.250,2.160,,7633633280,0.000,0.000,0.000,0.000,0.090
2026-09-21T23:16:00Z,1.260,2.180,924.000,7633633280,0.000,0.000,0.000,0.000,0.102
2026-09-21T23:17:00Z,1.255,2.180,924.000,7633633280,0.000,0.000,0.000,0.000,0.092
2026-09-21T23:18:00Z,1.270,2.150,924.000,7633633280,0.000,0.000,0.000,0.000,0.090
2026-09-21T23:19:00Z,1.245,2.150,924.000,7633633280,0.000,0.000,0.000,0.000,0.245
2026-09-21T23:20:00Z,1.250,2.170,924.000,7633633280,0.000,0.000,0.000,0.000,0.130
2026-09-21T23:21:00Z,,,924.000,7633633280,0.000,0.000,0.000,0.000,0.098
2026-09-21T23:22:00Z,1.265,2.160,924.000,7633633280,0.000,0.000,0.000,0.000,0.090
2026-09-21T23:23:00Z,1.275,2.180,924.000,7633633280,0.000,0.000,0.000,0.000,0.315
2026-09-21T23:24:00Z,1.250,2.170,,,0.000,0.000,0.000,0.000,0.092
2026-09-21T23:25:00Z,,,924.000,7633633280,0.000,0.000,0.000,0.000,0.105
2026-09-21T23:26:00Z,1.250,2.170,924.000,7633633280,0.000,0.000,0.000,0.000,0.095
2026-09-21T23:27:00Z,1.340,2.330,924.000,7633633280,0.000,0.000,0.000,0.000,0.090
2026-09-21T23:28:00Z,1.255,2.100,924.000,7633633280,0.000,0.000,0.000,0.000,0.085
2026-09-21T23:29:00Z,1.270,2.190,924.000,7633633280,0.000,0.000,0.000,0.000,0.092
2026-09-21T23:30:00Z,1.295,2.230,924.000,7632584704,0.000,0.000,0.000,0.000,0.105
2026-09-21T23:31:00Z,1.335,2.250,924.000,7632584704,0.000,0.000,0.000,0.000,0.095
2026-09-21T23:32:00Z,1.295,2.230,924.000,7632584704,0.000,0.000,0.000,0.000,0.090
2026-09-21T23:33:00Z,1.290,2.180,924.000,7633633280,0.000,0.000,0.000,0.000,0.297
2026-09-21T23:34:00Z,1.230,2.100,924.000,7633633280,0.000,0.000,0.000,0.000,0.115
2026-09-21T23:35:00Z,1.215,2.060,924.000,7633633280,0.000,0.000,0.000,0.000,0.265
2026-09-21T23:36:00Z,1.220,2.090,924.000,7632584704,0.000,0.000,0.000,0.000,0.253
2026-09-21T23:37:00Z,1.190,2.040,924.000,7632584704,0.000,0.000,0.000,0.000,0.133
2026-09-21T23:38:00Z,,,,7632584704,0.000,0.000,0.000,0.000,0.128
2026-09-21T23:39:00Z,1.232,2.110,924.000,7632584704,0.000,0.000,0.000,0.000,0.110
2026-09-21T23:40:00Z,1.290,2.220,924.000,7632584704,0.000,0.000,0.000,0.000,0.092
2026-09-21T23:41:00Z,1.325,2.230,924.000,7632584704,0.000,0.000,0.000,0.000,0.090
2026-09-21T23:42:00Z,1.280,2.210,924.000,7632584704,0.000,0.000,0.000,0.000,0.090
2026-09-21T23:43:00Z,,,,7632584704,0.000,0.000,0.000,0.000,0.297
2026-09-21T23:44:00Z,1.308,2.280,924.000,7632584704,0.000,0.000,0.000,0.000,0.107
2026-09-21T23:45:00Z,,,924.000,,0.000,0.000,0.000,0.000,0.110
2026-09-21T23:46:00Z,1.330,2.290,924.000,7632584704,0.000,0.000,0.000,0.000,0.102
2026-09-21T23:47:00Z,,,,,0.000,0.000,0.000,0.000,0.092
2026-09-21T23:48:00Z,1.748,3.250,924.000,7625244672,0.000,0.000,0.000,0.000,0.110
2026-09-21T23:49:00Z,1.270,2.190,924.000,7625244672,0.000,0.000,0.000,0.000,0.422
2026-09-21T23:50:00Z,1.275,2.210,924.000,7625244672,0.000,0.000,0.000,0.000,0.115
2026-09-21T23:51:00Z,1.345,2.290,924.000,7625244672,0.000,0.000,0.000,0.000,0.110
2026-09-21T23:52:00Z,,,924.000,,0.000,0.000,0.000,0.000,0.098
2026-09-21T23:53:00Z,1.285,2.210,924.000,7625244672,0.000,0.000,0.000,0.000,0.328
2026-09-21T23:54:00Z,1.242,2.150,924.000,,0.000,0.000,0.000,0.000,0.080
2026-09-21T23:55:00Z,1.325,2.160,924.000,7625244672,0.000,0.000,0.000,0.000,0.110
2026-09-21T23:56:00Z,1.280,2.220,924.000,7625244672,0.000,0.000,0.000,0.000,0.310
2026-09-21T23:57:00Z,1.235,2.130,924.000,7625244672,0.000,0.000,0.000,0.000,0.105
2026-09-21T23:58:00Z,,,,7625244672,0.000,0.000,0.000,0.000,0.098
2026-09-21T23:59:00Z,1.262,2.170,924.000,7625244672,0.000,0.000,0.000,0.000,0.117
2026-09-22T00:00:00Z,0.340,0.340,924.000,7625244672,0.000,0.000,0.000,0.000,0.105
2026-09-22T00:01:00Z,1.315,2.110,924.000,7622098944,0.000,0.000,0.000,0.000,0.095
2026-09-22T00:02:00Z,1.507,2.110,924.000,7622098944,0.000,0.000,0.000,0.000,0.077
2026-09-22T00:03:00Z,1.255,2.140,924.000,7622098944,0.000,0.000,0.000,0.000,0.427
2026-09-22T00:04:00Z,,,924.000,,0.000,0.000,0.000,0.000,0.117
2026-09-22T00:05:00Z,1.258,2.170,924.000,7622098944,0.000,0.000,0.000,0.000,0.107
2026-09-22T00:06:00Z,1.250,2.160,924.000,7622098944,0.000,0.000,0.000,0.000,0.268
2026-09-22T00:07:00Z,1.245,2.150,924.000,7622098944,0.000,0.000,0.000,0.000,0.098
2026-09-22T00:08:00Z,1.395,2.180,924.000,,0.000,0.000,0.000,0.000,0.105
2026-09-22T00:09:00Z,1.275,2.210,924.000,7622098944,0.000,0.000,0.000,0.000,0.110
2026-09-22T00:10:00Z,1.270,2.190,924.000,7622098944,0.000,0.000,0.000,0.000,0.398
2026-09-22T00:11:00Z,1.330,2.160,924.000,7622098944,0.000,0.000,0.000,0.000,0.098
2026-09-22T00:12:00Z,1.280,2.210,924.000,7622098944,0.000,0.000,0.000,0.000,0.098
2026-09-22T00:13:00Z,1.255,2.120,924.000,7622098944,0.000,0.000,0.000,0.000,0.385
2026-09-22T00:14:00Z,1.190,2.030,924.000,7622098944,0.000,0.000,0.000,0.000,0.110
2026-09-22T00:15:00Z,1.235,2.120,924.000,7622098944,0.000,0.000,0.000,0.000,0.105
2026-09-22T00:16:00Z,1.280,2.210,924.000,7622098944,0.000,0.000,0.000,0.000,0.092
2026-09-22T00:17:00Z,1.225,2.100,924.000,7622098944,0.000,0.000,0.000,0.000,0.092
2026-09-22T00:18:00Z,1.295,2.170,924.000,7622098944,0.000,0.000,0.000,0.000,0.090
2026-09-22T00:19:00Z,1.205,2.060,924.000,7622098944,0.000,0.000,0.000,0.000,0.265
2026-09-22T00:20:00Z,1.205,2.060,924.000,7622098944,0.000,0.000,0.000,0.000,0.142
2026-09-22T00:21:00Z,1.245,2.080,924.000,7622098944,0.000,0.000,0.000,0.000,0.085
2026-09-22T00:22:00Z,1.230,2.090,924.000,7622098944,0.000,0.000,0.000,0.000,0.090
2026-09-22T00:23:00Z,1.340,2.140,924.000,7622098944,0.000,0.000,0.000,0.000,0.305
2026-09-22T00:24:00Z,1.230,2.110,924.000,7622098944,0.000,0.000,0.000,0.000,0.302
2026-09-22T00:25:00Z,1.240,2.130,924.000,7622098944,0.000,0.000,0.000,0.000,0.115
2026-09-22T00:26:00Z,1.250,2.150,924.000,7622098944,0.000,0.000,0.000,0.000,0.085
2026-09-22T00:27:00Z,,,,,0.000,0.000,0.000,0.000,0.085
2026-09-22T00:28:00Z,1.215,2.080,924.000,7621050368,0.000,0.000,0.000,0.000,0.098
2026-09-22T00:29:00Z,1.195,2.050,924.000,7621050368,0.000,0.000,0.000,0.000,0.092
2026-09-22T00:30:00Z,1.200,2.050,924.000,7621050368,0.000,0.000,0.000,0.000,0.105
2026-09-22T00:31:00Z,1.320,2.240,924.000,7621050368,0.000,0.000,0.000,0.000,0.098
2026-09-22T00:32:00Z,,,,,0.000,0.000,0.000,0.000,0.098
2026-09-22T00:33:00Z,1.258,2.160,924.000,7621050368,0.000,0.000,0.000,0.000,0.292
2026-09-22T00:34:00Z,1.250,2.160,924.000,7621050368,0.000,0.000,0.000,0.000,0.107
2026-09-22T00:35:00Z,,,,,0.000,0.000,0.000,0.000,0.270
2026-09-22T00:36:00Z,1.268,2.180,924.000,7621050368,0.000,0.000,0.000,0.000,0.258
2026-09-22T00:37:00Z,1.230,2.030,924.000,7621050368,0.000,0.000,0.000,0.000,0.135
2026-09-22T00:38:00Z,0.370,0.370,924.000,7621050368,0.000,0.000,0.000,0.000,0.128
2026-09-22T00:39:00Z,2.070,2.070,,,0.000,0.000,0.000,0.000,0.115
2026-09-22T00:40:00Z,1.218,2.100,924.000,7621050368,0.000,0.000,0.000,0.000,0.090
2026-09-22T00:41:00Z,1.295,2.180,924.000,7621050368,0.000,0.000,0.000,0.000,0.085
2026-09-22T00:42:00Z,1.215,2.090,924.000,7621050368,0.000,0.000,0.000,0.000,0.090
2026-09-22T00:43:00Z,1.250,2.130,,7621050368,0.000,0.000,0.000,0.000,0.305
2026-09-22T00:44:00Z,1.255,2.170,924.000,7621050368,0.000,0.000,0.000,0.000,0.117
2026-09-22T00:45:00Z,,,924.000,7621050368,0.000,0.000,0.000,0.000,0.083
2026-09-22T00:46:00Z,1.260,2.190,924.000,7621050368,0.000,0.000,0.000,0.000,0.098
2026-09-22T00:47:00Z,1.255,2.170,924.000,7621050368,0.000,0.000,0.000,0.000,0.090
2026-09-22T00:48:00Z,2.090,2.130,924.000,7600078848,0.000,0.000,0.000,0.000,0.092
2026-09-22T00:49:00Z,1.250,2.150,924.000,7627341824,0.000,0.000,0.000,0.000,0.367
2026-09-22T00:50:00Z,,,924.000,7627341824,0.000,0.000,0.000,0.000,0.198
2026-09-22T00:51:00Z,1.225,2.110,,7627341824,0.000,0.000,0.000,0.000,0.110
2026-09-22T00:52:00Z,1.265,2.160,924.000,7627341824,0.000,0.000,0.000,0.000,0.095
2026-09-22T00:53:00Z,1.270,2.150,924.000,7627341824,0.000,0.000,0.000,0.000,0.318
2026-09-22T00:54:00Z,1.275,1.980,924.000,7627341824,0.000,0.000,0.000,0.000,0.098
2026-09-22T00:55:00Z,1.260,1.990,924.000,7627341824,0.000,0.000,0.000,0.000,0.115
2026-09-22T00:56:00Z,1.300,2.170,,7627341824,0.000,0.000,0.000,0.000,0.092
2026-09-22T00:57:00Z,,,924.000,7627341824,0.000,0.000,0.000,0.000,0.090
2026-09-22T00:58:00Z,1.280,2.080,924.000,7627341824,0.000,0.000,0.000,0.000,0.102
2026-09-22T00:59:00Z,1.310,2.250,924.000,,0.000,0.000,0.000,0.000,0.090
2026-09-22T01:00:00Z,1.220,1.790,924.000,7627341824,0.000,0.000,0.000,0.000,0.110
2026-09-22T01:01:00Z,1.340,1.940,924.000,7627341824,0.000,0.000,0.000,0.000,0.105
2026-09-22T01:02:00Z,1.320,2.040,924.000,7627341824,0.000,0.000,0.000,0.000,0.092
2026-09-22T01:03:00Z,1.285,1.930,924.000,7627341824,0.000,0.000,0.000,0.000,0.292
2026-09-22T01:04:00Z,1.280,1.930,924.000,7627341824,0.000,0.000,0.000,0.000,0.117
2026-09-22T01:05:00Z,,,,7627341824,0.000,0.000,0.000,0.000,0.102
2026-09-22T01:06:00Z,1.298,2.090,924.000,7627341824,0.000,0.000,0.000,0.000,0.242
2026-09-22T01:07:00Z,1.275,1.960,924.000,7627341824,0.000,0.000,0.000,0.000,0.098
2026-09-22T01:08:00Z,1.295,2.190,924.000,7627341824,0.000,0.000,0.000,0.000,0.090
2026-09-22T01:09:00Z,1.305,1.940,924.000,7627341824,0.000,0.000,0.000,0.000,0.110
2026-09-22T01:10:00Z,1.320,1.920,924.000,7627341824,0.000,0.000,0.000,0.000,0.092
2026-09-22T01:11:00Z,1.345,1.930,924.000,7627341824,0.000,0.000,0.000,0.000,0.098
2026-09-22T01:12:00Z,1.275,1.790,924.000,7627341824,0.000,0.000,0.000,0.000,0.092
2026-09-22T01:13:00Z,1.320,2.010,924.000,7626293248,0.000,0.000,0.000,0.000,0.292
2026-09-22T01:14:00Z,1.315,2.280,924.000,7626293248,0.000,0.000,0.000,0.000,0.090
2026-09-22T01:15:00Z,1.295,1.930,924.000,7626293248,0.000,0.000,0.000,0.000,0.110
2026-09-22T01:16:00Z,1.245,1.790,924.000,7626293248,0.000,0.000,0.000,0.000,0.090
2026-09-22T01:17:00Z,1.355,1.720,924.000,7626293248,0.000,0.000,0.000,0.000,0.102
2026-09-22T01:18:00Z,1.030,1.030,924.000,,0.000,0.000,0.000,0.000,0.307
2026-09-22T01:19:00Z,1.313,1.560,924.000,7626293248,0.000,0.000,0.000,0.000,0.302
2026-09-22T01:20:00Z,1.235,1.540,924.000,7626293248,0.000,0.000,0.000,0.000,0.092
2026-09-22T01:21:00Z,1.275,1.500,924.000,7626293248,0.000,0.000,0.000,0.000,0.090
2026-09-22T01:22:00Z,,,,,0.000,0.000,0.000,0.000,0.110
2026-09-22T01:23:00Z,1.260,2.110,924.000,7626293248,0.000,0.000,0.000,0.000,0.310
2026-09-22T01:24:00Z,1.240,2.120,924.000,7626293248,0.000,0.000,0.000,0.000,0.098
2026-09-22T01:25:00Z,1.240,2.120,924.000,7626293248,0.000,0.000,0.000,0.000,0.110
2026-09-22T01:26:00Z,1.270,1.710,924.000,7626293248,0.000,0.000,0.000,0.000,0.098
2026-09-22T01:27:00Z,1.285,2.220,924.000,7626293248,0.000,0.000,0.000,0.000,0.090
2026-09-22T01:28:00Z,,,,7626293248,0.000,0.000,0.000,0.000,0.077
2026-09-22T01:29:00Z,1.310,1.780,924.000,,0.000,0.000,0.000,0.000,0.120
2026-09-22T01:30:00Z,1.290,1.720,924.000,7626293248,0.000,0.000,0.000,0.000,0.095
2026-09-22T01:31:00Z,1.415,1.780,924.000,7626293248,0.000,0.000,0.000,0.000,0.090
2026-09-22T01:32:00Z,1.340,1.720,924.000,7626293248,0.000,0.000,0.000,0.000,0.098
2026-09-22T01:33:00Z,1.070,1.070,924.000,7626293248,0.000,0.000,0.000,0.000,0.297
2026-09-22T01:34:00Z,1.650,1.650,,,0.000,0.000,0.000,0.000,0.092
2026-09-22T01:35:00Z,1.237,1.550,924.000,7626293248,0.000,0.000,0.000,0.000,0.255
2026-09-22T01:36:00Z,1.377,1.570,924.000,7626293248,0.000,0.000,0.000,0.000,0.253
2026-09-22T01:37:00Z,1.280,1.400,924.000,7626293248,0.000,0.000,0.000,0.000,0.128
2026-09-22T01:38:00Z,1.275,1.420,924.000,7625244672,0.000,0.000,0.000,0.000,0.135
2026-09-22T01:39:00Z,1.295,1.450,924.000,7625244672,0.000,0.000,0.000,0.000,0.117
2026-09-22T01:40:00Z,1.265,1.340,924.000,7625244672,0.000,0.000,0.000,0.000,0.095
2026-09-22T01:41:00Z,1.310,1.320,924.000,7626293248,0.000,0.000,0.000,0.000,0.092
2026-09-22T01:42:00Z,1.280,1.380,924.000,7626293248,0.000,0.000,0.000,0.000,0.090
2026-09-22T01:43:00Z,1.305,1.350,924.000,7626293248,0.000,0.000,0.000,0.000,0.323
2026-09-22T01:44:00Z,1.345,1.400,924.000,7626293248,0.000,0.000,0.000,0.000,0.105
2026-09-22T01:45:00Z,1.325,1.390,924.000,7626293248,0.000,0.000,0.000,0.000,0.095
2026-09-22T01:46:00Z,,,,,0.000,0.000,0.000,0.000,0.090
2026-09-22T01:47:00Z,1.347,1.500,924.000,7626293248,0.000,0.000,0.000,0.000,0.092
2026-09-22T01:48:00Z,,,924.000,7625244672,0.000,0.000,0.000,0.000,0.090
2026-09-22T01:49:00Z,1.762,2.860,924.000,7628390400,0.000,0.000,0.000,0.000,0.128
2026-09-22T01:50:00Z,1.360,1.410,924.000,7628390400,0.000,0.000,0.000,0.000,0.403
2026-09-22T01:51:00Z,,,924.000,7628390400,0.000,0.000,0.000,0.000,0.117
2026-09-22T01:52:00Z,1.353,1.420,924.000,7628390400,0.000,0.000,0.000,0.000,0.102
2026-09-22T01:53:00Z,1.360,1.400,924.000,7628390400,0.000,0.000,0.000,0.000,0.323
2026-09-22T01:54:00Z,1.340,1.380,924.000,7628390400,0.000,0.000,0.000,0.000,0.115
2026-09-22T01:55:00Z,1.330,1.420,924.000,7628390400,0.000,0.000,0.000,0.000,0.085
2026-09-22T01:56:00Z,1.315,1.450,924.000,7628390400,0.000,0.000,0.000,0.000,0.092
2026-09-22T01:57:00Z,1.290,1.320,924.000,7628390400,0.000,0.000,0.000,0.000,0.092
2026-09-22T01:58:00Z,1.365,1.440,924.000,7628390400,0.000,0.000,0.000,0.000,0.098
2026-09-22T01:59:00Z,1.325,1.490,,7628390400,0.000,0.000,0.000,0.000,0.098
2026-09-22T02:00:00Z,1.330,1.510,924.000,7628390400,0.000,0.000,0.000,0.000,0.115
2026-09-22T02:01:00Z,1.375,1.460,924.000,7628390400,0.000,0.000,0.000,0.000,0.092
2026-09-22T02:02:00Z,1.305,1.510,924.000,7628390400,0.000,0.000,0.000,0.000,0.098
2026-09-22T02:03:00Z,1.340,1.560,924.000,7628390400,0.000,0.000,0.000,0.000,0.335
2026-09-22T02:04:00Z,,,,,0.000,0.000,0.000,0.000,0.105
2026-09-22T02:05:00Z,1.333,1.570,924.000,7628390400,0.000,0.000,0.000,0.000,0.090
2026-09-22T02:06:00Z,1.335,1.540,924.000,7628390400,0.000,0.000,0.000,0.000,0.265
2026-09-22T02:07:00Z,1.340,1.540,924.000,7628390400,0.000,0.000,0.000,0.000,0.090
2026-09-22T02:08:00Z,,,,7628390400,0.000,0.000,0.000,0.000,0.102
2026-09-22T02:09:00Z,1.357,1.700,924.000,7628390400,0.000,0.000,0.000,0.000,0.102
2026-09-22T02:10:00Z,1.310,1.560,924.000,7628390400,0.000,0.000,0.000,0.000,0.090
2026-09-22T02:11:00Z,1.370,1.600,924.000,7628390400,0.000,0.000,0.000,0.000,0.285
2026-09-22T02:12:00Z,,,924.000,,0.000,0.000,0.000,0.000,0.085
2026-09-22T02:13:00Z,1.290,1.860,924.000,7628390400,0.000,0.000,0.000,0.000,0.292
2026-09-22T02:14:00Z,1.235,1.890,,7628390400,0.000,0.000,0.000,0.000,0.098
2026-09-22T02:15:00Z,1.255,1.870,924.000,7628390400,0.000,0.000,0.000,0.000,0.122
2026-09-22T02:16:00Z,1.235,1.840,924.000,7628390400,0.000,0.000,0.000,0.000,0.098
2026-09-22T02:17:00Z,1.950,1.950,924.000,7628390400,0.000,0.000,0.000,0.000,0.090
2026-09-22T02:18:00Z,1.027,1.930,,,0.000,0.000,0.000,0.000,0.102
2026-09-22T02:19:00Z,1.930,1.930,924.000,7627341824,0.000,0.000,0.000,0.000,0.273
2026-09-22T02:20:00Z,1.030,1.970,924.000,7627341824,0.000,0.000,0.000,0.000,0.117
2026-09-22T02:21:00Z,2.060,2.060,924.000,7627341824,0.000,0.000,0.000,0.000,0.098
2026-09-22T02:22:00Z,1.023,1.820,924.000,,0.000,0.000,0.000,0.000,0.090
2026-09-22T02:23:00Z,1.275,1.920,924.000,7627341824,0.000,0.000,0.000,0.000,0.315
2026-09-22T02:24:00Z,,,,7627341824,0.000,0.000,0.000,0.000,0.105
2026-09-22T02:25:00Z,1.222,1.970,924.000,7627341824,0.000,0.000,0.000,0.000,0.105
2026-09-22T02:26:00Z,1.260,1.920,924.000,7627341824,0.000,0.000,0.000,0.000,0.102
2026-09-22T02:27:00Z,1.215,2.010,924.000,7627341824,0.000,0.000,0.000,0.000,0.105
2026-09-22T02:28:00Z,1.270,2.040,,7626293248,0.000,0.000,0.000,0.000,0.098
2026-09-22T02:29:00Z,1.280,2.010,924.000,7627341824,0.000,0.000,0.000,0.000,0.098
2026-09-22T02:30:00Z,,,924.000,7627341824,0.000,0.000,0.000,0.000,0.105
2026-09-22T02:31:00Z,1.262,1.970,924.000,7627341824,0.000,0.000,0.000,0.000,0.098
2026-09-22T02:32:00Z,1.260,1.930,924.000,7626293248,0.000,0.000,0.000,0.000,0.105
2026-09-22T02:33:00Z,,,,,0.000,0.000,0.000,0.000,0.292
2026-09-22T02:34:00Z,1.427,1.990,924.000,7626293248,0.000,0.000,0.000,0.000,0.122
2026-09-22T02:35:00Z,1.103,1.400,924.000,7626293248,0.000,0.000,0.000,0.000,0.273
2026-09-22T02:36:00Z,1.290,2.050,924.000,7626293248,0.000,0.000,0.000,0.000,0.245
2026-09-22T02:37:00Z,1.315,1.430,924.000,7626293248,0.000,0.000,0.000,0.000,0.107
2026-09-22T02:38:00Z,1.325,2.230,924.000,7626293248,0.000,0.000,0.000,0.000,0.117
2026-09-22T02:39:00Z,2.110,2.110,924.000,7626293248,0.000,0.000,0.000,0.000,0.122
2026-09-22T02:40:00Z,0.997,2.100,924.000,,0.000,0.000,0.000,0.000,0.085
2026-09-22T02:41:00Z,1.315,1.920,924.000,7626293248,0.000,0.000,0.000,0.000,0.092
2026-09-22T02:42:00Z,1.255,1.870,924.000,7626293248,0.000,0.000,0.000,0.000,0.092
2026-09-22T02:43:00Z,1.265,1.860,,7626293248,0.000,0.000,0.000,0.000,0.302
2026-09-22T02:44:00Z,1.260,2.050,924.000,7626293248,0.000,0.000,0.000,0.000,0.098
2026-09-22T02:45:00Z,,,,,0.000,0.000,0.000,0.000,0.117
2026-09-22T02:46:00Z,1.270,2.160,924.000,7626293248,0.000,0.000,0.000,0.000,0.095
2026-09-22T02:47:00Z,1.255,2.140,924.000,7626293248,0.000,0.000,0.000,0.000,0.102
2026-09-22T02:48:00Z,1.760,2.170,924.000,7608467456,0.000,0.000,0.000,0.000,0.098
2026-09-22T02:49:00Z,1.600,2.830,924.000,7633633280,0.000,0.000,0.000,0.000,0.122
2026-09-22T02:50:00Z,1.280,2.190,924.000,7633633280,0.000,0.000,0.000,0.000,0.360
2026-09-22T02:51:00Z,1.305,1.390,924.000,7633633280,0.000,0.000,0.000,0.000,0.140
2026-09-22T02:52:00Z,2.200,2.200,,7633633280,0.000,0.000,0.000,0.000,0.110
2026-09-22T02:53:00Z,0.350,0.350,924.000,7633633280,0.000,0.000,0.000,0.000,0.305
2026-09-22T02:54:00Z,1.290,2.240,924.000,7633633280,0.000,0.000,0.000,0.000,0.090
2026-09-22T02:55:00Z,1.300,2.220,924.000,7633633280,0.000,0.000,0.000,0.000,0.092
2026-09-22T02:56:00Z,1.280,2.200,924.000,7633633280,0.000,0.000,0.000,0.000,0.090
2026-09-22T02:57:00Z,1.285,2.210,924.000,7633633280,0.000,0.000,0.000,0.000,0.085
2026-09-22T02:58:00Z,1.300,2.240,924.000,7633633280,0.000,0.000,0.000,0.000,0.090
2026-09-22T02:59:00Z,,,924.000,7633633280,0.000,0.000,0.000,0.000,0.090
2026-09-22T03:00:00Z,1.300,2.230,924.000,7633633280,0.000,0.000,0.000,0.000,0.115
2026-09-22T03:01:00Z,1.310,2.270,924.000,7631536128,0.000,0.000,0.000,0.000,0.102
2026-09-22T03:02:00Z,1.305,2.260,924.000,7631536128,0.000,0.000,0.000,0.000,0.092
2026-09-22T03:03:00Z,,,,,0.000,0.000,0.000,0.000,0.302
2026-09-22T03:04:00Z,1.603,2.240,924.000,7631536128,0.000,0.000,0.000,0.000,0.092
2026-09-22T03:05:00Z,0.987,2.260,924.000,7631536128,0.000,0.000,0.000,0.000,0.102
2026-09-22T03:06:00Z,1.325,2.250,924.000,7631536128,0.000,0.000,0.000,0.000,0.242
2026-09-22T03:07:00Z,,,924.000,7631536128,0.000,0.000,0.000,0.000,0.117
2026-09-22T03:08:00Z,1.623,2.270,924.000,7631536128,0.000,0.000,0.000,0.000,0.098
2026-09-22T03:09:00Z,0.977,2.230,924.000,7631536128,0.000,0.000,0.000,0.000,0.085
2026-09-22T03:10:00Z,1.295,2.240,924.000,,0.000,0.000,0.000,0.000,0.107
2026-09-22T03:11:00Z,1.335,2.310,924.000,7630487552,0.000,0.000,0.000,0.000,0.098
2026-09-22T03:12:00Z,1.300,2.240,,,0.000,0.000,0.000,0.000,0.403
2026-09-22T03:13:00Z,1.320,2.280,924.000,7630487552,0.000,0.000,0.000,0.000,0.122
2026-09-22T03:14:00Z,1.295,2.240,924.000,7630487552,0.000,0.000,0.000,0.000,0.105
2026-09-22T03:15:00Z,1.280,2.170,924.000,7630487552,0.000,0.000,0.000,0.000,0.092
2026-09-22T03:16:00Z,,,,,0.000,0.000,0.000,0.000,0.090
2026-09-22T03:17:00Z,1.308,2.300,924.000,7630487552,0.000,0.000,0.000,0.000,0.098
2026-09-22T03:18:00Z,,,,,0.000,0.000,0.000,0.000,0.092
2026-09-22T03:19:00Z,1.290,2.290,924.000,7630487552,0.000,0.000,0.000,0.000,0.247
2026-09-22T03:20:00Z,,,,,0.000,0.000,0.000,0.000,0.133
2026-09-22T03:21:00Z,1.315,2.240,924.000,7630487552,0.000,0.000,0.000,0.000,0.090
2026-09-22T03:22:00Z,1.300,2.250,,7630487552,0.000,0.000,0.000,0.000,0.105
2026-09-22T03:23:00Z,1.310,2.260,924.000,7630487552,0.000,0.000,0.000,0.000,0.297
2026-09-22T03:24:00Z,1.300,2.230,924.000,7630487552,0.000,0.000,0.000,0.000,0.128
2026-09-22T03:25:00Z,1.295,2.220,924.000,7630487552,0.000,0.000,0.000,0.000,0.092
2026-09-22T03:26:00Z,1.295,2.230,924.000,7630487552,0.000,0.000,0.000,0.000,0.098
2026-09-22T03:27:00Z,1.290,2.210,924.000,7630487552,0.000,0.000,0.000,0.000,0.085
2026-09-22T03:28:00Z,1.295,2.230,924.000,7630487552,0.000,0.000,0.000,0.000,0.098
2026-09-22T03:29:00Z,1.275,2.190,924.000,7630487552,0.000,0.000,0.000,0.000,0.090
2026-09-22T03:30:00Z,1.205,2.050,924.000,7630487552,0.000,0.000,0.000,0.000,0.115
2026-09-22T03:31:00Z,1.285,2.200,924.000,7630487552,0.000,0.000,0.000,0.000,0.092
2026-09-22T03:32:00Z,,,,7630487552,0.000,0.000,0.000,0.000,0.107
2026-09-22T03:33:00Z,1.255,2.160,924.000,7630487552,0.000,0.000,0.000,0.000,0.285
2026-09-22T03:34:00Z,,,,,0.000,0.000,0.000,0.000,0.098
2026-09-22T03:35:00Z,1.235,2.110,924.000,7630487552,0.000,0.000,0.000,0.000,0.270
2026-09-22T03:36:00Z,1.240,2.130,924.000,7629438976,0.000,0.000,0.000,0.000,0.210
2026-09-22T03:37:00Z,1.220,2.080,924.000,7630487552,0.000,0.000,0.000,0.000,0.115
2026-09-22T03:38:00Z,1.275,2.180,924.000,7630487552,0.000,0.000,0.000,0.000,0.128
2026-09-22T03:39:00Z,1.300,2.220,924.000,7630487552,0.000,0.000,0.000,0.000,0.110
2026-09-22T03:40:00Z,1.285,2.210,924.000,7630487552,0.000,0.000,0.000,0.000,0.102
2026-09-22T03:41:00Z,1.300,2.180,924.000,7630487552,0.000,0.000,0.000,0.000,0.095
2026-09-22T03:42:00Z,1.260,2.170,924.000,7629438976,0.000,0.000,0.000,0.000,0.090
2026-09-22T03:43:00Z,1.325,2.280,924.000,7629438976,0.000,0.000,0.000,0.000,0.297
2026-09-22T03:44:00Z,,,924.000,,0.000,0.000,0.000,0.000,0.092
2026-09-22T03:45:00Z,1.262,2.210,924.000,7629438976,0.000,0.000,0.000,0.000,0.110
2026-09-22T03:46:00Z,1.305,2.260,924.000,7629438976,0.000,0.000,0.000,0.000,0.092
2026-09-22T03:47:00Z,1.260,2.170,924.000,7629438976,0.000,0.000,0.000,0.000,0.098
2026-09-22T03:48:00Z,,,924.000,,0.000,0.000,0.000,0.000,0.098
2026-09-22T03:49:00Z,1.750,4.000,924.000,7613710336,0.000,0.000,0.000,0.000,0.107
2026-09-22T03:50:00Z,1.315,2.270,924.000,7633633280,0.000,0.000,0.000,0.000,0.365
2026-09-22T03:51:00Z,1.305,2.250,924.000,7633633280,0.000,0.000,0.000,0.000,0.180
2026-09-22T03:52:00Z,1.295,2.250,924.000,7633633280,0.000,0.000,0.000,0.000,0.122
2026-09-22T03:53:00Z,1.295,2.240,924.000,7633633280,0.000,0.000,0.000,0.000,0.335
2026-09-22T03:54:00Z,1.280,2.210,924.000,7633633280,0.000,0.000,0.000,0.000,0.095
2026-09-22T03:55:00Z,2.210,2.210,924.000,7633633280,0.000,0.000,0.000,0.000,0.110
2026-09-22T03:56:00Z,0.963,2.210,924.000,7633633280,0.000,0.000,0.000,0.000,0.095
2026-09-22T03:57:00Z,1.345,2.350,924.000,7633633280,0.000,0.000,0.000,0.000,0.092
2026-09-22T03:58:00Z,1.305,2.270,924.000,7633633280,0.000,0.000,0.000,0.000,0.290
2026-09-22T03:59:00Z,,,,,0.000,0.000,0.000,0.000,0.102
2026-09-22T04:00:00Z,1.285,2.230,924.000,7633633280,0.000,0.000,0.000,0.000,0.107
2026-09-22T04:01:00Z,1.255,2.220,924.000,7633633280,0.000,0.000,0.000,0.000,0.092
2026-09-22T04:02:00Z,1.300,2.250,924.000,7633633280,0.000,0.000,0.000,0.000,0.092
2026-09-22T04:03:00Z,1.300,2.250,924.000,7633633280,0.000,0.000,0.000,0.000,0.297
2026-09-22T04:04:00Z,1.245,2.150,924.000,7633633280,0.000,0.000,0.000,0.000,0.098
2026-09-22T04:05:00Z,1.265,2.200,924.000,7633633280,0.000,0.000,0.000,0.000,0.117
2026-09-22T04:06:00Z,1.280,2.200,924.000,7633633280,0.000,0.000,0.000,0.000,0.235
2026-09-22T04:07:00Z,,,,,0.000,0.000,0.000,0.000,0.115
2026-09-22T04:08:00Z,1.252,2.190,924.000,7633633280,0.000,0.000,0.000,0.000,0.092
2026-09-22T04:09:00Z,1.255,2.160,924.000,7633633280,0.000,0.000,0.000,0.000,0.092
2026-09-22T04:10:00Z,1.235,2.100,,7633633280,0.000,0.000,0.000,0.000,0.105
2026-09-22T04:11:00Z,1.235,2.110,924.000,7633633280,0.000,0.000,0.000,0.000,0.098
2026-09-22T04:12:00Z,1.205,2.060,924.000,7633633280,0.000,0.000,0.000,0.000,0.092
2026-09-22T04:13:00Z,1.205,2.060,924.000,7633633280,0.000,0.000,0.000,0.000,0.310
2026-09-22T04:14:00Z,1.200,2.050,924.000,7632584704,0.000,0.000,0.000,0.000,0.122
2026-09-22T04:15:00Z,,,,,0.000,0.000,0.000,0.000,0.102
2026-09-22T04:16:00Z,1.200,2.050,924.000,7632584704,0.000,0.000,0.000,0.000,0.090
2026-09-22T04:17:00Z,1.220,2.090,924.000,7632584704,0.000,0.000,0.000,0.000,0.105
2026-09-22T04:18:00Z,1.255,2.160,924.000,7632584704,0.000,0.000,0.000,0.000,0.095
2026-09-22T04:19:00Z,1.255,2.150,924.000,7632584704,0.000,0.000,0.000,0.000,0.273
2026-09-22T04:20:00Z,1.265,2.180,924.000,7632584704,0.000,0.000,0.000,0.000,0.102
2026-09-22T04:21:00Z,1.345,2.320,924.000,7632584704,0.000,0.000,0.000,0.000,0.098
2026-09-22T04:22:00Z,1.280,2.200,924.000,7632584704,0.000,0.000,0.000,0.000,0.095
2026-09-22T04:23:00Z,1.280,2.210,924.000,7632584704,0.000,0.000,0.000,0.000,0.302
2026-09-22T04:24:00Z,1.275,2.200,924.000,7632584704,0.000,0.000,0.000,0.000,0.092
2026-09-22T04:25:00Z,1.220,2.090,924.000,7632584704,0.000,0.000,0.000,0.000,0.105
2026-09-22T04:26:00Z,1.230,2.100,924.000,7632584704,0.000,0.000,0.000,0.000,0.098
2026-09-22T04:27:00Z,,,924.000,,0.000,0.000,0.000,0.000,0.102
2026-09-22T04:28:00Z,1.222,2.150,924.000,7632584704,0.000,0.000,0.000,0.000,0.085
2026-09-22T04:29:00Z,1.255,2.170,924.000,7632584704,0.000,0.000,0.000,0.000,0.090
2026-09-22T04:30:00Z,1.265,2.180,924.000,7632584704,0.000,0.000,0.000,0.000,0.120
2026-09-22T04:31:00Z,1.295,2.240,,7632584704,0.000,0.000,0.000,0.000,0.090
2026-09-22T04:32:00Z,1.235,2.130,924.000,7632584704,0.000,0.000,0.000,0.000,0.102
2026-09-22T04:33:00Z,1.280,2.180,924.000,7632584704,0.000,0.000,0.000,0.000,0.292
2026-09-22T04:34:00Z,1.230,2.110,924.000,7632584704,0.000,0.000,0.000,0.000,0.095
2026-09-22T04:35:00Z,1.210,2.080,924.000,,0.000,0.000,0.000,0.000,0.268
2026-09-22T04:36:00Z,1.220,2.100,924.000,7632584704,0.000,0.000,0.000,0.000,0.217
2026-09-22T04:37:00Z,1.225,2.110,924.000,7632584704,0.000,0.000,0.000,0.000,0.128
2026-09-22T04:38:00Z,,,924.000,7631536128,0.000,0.000,0.000,0.000,0.128
2026-09-22T04:39:00Z,1.255,2.170,,,0.000,0.000,0.000,0.000,0.105
2026-09-22T04:40:00Z,1.225,2.110,924.000,7631536128,0.000,0.000,0.000,0.000,0.092
2026-09-22T04:41:00Z,1.280,2.220,924.000,7632584704,0.000,0.000,0.000,0.000,0.098
2026-09-22T04:42:00Z,1.265,2.190,924.000,7632584704,0.000,0.000,0.000,0.000,0.115
2026-09-22T04:43:00Z,1.280,2.220,924.000,7632584704,0.000,0.000,0.000,0.000,0.295
2026-09-22T04:44:00Z,,,924.000,7632584704,0.000,0.000,0.000,0.000,0.110
2026-09-22T04:45:00Z,1.620,2.260,,,0.000,0.000,0.000,0.000,0.095
2026-09-22T04:46:00Z,0.960,2.200,924.000,7632584704,0.000,0.000,0.000,0.000,0.090
2026-09-22T04:47:00Z,,,,,0.000,0.000,0.000,0.000,0.092
2026-09-22T04:48:00Z,1.317,2.300,924.000,7633633280,0.000,0.000,0.000,0.000,0.305
2026-09-22T04:49:00Z,,,,,0.000,0.000,0.000,0.000,0.128
2026-09-22T04:50:00Z,1.647,2.230,924.000,7632584704,0.000,0.000,0.000,0.000,0.115
2026-09-22T04:51:00Z,1.250,2.140,924.000,7633633280,0.000,0.000,0.000,0.000,0.417
2026-09-22T04:52:00Z,1.200,2.060,924.000,7633633280,0.000,0.000,0.000,0.000,0.107
2026-09-22T04:53:00Z,1.285,2.220,924.000,7633633280,0.000,0.000,0.000,0.000,0.302
2026-09-22T04:54:00Z,2.140,2.140,924.000,7633633280,0.000,0.000,0.000,0.000,0.115
2026-09-22T04:55:00Z,0.943,2.130,924.000,7633633280,0.000,0.000,0.000,0.000,0.085
2026-09-22T04:56:00Z,1.265,2.180,924.000,7633633280,0.000,0.000,0.000,0.000,0.092
2026-09-22T04:57:00Z,1.290,2.220,924.000,7633633280,0.000,0.000,0.000,0.000,0.092
2026-09-22T04:58:00Z,1.275,2.200,924.000,7632584704,0.000,0.000,0.000,0.000,0.107
2026-09-22T04:59:00Z,1.285,2.190,924.000,7632584704,0.000,0.000,0.000,0.000,0.115
2026-09-22T05:00:00Z,,,924.000,7632584704,0.000,0.000,0.000,0.000,0.098
2026-09-22T05:01:00Z,1.278,2.220,924.000,7633633280,0.000,0.000,0.000,0.000,0.098
2026-09-22T05:02:00Z,1.245,2.140,924.000,,0.000,0.000,0.000,0.000,0.072
2026-09-22T05:03:00Z,1.270,2.190,,7632584704,0.000,0.000,0.000,0.000,0.315
2026-09-22T05:04:00Z,1.235,2.120,924.000,7632584704,0.000,0.000,0.000,0.000,0.105
2026-09-22T05:05:00Z,1.290,2.220,924.000,7632584704,0.000,0.000,0.000,0.000,0.095
2026-09-22T05:06:00Z,1.280,2.210,924.000,7632584704,0.000,0.000,0.000,0.000,0.242
2026-09-22T05:07:00Z,1.265,2.180,924.000,7632584704,0.000,0.000,0.000,0.000,0.098
2026-09-22T05:08:00Z,,,924.000,7632584704,0.000,0.000,0.000,0.000,0.090
2026-09-22T05:09:00Z,1.280,2.210,924.000,7632584704,0.000,0.000,0.000,0.000,0.095
2026-09-22T05:10:00Z,1.260,2.180,924.000,7632584704,0.000,0.000,0.000,0.000,0.107
2026-09-22T05:11:00Z,1.305,2.260,924.000,7632584704,0.000,0.000,0.000,0.000,0.098
2026-09-22T05:12:00Z,1.245,2.150,924.000,7632584704,0.000,0.000,0.000,0.000,0.092
2026-09-22T05:13:00Z,1.270,2.210,924.000,7631536128,0.000,0.000,0.000,0.000,0.307
2026-09-22T05:14:00Z,1.240,2.150,924.000,7631536128,0.000,0.000,0.000,0.000,0.090
2026-09-22T05:15:00Z,1.280,2.220,924.000,7631536128,0.000,0.000,0.000,0.000,0.110
2026-09-22T05:16:00Z,1.270,2.200,924.000,7631536128,0.000,0.000,0.000,0.000,0.102
2026-09-22T05:17:00Z,2.080,2.080,924.000,,0.000,0.000,0.000,0.000,0.092
2026-09-22T05:18:00Z,0.340,0.340,924.000,7631536128,0.000,0.000,0.000,0.000,0.092
2026-09-22T05:19:00Z,1.240,2.210,924.000,7632584704,0.000,0.000,0.000,0.000,0.273
2026-09-22T05:20:00Z,,,,,0.000,0.000,0.000,0.000,0.122
2026-09-22T05:21:00Z,1.248,2.180,924.000,7631536128,0.000,0.000,0.000,0.000,0.090
2026-09-22T05:22:00Z,2.080,2.080,924.000,,0.000,0.000,0.000,0.000,0.092
2026-09-22T05:23:00Z,0.930,2.110,924.000,7631536128,0.000,0.000,0.000,0.000,0.315
2026-09-22T05:24:00Z,1.215,2.100,924.000,7631536128,0.000,0.000,0.000,0.000,0.110
2026-09-22T05:25:00Z,2.120,2.120,924.000,7631536128,0.000,0.000,0.000,0.000,0.110
2026-09-22T05:26:00Z,0.957,2.190,924.000,7631536128,0.000,0.000,0.000,0.000,0.102
2026-09-22T05:27:00Z,1.230,2.130,924.000,7631536128,0.000,0.000,0.000,0.000,0.102
2026-09-22T05:28:00Z,2.160,2.160,,7631536128,0.000,0.000,0.000,0.000,0.098
2026-09-22T05:29:00Z,0.330,0.330,924.000,7631536128,0.000,0.000,0.000,0.000,0.095
2026-09-22T05:30:00Z,1.255,2.160,924.000,7631536128,0.000,0.000,0.000,0.000,0.105
2026-09-22T05:31:00Z,1.268,2.230,924.000,7631536128,0.000,0.000,0.000,0.000,0.095
2026-09-22T05:32:00Z,1.230,2.120,,,0.000,0.000,0.000,0.000,0.085
2026-09-22T05:33:00Z,,,924.000,7631536128,0.000,0.000,0.000,0.000,0.307
2026-09-22T05:34:00Z,1.238,2.140,924.000,7631536128,0.000,0.000,0.000,0.000,0.090
2026-09-22T05:35:00Z,1.240,2.120,924.000,7631536128,0.000,0.000,0.000,0.000,0.270
2026-09-22T05:36:00Z,,,924.000,7631536128,0.000,0.000,0.000,0.000,0.215
2026-09-22T05:37:00Z,1.258,2.170,924.000,7631536128,0.000,0.000,0.000,0.000,0.130
2026-09-22T05:38:00Z,1.250,2.160,,7631536128,0.000,0.000,0.000,0.000,0.117
2026-09-22T05:39:00Z,1.240,2.130,924.000,7631536128,0.000,0.000,0.000,0.000,0.105
2026-09-22T05:40:00Z,1.245,2.140,924.000,7631536128,0.000,0.000,0.000,0.000,0.095
2026-09-22T05:41:00Z,1.300,2.240,924.000,7631536128,0.000,0.000,0.000,0.000,0.098
2026-09-22T05:42:00Z,1.275,2.170,924.000,7631536128,0.000,0.000,0.000,0.000,0.090
2026-09-22T05:43:00Z,1.290,2.230,924.000,7631536128,0.000,0.000,0.000,0.000,0.297
2026-09-22T05:44:00Z,1.280,2.210,924.000,7631536128,0.000,0.000,0.000,0.000,0.115
2026-09-22T05:45:00Z,1.300,1.300,,,0.000,0.000,0.000,0.000,0.072
2026-09-22T05:46:00Z,2.090,2.090,924.000,7631536128,0.000,0.000,0.000,0.000,0.090
2026-09-22T05:47:00Z,1.220,2.090,924.000,7631536128,0.000,0.000,0.000,0.000,0.098
2026-09-22T05:48:00Z,1.340,2.220,924.000,7630487552,0.000,0.000,0.000,0.000,0.085
2026-09-22T05:49:00Z,,,,,0.000,0.000,0.000,0.000,0.302
2026-09-22T05:50:00Z,1.708,2.960,924.000,7612661760,0.000,0.000,0.000,0.000,0.130
2026-09-22T05:51:00Z,1.305,2.260,924.000,7618953216,0.000,0.000,0.000,0.000,0.407
2026-09-22T05:52:00Z,1.285,2.210,924.000,7618953216,0.000,0.000,0.000,0.000,0.310
2026-09-22T05:53:00Z,,,,7618953216,0.000,0.000,0.000,0.000,0.105
2026-09-22T05:54:00Z,1.250,2.150,924.000,,0.000,0.000,0.000,0.000,0.098
2026-09-22T05:55:00Z,1.225,2.140,924.000,7618953216,0.000,0.000,0.000,0.000,0.110
2026-09-22T05:56:00Z,1.230,2.110,924.000,7618953216,0.000,0.000,0.000,0.000,0.095
2026-09-22T05:57:00Z,1.280,2.220,924.000,7618953216,0.000,0.000,0.000,0.000,0.090
2026-09-22T05:58:00Z,1.300,2.260,924.000,7618953216,0.000,0.000,0.000,0.000,0.085
2026-09-22T05:59:00Z,,,924.000,7618953216,0.000,0.000,0.000,0.000,0.090
2026-09-22T06:00:00Z,1.292,2.250,924.000,7618953216,0.000,0.000,0.000,0.000,0.115
2026-09-22T06:01:00Z,1.320,2.300,924.000,7618953216,0.000,0.000,0.000,0.000,0.090
2026-09-22T06:02:00Z,1.285,2.220,924.000,7618953216,0.000,0.000,0.000,0.000,0.307
2026-09-22T06:03:00Z,1.300,2.260,924.000,7618953216,0.000,0.000,0.000,0.000,0.105
2026-09-22T06:04:00Z,1.305,2.280,924.000,7618953216,0.000,0.000,0.000,0.000,0.092
2026-09-22T06:05:00Z,,,924.000,7618953216,0.000,0.000,0.000,0.000,0.092
2026-09-22T06:06:00Z,1.280,2.240,924.000,7618953216,0.000,0.000,0.000,0.000,0.245
2026-09-22T06:07:00Z,,,,,0.000,0.000,0.000,0.000,0.102
2026-09-22T06:08:00Z,1.308,2.280,924.000,7617904640,0.000,0.000,0.000,0.000,0.085
2026-09-22T06:09:00Z,1.290,2.230,924.000,7617904640,0.000,0.000,0.000,0.000,0.115
2026-09-22T06:10:00Z,1.330,2.310,924.000,7617904640,0.000,0.000,0.000,0.000,0.090
2026-09-22T06:11:00Z,1.330,2.320,924.000,7617904640,0.000,0.000,0.000,0.000,0.085
2026-09-22T06:12:00Z,0.355,0.360,924.000,7618953216,0.000,0.000,0.000,0.000,0.302
2026-09-22T06:13:00Z,,,924.000,,0.000,0.000,0.000,0.000,0.085
2026-09-22T06:14:00Z,1.450,2.270,924.000,7618953216,0.000,0.000,0.000,0.000,0.133
2026-09-22T06:15:00Z,,,,,0.000,0.000,0.000,0.000,0.090
2026-09-22T06:16:00Z,1.552,2.240,924.000,7618953216,0.000,0.000,0.000,0.000,0.085
2026-09-22T06:17:00Z,,,,,0.000,0.000,0.000,0.000,0.090
2026-09-22T06:18:00Z,1.310,2.260,924.000,7618953216,0.000,0.000,0.000,0.000,0.090
2026-09-22T06:19:00Z,1.288,2.280,924.000,7618953216,0.000,0.000,0.000,0.000,0.318
2026-09-22T06:20:00Z,1.285,2.220,924.000,7618953216,0.000,0.000,0.000,0.000,0.085
2026-09-22T06:21:00Z,1.315,2.270,924.000,7618953216,0.000,0.000,0.000,0.000,0.105
2026-09-22T06:22:00Z,,,,,0.000,0.000,0.000,0.000,0.292
2026-09-22T06:23:00Z,1.290,2.220,924.000,7618953216,0.000,0.000,0.000,0.000,0.110
2026-09-22T06:24:00Z,1.272,2.210,924.000,7618953216,0.000,0.000,0.000,0.000,0.098
2026-09-22T06:25:00Z,1.310,2.260,924.000,7618953216,0.000,0.000,0.000,0.000,0.115
2026-09-22T06:26:00Z,1.370,2.340,924.000,7618953216,0.000,0.000,0.000,0.000,0.098
2026-09-22T06:27:00Z,,,924.000,,0.000,0.000,0.000,0.000,0.270
2026-09-22T06:28:00Z,1.262,2.190,924.000,7620001792,0.000,0.000,0.000,0.000,0.090
2026-09-22T06:29:00Z,,,,7620001792,0.000,0.000,0.000,0.000,0.090
2026-09-22T06:30:00Z,1.268,2.250,924.000,7617904640,0.000,0.000,0.000,0.000,0.110
2026-09-22T06:31:00Z,1.305,2.260,924.000,7617904640,0.000,0.000,0.000,0.000,0.280
2026-09-22T06:32:00Z,0.350,0.350,924.000,7617904640,0.000,0.000,0.000,0.000,0.310
2026-09-22T06:33:00Z,2.200,2.200,,,0.000,0.000,0.000,0.000,0.080
2026-09-22T06:34:00Z,1.290,2.240,924.000,7617904640,0.000,0.000,0.000,0.000,0.090
2026-09-22T06:35:00Z,1.295,2.210,924.000,7617904640,0.000,0.000,0.000,0.000,0.282
2026-09-22T06:36:00Z,1.250,2.190,924.000,7617904640,0.000,0.000,0.000,0.000,0.240
2026-09-22T06:37:00Z,1.270,2.190,924.000,7617904640,0.000,0.000,0.000,0.000,0.102
2026-09-22T06:38:00Z,1.240,2.150,924.000,7617904640,0.000,0.000,0.000,0.000,0.130
2026-09-22T06:39:00Z,1.265,2.200,924.000,7617904640,0.000,0.000,0.000,0.000,0.117
2026-09-22T06:40:00Z,1.265,2.210,,7617904640,0.000,0.000,0.000,0.000,0.095
2026-09-22T06:41:00Z,1.280,2.230,924.000,7617904640,0.000,0.000,0.000,0.000,0.090
2026-09-22T06:42:00Z,,,,,0.000,0.000,0.000,0.000,0.305
2026-09-22T06:43:00Z,1.240,2.140,924.000,7618953216,0.000,0.000,0.000,0.000,0.080
2026-09-22T06:44:00Z,1.232,2.150,924.000,7617904640,0.000,0.000,0.000,0.000,0.115
2026-09-22T06:45:00Z,1.280,2.230,924.000,7617904640,0.000,0.000,0.000,0.000,0.098
2026-09-22T06:46:00Z,,,924.000,7617904640,0.000,0.000,0.000,0.000,0.095
2026-09-22T06:47:00Z,1.282,2.270,924.000,7617904640,0.000,0.000,0.000,0.000,0.098
2026-09-22T06:48:00Z,1.290,2.240,924.000,7617904640,0.000,0.000,0.000,0.000,0.085
2026-09-22T06:49:00Z,1.275,2.210,924.000,7618953216,0.000,0.000,0.000,0.000,0.107
2026-09-22T06:50:00Z,2.095,3.860,,7608467456,0.000,0.000,0.000,0.000,0.092
2026-09-22T06:51:00Z,1.275,2.210,924.000,7636779008,0.000,0.000,0.000,0.000,0.372
2026-09-22T06:52:00Z,,,924.000,7636779008,0.000,0.000,0.000,0.000,0.360
2026-09-22T06:53:00Z,1.282,2.250,,,0.000,0.000,0.000,0.000,0.130
2026-09-22T06:54:00Z,1.285,2.230,924.000,7636779008,0.000,0.000,0.000,0.000,0.105
2026-09-22T06:55:00Z,1.280,2.210,924.000,7636779008,0.000,0.000,0.000,0.000,0.098
2026-09-22T06:56:00Z,1.225,2.110,924.000,7636779008,0.000,0.000,0.000,0.000,0.092
2026-09-22T06:57:00Z,1.295,2.240,924.000,7636779008,0.000,0.000,0.000,0.000,0.090
2026-09-22T06:58:00Z,1.305,2.260,924.000,7636779008,0.000,0.000,0.000,0.000,0.090
2026-09-22T06:59:00Z,1.260,2.180,,,0.000,0.000,0.000,0.000,0.110
2026-09-22T07:00:00Z,1.335,2.300,924.000,7636779008,0.000,0.000,0.000,0.000,0.092
2026-09-22T07:01:00Z,1.320,2.280,924.000,7635730432,0.000,0.000,0.000,0.000,0.090
2026-09-22T07:02:00Z,1.300,2.240,924.000,7635730432,0.000,0.000,0.000,0.000,0.297
2026-09-22T07:03:00Z,1.305,2.260,924.000,7635730432,0.000,0.000,0.000,0.000,0.102
2026-09-22T07:04:00Z,,,924.000,,0.000,0.000,0.000,0.000,0.110
2026-09-22T07:05:00Z,1.315,2.290,924.000,7635730432,0.000,0.000,0.000,0.000,0.085
2026-09-22T07:06:00Z,1.270,2.180,924.000,7635730432,0.000,0.000,0.000,0.000,0.217
2026-09-22T07:07:00Z,1.260,2.160,,,0.000,0.000,0.000,0.000,0.130
2026-09-22T07:08:00Z,1.265,2.180,924.000,7635730432,0.000,0.000,0.000,0.000,0.098
2026-09-22T07:09:00Z,1.275,2.150,924.000,7635730432,0.000,0.000,0.000,0.000,0.117
2026-09-22T07:10:00Z,,,,7635730432,0.000,0.000,0.000,0.000,0.098
2026-09-22T07:11:00Z,1.270,2.220,924.000,7635730432,0.000,0.000,0.000,0.000,0.077
2026-09-22T07:12:00Z,0.360,0.360,924.000,7635730432,0.000,0.000,0.000,0.000,0.305
2026-09-22T07:13:00Z,1.547,2.160,924.000,7635730432,0.000,0.000,0.000,0.000,0.085
2026-09-22T07:14:00Z,1.245,2.140,924.000,7635730432,0.000,0.000,0.000,0.000,0.117
2026-09-22T07:15:00Z,1.215,2.070,,,0.000,0.000,0.000,0.000,0.092
2026-09-22T07:16:00Z,1.260,2.170,924.000,7635730432,0.000,0.000,0.000,0.000,0.098
2026-09-22T07:17:00Z,0.365,0.370,924.000,7635730432,0.000,0.000,0.000,0.000,0.098
2026-09-22T07:18:00Z,1.305,2.190,924.000,7635730432,0.000,0.000,0.000,0.000,0.085
2026-09-22T07:19:00Z,2.235,2.260,924.000,7635730432,0.000,0.000,0.000,0.000,0.268
2026-09-22T07:20:00Z,1.325,2.280,924.000,7635730432,0.000,0.000,0.000,0.000,0.140
2026-09-22T07:21:00Z,1.300,2.250,924.000,7634681856,0.000,0.000,0.000,0.000,0.102
2026-09-22T07:22:00Z,1.225,2.090,924.000,7634681856,0.000,0.000,0.000,0.000,0.310
2026-09-22T07:23:00Z,1.260,2.170,924.000,7634681856,0.000,0.000,0.000,0.000,0.085
2026-09-22T07:24:00Z,0.350,0.350,924.000,,0.000,0.000,0.000,0.000,0.098
2026-09-22T07:25:00Z,1.580,2.220,924.000,7634681856,0.000,0.000,0.000,0.000,0.105
2026-09-22T07:26:00Z,1.245,2.150,924.000,7634681856,0.000,0.000,0.000,0.000,0.110
2026-09-22T07:27:00Z,1.235,2.130,,,0.000,0.000,0.000,0.000,0.085
2026-09-22T07:28:00Z,1.250,2.160,924.000,7634681856,0.000,0.000,0.000,0.000,0.090
2026-09-22T07:29:00Z,1.225,2.110,924.000,7634681856,0.000,0.000,0.000,0.000,0.102
2026-09-22T07:30:00Z,1.310,2.270,924.000,7634681856,0.000,0.000,0.000,0.000,0.110
2026-09-22T07:31:00Z,1.320,2.290,924.000,7633633280,0.000,0.000,0.000,0.000,0.095
2026-09-22T07:32:00Z,1.305,2.260,,,0.000,0.000,0.000,0.000,0.302
2026-09-22T07:33:00Z,,,924.000,7633633280,0.000,0.000,0.000,0.000,0.077
2026-09-22T07:34:00Z,1.333,2.310,924.000,7633633280,0.000,0.000,0.000,0.000,0.110
2026-09-22T07:35:00Z,1.305,2.260,924.000,7633633280,0.000,0.000,0.000,0.000,0.270
2026-09-22T07:36:00Z,,,924.000,7633633280,0.000,0.000,0.000,0.000,0.235
2026-09-22T07:37:00Z,1.302,2.270,924.000,7633633280,0.000,0.000,0.000,0.000,0.140
2026-09-22T07:38:00Z,1.300,2.260,924.000,7633633280,0.000,0.000,0.000,0.000,0.128
2026-09-22T07:39:00Z,1.380,2.410,924.000,7633633280,0.000,0.000,0.000,0.000,0.115
2026-09-22T07:40:00Z,1.300,2.250,924.000,7633633280,0.000,0.000,0.000,0.000,0.305
2026-09-22T07:41:00Z,1.365,2.380,924.000,7633633280,0.000,0.000,0.000,0.000,0.102
2026-09-22T07:42:00Z,,,,7633633280,0.000,0.000,0.000,0.000,0.297
2026-09-22T07:43:00Z,1.292,2.240,924.000,,0.000,0.000,0.000,0.000,0.090
2026-09-22T07:44:00Z,,,924.000,7633633280,0.000,0.000,0.000,0.000,0.117
2026-09-22T07:45:00Z,1.310,2.290,924.000,7633633280,0.000,0.000,0.000,0.000,0.110
2026-09-22T07:46:00Z,,,,7633633280,0.000,0.000,0.000,0.000,0.102
2026-09-22T07:47:00Z,1.300,2.240,924.000,7633633280,0.000,0.000,0.000,0.000,0.092
2026-09-22T07:48:00Z,1.325,2.320,924.000,7633633280,0.000,0.000,0.000,0.000,0.098
2026-09-22T07:49:00Z,,,924.000,7632584704,0.000,0.000,0.000,0.000,0.115
2026-09-22T07:50:00Z,1.343,2.420,924.000,7632584704,0.000,0.000,0.000,0.000,0.095
2026-09-22T07:51:00Z,2.115,2.340,924.000,7628390400,0.000,0.000,0.000,0.000,0.102
2026-09-22T07:52:00Z,1.315,2.230,924.000,7628390400,0.000,0.000,0.000,0.000,0.560
2026-09-22T07:53:00Z,1.300,2.250,924.000,7628390400,0.000,0.000,0.000,0.000,0.155
2026-09-22T07:54:00Z,1.320,2.270,924.000,7628390400,0.000,0.000,0.000,0.000,0.087
2026-09-22T07:55:00Z,1.310,2.250,924.000,7628390400,0.000,0.000,0.000,0.000,0.102
2026-09-22T07:56:00Z,1.290,2.230,924.000,7628390400,0.000,0.000,0.000,0.000,0.090
2026-09-22T07:57:00Z,1.290,2.230,924.000,7628390400,0.000,0.000,0.000,0.000,0.102
2026-09-22T07:58:00Z,1.325,2.300,924.000,7628390400,0.000,0.000,0.000,0.000,0.090
2026-09-22T07:59:00Z,,,924.000,,0.000,0.000,0.000,0.000,0.110
2026-09-22T08:00:00Z,1.285,2.220,924.000,7628390400,0.000,0.000,0.000,0.000,0.090
2026-09-22T08:01:00Z,1.335,2.310,924.000,7628390400,0.000,0.000,0.000,0.000,0.090
2026-09-22T08:02:00Z,1.290,2.220,924.000,7628390400,0.000,0.000,0.000,0.000,0.302
2026-09-22T08:03:00Z,1.305,2.250,924.000,7628390400,0.000,0.000,0.000,0.000,0.098
2026-09-22T08:04:00Z,,,,,0.000,0.000,0.000,0.000,0.092
2026-09-22T08:05:00Z,1.315,2.340,924.000,7627341824,0.000,0.000,0.000,0.000,0.085
2026-09-22T08:06:00Z,1.325,2.290,924.000,7627341824,0.000,0.000,0.000,0.000,0.217
2026-09-22T08:07:00Z,1.255,2.150,,7627341824,0.000,0.000,0.000,0.000,0.135
2026-09-22T08:08:00Z,1.265,2.180,924.000,7627341824,0.000,0.000,0.000,0.000,0.092
2026-09-22T08:09:00Z,1.235,2.120,924.000,7627341824,0.000,0.000,0.000,0.000,0.085
2026-09-22T08:10:00Z,,,,,0.000,0.000,0.000,0.000,0.110
2026-09-22T08:11:00Z,1.278,2.260,924.000,7627341824,0.000,0.000,0.000,0.000,0.092
2026-09-22T08:12:00Z,1.305,2.260,924.000,7627341824,0.000,0.000,0.000,0.000,0.302
2026-09-22T08:13:00Z,1.275,2.200,924.000,7627341824,0.000,0.000,0.000,0.000,0.083
2026-09-22T08:14:00Z,1.240,2.130,924.000,7627341824,0.000,0.000,0.000,0.000,0.098
2026-09-22T08:15:00Z,,,924.000,,0.000,0.000,0.000,0.000,0.117
2026-09-22T08:16:00Z,1.260,2.180,924.000,7627341824,0.000,0.000,0.000,0.000,0.098
2026-09-22T08:17:00Z,1.265,2.180,924.000,7627341824,0.000,0.000,0.000,0.000,0.102
2026-09-22T08:18:00Z,1.315,2.260,924.000,7627341824,0.000,0.000,0.000,0.000,0.090
2026-09-22T08:19:00Z,1.310,2.270,924.000,7627341824,0.000,0.000,0.000,0.000,0.255
2026-09-22T08:20:00Z,1.320,2.290,924.000,7627341824,0.000,0.000,0.000,0.000,0.130
2026-09-22T08:21:00Z,1.345,2.350,924.000,7627341824,0.000,0.000,0.000,0.000,0.098
2026-09-22T08:22:00Z,1.280,2.200,924.000,7627341824,0.000,0.000,0.000,0.000,0.310
2026-09-22T08:23:00Z,1.330,2.310,924.000,7627341824,0.000,0.000,0.000,0.000,0.095
2026-09-22T08:24:00Z,1.290,2.240,,,0.000,0.000,0.000,0.000,0.092
2026-09-22T08:25:00Z,1.275,2.210,924.000,7627341824,0.000,0.000,0.000,0.000,0.105
2026-09-22T08:26:00Z,1.275,2.190,924.000,7627341824,0.000,0.000,0.000,0.000,0.102
2026-09-22T08:27:00Z,1.255,2.160,924.000,7627341824,0.000,0.000,0.000,0.000,0.090
2026-09-22T08:28:00Z,1.230,2.100,924.000,7627341824,0.000,0.000,0.000,0.000,0.090
2026-09-22T08:29:00Z,1.295,2.240,924.000,7627341824,0.000,0.000,0.000,0.000,0.085
2026-09-22T08:30:00Z,,,924.000,7627341824,0.000,0.000,0.000,0.000,0.117
2026-09-22T08:31:00Z,1.275,2.200,,,0.000,0.000,0.000,0.000,0.092
2026-09-22T08:32:00Z,1.305,2.300,924.000,7627341824,0.000,0.000,0.000,0.000,0.302
2026-09-22T08:33:00Z,,,924.000,,0.000,0.000,0.000,0.000,0.085
2026-09-22T08:34:00Z,1.000,2.250,924.000,7627341824,0.000,0.000,0.000,0.000,0.128
2026-09-22T08:35:00Z,2.080,2.080,924.000,7627341824,0.000,0.000,0.000,0.000,0.260
2026-09-22T08:36:00Z,1.252,2.170,924.000,7626293248,0.000,0.000,0.000,0.000,0.245
2026-09-22T08:37:00Z,1.215,2.080,924.000,7626293248,0.000,0.000,0.000,0.000,0.083
2026-09-22T08:38:00Z,1.235,2.120,924.000,7626293248,0.000,0.000,0.000,0.000,0.122
2026-09-22T08:39:00Z,,,,,0.000,0.000,0.000,0.000,0.110
2026-09-22T08:40:00Z,1.245,2.150,924.000,7626293248,0.000,0.000,0.000,0.000,0.085
2026-09-22T08:41:00Z,1.302,2.320,924.000,7626293248,0.000,0.000,0.000,0.000,0.098
2026-09-22T08:42:00Z,,,,7626293248,0.000,0.000,0.000,0.000,0.310
2026-09-22T08:43:00Z,1.265,2.230,924.000,7626293248,0.000,0.000,0.000,0.000,0.090
2026-09-22T08:44:00Z,1.235,2.110,924.000,7626293248,0.000,0.000,0.000,0.000,0.090
2026-09-22T08:45:00Z,1.265,2.140,924.000,7626293248,0.000,0.000,0.000,0.000,0.115
2026-09-22T08:46:00Z,1.310,2.260,,,0.000,0.000,0.000,0.000,0.098
2026-09-22T08:47:00Z,1.280,2.220,924.000,7626293248,0.000,0.000,0.000,0.000,0.115
2026-09-22T08:48:00Z,1.275,2.210,924.000,7626293248,0.000,0.000,0.000,0.000,0.090
2026-09-22T08:49:00Z,1.290,2.100,924.000,7626293248,0.000,0.000,0.000,0.000,0.117
2026-09-22T08:50:00Z,1.230,2.120,924.000,7626293248,0.000,0.000,0.000,0.000,0.302
2026-09-22T08:51:00Z,,,924.000,,0.000,0.000,0.000,0.000,0.107
2026-09-22T08:52:00Z,2.090,2.860,,7610564608,0.000,0.000,0.000,0.000,0.497
2026-09-22T08:53:00Z,1.242,2.210,924.000,7624196096,0.000,0.000,0.000,0.000,0.102
2026-09-22T08:54:00Z,0.340,0.340,,,0.000,0.000,0.000,0.000,0.110
2026-09-22T08:55:00Z,1.570,2.190,924.000,7624196096,0.000,0.000,0.000,0.000,0.092
2026-09-22T08:56:00Z,1.290,2.240,924.000,7624196096,0.000,0.000,0.000,0.000,0.092
2026-09-22T08:57:00Z,1.250,2.160,924.000,7624196096,0.000,0.000,0.000,0.000,0.098
2026-09-22T08:58:00Z,,,,,0.000,0.000,0.000,0.000,0.098
2026-09-22T08:59:00Z,1.270,2.200,924.000,7623147520,0.000,0.000,0.000,0.000,0.090
2026-09-22T09:00:00Z,0.943,2.150,924.000,7623147520,0.000,0.000,0.000,0.000,0.102
2026-09-22T09:01:00Z,1.617,2.260,924.000,7623147520,0.000,0.000,0.000,0.000,0.092
2026-09-22T09:02:00Z,1.245,2.150,924.000,7624196096,0.000,0.000,0.000,0.000,0.305
2026-09-22T09:03:00Z,1.245,2.150,,7624196096,0.000,0.000,0.000,0.000,0.080
2026-09-22T09:04:00Z,1.205,2.080,924.000,7623147520,0.000,0.000,0.000,0.000,0.115
2026-09-22T09:05:00Z,,,,,0.000,0.000,0.000,0.000,0.102
2026-09-22T09:06:00Z,1.235,2.140,924.000,7623147520,0.000,0.000,0.000,0.000,0.253
2026-09-22T09:07:00Z,1.255,2.180,924.000,7623147520,0.000,0.000,0.000,0.000,0.102
2026-09-22T09:08:00Z,,,,,0.000,0.000,0.000,0.000,0.098
2026-09-22T09:09:00Z,1.260,2.190,924.000,7623147520,0.000,0.000,0.000,0.000,0.105
2026-09-22T09:10:00Z,1.280,2.220,924.000,7623147520,0.000,0.000,0.000,0.000,0.090
2026-09-22T09:11:00Z,1.305,2.270,924.000,7623147520,0.000,0.000,0.000,0.000,0.085
2026-09-22T09:12:00Z,1.275,2.200,924.000,7623147520,0.000,0.000,0.000,0.000,0.297
2026-09-22T09:13:00Z,1.280,2.210,924.000,7623147520,0.000,0.000,0.000,0.000,0.090
2026-09-22T09:14:00Z,1.230,2.110,924.000,7623147520,0.000,0.000,0.000,0.000,0.092
2026-09-22T09:15:00Z,,,,7623147520,0.000,0.000,0.000,0.000,0.110
2026-09-22T09:16:00Z,1.268,2.220,924.000,7623147520,0.000,0.000,0.000,0.000,0.095
2026-09-22T09:17:00Z,1.260,2.170,924.000,,0.000,0.000,0.000,0.000,0.102
2026-09-22T09:18:00Z,1.320,2.220,924.000,7623147520,0.000,0.000,0.000,0.000,0.098
2026-09-22T09:19:00Z,1.270,2.190,924.000,7623147520,0.000,0.000,0.000,0.000,0.265
2026-09-22T09:20:00Z,1.250,2.150,924.000,7623147520,0.000,0.000,0.000,0.000,0.120
2026-09-22T09:21:00Z,1.305,2.260,924.000,7623147520,0.000,0.000,0.000,0.000,0.092
2026-09-22T09:22:00Z,1.255,2.160,924.000,7623147520,0.000,0.000,0.000,0.000,0.290
2026-09-22T09:23:00Z,1.230,2.100,,7623147520,0.000,0.000,0.000,0.000,0.110
2026-09-22T09:24:00Z,,,924.000,,0.000,0.000,0.000,0.000,0.092
2026-09-22T09:25:00Z,1.212,2.090,924.000,7623147520,0.000,0.000,0.000,0.000,0.117
2026-09-22T09:26:00Z,,,924.000,,0.000,0.000,0.000,0.000,0.092
2026-09-22T09:27:00Z,1.230,2.120,924.000,7623147520,0.000,0.000,0.000,0.000,0.095
2026-09-22T09:28:00Z,,,924.000,,0.000,0.000,0.000,0.000,0.098
2026-09-22T09:29:00Z,1.270,2.200,924.000,7623147520,0.000,0.000,0.000,0.000,0.090
2026-09-22T09:30:00Z,1.280,2.230,924.000,7622098944,0.000,0.000,0.000,0.000,0.110
2026-09-22T09:31:00Z,1.295,2.250,924.000,,0.000,0.000,0.000,0.000,0.092
2026-09-22T09:32:00Z,1.270,2.200,924.000,7622098944,0.000,0.000,0.000,0.000,0.292
2026-09-22T09:33:00Z,,,,,0.000,0.000,0.000,0.000,0.098
2026-09-22T09:34:00Z,1.285,2.230,924.000,7623147520,0.000,0.000,0.000,0.000,0.115
2026-09-22T09:35:00Z,1.270,2.210,924.000,7622098944,0.000,0.000,0.000,0.000,0.273
2026-09-22T09:36:00Z,1.265,2.190,924.000,7622098944,0.000,0.000,0.000,0.000,0.242
2026-09-22T09:37:00Z,1.270,2.210,924.000,7622098944,0.000,0.000,0.000,0.000,0.098
2026-09-22T09:38:00Z,1.285,2.240,924.000,7622098944,0.000,0.000,0.000,0.000,0.102
2026-09-22T09:39:00Z,,,,,0.000,0.000,0.000,0.000,0.115
2026-09-22T09:40:00Z,1.265,2.220,924.000,7622098944,0.000,0.000,0.000,0.000,0.115
2026-09-22T09:41:00Z,1.305,2.280,924.000,7622098944,0.000,0.000,0.000,0.000,0.090
2026-09-22T09:42:00Z,,,924.000,7622098944,0.000,0.000,0.000,0.000,0.318
2026-09-22T09:43:00Z,1.268,2.220,924.000,7622098944,0.000,0.000,0.000,0.000,0.072
2026-09-22T09:44:00Z,1.290,2.240,924.000,7622098944,0.000,0.000,0.000,0.000,0.115
2026-09-22T09:45:00Z,1.255,2.170,924.000,7622098944,0.000,0.000,0.000,0.000,0.110
2026-09-22T09:46:00Z,1.310,2.270,924.000,7622098944,0.000,0.000,0.000,0.000,0.090
2026-09-22T09:47:00Z,1.270,2.200,924.000,7622098944,0.000,0.000,0.000,0.000,0.098
2026-09-22T09:48:00Z,,,,7622098944,0.000,0.000,0.000,0.000,0.098
2026-09-22T09:49:00Z,1.272,2.250,924.000,7622098944,0.000,0.000,0.000,0.000,0.110
2026-09-22T09:50:00Z,1.220,2.110,,7622098944,0.000,0.000,0.000,0.000,0.102
2026-09-22T09:51:00Z,2.180,3.820,924.000,7600078848,0.000,0.000,0.000,0.000,0.090
2026-09-22T09:52:00Z,1.260,2.160,924.000,7622098944,0.000,0.000,0.000,0.000,0.430
2026-09-22T09:53:00Z,1.270,2.200,924.000,7622098944,0.000,0.000,0.000,0.000,0.380
2026-09-22T09:54:00Z,1.270,2.190,924.000,7622098944,0.000,0.000,0.000,0.000,0.135
2026-09-22T09:55:00Z,1.275,2.190,924.000,7622098944,0.000,0.000,0.000,0.000,0.085
2026-09-22T09:56:00Z,1.275,2.190,924.000,7622098944,0.000,0.000,0.000,0.000,0.092
2026-09-22T09:57:00Z,1.250,2.150,924.000,,0.000,0.000,0.000,0.000,0.098
2026-09-22T09:58:00Z,1.300,2.250,924.000,7622098944,0.000,0.000,0.000,0.000,0.107
2026-09-22T09:59:00Z,1.270,2.200,924.000,7622098944,0.000,0.000,0.000,0.000,0.098
2026-09-22T10:00:00Z,1.265,2.180,924.000,7622098944,0.000,0.000,0.000,0.000,0.115
2026-09-22T10:01:00Z,1.305,2.210,924.000,7622098944,0.000,0.000,0.000,0.000,0.092
2026-09-22T10:02:00Z,1.270,2.090,924.000,7622098944,0.000,0.000,0.000,0.000,0.315
2026-09-22T10:03:00Z,1.255,2.170,924.000,7622098944,0.000,0.000,0.000,0.000,0.085
2026-09-22T10:04:00Z,1.290,2.230,,7622098944,0.000,0.000,0.000,0.000,0.115
2026-09-22T10:05:00Z,1.250,2.150,924.000,7622098944,0.000,0.000,0.000,0.000,0.102
2026-09-22T10:06:00Z,1.270,2.190,924.000,,0.000,0.000,0.000,0.000,0.092
2026-09-22T10:07:00Z,1.280,2.220,924.000,7622098944,0.000,0.000,0.000,0.000,0.253
2026-09-22T10:08:00Z,1.290,2.220,924.000,7621050368,0.000,0.000,0.000,0.000,0.102
2026-09-22T10:09:00Z,1.270,2.190,924.000,7621050368,0.000,0.000,0.000,0.000,0.107
2026-09-22T10:10:00Z,,,924.000,7621050368,0.000,0.000,0.000,0.000,0.092
2026-09-22T10:11:00Z,1.292,2.270,924.000,7621050368,0.000,0.000,0.000,0.000,0.090
2026-09-22T10:12:00Z,1.270,2.180,,7621050368,0.000,0.000,0.000,0.000,0.302
2026-09-22T10:13:00Z,1.250,2.160,924.000,,0.000,0.000,0.000,0.000,0.090
2026-09-22T10:14:00Z,,,924.000,7621050368,0.000,0.000,0.000,0.000,0.102
2026-09-22T10:15:00Z,1.200,2.070,924.000,,0.000,0.000,0.000,0.000,0.115
2026-09-22T10:16:00Z,1.270,2.230,924.000,7621050368,0.000,0.000,0.000,0.000,0.092
2026-09-22T10:17:00Z,1.255,2.170,924.000,7621050368,0.000,0.000,0.000,0.000,0.105
2026-09-22T10:18:00Z,1.375,2.240,,,0.000,0.000,0.000,0.000,0.085
2026-09-22T10:19:00Z,,,924.000,7621050368,0.000,0.000,0.000,0.000,0.393
2026-09-22T10:20:00Z,1.278,2.230,924.000,7621050368,0.000,0.000,0.000,0.000,0.122
2026-09-22T10:21:00Z,1.305,2.260,924.000,7621050368,0.000,0.000,0.000,0.000,0.102
2026-09-22T10:22:00Z,,,,7621050368,0.000,0.000,0.000,0.000,0.285
2026-09-22T10:23:00Z,1.285,2.230,924.000,7621050368,0.000,0.000,0.000,0.000,0.110
2026-09-22T10:24:00Z,,,924.000,,0.000,0.000,0.000,0.000,0.102
2026-09-22T10:25:00Z,1.265,2.190,,7621050368,0.000,0.000,0.000,0.000,0.115
2026-09-22T10:26:00Z,1.272,2.240,924.000,7621050368,0.000,0.000,0.000,0.000,0.092
2026-09-22T10:27:00Z,,,924.000,,0.000,0.000,0.000,0.000,0.085
2026-09-22T10:28:00Z,1.250,2.160,924.000,7621050368,0.000,0.000,0.000,0.000,0.090
2026-09-22T10:29:00Z,1.270,2.200,924.000,7621050368,0.000,0.000,0.000,0.000,0.090
2026-09-22T10:30:00Z,,,,,0.000,0.000,0.000,0.000,0.105
2026-09-22T10:31:00Z,1.298,2.290,924.000,7621050368,0.000,0.000,0.000,0.000,0.090
2026-09-22T10:32:00Z,,,924.000,,0.000,0.000,0.000,0.000,0.302
2026-09-22T10:33:00Z,1.285,2.230,924.000,7621050368,0.000,0.000,0.000,0.000,0.105
2026-09-22T10:34:00Z,1.282,2.220,924.000,7621050368,0.000,0.000,0.000,0.000,0.072
2026-09-22T10:35:00Z,1.280,2.200,924.000,,0.000,0.000,0.000,0.000,0.228
2026-09-22T10:36:00Z,1.280,2.210,924.000,7620001792,0.000,0.000,0.000,0.000,0.128
2026-09-22T10:37:00Z,1.230,2.110,924.000,7620001792,0.000,0.000,0.000,0.000,0.290
2026-09-22T10:38:00Z,1.235,2.120,924.000,7620001792,0.000,0.000,0.000,0.000,0.128
2026-09-22T10:39:00Z,1.235,2.130,924.000,7620001792,0.000,0.000,0.000,0.000,0.115
2026-09-22T10:40:00Z,1.285,2.210,924.000,7620001792,0.000,0.000,0.000,0.000,0.098
2026-09-22T10:41:00Z,1.300,2.260,924.000,7620001792,0.000,0.000,0.000,0.000,0.090
2026-09-22T10:42:00Z,1.275,2.190,924.000,7620001792,0.000,0.000,0.000,0.000,0.315
2026-09-22T10:43:00Z,,,,7620001792,0.000,0.000,0.000,0.000,0.090
2026-09-22T10:44:00Z,1.235,2.120,924.000,7620001792,0.000,0.000,0.000,0.000,0.098
2026-09-22T10:45:00Z,1.205,2.060,924.000,7620001792,0.000,0.000,0.000,0.000,0.090
2026-09-22T10:46:00Z,1.205,2.070,924.000,7620001792,0.000,0.000,0.000,0.000,0.090
2026-09-22T10:47:00Z,,,,,0.000,0.000,0.000,0.000,0.102
2026-09-22T10:48:00Z,1.200,2.060,924.000,7620001792,0.000,0.000,0.000,0.000,0.085
2026-09-22T10:49:00Z,1.220,2.110,924.000,7620001792,0.000,0.000,0.000,0.000,0.098
2026-09-22T10:50:00Z,1.235,2.120,924.000,7620001792,0.000,0.000,0.000,0.000,0.110
2026-09-22T10:51:00Z,1.335,2.310,924.000,7620001792,0.000,0.000,0.000,0.000,0.102
2026-09-22T10:52:00Z,2.035,2.160,924.000,7628390400,0.000,0.000,0.000,0.000,0.398
2026-09-22T10:53:00Z,1.265,2.180,924.000,7628390400,0.000,0.000,0.000,0.000,0.378
2026-09-22T10:54:00Z,,,924.000,,0.000,0.000,0.000,0.000,0.110
2026-09-22T10:55:00Z,1.238,2.130,924.000,7628390400,0.000,0.000,0.000,0.000,0.090
2026-09-22T10:56:00Z,,,924.000,,0.000,0.000,0.000,0.000,0.085
2026-09-22T10:57:00Z,1.238,2.140,924.000,7628390400,0.000,0.000,0.000,0.000,0.092
2026-09-22T10:58:00Z,1.400,2.170,924.000,7625244672,0.000,0.000,0.000,0.000,0.090
2026-09-22T10:59:00Z,1.265,2.190,924.000,7625244672,0.000,0.000,0.000,0.000,0.880
2026-09-22T11:00:00Z,,,,,0.000,0.000,0.000,0.000,0.165
2026-09-22T11:01:00Z,1.275,2.280,924.000,7624196096,0.000,0.000,0.000,0.000,0.085
2026-09-22T11:02:00Z,1.280,2.220,924.000,,0.000,0.000,0.000,0.000,0.297
2026-09-22T11:03:00Z,1.310,2.280,,7624196096,0.000,0.000,0.000,0.000,0.102
2026-09-22T11:04:00Z,,,924.000,,0.000,0.000,0.000,0.000,0.090
2026-09-22T11:05:00Z,1.260,2.180,924.000,7624196096,0.000,0.000,0.000,0.000,0.110
2026-09-22T11:06:00Z,1.275,2.240,924.000,7624196096,0.000,0.000,0.000,0.000,0.095
2026-09-22T11:07:00Z,,,,,0.000,0.000,0.000,0.000,0.253
2026-09-22T11:08:00Z,1.265,2.190,924.000,7624196096,0.000,0.000,0.000,0.000,0.115
2026-09-22T11:09:00Z,1.260,2.200,924.000,7624196096,0.000,0.000,0.000,0.000,0.098
2026-09-22T11:10:00Z,1.270,2.210,924.000,7624196096,0.000,0.000,0.000,0.000,0.122
2026-09-22T11:11:00Z,1.285,2.230,924.000,7624196096,0.000,0.000,0.000,0.000,0.115
2026-09-22T11:12:00Z,1.245,2.150,924.000,7624196096,0.000,0.000,0.000,0.000,0.307
2026-09-22T11:13:00Z,1.250,2.160,,7624196096,0.000,0.000,0.000,0.000,0.110
2026-09-22T11:14:00Z,1.235,2.140,924.000,,0.000,0.000,0.000,0.000,0.105
2026-09-22T11:15:00Z,1.240,2.150,924.000,7624196096,0.000,0.000,0.000,0.000,0.092
2026-09-22T11:16:00Z,1.245,2.170,924.000,7624196096,0.000,0.000,0.000,0.000,0.102
2026-09-22T11:17:00Z,,,,,0.000,0.000,0.000,0.000,0.105
2026-09-22T11:18:00Z,1.255,2.180,924.000,7624196096,0.000,0.000,0.000,0.000,0.095
2026-09-22T11:19:00Z,1.252,2.160,924.000,7624196096,0.000,0.000,0.000,0.000,0.247
2026-09-22T11:20:00Z,1.275,2.200,924.000,7624196096,0.000,0.000,0.000,0.000,0.128
2026-09-22T11:21:00Z,,,924.000,7624196096,0.000,0.000,0.000,0.000,0.085
2026-09-22T11:22:00Z,1.278,2.220,924.000,7624196096,0.000,0.000,0.000,0.000,0.280
2026-09-22T11:23:00Z,1.195,2.040,924.000,7623147520,0.000,0.000,0.000,0.000,0.110
2026-09-22T11:24:00Z,1.205,2.060,924.000,7623147520,0.000,0.000,0.000,0.000,0.102
2026-09-22T11:25:00Z,1.245,2.140,924.000,7623147520,0.000,0.000,0.000,0.000,0.105
2026-09-22T11:26:00Z,1.250,2.150,924.000,7623147520,0.000,0.000,0.000,0.000,0.090
2026-09-22T11:27:00Z,1.255,2.140,924.000,7623147520,0.000,0.000,0.000,0.000,0.092
2026-09-22T11:28:00Z,,,,,0.000,0.000,0.000,0.000,0.070
2026-09-22T11:29:00Z,1.240,2.140,924.000,7623147520,0.000,0.000,0.000,0.000,0.120
2026-09-22T11:30:00Z,1.278,2.190,924.000,7623147520,0.000,0.000,0.000,0.000,0.090
2026-09-22T11:31:00Z,1.240,2.120,924.000,7623147520,0.000,0.000,0.000,0.000,0.290
2026-09-22T11:32:00Z,,,,,0.000,0.000,0.000,0.000,0.305
2026-09-22T11:33:00Z,1.262,2.190,924.000,7623147520,0.000,0.000,0.000,0.000,0.115
2026-09-22T11:34:00Z,1.260,2.140,924.000,7623147520,0.000,0.000,0.000,0.000,0.090
2026-09-22T11:35:00Z,,,,7623147520,0.000,0.000,0.000,0.000,0.268
2026-09-22T11:36:00Z,1.262,2.190,924.000,7623147520,0.000,0.000,0.000,0.000,0.240
2026-09-22T11:37:00Z,1.235,2.110,924.000,7623147520,0.000,0.000,0.000,0.000,0.135
2026-09-22T11:38:00Z,1.230,2.110,924.000,7623147520,0.000,0.000,0.000,0.000,0.117
2026-09-22T11:39:00Z,1.245,2.160,924.000,7622098944,0.000,0.000,0.000,0.000,0.135
2026-09-22T11:40:00Z,1.250,2.160,924.000,7622098944,0.000,0.000,0.000,0.000,0.105
2026-09-22T11:41:00Z,1.240,2.140,924.000,7622098944,0.000,0.000,0.000,0.000,0.098
2026-09-22T11:42:00Z,,,,7622098944,0.000,0.000,0.000,0.000,0.323
2026-09-22T11:43:00Z,1.202,2.090,924.000,7622098944,0.000,0.000,0.000,0.000,0.090
2026-09-22T11:44:00Z,1.185,2.040,924.000,7622098944,0.000,0.000,0.000,0.000,0.102
2026-09-22T11:45:00Z,,,924.000,7622098944,0.000,0.000,0.000,0.000,0.110
2026-09-22T11:46:00Z,1.235,2.140,924.000,7622098944,0.000,0.000,0.000,0.000,0.092
2026-09-22T11:47:00Z,,,,7622098944,0.000,0.000,0.000,0.000,0.110
2026-09-22T11:48:00Z,1.248,2.220,924.000,7622098944,0.000,0.000,0.000,0.000,0.090
2026-09-22T11:49:00Z,1.220,2.110,924.000,7622098944,0.000,0.000,0.000,0.000,0.110
2026-09-22T11:50:00Z,1.275,2.220,924.000,7622098944,0.000,0.000,0.000,0.000,0.092
2026-09-22T11:51:00Z,1.260,2.180,924.000,7622098944,0.000,0.000,0.000,0.000,0.098
2026-09-22T11:52:00Z,,,924.000,7604273152,0.000,0.000,0.000,0.000,0.290
2026-09-22T11:53:00Z,2.105,2.920,924.000,,0.000,0.000,0.000,0.000,0.415
2026-09-22T11:54:00Z,1.238,2.150,924.000,7622098944,0.000,0.000,0.000,0.000,0.105
2026-09-22T11:55:00Z,1.220,2.100,924.000,7622098944,0.000,0.000,0.000,0.000,0.092
2026-09-22T11:56:00Z,1.205,2.080,924.000,7622098944,0.000,0.000,0.000,0.000,0.090
2026-09-22T11:57:00Z,1.175,2.010,924.000,7622098944,0.000,0.000,0.000,0.000,0.098
2026-09-22T11:58:00Z,1.190,2.050,924.000,7622098944,0.000,0.000,0.000,0.000,0.092
2026-09-22T11:59:00Z,1.175,2.020,924.000,7622098944,0.000,0.000,0.000,0.000,0.110
2026-09-22T12:00:00Z,1.180,2.030,924.000,7623147520,0.000,0.000,0.000,0.000,0.102
2026-09-22T12:01:00Z,1.210,2.070,924.000,7623147520,0.000,0.000,0.000,0.000,0.095
2026-09-22T12:02:00Z,1.205,2.050,924.000,7624196096,0.000,0.000,0.000,0.000,0.290
2026-09-22T12:03:00Z,,,924.000,7624196096,0.000,0.000,0.000,0.000,0.098
2026-09-22T12:04:00Z,1.245,2.130,,,0.000,0.000,0.000,0.000,0.068
2026-09-22T12:05:00Z,1.262,2.160,924.000,7624196096,0.000,0.000,0.000,0.000,0.105
2026-09-22T12:06:00Z,1.265,2.150,924.000,7624196096,0.000,0.000,0.000,0.000,0.095
2026-09-22T12:07:00Z,1.275,2.180,924.000,7624196096,0.000,0.000,0.000,0.000,0.305
2026-09-22T12:08:00Z,1.290,2.200,924.000,7624196096,0.000,0.000,0.000,0.000,0.102
2026-09-22T12:09:00Z,1.320,2.270,924.000,7624196096,0.000,0.000,0.000,0.000,0.110
2026-09-22T12:10:00Z,1.285,2.180,924.000,7625244672,0.000,0.000,0.000,0.000,0.102
2026-09-22T12:11:00Z,1.355,2.300,924.000,7625244672,0.000,0.000,0.000,0.000,0.077
2026-09-22T12:12:00Z,1.285,2.200,924.000,7625244672,0.000,0.000,0.000,0.000,0.305
2026-09-22T12:13:00Z,1.290,2.220,,,0.000,0.000,0.000,0.000,0.090
2026-09-22T12:14:00Z,,,924.000,7625244672,0.000,0.000,0.000,0.000,0.102
2026-09-22T12:15:00Z,1.305,2.300,924.000,7622098944,0.000,0.000,0.000,0.000,0.310
2026-09-22T12:16:00Z,,,,7622098944,0.000,0.000,0.000,0.000,0.090
2026-09-22T12:17:00Z,1.240,2.140,924.000,7622098944,0.000,0.000,0.000,0.000,0.110
2026-09-22T12:18:00Z,1.255,2.140,924.000,7623147520,0.000,0.000,0.000,0.000,0.098
2026-09-22T12:19:00Z,1.215,2.080,924.000,7623147520,0.000,0.000,0.000,0.000,0.247
2026-09-22T12:20:00Z,1.190,2.030,924.000,7623147520,0.000,0.000,0.000,0.000,0.120
2026-09-22T12:21:00Z,1.290,2.220,924.000,7623147520,0.000,0.000,0.000,0.000,0.092
2026-09-22T12:22:00Z,0.350,0.350,924.000,7623147520,0.000,0.000,0.000,0.000,0.280
2026-09-22T12:23:00Z,1.563,2.190,924.000,7623147520,0.000,0.000,0.000,0.000,0.110
2026-09-22T12:24:00Z,1.240,2.150,924.000,7623147520,0.000,0.000,0.000,0.000,0.092
2026-09-22T12:25:00Z,1.215,2.100,924.000,7623147520,0.000,0.000,0.000,0.000,0.105
2026-09-22T12:26:00Z,1.245,2.150,924.000,7623147520,0.000,0.000,0.000,0.000,0.102
2026-09-22T12:27:00Z,,,,,0.000,0.000,0.000,0.000,0.098
2026-09-22T12:28:00Z,1.245,2.170,924.000,7623147520,0.000,0.000,0.000,0.000,0.102
2026-09-22T12:29:00Z,1.245,2.150,924.000,7623147520,0.000,0.000,0.000,0.000,0.105
2026-09-22T12:30:00Z,1.255,2.170,924.000,7623147520,0.000,0.000,0.000,0.000,0.110
2026-09-22T12:31:00Z,,,,7623147520,0.000,0.000,0.000,0.000,0.098
2026-09-22T12:32:00Z,1.278,2.280,924.000,,0.000,0.000,0.000,0.000,0.302
2026-09-22T12:33:00Z,1.270,2.200,924.000,7623147520,0.000,0.000,0.000,0.000,0.105
2026-09-22T12:34:00Z,1.250,2.130,924.000,7623147520,0.000,0.000,0.000,0.000,0.092
2026-09-22T12:35:00Z,,,,7623147520,0.000,0.000,0.000,0.000,0.260
2026-09-22T12:36:00Z,1.255,2.200,924.000,,0.000,0.000,0.000,0.000,0.090
2026-09-22T12:37:00Z,1.270,2.200,924.000,7623147520,0.000,0.000,0.000,0.000,0.247
2026-09-22T12:38:00Z,1.250,2.160,924.000,7623147520,0.000,0.000,0.000,0.000,0.105
2026-09-22T12:39:00Z,1.230,2.120,924.000,7623147520,0.000,0.000,0.000,0.000,0.135
2026-09-22T12:40:00Z,1.260,2.180,924.000,7623147520,0.000,0.000,0.000,0.000,0.102
2026-09-22T12:41:00Z,1.265,2.190,924.000,7621050368,0.000,0.000,0.000,0.000,0.092
2026-09-22T12:42:00Z,1.265,2.180,924.000,7621050368,0.000,0.000,0.000,0.000,0.315
2026-09-22T12:43:00Z,1.260,2.150,924.000,7621050368,0.000,0.000,0.000,0.000,0.105
2026-09-22T12:44:00Z,1.260,2.180,924.000,7621050368,0.000,0.000,0.000,0.000,0.120
2026-09-22T12:45:00Z,,,924.000,7621050368,0.000,0.000,0.000,0.000,0.095
2026-09-22T12:46:00Z,1.232,2.130,924.000,7621050368,0.000,0.000,0.000,0.000,0.090
2026-09-22T12:47:00Z,,,924.000,7621050368,0.000,0.000,0.000,0.000,0.110
2026-09-22T12:48:00Z,1.240,2.140,924.000,7621050368,0.000,0.000,0.000,0.000,0.092
2026-09-22T12:49:00Z,1.195,2.040,924.000,7621050368,0.000,0.000,0.000,0.000,0.105
2026-09-22T12:50:00Z,1.200,2.050,924.000,,0.000,0.000,0.000,0.000,0.092
2026-09-22T12:51:00Z,,,924.000,7621050368,0.000,0.000,0.000,0.000,0.090
2026-09-22T12:52:00Z,1.692,3.920,924.000,7601127424,0.000,0.000,0.000,0.000,0.285
2026-09-22T12:53:00Z,1.345,2.280,,7625244672,0.000,0.000,0.000,0.000,0.415
2026-09-22T12:54:00Z,1.330,2.270,924.000,7625244672,0.000,0.000,0.000,0.000,0.128
2026-09-22T12:55:00Z,,,,7625244672,0.000,0.000,0.000,0.000,0.098
2026-09-22T12:56:00Z,1.308,2.270,924.000,7625244672,0.000,0.000,0.000,0.000,0.107
2026-09-22T12:57:00Z,1.245,2.130,924.000,7625244672,0.000,0.000,0.000,0.000,0.098
2026-09-22T12:58:00Z,1.280,2.210,924.000,7625244672,0.000,0.000,0.000,0.000,0.092
2026-09-22T12:59:00Z,1.245,2.130,924.000,,0.000,0.000,0.000,0.000,0.110
2026-09-22T13:00:00Z,1.235,2.130,924.000,7625244672,0.000,0.000,0.000,0.000,0.090
2026-09-22T13:01:00Z,1.290,2.220,924.000,7625244672,0.000,0.000,0.000,0.000,0.092
2026-09-22T13:02:00Z,1.325,2.280,924.000,7625244672,0.000,0.000,0.000,0.000,0.285
2026-09-22T13:03:00Z,1.400,2.430,924.000,7625244672,0.000,0.000,0.000,0.000,0.115
2026-09-22T13:04:00Z,,,924.000,7625244672,0.000,0.000,0.000,0.000,0.092
2026-09-22T13:05:00Z,1.300,2.230,,7625244672,0.000,0.000,0.000,0.000,0.092
2026-09-22T13:06:00Z,1.310,2.260,924.000,7625244672,0.000,0.000,0.000,0.000,0.092
2026-09-22T13:07:00Z,1.280,2.210,924.000,7625244672,0.000,0.000,0.000,0.000,0.253
2026-09-22T13:08:00Z,1.325,2.310,924.000,7625244672,0.000,0.000,0.000,0.000,0.098
2026-09-22T13:09:00Z,1.285,2.220,924.000,,0.000,0.000,0.000,0.000,0.110
2026-09-22T13:10:00Z,1.255,2.170,,7625244672,0.000,0.000,0.000,0.000,0.092
2026-09-22T13:11:00Z,1.305,2.260,924.000,7625244672,0.000,0.000,0.000,0.000,0.085
2026-09-22T13:12:00Z,,,,,0.000,0.000,0.000,0.000,0.305
2026-09-22T13:13:00Z,1.305,2.250,924.000,7624196096,0.000,0.000,0.000,0.000,0.085
2026-09-22T13:14:00Z,1.292,2.260,924.000,7624196096,0.000,0.000,0.000,0.000,0.085
2026-09-22T13:15:00Z,,,,7624196096,0.000,0.000,0.000,0.000,0.105
2026-09-22T13:16:00Z,1.280,2.210,924.000,7624196096,0.000,0.000,0.000,0.000,0.102
2026-09-22T13:17:00Z,1.290,2.270,924.000,7624196096,0.000,0.000,0.000,0.000,0.122
2026-09-22T13:18:00Z,1.315,2.260,,7624196096,0.000,0.000,0.000,0.000,0.090
2026-09-22T13:19:00Z,1.285,2.220,924.000,7624196096,0.000,0.000,0.000,0.000,0.265
2026-09-22T13:20:00Z,1.270,2.190,924.000,7624196096,0.000,0.000,0.000,0.000,0.117
2026-09-22T13:21:00Z,1.355,2.360,924.000,7624196096,0.000,0.000,0.000,0.000,0.098
2026-09-22T13:22:00Z,1.310,2.260,924.000,7624196096,0.000,0.000,0.000,0.000,0.285
2026-09-22T13:23:00Z,1.315,2.280,924.000,7624196096,0.000,0.000,0.000,0.000,0.122
2026-09-22T13:24:00Z,,,,,0.000,0.000,0.000,0.000,0.092
2026-09-22T13:25:00Z,1.280,2.220,924.000,7624196096,0.000,0.000,0.000,0.000,0.105
2026-09-22T13:26:00Z,1.230,2.120,,7624196096,0.000,0.000,0.000,0.000,0.098
2026-09-22T13:27:00Z,1.235,2.110,924.000,7624196096,0.000,0.000,0.000,0.000,0.092
2026-09-22T13:28:00Z,1.290,2.220,924.000,7624196096,0.000,0.000,0.000,0.000,0.098
2026-09-22T13:29:00Z,1.240,2.130,924.000,7624196096,0.000,0.000,0.000,0.000,0.090
2026-09-22T13:30:00Z,1.245,2.140,924.000,7624196096,0.000,0.000,0.000,0.000,0.110
2026-09-22T13:31:00Z,1.275,2.200,924.000,7623147520,0.000,0.000,0.000,0.000,0.092
2026-09-22T13:32:00Z,,,,,0.000,0.000,0.000,0.000,0.310
2026-09-22T13:33:00Z,1.265,2.180,924.000,7623147520,0.000,0.000,0.000,0.000,0.102
2026-09-22T13:34:00Z,1.280,2.220,924.000,7623147520,0.000,0.000,0.000,0.000,0.072
2026-09-22T13:35:00Z,1.235,2.110,924.000,7623147520,0.000,0.000,0.000,0.000,0.230
2026-09-22T13:36:00Z,1.260,2.140,924.000,7623147520,0.000,0.000,0.000,0.000,0.128
2026-09-22T13:37:00Z,1.255,2.150,924.000,7623147520,0.000,0.000,0.000,0.000,0.265
2026-09-22T13:38:00Z,1.275,2.190,924.000,,0.000,0.000,0.000,0.000,0.105
2026-09-22T13:39:00Z,1.285,2.220,924.000,7623147520,0.000,0.000,0.000,0.000,0.152
2026-09-22T13:40:00Z,1.270,2.180,924.000,7623147520,0.000,0.000,0.000,0.000,0.092
2026-09-22T13:41:00Z,1.295,2.230,924.000,7623147520,0.000,0.000,0.000,0.000,0.090
2026-09-22T13:42:00Z,1.275,2.180,924.000,7623147520,0.000,0.000,0.000,0.000,0.302
2026-09-22T13:43:00Z,1.210,2.070,924.000,7623147520,0.000,0.000,0.000,0.000,0.110
2026-09-22T13:44:00Z,1.220,2.090,924.000,7623147520,0.000,0.000,0.000,0.000,0.110
2026-09-22T13:45:00Z,,,924.000,,0.000,0.000,0.000,0.000,0.102
2026-09-22T13:46:00Z,1.250,2.150,924.000,7623147520,0.000,0.000,0.000,0.000,0.098
2026-09-22T13:47:00Z,,,924.000,,0.000,0.000,0.000,0.000,0.092
2026-09-22T13:48:00Z,1.250,2.180,924.000,7623147520,0.000,0.000,0.000,0.000,0.098
2026-09-22T13:49:00Z,1.270,2.200,924.000,7623147520,0.000,0.000,0.000,0.000,0.115
2026-09-22T13:50:00Z,,,,,0.000,0.000,0.000,0.000,0.098
2026-09-22T13:51:00Z,1.250,2.180,924.000,7622098944,0.000,0.000,0.000,0.000,0.090
2026-09-22T13:52:00Z,1.320,2.290,924.000,7622098944,0.000,0.000,0.000,0.000,0.318
2026-09-22T13:53:00Z,,,,,0.000,0.000,0.000,0.000,0.090
2026-09-22T13:54:00Z,1.645,2.110,924.000,7625244672,0.000,0.000,0.000,0.000,0.405
2026-09-22T13:55:00Z,1.210,2.080,924.000,7625244672,0.000,0.000,0.000,0.000,0.297
2026-09-22T13:56:00Z,1.260,2.180,924.000,7625244672,0.000,0.000,0.000,0.000,0.098
2026-09-22T13:57:00Z,1.240,2.140,924.000,7625244672,0.000,0.000,0.000,0.000,0.092
2026-09-22T13:58:00Z,1.265,2.190,924.000,7625244672,0.000,0.000,0.000,0.000,0.092
2026-09-22T13:59:00Z,,,924.000,7624196096,0.000,0.000,0.000,0.000,0.117
2026-09-22T14:00:00Z,1.260,2.190,924.000,7624196096,0.000,0.000,0.000,0.000,0.092
2026-09-22T14:01:00Z,1.280,2.220,924.000,7624196096,0.000,0.000,0.000,0.000,0.072
2026-09-22T14:02:00Z,1.240,2.140,924.000,7624196096,0.000,0.000,0.000,0.000,0.302
2026-09-22T14:03:00Z,,,924.000,7624196096,0.000,0.000,0.000,0.000,0.105
2026-09-22T14:04:00Z,1.260,2.220,924.000,7624196096,0.000,0.000,0.000,0.000,0.117
2026-09-22T14:05:00Z,1.295,2.240,924.000,7624196096,0.000,0.000,0.000,0.000,0.102
2026-09-22T14:06:00Z,1.285,2.230,924.000,7624196096,0.000,0.000,0.000,0.000,0.090
2026-09-22T14:07:00Z,1.295,2.240,924.000,7624196096,0.000,0.000,0.000,0.000,0.255
2026-09-22T14:08:00Z,,,924.000,,0.000,0.000,0.000,0.000,0.092
2026-09-22T14:09:00Z,1.258,2.200,924.000,7624196096,0.000,0.000,0.000,0.000,0.105
2026-09-22T14:10:00Z,1.270,2.160,924.000,7624196096,0.000,0.000,0.000,0.000,0.098
2026-09-22T14:11:00Z,,,,7624196096,0.000,0.000,0.000,0.000,0.090
2026-09-22T14:12:00Z,1.265,2.190,924.000,7624196096,0.000,0.000,0.000,0.000,0.302
2026-09-22T14:13:00Z,1.280,2.200,924.000,7624196096,0.000,0.000,0.000,0.000,0.110
2026-09-22T14:14:00Z,1.285,2.220,924.000,7624196096,0.000,0.000,0.000,0.000,0.107
2026-09-22T14:15:00Z,1.270,2.180,924.000,7624196096,0.000,0.000,0.000,0.000,0.098
2026-09-22T14:16:00Z,1.270,2.180,924.000,7624196096,0.000,0.000,0.000,0.000,0.090
2026-09-22T14:17:00Z,1.295,2.230,924.000,7624196096,0.000,0.000,0.000,0.000,0.095
2026-09-22T14:18:00Z,1.370,2.360,924.000,7624196096,0.000,0.000,0.000,0.000,0.090
2026-09-22T14:19:00Z,1.325,2.250,924.000,7624196096,0.000,0.000,0.000,0.000,0.247
2026-09-22T14:20:00Z,1.240,2.130,924.000,7624196096,0.000,0.000,0.000,0.000,0.102
2026-09-22T14:21:00Z,1.310,2.270,924.000,7623147520,0.000,0.000,0.000,0.000,0.110
2026-09-22T14:22:00Z,1.265,2.170,,7623147520,0.000,0.000,0.000,0.000,0.297
2026-09-22T14:23:00Z,1.305,2.230,924.000,7623147520,0.000,0.000,0.000,0.000,0.105
2026-09-22T14:24:00Z,1.245,2.130,924.000,7623147520,0.000,0.000,0.000,0.000,0.092
2026-09-22T14:25:00Z,1.250,2.150,924.000,7624196096,0.000,0.000,0.000,0.000,0.110
2026-09-22T14:26:00Z,1.205,2.040,924.000,7624196096,0.000,0.000,0.000,0.000,0.095
2026-09-22T14:27:00Z,1.240,2.130,924.000,7623147520,0.000,0.000,0.000,0.000,0.092
2026-09-22T14:28:00Z,1.240,2.120,924.000,7623147520,0.000,0.000,0.000,0.000,0.092
2026-09-22T14:29:00Z,,,,,0.000,0.000,0.000,0.000,0.090
2026-09-22T14:30:00Z,1.238,2.150,924.000,7623147520,0.000,0.000,0.000,0.000,0.110
2026-09-22T14:31:00Z,1.290,2.230,924.000,7623147520,0.000,0.000,0.000,0.000,0.110
2026-09-22T14:32:00Z,,,,,0.000,0.000,0.000,0.000,0.315
2026-09-22T14:33:00Z,1.308,2.220,924.000,7623147520,0.000,0.000,0.000,0.000,0.090
2026-09-22T14:34:00Z,1.265,2.160,924.000,7624196096,0.000,0.000,0.000,0.000,0.323
2026-09-22T14:35:00Z,1.245,2.150,924.000,7624196096,0.000,0.000,0.000,0.000,0.265
2026-09-22T14:36:00Z,1.280,2.210,924.000,7624196096,0.000,0.000,0.000,0.000,0.085
2026-09-22T14:37:00Z,1.265,2.190,924.000,7624196096,0.000,0.000,0.000,0.000,0.255
2026-09-22T14:38:00Z,1.290,2.230,924.000,7624196096,0.000,0.000,0.000,0.000,0.090
2026-09-22T14:39:00Z,1.260,2.180,924.000,7624196096,0.000,0.000,0.000,0.000,0.117
2026-09-22T14:40:00Z,1.255,2.170,924.000,7624196096,0.000,0.000,0.000,0.000,0.105
2026-09-22T14:41:00Z,1.265,2.190,,7623147520,0.000,0.000,0.000,0.000,0.102
2026-09-22T14:42:00Z,1.250,2.150,924.000,7623147520,0.000,0.000,0.000,0.000,0.315
2026-09-22T14:43:00Z,1.260,2.170,924.000,7623147520,0.000,0.000,0.000,0.000,0.090
2026-09-22T14:44:00Z,1.220,2.100,924.000,7623147520,0.000,0.000,0.000,0.000,0.085
2026-09-22T14:45:00Z,1.205,2.070,924.000,7623147520,0.000,0.000,0.000,0.000,0.115
2026-09-22T14:46:00Z,1.215,2.090,924.000,7623147520,0.000,0.000,0.000,0.000,0.085
2026-09-22T14:47:00Z,1.245,2.150,924.000,7623147520,0.000,0.000,0.000,0.000,0.098
2026-09-22T14:48:00Z,,,924.000,,0.000,0.000,0.000,0.000,0.092
2026-09-22T14:49:00Z,1.272,2.230,924.000,7622098944,0.000,0.000,0.000,0.000,0.110
2026-09-22T14:50:00Z,1.250,2.160,,7622098944,0.000,0.000,0.000,0.000,0.092
2026-09-22T14:51:00Z,1.295,2.250,924.000,7622098944,0.000,0.000,0.000,0.000,0.090
2026-09-22T14:52:00Z,1.250,2.160,924.000,7622098944,0.000,0.000,0.000,0.000,0.290
2026-09-22T14:53:00Z,2.140,2.910,924.000,7602176000,0.000,0.000,0.000,0.000,0.110
2026-09-22T14:54:00Z,1.265,2.180,924.000,7623147520,0.000,0.000,0.000,0.000,0.393
2026-09-22T14:55:00Z,1.285,2.220,924.000,7623147520,0.000,0.000,0.000,0.000,0.142
2026-09-22T14:56:00Z,1.260,2.160,924.000,7623147520,0.000,0.000,0.000,0.000,0.098
2026-09-22T14:57:00Z,1.225,2.110,924.000,7623147520,0.000,0.000,0.000,0.000,0.102
2026-09-22T14:58:00Z,,,,7623147520,0.000,0.000,0.000,0.000,0.090
2026-09-22T14:59:00Z,1.278,2.220,924.000,7623147520,0.000,0.000,0.000,0.000,0.110
2026-09-22T15:00:00Z,1.230,2.110,924.000,7623147520,0.000,0.000,0.000,0.000,0.092
2026-09-22T15:01:00Z,1.330,2.310,924.000,7623147520,0.000,0.000,0.000,0.000,0.072
2026-09-22T15:02:00Z,,,924.000,,0.000,0.000,0.000,0.000,0.297
2026-09-22T15:03:00Z,1.278,2.240,924.000,7623147520,0.000,0.000,0.000,0.000,0.070
2026-09-22T15:04:00Z,1.275,2.200,924.000,7623147520,0.000,0.000,0.000,0.000,0.090
2026-09-22T15:05:00Z,1.265,2.180,924.000,7623147520,0.000,0.000,0.000,0.000,0.115
2026-09-22T15:06:00Z,1.250,2.150,924.000,7623147520,0.000,0.000,0.000,0.000,0.098
2026-09-22T15:07:00Z,1.250,2.150,924.000,7623147520,0.000,0.000,0.000,0.000,0.290
2026-09-22T15:08:00Z,,,924.000,7622098944,0.000,0.000,0.000,0.000,0.102
2026-09-22T15:09:00Z,1.295,2.260,924.000,7622098944,0.000,0.000,0.000,0.000,0.102
2026-09-22T15:10:00Z,1.260,2.170,924.000,7622098944,0.000,0.000,0.000,0.000,0.102
2026-09-22T15:11:00Z,1.345,2.130,924.000,7622098944,0.000,0.000,0.000,0.000,0.090
2026-09-22T15:12:00Z,1.240,2.120,924.000,7622098944,0.000,0.000,0.000,0.000,0.330
2026-09-22T15:13:00Z,1.275,2.190,924.000,7622098944,0.000,0.000,0.000,0.000,0.115
2026-09-22T15:14:00Z,1.250,2.160,924.000,7622098944,0.000,0.000,0.000,0.000,0.098
2026-09-22T15:15:00Z,,,,,0.000,0.000,0.000,0.000,0.110
2026-09-22T15:16:00Z,1.260,2.180,924.000,7622098944,0.000,0.000,0.000,0.000,0.092
2026-09-22T15:17:00Z,1.250,2.160,924.000,7622098944,0.000,0.000,0.000,0.000,0.095
2026-09-22T15:18:00Z,1.290,2.210,924.000,7622098944,0.000,0.000,0.000,0.000,0.090
2026-09-22T15:19:00Z,1.250,2.160,924.000,7622098944,0.000,0.000,0.000,0.000,0.268
2026-09-22T15:20:00Z,1.290,2.240,924.000,7622098944,0.000,0.000,0.000,0.000,0.128
2026-09-22T15:21:00Z,1.280,2.210,924.000,7621050368,0.000,0.000,0.000,0.000,0.102
2026-09-22T15:22:00Z,1.250,2.170,924.000,7621050368,0.000,0.000,0.000,0.000,0.280
2026-09-22T15:23:00Z,1.325,2.300,924.000,7621050368,0.000,0.000,0.000,0.000,0.110
2026-09-22T15:24:00Z,1.265,2.190,924.000,7621050368,0.000,0.000,0.000,0.000,0.098
2026-09-22T15:25:00Z,1.270,2.190,924.000,7621050368,0.000,0.000,0.000,0.000,0.115
2026-09-22T15:26:00Z,1.255,2.160,924.000,7621050368,0.000,0.000,0.000,0.000,0.098
2026-09-22T15:27:00Z,1.250,2.160,924.000,7621050368,0.000,0.000,0.000,0.000,0.105
2026-09-22T15:28:00Z,1.270,2.200,924.000,7621050368,0.000,0.000,0.000,0.000,0.085
2026-09-22T15:29:00Z,1.290,2.240,924.000,7621050368,0.000,0.000,0.000,0.000,0.102
2026-09-22T15:30:00Z,1.345,2.340,924.000,7621050368,0.000,0.000,0.000,0.000,0.105
2026-09-22T15:31:00Z,1.305,2.250,924.000,7621050368,0.000,0.000,0.000,0.000,0.095
2026-09-22T15:32:00Z,1.285,2.210,924.000,7621050368,0.000,0.000,0.000,0.000,0.307
2026-09-22T15:33:00Z,1.320,2.290,924.000,7621050368,0.000,0.000,0.000,0.000,0.098
2026-09-22T15:34:00Z,1.330,2.270,924.000,7621050368,0.000,0.000,0.000,0.000,0.102
2026-09-22T15:35:00Z,,,924.000,7621050368,0.000,0.000,0.000,0.000,0.268
2026-09-22T15:36:00Z,1.317,2.270,924.000,7621050368,0.000,0.000,0.000,0.000,0.085
2026-09-22T15:37:00Z,1.190,2.030,924.000,7621050368,0.000,0.000,0.000,0.000,0.260
2026-09-22T15:38:00Z,1.235,2.110,924.000,7621050368,0.000,0.000,0.000,0.000,0.105
2026-09-22T15:39:00Z,1.300,2.240,924.000,7621050368,0.000,0.000,0.000,0.000,0.140
2026-09-22T15:40:00Z,1.260,2.170,924.000,7621050368,0.000,0.000,0.000,0.000,0.092
2026-09-22T15:41:00Z,1.280,2.210,924.000,7621050368,0.000,0.000,0.000,0.000,0.090
2026-09-22T15:42:00Z,1.275,2.190,924.000,7621050368,0.000,0.000,0.000,0.000,0.297
2026-09-22T15:43:00Z,1.290,2.220,,7620001792,0.000,0.000,0.000,0.000,0.102
2026-09-22T15:44:00Z,1.270,2.180,924.000,7620001792,0.000,0.000,0.000,0.000,0.115
2026-09-22T15:45:00Z,1.260,2.130,924.000,7620001792,0.000,0.000,0.000,0.000,0.092
2026-09-22T15:46:00Z,1.250,2.150,924.000,7620001792,0.000,0.000,0.000,0.000,0.065
2026-09-22T15:47:00Z,1.245,2.140,924.000,7620001792,0.000,0.000,0.000,0.000,0.105
2026-09-22T15:48:00Z,1.285,2.210,924.000,7620001792,0.000,0.000,0.000,0.000,0.090
2026-09-22T15:49:00Z,1.260,2.160,924.000,7620001792,0.000,0.000,0.000,0.000,0.105
2026-09-22T15:50:00Z,1.260,2.170,924.000,7620001792,0.000,0.000,0.000,0.000,0.092
2026-09-22T15:51:00Z,1.300,2.250,924.000,7620001792,0.000,0.000,0.000,0.000,0.090
2026-09-22T15:52:00Z,1.250,2.150,924.000,7620001792,0.000,0.000,0.000,0.000,0.285
2026-09-22T15:53:00Z,2.125,3.890,924.000,7620001792,0.000,0.000,0.000,0.000,0.110
2026-09-22T15:54:00Z,1.265,2.160,924.000,7621050368,0.000,0.000,0.000,0.000,0.385
2026-09-22T15:55:00Z,1.230,2.110,924.000,7621050368,0.000,0.000,0.000,0.000,0.193
2026-09-22T15:56:00Z,1.255,2.160,924.000,7621050368,0.000,0.000,0.000,0.000,0.107
2026-09-22T15:57:00Z,1.250,2.160,924.000,7621050368,0.000,0.000,0.000,0.000,0.102
2026-09-22T15:58:00Z,1.255,2.180,924.000,7620001792,0.000,0.000,0.000,0.000,0.090
2026-09-22T15:59:00Z,,,,7620001792,0.000,0.000,0.000,0.000,0.068
2026-09-22T16:00:00Z,1.275,2.220,924.000,7620001792,0.000,0.000,0.000,0.000,0.115
2026-09-22T16:01:00Z,1.280,2.220,924.000,7620001792,0.000,0.000,0.000,0.000,0.098
2026-09-22T16:02:00Z,1.230,2.100,924.000,7621050368,0.000,0.000,0.000,0.000,0.302
2026-09-22T16:03:00Z,,,,7621050368,0.000,0.000,0.000,0.000,0.107
2026-09-22T16:04:00Z,1.248,2.160,924.000,7621050368,0.000,0.000,0.000,0.000,0.110
2026-09-22T16:05:00Z,1.260,2.180,924.000,7621050368,0.000,0.000,0.000,0.000,0.092
2026-09-22T16:06:00Z,1.250,2.150,924.000,7621050368,0.000,0.000,0.000,0.000,0.117
2026-09-22T16:07:00Z,1.210,2.080,924.000,7621050368,0.000,0.000,0.000,0.000,0.255
2026-09-22T16:08:00Z,1.235,2.130,924.000,7621050368,0.000,0.000,0.000,0.000,0.092
2026-09-22T16:09:00Z,1.215,2.090,924.000,7621050368,0.000,0.000,0.000,0.000,0.105
2026-09-22T16:10:00Z,1.240,2.130,924.000,7621050368,0.000,0.000,0.000,0.000,0.092
2026-09-22T16:11:00Z,1.310,2.220,924.000,7621050368,0.000,0.000,0.000,0.000,0.090
2026-09-22T16:12:00Z,1.205,2.060,924.000,7621050368,0.000,0.000,0.000,0.000,0.285
2026-09-22T16:13:00Z,0.350,0.350,924.000,7621050368,0.000,0.000,0.000,0.000,0.115
2026-09-22T16:14:00Z,1.577,2.130,924.000,7623147520,0.000,0.000,0.000,0.000,0.115
2026-09-22T16:15:00Z,1.240,2.140,924.000,7623147520,0.000,0.000,0.000,0.000,0.297
2026-09-22T16:16:00Z,1.300,2.250,924.000,7623147520,0.000,0.000,0.000,0.000,0.085
2026-09-22T16:17:00Z,,,,,0.000,0.000,0.000,0.000,0.092
2026-09-22T16:18:00Z,1.278,2.220,924.000,7622098944,0.000,0.000,0.000,0.000,0.090
2026-09-22T16:19:00Z,1.270,2.160,924.000,,0.000,0.000,0.000,0.000,0.253
2026-09-22T16:20:00Z,1.225,2.100,924.000,7622098944,0.000,0.000,0.000,0.000,0.122
2026-09-22T16:21:00Z,1.270,2.180,924.000,7622098944,0.000,0.000,0.000,0.000,0.098
2026-09-22T16:22:00Z,0.360,0.360,924.000,,0.000,0.000,0.000,0.000,0.305
2026-09-22T16:23:00Z,2.160,2.160,,7622098944,0.000,0.000,0.000,0.000,0.110
2026-09-22T16:24:00Z,1.280,2.210,924.000,7621050368,0.000,0.000,0.000,0.000,0.098
2026-09-22T16:25:00Z,1.290,2.220,924.000,,0.000,0.000,0.000,0.000,0.117
2026-09-22T16:26:00Z,1.230,2.110,924.000,7621050368,0.000,0.000,0.000,0.000,0.095
2026-09-22T16:27:00Z,1.250,2.150,924.000,7622098944,0.000,0.000,0.000,0.000,0.098
2026-09-22T16:28:00Z,1.280,2.190,924.000,7621050368,0.000,0.000,0.000,0.000,0.095
2026-09-22T16:29:00Z,1.230,2.110,924.000,,0.000,0.000,0.000,0.000,0.085
2026-09-22T16:30:00Z,1.255,2.170,,7621050368,0.000,0.000,0.000,0.000,0.098
2026-09-22T16:31:00Z,1.295,2.240,924.000,7621050368,0.000,0.000,0.000,0.000,0.085
2026-09-22T16:32:00Z,1.205,2.060,924.000,7621050368,0.000,0.000,0.000,0.000,0.302
2026-09-22T16:33:00Z,1.230,2.110,924.000,7621050368,0.000,0.000,0.000,0.000,0.105
2026-09-22T16:34:00Z,,,,,0.000,0.000,0.000,0.000,0.105
2026-09-22T16:35:00Z,1.242,2.140,924.000,7621050368,0.000,0.000,0.000,0.000,0.265
2026-09-22T16:36:00Z,1.285,2.210,924.000,7621050368,0.000,0.000,0.000,0.000,0.102
2026-09-22T16:37:00Z,,,924.000,,0.000,0.000,0.000,0.000,0.260
2026-09-22T16:38:00Z,1.260,2.190,924.000,7621050368,0.000,0.000,0.000,0.000,0.102
2026-09-22T16:39:00Z,,,,,0.000,0.000,0.000,0.000,0.135
2026-09-22T16:40:00Z,1.272,2.200,924.000,7621050368,0.000,0.000,0.000,0.000,0.095
2026-09-22T16:41:00Z,1.290,2.240,924.000,7621050368,0.000,0.000,0.000,0.000,0.090
2026-09-22T16:42:00Z,1.260,2.180,,7621050368,0.000,0.000,0.000,0.000,0.297
2026-09-22T16:43:00Z,1.270,2.160,924.000,7621050368,0.000,0.000,0.000,0.000,0.128
2026-09-22T16:44:00Z,1.205,2.070,924.000,7621050368,0.000,0.000,0.000,0.000,0.110
2026-09-22T16:45:00Z,,,924.000,7621050368,0.000,0.000,0.000,0.000,0.098
2026-09-22T16:46:00Z,1.262,2.220,924.000,7621050368,0.000,0.000,0.000,0.000,0.085
2026-09-22T16:47:00Z,1.280,2.220,924.000,7621050368,0.000,0.000,0.000,0.000,0.092
2026-09-22T16:48:00Z,1.280,2.220,924.000,7621050368,0.000,0.000,0.000,0.000,0.102
2026-09-22T16:49:00Z,1.300,2.260,924.000,7621050368,0.000,0.000,0.000,0.000,0.110
2026-09-22T16:50:00Z,1.285,2.240,924.000,7621050368,0.000,0.000,0.000,0.000,0.090
2026-09-22T16:51:00Z,1.300,2.260,924.000,7620001792,0.000,0.000,0.000,0.000,0.098
2026-09-22T16:52:00Z,1.265,2.190,924.000,7620001792,0.000,0.000,0.000,0.000,0.285
2026-09-22T16:53:00Z,,,,7615807488,0.000,0.000,0.000,0.000,0.105
2026-09-22T16:54:00Z,1.395,2.450,924.000,,0.000,0.000,0.000,0.000,0.085
2026-09-22T16:55:00Z,1.653,2.260,924.000,7620001792,0.000,0.000,0.000,0.000,0.367
2026-09-22T16:56:00Z,,,,,0.000,0.000,0.000,0.000,0.140
2026-09-22T16:57:00Z,1.252,2.180,924.000,7620001792,0.000,0.000,0.000,0.000,0.115
2026-09-22T16:58:00Z,1.295,2.250,924.000,7620001792,0.000,0.000,0.000,0.000,0.072
2026-09-22T16:59:00Z,1.300,2.250,924.000,7620001792,0.000,0.000,0.000,0.000,0.110
2026-09-22T17:00:00Z,1.275,2.220,924.000,7620001792,0.000,0.000,0.000,0.000,0.090
2026-09-22T17:01:00Z,1.320,2.300,924.000,7620001792,0.000,0.000,0.000,0.000,0.098
2026-09-22T17:02:00Z,1.265,2.170,924.000,7620001792,0.000,0.000,0.000,0.000,0.328
2026-09-22T17:03:00Z,1.305,2.250,924.000,7620001792,0.000,0.000,0.000,0.000,0.115
2026-09-22T17:04:00Z,1.305,2.250,,,0.000,0.000,0.000,0.000,0.110
2026-09-22T17:05:00Z,1.215,2.070,924.000,7620001792,0.000,0.000,0.000,0.000,0.092
2026-09-22T17:06:00Z,1.275,2.180,924.000,7618953216,0.000,0.000,0.000,0.000,0.120
2026-09-22T17:07:00Z,1.265,2.180,924.000,7618953216,0.000,0.000,0.000,0.000,0.247
2026-09-22T17:08:00Z,,,,7620001792,0.000,0.000,0.000,0.000,0.092
2026-09-22T17:09:00Z,1.278,2.220,924.000,7620001792,0.000,0.000,0.000,0.000,0.110
2026-09-22T17:10:00Z,1.280,2.200,924.000,7620001792,0.000,0.000,0.000,0.000,0.102
2026-09-22T17:11:00Z,1.400,2.400,924.000,7620001792,0.000,0.000,0.000,0.000,0.065
2026-09-22T17:12:00Z,,,,,0.000,0.000,0.000,0.000,0.335
2026-09-22T17:13:00Z,1.288,2.230,924.000,7623147520,0.000,0.000,0.000,0.000,0.102
2026-09-22T17:14:00Z,1.265,2.180,924.000,7623147520,0.000,0.000,0.000,0.000,0.105
2026-09-22T17:15:00Z,1.210,2.070,924.000,7623147520,0.000,0.000,0.000,0.000,0.092
2026-09-22T17:16:00Z,,,,,0.000,0.000,0.000,0.000,0.090
2026-09-22T17:17:00Z,1.208,2.060,924.000,7623147520,0.000,0.000,0.000,0.000,0.098
2026-09-22T17:18:00Z,1.255,2.130,924.000,7623147520,0.000,0.000,0.000,0.000,0.102
2026-09-22T17:19:00Z,1.240,2.120,,7623147520,0.000,0.000,0.000,0.000,0.247
2026-09-22T17:20:00Z,1.255,2.150,924.000,7623147520,0.000,0.000,0.000,0.000,0.122
2026-09-22T17:21:00Z,1.295,2.230,924.000,7622098944,0.000,0.000,0.000,0.000,0.107
2026-09-22T17:22:00Z,1.270,2.170,924.000,7622098944,0.000,0.000,0.000,0.000,0.297
2026-09-22T17:23:00Z,1.320,2.290,,7622098944,0.000,0.000,0.000,0.000,0.110
2026-09-22T17:24:00Z,1.270,2.200,924.000,7622098944,0.000,0.000,0.000,0.000,0.098
2026-09-22T17:25:00Z,,,924.000,7622098944,0.000,0.000,0.000,0.000,0.120
2026-09-22T17:26:00Z,1.275,2.240,924.000,7622098944,0.000,0.000,0.000,0.000,0.092
2026-09-22T17:27:00Z,1.245,2.150,924.000,7622098944,0.000,0.000,0.000,0.000,0.085
2026-09-22T17:28:00Z,1.270,2.200,924.000,7622098944,0.000,0.000,0.000,0.000,0.090
2026-09-22T17:29:00Z,1.255,2.170,924.000,7622098944,0.000,0.000,0.000,0.000,0.098
2026-09-22T17:30:00Z,1.270,2.200,924.000,7622098944,0.000,0.000,0.000,0.000,0.105
2026-09-22T17:31:00Z,1.315,2.290,924.000,7622098944,0.000,0.000,0.000,0.000,0.107
2026-09-22T17:32:00Z,1.280,2.220,924.000,7622098944,0.000,0.000,0.000,0.000,0.297
2026-09-22T17:33:00Z,1.300,2.250,924.000,7622098944,0.000,0.000,0.000,0.000,0.105
2026-09-22T17:34:00Z,1.295,2.220,,7622098944,0.000,0.000,0.000,0.000,0.107
2026-09-22T17:35:00Z,1.265,2.190,924.000,7622098944,0.000,0.000,0.000,0.000,0.265
2026-09-22T17:36:00Z,1.260,2.180,924.000,7622098944,0.000,0.000,0.000,0.000,0.092
2026-09-22T17:37:00Z,1.235,2.130,924.000,7622098944,0.000,0.000,0.000,0.000,0.265
2026-09-22T17:38:00Z,1.275,2.210,924.000,7622098944,0.000,0.000,0.000,0.000,0.092
2026-09-22T17:39:00Z,1.265,2.190,924.000,7622098944,0.000,0.000,0.000,0.000,0.152
2026-09-22T17:40:00Z,1.280,2.210,924.000,7622098944,0.000,0.000,0.000,0.000,0.095
2026-09-22T17:41:00Z,1.280,2.220,924.000,7622098944,0.000,0.000,0.000,0.000,0.090
2026-09-22T17:42:00Z,1.245,2.150,924.000,7622098944,0.000,0.000,0.000,0.000,0.290
2026-09-22T17:43:00Z,1.280,2.220,924.000,7621050368,0.000,0.000,0.000,0.000,0.110
2026-09-22T17:44:00Z,1.230,2.120,924.000,7621050368,0.000,0.000,0.000,0.000,0.115
2026-09-22T17:45:00Z,,,924.000,7621050368,0.000,0.000,0.000,0.000,0.092
2026-09-22T17:46:00Z,1.235,2.150,924.000,7621050368,0.000,0.000,0.000,0.000,0.090
2026-09-22T17:47:00Z,1.265,2.170,924.000,7621050368,0.000,0.000,0.000,0.000,0.102
2026-09-22T17:48:00Z,1.280,2.200,924.000,7621050368,0.000,0.000,0.000,0.000,0.095
2026-09-22T17:49:00Z,1.245,2.140,924.000,7621050368,0.000,0.000,0.000,0.000,0.110
2026-09-22T17:50:00Z,,,,,0.000,0.000,0.000,0.000,0.115
2026-09-22T17:51:00Z,1.268,2.220,924.000,7621050368,0.000,0.000,0.000,0.000,0.090
2026-09-22T17:52:00Z,1.290,2.230,924.000,7621050368,0.000,0.000,0.000,0.000,0.292
2026-09-22T17:53:00Z,1.290,2.220,924.000,7621050368,0.000,0.000,0.000,0.000,0.102
2026-09-22T17:54:00Z,2.125,2.820,,7602176000,0.000,0.000,0.000,0.000,0.075
2026-09-22T17:55:00Z,1.225,2.090,924.000,7621050368,0.000,0.000,0.000,0.000,0.372
2026-09-22T17:56:00Z,1.275,2.190,924.000,7621050368,0.000,0.000,0.000,0.000,0.147
2026-09-22T17:57:00Z,,,,7621050368,0.000,0.000,0.000,0.000,0.135
2026-09-22T17:58:00Z,1.258,2.180,924.000,7621050368,0.000,0.000,0.000,0.000,0.098
2026-09-22T17:59:00Z,1.290,2.210,924.000,7621050368,0.000,0.000,0.000,0.000,0.090
2026-09-22T18:00:00Z,1.235,2.120,924.000,7621050368,0.000,0.000,0.000,0.000,0.092
2026-09-22T18:01:00Z,1.300,2.240,924.000,7621050368,0.000,0.000,0.000,0.000,0.090
2026-09-22T18:02:00Z,,,,,0.000,0.000,0.000,0.000,0.323
2026-09-22T18:03:00Z,1.275,2.240,924.000,7621050368,0.000,0.000,0.000,0.000,0.133
2026-09-22T18:04:00Z,1.280,2.210,924.000,7621050368,0.000,0.000,0.000,0.000,0.105
2026-09-22T18:05:00Z,1.245,2.130,924.000,7621050368,0.000,0.000,0.000,0.000,0.098
2026-09-22T18:06:00Z,1.270,2.200,924.000,7621050368,0.000,0.000,0.000,0.000,0.095
2026-09-22T18:07:00Z,1.265,2.180,924.000,7621050368,0.000,0.000,0.000,0.000,0.247
2026-09-22T18:08:00Z,1.275,2.200,,7621050368,0.000,0.000,0.000,0.000,0.098
2026-09-22T18:09:00Z,1.285,2.230,924.000,7621050368,0.000,0.000,0.000,0.000,0.122
2026-09-22T18:10:00Z,1.290,2.230,924.000,7621050368,0.000,0.000,0.000,0.000,0.107
2026-09-22T18:11:00Z,1.335,2.320,924.000,7620001792,0.000,0.000,0.000,0.000,0.098
2026-09-22T18:12:00Z,1.275,2.210,924.000,7620001792,0.000,0.000,0.000,0.000,0.290
2026-09-22T18:13:00Z,1.360,2.370,924.000,7620001792,0.000,0.000,0.000,0.000,0.102
2026-09-22T18:14:00Z,1.255,2.170,924.000,7620001792,0.000,0.000,0.000,0.000,0.110
2026-09-22T18:15:00Z,0.340,0.340,,,0.000,0.000,0.000,0.000,0.105
2026-09-22T18:16:00Z,1.603,2.250,924.000,7620001792,0.000,0.000,0.000,0.000,0.105
2026-09-22T18:17:00Z,1.265,2.180,924.000,7620001792,0.000,0.000,0.000,0.000,0.098
2026-09-22T18:18:00Z,1.280,2.200,924.000,7620001792,0.000,0.000,0.000,0.000,0.092
2026-09-22T18:19:00Z,1.335,2.160,924.000,7620001792,0.000,0.000,0.000,0.000,0.253
2026-09-22T18:20:00Z,1.280,2.220,924.000,7620001792,0.000,0.000,0.000,0.000,0.318
2026-09-22T18:21:00Z,1.290,2.240,924.000,7620001792,0.000,0.000,0.000,0.000,0.105
2026-09-22T18:22:00Z,1.270,2.200,,7620001792,0.000,0.000,0.000,0.000,0.302
2026-09-22T18:23:00Z,1.340,2.330,924.000,7620001792,0.000,0.000,0.000,0.000,0.102
2026-09-22T18:24:00Z,1.270,2.190,924.000,7620001792,0.000,0.000,0.000,0.000,0.098
2026-09-22T18:25:00Z,1.270,2.190,924.000,7620001792,0.000,0.000,0.000,0.000,0.110
2026-09-22T18:26:00Z,1.295,2.240,924.000,7620001792,0.000,0.000,0.000,0.000,0.092
2026-09-22T18:27:00Z,1.250,2.150,924.000,7620001792,0.000,0.000,0.000,0.000,0.090
2026-09-22T18:28:00Z,1.285,2.210,924.000,7620001792,0.000,0.000,0.000,0.000,0.090
2026-09-22T18:29:00Z,1.260,2.160,924.000,7620001792,0.000,0.000,0.000,0.000,0.090
2026-09-22T18:30:00Z,1.265,2.170,924.000,7620001792,0.000,0.000,0.000,0.000,0.110
2026-09-22T18:31:00Z,1.290,2.220,924.000,7620001792,0.000,0.000,0.000,0.000,0.092
2026-09-22T18:32:00Z,,,,,0.000,0.000,0.000,0.000,0.315
2026-09-22T18:33:00Z,1.260,2.160,924.000,7620001792,0.000,0.000,0.000,0.000,0.110
2026-09-22T18:34:00Z,1.308,2.240,,7620001792,0.000,0.000,0.000,0.000,0.105
2026-09-22T18:35:00Z,1.280,2.200,924.000,7620001792,0.000,0.000,0.000,0.000,0.260
2026-09-22T18:36:00Z,,,,7620001792,0.000,0.000,0.000,0.000,0.122
2026-09-22T18:37:00Z,1.272,2.200,924.000,7620001792,0.000,0.000,0.000,0.000,0.220
2026-09-22T18:38:00Z,1.315,2.260,924.000,7620001792,0.000,0.000,0.000,0.000,0.090
2026-09-22T18:39:00Z,1.245,2.130,924.000,7620001792,0.000,0.000,0.000,0.000,0.160
2026-09-22T18:40:00Z,1.235,2.120,924.000,7620001792,0.000,0.000,0.000,0.000,0.095
2026-09-22T18:41:00Z,1.320,2.280,924.000,7620001792,0.000,0.000,0.000,0.000,0.092
2026-09-22T18:42:00Z,1.265,2.160,924.000,7620001792,0.000,0.000,0.000,0.000,0.290
2026-09-22T18:43:00Z,1.325,2.290,924.000,7618953216,0.000,0.000,0.000,0.000,0.102
2026-09-22T18:44:00Z,1.280,2.210,924.000,7618953216,0.000,0.000,0.000,0.000,0.128
2026-09-22T18:45:00Z,1.260,2.170,924.000,7618953216,0.000,0.000,0.000,0.000,0.072
2026-09-22T18:46:00Z,1.245,2.130,924.000,7618953216,0.000,0.000,0.000,0.000,0.092
2026-09-22T18:47:00Z,1.255,2.150,924.000,7618953216,0.000,0.000,0.000,0.000,0.115
2026-09-22T18:48:00Z,1.325,2.290,924.000,7618953216,0.000,0.000,0.000,0.000,0.090
2026-09-22T18:49:00Z,1.215,2.100,924.000,7618953216,0.000,0.000,0.000,0.000,0.107
2026-09-22T18:50:00Z,1.235,2.130,924.000,7618953216,0.000,0.000,0.000,0.000,0.095
2026-09-22T18:51:00Z,1.250,2.150,924.000,7618953216,0.000,0.000,0.000,0.000,0.090
2026-09-22T18:52:00Z,1.220,2.100,924.000,7618953216,0.000,0.000,0.000,0.000,0.285
2026-09-22T18:53:00Z,,,924.000,,0.000,0.000,0.000,0.000,0.102
2026-09-22T18:54:00Z,1.670,3.850,924.000,7618953216,0.000,0.000,0.000,0.000,0.117
2026-09-22T18:55:00Z,,,,,0.000,0.000,0.000,0.000,0.378
2026-09-22T18:56:00Z,1.268,2.200,924.000,7627341824,0.000,0.000,0.000,0.000,0.177
2026-09-22T18:57:00Z,1.280,2.220,924.000,7627341824,0.000,0.000,0.000,0.000,0.098
2026-09-22T18:58:00Z,1.315,2.290,924.000,7627341824,0.000,0.000,0.000,0.000,0.090
2026-09-22T18:59:00Z,1.270,2.200,924.000,7627341824,0.000,0.000,0.000,0.000,0.072
2026-09-22T19:00:00Z,1.245,2.140,924.000,7627341824,0.000,0.000,0.000,0.000,0.115
2026-09-22T19:01:00Z,1.345,2.350,924.000,7626293248,0.000,0.000,0.000,0.000,0.095
2026-09-22T19:02:00Z,1.275,2.210,,,0.000,0.000,0.000,0.000,0.340
2026-09-22T19:03:00Z,0.360,0.360,924.000,7626293248,0.000,0.000,0.000,0.000,0.105
2026-09-22T19:04:00Z,1.315,2.290,924.000,7626293248,0.000,0.000,0.000,0.000,0.105
2026-09-22T19:05:00Z,1.583,2.240,924.000,7626293248,0.000,0.000,0.000,0.000,0.092
2026-09-22T19:06:00Z,1.280,2.220,924.000,7626293248,0.000,0.000,0.000,0.000,0.115
2026-09-22T19:07:00Z,1.245,2.150,924.000,7626293248,0.000,0.000,0.000,0.000,0.260
2026-09-22T19:08:00Z,,,,,0.000,0.000,0.000,0.000,0.098
2026-09-22T19:09:00Z,1.260,2.200,924.000,7626293248,0.000,0.000,0.000,0.000,0.115
2026-09-22T19:10:00Z,1.250,2.160,924.000,7626293248,0.000,0.000,0.000,0.000,0.085
2026-09-22T19:11:00Z,1.305,2.260,,7626293248,0.000,0.000,0.000,0.000,0.098
2026-09-22T19:12:00Z,1.270,2.180,924.000,7626293248,0.000,0.000,0.000,0.000,0.307
2026-09-22T19:13:00Z,1.300,2.240,924.000,7626293248,0.000,0.000,0.000,0.000,0.092
2026-09-22T19:14:00Z,1.285,2.200,924.000,,0.000,0.000,0.000,0.000,0.110
2026-09-22T19:15:00Z,,,,7626293248,0.000,0.000,0.000,0.000,0.090
2026-09-22T19:16:00Z,1.230,2.140,924.000,7626293248,0.000,0.000,0.000,0.000,0.092
2026-09-22T19:17:00Z,1.190,2.030,924.000,7626293248,0.000,0.000,0.000,0.000,0.098
2026-09-22T19:18:00Z,1.250,2.130,924.000,7626293248,0.000,0.000,0.000,0.000,0.090
2026-09-22T19:19:00Z,1.240,2.120,924.000,7626293248,0.000,0.000,0.000,0.000,0.255
2026-09-22T19:20:00Z,1.230,2.090,924.000,7626293248,0.000,0.000,0.000,0.000,0.115
2026-09-22T19:21:00Z,1.245,2.140,924.000,7625244672,0.000,0.000,0.000,0.000,0.085
2026-09-22T19:22:00Z,,,,,0.000,0.000,0.000,0.000,0.292
2026-09-22T19:23:00Z,1.288,2.210,924.000,7625244672,0.000,0.000,0.000,0.000,0.092
2026-09-22T19:24:00Z,1.285,2.210,,7625244672,0.000,0.000,0.000,0.000,0.092
2026-09-22T19:25:00Z,,,924.000,,0.000,0.000,0.000,0.000,0.115
2026-09-22T19:26:00Z,1.295,2.230,924.000,7625244672,0.000,0.000,0.000,0.000,0.092
2026-09-22T19:27:00Z,1.270,2.180,924.000,7625244672,0.000,0.000,0.000,0.000,0.098
2026-09-22T19:28:00Z,,,924.000,,0.000,0.000,0.000,0.000,0.090
2026-09-22T19:29:00Z,1.278,2.220,924.000,7625244672,0.000,0.000,0.000,0.000,0.105
2026-09-22T19:30:00Z,1.315,2.270,924.000,7625244672,0.000,0.000,0.000,0.000,0.110
2026-09-22T19:31:00Z,,,,,0.000,0.000,0.000,0.000,0.092
2026-09-22T19:32:00Z,1.410,2.420,924.000,7625244672,0.000,0.000,0.000,0.000,0.323
2026-09-22T19:33:00Z,1.370,2.370,924.000,7624196096,0.000,0.000,0.000,0.000,0.102
2026-09-22T19:34:00Z,1.403,2.440,924.000,7624196096,0.000,0.000,0.000,0.000,0.110
2026-09-22T19:35:00Z,1.355,2.330,924.000,7624196096,0.000,0.000,0.000,0.000,0.260
2026-09-22T19:36:00Z,1.350,2.310,924.000,7624196096,0.000,0.000,0.000,0.000,0.122
2026-09-22T19:37:00Z,1.375,2.380,924.000,7624196096,0.000,0.000,0.000,0.000,0.247
2026-09-22T19:38:00Z,,,,7624196096,0.000,0.000,0.000,0.000,0.098
2026-09-22T19:39:00Z,1.390,2.400,924.000,7624196096,0.000,0.000,0.000,0.000,0.145
2026-09-22T19:40:00Z,1.380,2.380,924.000,7624196096,0.000,0.000,0.000,0.000,0.102
2026-09-22T19:41:00Z,1.435,2.480,924.000,7624196096,0.000,0.000,0.000,0.000,0.090
2026-09-22T19:42:00Z,1.390,2.390,924.000,7624196096,0.000,0.000,0.000,0.000,0.285
2026-09-22T19:43:00Z,1.380,2.380,924.000,7624196096,0.000,0.000,0.000,0.000,0.098
2026-09-22T19:44:00Z,1.385,2.380,924.000,7624196096,0.000,0.000,0.000,0.000,0.115
2026-09-22T19:45:00Z,1.375,2.370,924.000,7624196096,0.000,0.000,0.000,0.000,0.085
2026-09-22T19:46:00Z,1.335,2.280,924.000,7624196096,0.000,0.000,0.000,0.000,0.095
2026-09-22T19:47:00Z,,,924.000,,0.000,0.000,0.000,0.000,0.098
2026-09-22T19:48:00Z,1.310,2.250,,7624196096,0.000,0.000,0.000,0.000,0.092
2026-09-22T19:49:00Z,1.290,2.210,924.000,7624196096,0.000,0.000,0.000,0.000,0.102
2026-09-22T19:50:00Z,1.295,2.240,924.000,7624196096,0.000,0.000,0.000,0.000,0.092
2026-09-22T19:51:00Z,1.315,2.290,924.000,7624196096,0.000,0.000,0.000,0.000,0.098
2026-09-22T19:52:00Z,1.290,2.230,924.000,7624196096,0.000,0.000,0.000,0.000,0.285
2026-09-22T19:53:00Z,1.305,2.270,924.000,7623147520,0.000,0.000,0.000,0.000,0.122
2026-09-22T19:54:00Z,1.410,2.470,924.000,7620001792,0.000,0.000,0.000,0.000,0.115
2026-09-22T19:55:00Z,2.065,2.260,924.000,7625244672,0.000,0.000,0.000,0.000,0.105
2026-09-22T19:56:00Z,1.315,2.270,924.000,7625244672,0.000,0.000,0.000,0.000,0.427
2026-09-22T19:57:00Z,1.310,2.250,924.000,7625244672,0.000,0.000,0.000,0.000,0.098
2026-09-22T19:58:00Z,1.320,2.280,924.000,,0.000,0.000,0.000,0.000,0.092
2026-09-22T19:59:00Z,0.370,0.370,924.000,7625244672,0.000,0.000,0.000,0.000,0.105
2026-09-22T20:00:00Z,1.600,2.300,924.000,,0.000,0.000,0.000,0.000,0.092
2026-09-22T20:01:00Z,,,,7625244672,0.000,0.000,0.000,0.000,0.090
2026-09-22T20:02:00Z,1.260,2.160,924.000,7625244672,0.000,0.000,0.000,0.000,0.280
2026-09-22T20:03:00Z,1.282,2.220,924.000,7625244672,0.000,0.000,0.000,0.000,0.100
2026-09-22T20:04:00Z,1.245,2.130,924.000,7625244672,0.000,0.000,0.000,0.000,0.095
2026-09-22T20:05:00Z,1.280,2.200,924.000,7625244672,0.000,0.000,0.000,0.000,0.128
2026-09-22T20:06:00Z,1.320,2.280,924.000,7625244672,0.000,0.000,0.000,0.000,0.122
2026-09-22T20:07:00Z,1.270,2.190,924.000,7625244672,0.000,0.000,0.000,0.000,0.258
2026-09-22T20:08:00Z,1.365,2.220,924.000,7624196096,0.000,0.000,0.000,0.000,0.105
2026-09-22T20:09:00Z,1.265,2.180,924.000,7624196096,0.000,0.000,0.000,0.000,0.330
2026-09-22T20:10:00Z,1.250,2.160,924.000,7624196096,0.000,0.000,0.000,0.000,0.107
2026-09-22T20:11:00Z,1.315,2.230,924.000,7624196096,0.000,0.000,0.000,0.000,0.085
2026-09-22T20:12:00Z,1.290,2.230,924.000,7624196096,0.000,0.000,0.000,0.000,0.305
2026-09-22T20:13:00Z,,,,,0.000,0.000,0.000,0.000,0.102
2026-09-22T20:14:00Z,1.280,2.260,924.000,7624196096,0.000,0.000,0.000,0.000,0.092
2026-09-22T20:15:00Z,1.230,2.120,,7624196096,0.000,0.000,0.000,0.000,0.110
2026-09-22T20:16:00Z,1.260,2.180,924.000,7624196096,0.000,0.000,0.000,0.000,0.090
2026-09-22T20:17:00Z,1.240,2.140,924.000,7623147520,0.000,0.000,0.000,0.000,0.092
2026-09-22T20:18:00Z,1.285,2.210,924.000,,0.000,0.000,0.000,0.000,0.090
2026-09-22T20:19:00Z,1.255,2.170,924.000,7623147520,0.000,0.000,0.000,0.000,0.247
2026-09-22T20:20:00Z,,,,,0.000,0.000,0.000,0.000,0.122
2026-09-22T20:21:00Z,1.292,2.310,924.000,7623147520,0.000,0.000,0.000,0.000,0.095
2026-09-22T20:22:00Z,1.260,2.170,924.000,7623147520,0.000,0.000,0.000,0.000,0.278
2026-09-22T20:23:00Z,,,924.000,,0.000,0.000,0.000,0.000,0.105
2026-09-22T20:24:00Z,1.278,2.260,,7623147520,0.000,0.000,0.000,0.000,0.092
2026-09-22T20:25:00Z,1.245,2.150,924.000,7623147520,0.000,0.000,0.000,0.000,0.102
2026-09-22T20:26:00Z,1.310,2.280,924.000,7623147520,0.000,0.000,0.000,0.000,0.090
2026-09-22T20:27:00Z,1.230,2.120,924.000,7623147520,0.000,0.000,0.000,0.000,0.090
2026-09-22T20:28:00Z,1.275,2.200,924.000,7623147520,0.000,0.000,0.000,0.000,0.090
2026-09-22T20:29:00Z,1.285,2.220,924.000,7623147520,0.000,0.000,0.000,0.000,0.105
2026-09-22T20:30:00Z,1.255,2.170,924.000,7623147520,0.000,0.000,0.000,0.000,0.102
2026-09-22T20:31:00Z,1.275,2.200,924.000,7623147520,0.000,0.000,0.000,0.000,0.102
2026-09-22T20:32:00Z,1.260,2.180,924.000,7623147520,0.000,0.000,0.000,0.000,0.422
2026-09-22T20:33:00Z,,,924.000,,0.000,0.000,0.000,0.000,0.110
2026-09-22T20:34:00Z,2.145,2.170,,7623147520,0.000,0.000,0.000,0.000,0.285
2026-09-22T20:35:00Z,1.238,2.130,924.000,7623147520,0.000,0.000,0.000,0.000,0.352
2026-09-22T20:36:00Z,1.230,2.120,924.000,7623147520,0.000,0.000,0.000,0.000,0.230
2026-09-22T20:37:00Z,1.200,2.060,924.000,7623147520,0.000,0.000,0.000,0.000,0.140
2026-09-22T20:38:00Z,,,,,0.000,0.000,0.000,0.000,0.095
2026-09-22T20:39:00Z,1.245,2.160,924.000,7623147520,0.000,0.000,0.000,0.000,0.152
2026-09-22T20:40:00Z,,,,7623147520,0.000,0.000,0.000,0.000,0.092
2026-09-22T20:41:00Z,1.258,2.170,924.000,,0.000,0.000,0.000,0.000,0.085
2026-09-22T20:42:00Z,,,924.000,7623147520,0.000,0.000,0.000,0.000,0.352
2026-09-22T20:43:00Z,1.260,2.180,924.000,7622098944,0.000,0.000,0.000,0.000,0.102
2026-09-22T20:44:00Z,1.210,2.060,924.000,7622098944,0.000,0.000,0.000,0.000,0.110
2026-09-22T20:45:00Z,1.200,2.050,924.000,7622098944,0.000,0.000,0.000,0.000,0.092
2026-09-22T20:46:00Z,1.210,2.030,924.000,,0.000,0.000,0.000,0.000,0.070
2026-09-22T20:47:00Z,1.260,2.160,924.000,7622098944,0.000,0.000,0.000,0.000,0.092
2026-09-22T20:48:00Z,1.295,2.230,924.000,7623147520,0.000,0.000,0.000,0.000,0.102
2026-09-22T20:49:00Z,,,,,0.000,0.000,0.000,0.000,0.117
2026-09-22T20:50:00Z,1.300,2.220,924.000,7622098944,0.000,0.000,0.000,0.000,0.285
2026-09-22T20:51:00Z,1.285,2.210,924.000,7621050368,0.000,0.000,0.000,0.000,0.142
2026-09-22T20:52:00Z,1.250,2.150,924.000,7621050368,0.000,0.000,0.000,0.000,0.285
2026-09-22T20:53:00Z,1.315,2.280,,7621050368,0.000,0.000,0.000,0.000,0.102
2026-09-22T20:54:00Z,1.260,2.170,924.000,7621050368,0.000,0.000,0.000,0.000,0.092
2026-09-22T20:55:00Z,2.105,2.860,924.000,7603224576,0.000,0.000,0.000,0.000,0.115
2026-09-22T20:56:00Z,,,924.000,,0.000,0.000,0.000,0.000,0.398
2026-09-22T20:57:00Z,1.258,2.160,924.000,7625244672,0.000,0.000,0.000,0.000,0.367
2026-09-22T20:58:00Z,0.360,0.360,,7625244672,0.000,0.000,0.000,0.000,0.105
2026-09-22T20:59:00Z,1.580,2.210,924.000,,0.000,0.000,0.000,0.000,0.092
2026-09-22T21:00:00Z,1.260,2.180,924.000,7625244672,0.000,0.000,0.000,0.000,0.107
2026-09-22T21:01:00Z,1.305,2.260,924.000,7625244672,0.000,0.000,0.000,0.000,0.105
2026-09-22T21:02:00Z,,,,7625244672,0.000,0.000,0.000,0.000,0.340
2026-09-22T21:03:00Z,1.262,2.220,924.000,7625244672,0.000,0.000,0.000,0.000,0.092
2026-09-22T21:04:00Z,1.290,2.240,924.000,7624196096,0.000,0.000,0.000,0.000,0.117
2026-09-22T21:05:00Z,1.250,2.160,924.000,7624196096,0.000,0.000,0.000,0.000,0.092
2026-09-22T21:06:00Z,1.250,2.160,924.000,7625244672,0.000,0.000,0.000,0.000,0.090
2026-09-22T21:07:00Z,1.240,2.140,,7625244672,0.000,0.000,0.000,0.000,0.260
2026-09-22T21:08:00Z,1.255,2.160,924.000,7625244672,0.000,0.000,0.000,0.000,0.098
2026-09-22T21:09:00Z,1.245,2.120,924.000,7624196096,0.000,0.000,0.000,0.000,0.110
2026-09-22T21:10:00Z,,,,,0.000,0.000,0.000,0.000,0.105
2026-09-22T21:11:00Z,1.250,2.170,924.000,7623147520,0.000,0.000,0.000,0.000,0.090
2026-09-22T21:12:00Z,1.255,2.160,,7623147520,0.000,0.000,0.000,0.000,0.290
2026-09-22T21:13:00Z,1.295,2.250,924.000,7623147520,0.000,0.000,0.000,0.000,0.098
2026-09-22T21:14:00Z,1.265,2.180,924.000,7623147520,0.000,0.000,0.000,0.000,0.115
2026-09-22T21:15:00Z,,,924.000,7623147520,0.000,0.000,0.000,0.000,0.095
2026-09-22T21:16:00Z,1.255,2.180,924.000,7622098944,0.000,0.000,0.000,0.000,0.090
2026-09-22T21:17:00Z,,,,,0.000,0.000,0.000,0.000,0.102
2026-09-22T21:18:00Z,1.282,2.250,924.000,7622098944,0.000,0.000,0.000,0.000,0.095
2026-09-22T21:19:00Z,1.260,2.190,924.000,7622098944,0.000,0.000,0.000,0.000,0.280
2026-09-22T21:20:00Z,1.260,2.180,,,0.000,0.000,0.000,0.000,0.130
2026-09-22T21:21:00Z,1.280,2.200,924.000,7622098944,0.000,0.000,0.000,0.000,0.102
2026-09-22T21:22:00Z,1.235,2.110,924.000,7622098944,0.000,0.000,0.000,0.000,0.295
2026-09-22T21:23:00Z,1.255,2.160,924.000,7622098944,0.000,0.000,0.000,0.000,0.122
2026-09-22T21:24:00Z,1.215,2.080,924.000,7622098944,0.000,0.000,0.000,0.000,0.092
2026-09-22T21:25:00Z,,,,,0.000,0.000,0.000,0.000,0.115
2026-09-22T21:26:00Z,1.230,2.150,924.000,7622098944,0.000,0.000,0.000,0.000,0.095
2026-09-22T21:27:00Z,1.240,2.120,924.000,7622098944,0.000,0.000,0.000,0.000,0.095
2026-09-22T21:28:00Z,1.260,2.160,924.000,7622098944,0.000,0.000,0.000,0.000,0.098
2026-09-22T21:29:00Z,1.270,2.130,924.000,7622098944,0.000,0.000,0.000,0.000,0.090
2026-09-22T21:30:00Z,1.220,2.090,924.000,7622098944,0.000,0.000,0.000,0.000,0.092
2026-09-22T21:31:00Z,1.225,2.100,924.000,7622098944,0.000,0.000,0.000,0.000,0.090
2026-09-22T21:32:00Z,1.205,2.050,,,0.000,0.000,0.000,0.000,0.297
2026-09-22T21:33:00Z,1.245,2.140,924.000,7622098944,0.000,0.000,0.000,0.000,0.115
2026-09-22T21:34:00Z,1.230,2.080,924.000,7622098944,0.000,0.000,0.000,0.000,0.105
2026-09-22T21:35:00Z,1.235,2.130,924.000,7622098944,0.000,0.000,0.000,0.000,0.265
2026-09-22T21:36:00Z,1.255,2.160,924.000,7622098944,0.000,0.000,0.000,0.000,0.115
2026-09-22T21:37:00Z,1.250,2.150,924.000,7622098944,0.000,0.000,0.000,0.000,0.245
2026-09-22T21:38:00Z,1.270,2.190,924.000,7621050368,0.000,0.000,0.000,0.000,0.092
2026-09-22T21:39:00Z,,,,7621050368,0.000,0.000,0.000,0.000,0.147
2026-09-22T21:40:00Z,1.278,2.220,924.000,7621050368,0.000,0.000,0.000,0.000,0.098
2026-09-22T21:41:00Z,1.260,2.170,924.000,7621050368,0.000,0.000,0.000,0.000,0.092
2026-09-22T21:42:00Z,1.195,2.050,924.000,7622098944,0.000,0.000,0.000,0.000,0.280
2026-09-22T21:43:00Z,1.730,2.150,924.000,7621050368,0.000,0.000,0.000,0.000,0.110
2026-09-22T21:44:00Z,1.295,2.240,924.000,7621050368,0.000,0.000,0.000,0.000,0.460
2026-09-22T21:45:00Z,1.270,2.180,924.000,7621050368,0.000,0.000,0.000,0.000,0.147
2026-09-22T21:46:00Z,1.220,2.100,924.000,7621050368,0.000,0.000,0.000,0.000,0.090
2026-09-22T21:47:00Z,1.195,2.040,924.000,7621050368,0.000,0.000,0.000,0.000,0.115
2026-09-22T21:48:00Z,1.225,2.100,924.000,7620001792,0.000,0.000,0.000,0.000,0.085
2026-09-22T21:49:00Z,1.195,2.050,924.000,7620001792,0.000,0.000,0.000,0.000,0.110
2026-09-22T21:50:00Z,,,,,0.000,0.000,0.000,0.000,0.092
2026-09-22T21:51:00Z,1.275,2.230,924.000,7621050368,0.000,0.000,0.000,0.000,0.090
2026-09-22T21:52:00Z,1.275,2.200,924.000,7621050368,0.000,0.000,0.000,0.000,0.285
2026-09-22T21:53:00Z,0.360,0.360,,7621050368,0.000,0.000,0.000,0.000,0.122
2026-09-22T21:54:00Z,2.220,2.220,924.000,7621050368,0.000,0.000,0.000,0.000,0.110
2026-09-22T21:55:00Z,1.683,3.860,924.000,,0.000,0.000,0.000,0.000,0.090
2026-09-22T21:56:00Z,1.745,2.200,924.000,7604273152,0.000,0.000,0.000,0.000,0.430
2026-09-22T21:57:00Z,1.245,2.140,924.000,,0.000,0.000,0.000,0.000,0.767
2026-09-22T21:58:00Z,1.290,2.240,924.000,7604273152,0.000,0.000,0.000,0.000,0.110
2026-09-22T21:59:00Z,1.260,2.180,924.000,7604273152,0.000,0.000,0.000,0.000,0.117
2026-09-22T22:00:00Z,1.275,2.210,924.000,7604273152,0.000,0.000,0.000,0.000,0.092
2026-09-22T22:01:00Z,1.575,2.450,924.000,7604273152,21.550,21.550,0.000,0.050,0.090
2026-09-22T22:02:00Z,1.610,2.460,924.000,7604273152,14.660,14.660,1.000,0.020,5.670
2026-09-22T22:03:00Z,1.475,2.360,924.000,7604273152,11.080,11.080,3.000,0.020,3.788
2026-09-22T22:04:00Z,1.435,2.310,924.000,7604273152,6.410,6.410,1.000,0.010,2.862
2026-09-22T22:05:00Z,,,,7604273152,2.840,2.840,1.000,0.000,1.708
2026-09-22T22:06:00Z,1.440,2.360,924.000,7604273152,11.430,11.430,0.000,0.020,0.802
2026-09-22T22:07:00Z,1.445,2.350,,7604273152,8.910,8.910,1.000,0.020,3.100
2026-09-22T22:08:00Z,,,924.000,,9.560,9.560,1.000,0.010,2.337
2026-09-22T22:09:00Z,1.465,2.420,924.000,7603224576,3.060,3.060,1.000,0.000,2.505
2026-09-22T22:10:00Z,1.450,2.370,924.000,7603224576,8.080,8.080,1.000,0.010,0.875
2026-09-22T22:11:00Z,1.420,2.370,924.000,7602176000,3.710,3.710,1.000,0.000,2.105
2026-09-22T22:12:00Z,,,,,6.240,6.240,0.000,0.010,1.218
2026-09-22T22:13:00Z,1.407,2.330,924.000,7602176000,4.280,4.280,0.000,0.000,1.677
2026-09-22T22:14:00Z,1.390,2.320,924.000,7602176000,4.130,4.130,0.000,0.000,1.180
2026-09-22T22:15:00Z,1.375,2.270,924.000,7602176000,3.790,3.790,0.000,0.000,1.125
2026-09-22T22:16:00Z,1.420,2.310,924.000,7603224576,7.890,7.890,0.000,0.010,1.045
2026-09-22T22:17:00Z,1.350,2.180,924.000,7603224576,5.730,5.730,1.000,0.010,2.065
2026-09-22T22:18:00Z,1.410,2.320,924.000,7603224576,3.090,3.090,1.000,0.000,1.522
2026-09-22T22:19:00Z,,,,,3.300,3.300,0.000,0.000,1.028
2026-09-22T22:20:00Z,1.403,2.360,924.000,7603224576,2.760,2.760,0.000,0.000,0.948
2026-09-22T22:21:00Z,1.455,2.420,924.000,7603224576,5.800,5.800,0.000,0.000,0.782
2026-09-22T22:22:00Z,1.430,2.280,924.000,7603224576,9.830,9.830,0.000,0.010,1.748
2026-09-22T22:23:00Z,1.430,2.320,924.000,7603224576,7.680,7.680,1.000,0.010,2.555
2026-09-22T22:24:00Z,1.360,2.180,924.000,7603224576,5.410,5.410,1.000,0.010,2.013
2026-09-22T22:25:00Z,1.345,2.220,924.000,7603224576,2.090,2.090,1.000,0.000,1.458
2026-09-22T22:26:00Z,1.400,2.340,924.000,7603224576,4.110,4.110,0.000,0.000,0.613
2026-09-22T22:27:00Z,,,924.000,7603224576,4.900,4.900,0.000,0.010,1.120
2026-09-22T22:28:00Z,1.395,2.320,924.000,7603224576,4.680,4.680,0.000,0.000,1.320
2026-09-22T22:29:00Z,1.425,2.400,924.000,,5.300,5.300,0.000,0.010,1.272
2026-09-22T22:30:00Z,0.490,0.490,924.000,7603224576,3.040,3.040,0.000,0.000,1.433
2026-09-22T22:31:00Z,1.713,2.360,924.000,7603224576,3.330,3.330,0.000,0.000,0.865
2026-09-22T22:32:00Z,1.365,2.270,924.000,7602176000,3.710,3.710,0.000,0.000,1.137
2026-09-22T22:33:00Z,1.420,2.380,,,3.710,3.710,0.000,0.000,1.038
2026-09-22T22:34:00Z,1.410,2.300,924.000,7602176000,4.690,4.690,0.000,0.000,1.045
2026-09-22T22:35:00Z,0.510,0.510,,7602176000,6.160,6.160,0.000,0.010,1.427
2026-09-22T22:36:00Z,1.717,2.340,924.000,7602176000,2.760,2.760,1.000,0.000,1.633
2026-09-22T22:37:00Z,1.385,2.330,,,4.060,4.060,0.000,0.000,0.945
2026-09-22T22:38:00Z,,,924.000,7602176000,2.910,2.910,0.000,0.000,1.105
2026-09-22T22:39:00Z,1.360,2.270,924.000,7603224576,2.910,2.910,0.000,0.000,0.845
2026-09-22T22:40:00Z,1.357,2.330,924.000,,1.560,1.560,0.000,0.000,0.845
2026-09-22T22:41:00Z,1.435,2.420,924.000,7601127424,3.030,3.030,0.000,0.000,0.482
2026-09-22T22:42:00Z,1.410,2.330,924.000,7601127424,6.880,6.880,0.000,0.010,1.038
2026-09-22T22:43:00Z,1.415,2.340,924.000,7602176000,2.790,2.790,0.000,0.000,1.823
2026-09-22T22:44:00Z,1.350,2.260,924.000,7602176000,1.790,1.790,1.000,0.000,0.807
2026-09-22T22:45:00Z,,,924.000,7601127424,1.990,1.990,0.000,0.000,0.550
2026-09-22T22:46:00Z,1.363,2.300,924.000,7601127424,3.480,3.480,0.000,0.000,0.578
2026-09-22T22:47:00Z,1.405,2.270,924.000,7601127424,7.810,7.810,0.000,0.010,0.965
2026-09-22T22:48:00Z,1.420,2.310,924.000,7602176000,5.010,5.010,0.000,0.000,2.038
2026-09-22T22:49:00Z,1.380,2.280,924.000,7601127424,5.680,5.680,1.000,0.010,1.363
2026-09-22T22:50:00Z,1.455,2.360,924.000,7600078848,8.560,8.560,0.000,0.010,1.512
2026-09-22T22:51:00Z,3.015,3.690,,7409238016,10.110,10.110,1.000,0.010,2.230
2026-09-22T22:52:00Z,,,924.000,,3.640,3.640,1.000,0.000,3.085
2026-09-22T22:53:00Z,1.365,2.300,924.000,7575961600,2.810,2.810,0.000,0.000,1.045
2026-09-22T22:54:00Z,,,,7575961600,4.810,4.810,0.000,0.000,0.792
2026-09-22T22:55:00Z,1.423,2.420,924.000,7575961600,3.060,3.060,0.000,0.000,1.298
2026-09-22T22:56:00Z,2.170,2.300,924.000,7588544512,3.200,3.200,0.000,0.000,0.855
2026-09-22T22:57:00Z,,,,,4.980,4.980,0.000,0.010,1.353
2026-09-22T22:58:00Z,1.357,2.250,924.000,7588544512,1.340,1.340,0.000,0.000,1.385
2026-09-22T22:59:00Z,1.340,2.220,924.000,7588544512,3.410,3.410,0.000,0.000,0.432
2026-09-22T23:00:00Z,1.420,2.360,924.000,7588544512,1.830,1.830,0.000,0.000,0.958
2026-09-22T23:01:00Z,1.435,2.400,924.000,7588544512,3.590,3.590,0.000,0.010,0.555
2026-09-22T23:02:00Z,1.385,2.290,924.000,7588544512,4.960,4.960,0.000,0.000,1.202
2026-09-22T23:03:00Z,1.385,2.300,924.000,7588544512,5.030,5.030,0.000,0.010,1.347
2026-09-22T23:04:00Z,1.330,2.190,924.000,7588544512,2.780,2.780,1.000,0.000,1.363
2026-09-22T23:05:00Z,1.330,2.210,924.000,7588544512,2.680,2.680,0.000,0.000,0.792
2026-09-22T23:06:00Z,,,,7588544512,2.010,2.010,0.000,0.000,0.787
2026-09-22T23:07:00Z,1.353,2.280,924.000,7588544512,2.640,2.640,0.000,0.000,0.750
2026-09-22T23:08:00Z,0.440,0.440,924.000,,1.460,1.460,0.000,0.000,0.762
2026-09-22T23:09:00Z,1.657,2.290,924.000,7587495936,4.110,4.110,0.000,0.000,0.470
2026-09-22T23:10:00Z,,,,,1.040,1.040,0.000,0.000,1.130
2026-09-22T23:11:00Z,1.300,2.170,924.000,7587495936,2.530,2.530,0.000,0.000,0.350
2026-09-22T23:12:00Z,1.375,2.280,,7587495936,4.380,4.380,0.000,0.000,0.922
2026-09-22T23:13:00Z,1.363,2.280,924.000,7587495936,3.110,3.110,0.000,0.000,1.212
2026-09-22T23:14:00Z,1.330,2.220,924.000,7587495936,0.460,0.460,0.000,0.000,0.892
2026-09-22T23:15:00Z,1.375,2.300,924.000,7587495936,1.990,1.990,0.000,0.000,0.207
2026-09-22T23:16:00Z,1.375,2.310,924.000,7587495936,2.810,2.810,0.000,0.000,0.588
2026-09-22T23:17:00Z,1.360,2.260,924.000,7587495936,2.060,2.060,0.000,0.000,0.792
2026-09-22T23:18:00Z,,,,7586447360,1.910,1.910,0.000,0.000,0.608
2026-09-22T23:19:00Z,1.350,2.270,924.000,7586447360,0.460,0.460,0.000,0.000,0.730
2026-09-22T23:20:00Z,1.345,2.260,924.000,,1.710,1.710,0.000,0.000,0.233
2026-09-22T23:21:00Z,1.400,2.340,924.000,7586447360,1.610,1.610,0.000,0.000,0.530
2026-09-22T23:22:00Z,1.380,2.320,924.000,7586447360,1.880,1.880,0.000,0.000,0.680
2026-09-22T23:23:00Z,1.405,2.280,924.000,7586447360,5.290,5.290,0.000,0.010,0.580
2026-09-22T23:24:00Z,1.335,2.220,924.000,7586447360,2.660,2.660,0.000,0.000,1.415
2026-09-22T23:25:00Z,1.360,2.260,924.000,7586447360,4.160,4.160,0.000,0.000,0.780
2026-09-22T23:26:00Z,1.410,2.340,924.000,,4.140,4.140,0.000,0.000,1.143
2026-09-22T23:27:00Z,1.400,2.310,924.000,7586447360,2.040,2.040,0.000,0.000,1.127
2026-09-22T23:28:00Z,1.360,2.280,924.000,7586447360,1.440,1.440,0.000,0.000,0.600
2026-09-22T23:29:00Z,0.440,0.440,924.000,,2.660,2.660,0.000,0.000,0.470
2026-09-22T23:30:00Z,1.673,2.300,924.000,7586447360,1.630,1.630,0.000,0.000,0.762
2026-09-22T23:31:00Z,1.375,2.300,924.000,7586447360,1.500,1.500,0.000,0.000,0.497
2026-09-22T23:32:00Z,1.360,2.250,924.000,7586447360,2.460,2.460,0.000,0.000,0.672
2026-09-22T23:33:00Z,1.375,2.290,924.000,7586447360,2.130,2.130,0.000,0.000,0.718
2026-09-22T23:34:00Z,,,924.000,,1.510,1.510,0.000,0.000,0.647
2026-09-22T23:35:00Z,1.385,2.330,924.000,7586447360,2.080,2.080,0.000,0.000,0.637
2026-09-22T23:36:00Z,1.355,2.260,924.000,7586447360,0.640,0.640,0.000,0.000,0.623
2026-09-22T23:37:00Z,1.345,2.240,924.000,7586447360,1.640,1.640,0.000,0.000,0.420
2026-09-22T23:38:00Z,1.375,2.280,924.000,7585398784,1.830,1.830,0.000,0.000,0.487
2026-09-22T23:39:00Z,1.350,2.260,924.000,7585398784,0.760,0.760,0.000,0.000,0.580
2026-09-22T23:40:00Z,1.345,2.240,,,1.630,1.630,0.000,0.000,0.310
2026-09-22T23:41:00Z,1.355,2.250,924.000,7585398784,1.660,1.660,0.000,0.000,0.497
2026-09-22T23:42:00Z,1.335,2.220,924.000,7585398784,0.680,0.680,0.000,0.000,0.695
2026-09-22T23:43:00Z,1.335,2.200,924.000,7585398784,2.740,2.740,0.000,0.000,0.285
2026-09-22T23:44:00Z,1.335,2.150,924.000,7585398784,4.540,4.540,0.000,0.000,0.800
2026-09-22T23:45:00Z,1.380,2.330,924.000,7585398784,3.430,3.430,0.000,0.000,1.225
2026-09-22T23:46:00Z,1.405,2.350,924.000,7585398784,5.390,5.390,0.000,0.000,0.948
2026-09-22T23:47:00Z,1.465,2.350,924.000,7585398784,14.070,14.070,0.000,0.020,1.450
2026-09-22T23:48:00Z,1.425,2.330,924.000,7585398784,3.080,3.080,2.000,0.000,3.590
2026-09-22T23:49:00Z,1.400,2.310,924.000,7585398784,3.280,3.280,1.000,0.000,0.860
2026-09-22T23:50:00Z,1.425,2.360,,7585398784,4.630,4.630,0.000,0.000,0.935
2026-09-22T23:51:00Z,1.490,2.480,924.000,7585398784,5.440,5.440,0.000,0.010,1.252
2026-09-22T23:52:00Z,1.510,2.410,924.000,7584350208,3.880,3.880,1.000,0.000,1.665
2026-09-22T23:53:00Z,1.445,2.400,924.000,7583301632,8.030,8.030,0.000,0.010,1.272
2026-09-22T23:54:00Z,1.410,2.360,924.000,7583301632,3.750,3.750,1.000,0.000,2.123
2026-09-22T23:55:00Z,,,,7582253056,2.480,2.480,0.000,0.000,1.035
2026-09-22T23:56:00Z,1.847,3.120,924.000,7565475840,6.180,6.180,0.000,0.010,0.718
2026-09-22T23:57:00Z,1.410,2.340,924.000,7583301632,3.810,3.810,0.000,0.000,2.210
2026-09-22T23:58:00Z,1.405,2.330,924.000,7583301632,3.860,3.860,0.000,0.000,1.038
2026-09-22T23:59:00Z,1.410,2.350,924.000,7583301632,7.680,7.680,0.000,0.010,1.075
2026-09-23T00:00:00Z,1.420,2.260,924.000,7583301632,10.390,10.390,0.000,0.010,2.030
2026-09-23T00:01:00Z,1.720,2.680,924.000,7582253056,27.310,27.310,2.000,0.060,2.695
2026-09-23T00:02:00Z,,,924.000,7582253056,16.690,16.690,3.000,0.030,7.282
2026-09-23T00:03:00Z,1.560,2.500,924.000,7581204480,16.710,16.710,3.000,0.030,4.258
2026-09-23T00:04:00Z,,,,,11.360,11.360,2.000,0.020,4.293
2026-09-23T00:05:00Z,1.492,2.490,924.000,7581204480,9.290,9.290,2.000,0.010,2.930
2026-09-23T00:06:00Z,1.465,2.350,924.000,7581204480,11.640,11.640,1.000,0.020,2.462
2026-09-23T00:07:00Z,1.410,2.310,924.000,7581204480,9.830,9.830,2.000,0.010,3.163
2026-09-23T00:08:00Z,1.580,2.690,,,11.660,11.660,1.000,0.020,2.550
2026-09-23T00:09:00Z,1.500,2.430,924.000,7580155904,11.110,11.110,1.000,0.020,3.362
2026-09-23T00:10:00Z,1.435,2.340,924.000,7580155904,7.600,7.600,2.000,0.010,2.888
2026-09-23T00:11:00Z,1.460,2.460,924.000,7580155904,7.180,7.180,1.000,0.010,1.995
2026-09-23T00:12:00Z,1.415,2.340,924.000,7580155904,7.480,7.480,0.000,0.010,2.100
2026-09-23T00:13:00Z,,,924.000,7580155904,8.810,8.810,1.000,0.010,1.975
2026-09-23T00:14:00Z,1.425,2.340,924.000,7580155904,5.410,5.410,1.000,0.010,2.310
2026-09-23T00:15:00Z,1.420,2.340,924.000,7580155904,7.640,7.640,0.000,0.010,1.445
2026-09-23T00:16:00Z,1.435,2.350,924.000,7580155904,11.240,11.240,1.000,0.020,2.000
2026-09-23T00:17:00Z,,,,7580155904,9.760,9.760,1.000,0.020,2.902
2026-09-23T00:18:00Z,1.420,2.330,924.000,7579107328,10.090,10.090,1.000,0.010,2.533
2026-09-23T00:19:00Z,1.420,2.290,924.000,7579107328,9.030,9.030,1.000,0.010,2.808
2026-09-23T00:20:00Z,1.430,2.280,924.000,7579107328,9.530,9.530,1.000,0.020,2.353
2026-09-23T00:21:00Z,1.410,2.330,924.000,7579107328,7.830,7.830,1.000,0.010,2.480
2026-09-23T00:22:00Z,1.445,2.310,924.000,7579107328,9.790,9.790,0.000,0.020,2.252
2026-09-23T00:23:00Z,1.410,2.320,924.000,7579107328,9.910,9.910,2.000,0.010,2.550
2026-09-23T00:24:00Z,1.405,2.280,924.000,7579107328,7.880,7.880,1.000,0.010,2.580
2026-09-23T00:25:00Z,1.405,2.300,924.000,7579107328,9.130,9.130,1.000,0.010,2.080
2026-09-23T00:26:00Z,1.420,2.310,924.000,7579107328,8.030,8.030,1.000,0.010,2.397
2026-09-23T00:27:00Z,1.360,2.240,924.000,7579107328,5.500,5.500,1.000,0.000,2.118
2026-09-23T00:28:00Z,1.340,2.210,924.000,7579107328,4.640,4.640,0.000,0.000,1.470
2026-09-23T00:29:00Z,1.420,2.360,924.000,7575961600,4.680,4.680,0.000,0.000,1.258
2026-09-23T00:30:00Z,1.350,2.200,924.000,7575961600,6.060,6.060,1.000,0.010,1.525
2026-09-23T00:31:00Z,1.440,2.340,924.000,7573864448,9.810,9.810,0.000,0.020,1.605
2026-09-23T00:32:00Z,1.375,2.210,924.000,7573864448,7.960,7.960,1.000,0.010,2.750
2026-09-23T00:33:00Z,1.440,2.390,924.000,7574913024,9.030,9.030,1.000,0.010,2.105
2026-09-23T00:34:00Z,1.360,2.210,924.000,7574913024,1.940,1.940,0.000,0.000,2.362
2026-09-23T00:35:00Z,1.365,2.300,924.000,7574913024,3.040,3.040,1.000,0.000,0.752
2026-09-23T00:36:00Z,1.390,2.330,924.000,7574913024,5.130,5.130,0.000,0.000,0.863
2026-09-23T00:37:00Z,1.410,2.310,924.000,7574913024,8.650,8.650,0.000,0.010,1.605
2026-09-23T00:38:00Z,1.410,2.360,924.000,7574913024,5.830,5.830,1.000,0.010,2.285
2026-09-23T00:39:00Z,1.380,2.250,924.000,7574913024,5.830,5.830,1.000,0.010,1.565
2026-09-23T00:40:00Z,1.385,2.290,924.000,7573864448,8.690,8.690,1.000,0.010,1.593
2026-09-23T00:41:00Z,1.390,2.260,924.000,7573864448,7.630,7.630,1.000,0.010,2.270
2026-09-23T00:42:00Z,1.390,2.240,924.000,7574913024,5.280,5.280,1.000,0.010,2.205
2026-09-23T00:43:00Z,1.345,2.210,924.000,7573864448,5.010,5.010,1.000,0.000,1.423
2026-09-23T00:44:00Z,1.370,2.280,924.000,7573864448,3.780,3.780,0.000,0.000,1.355
2026-09-23T00:45:00Z,1.320,2.180,924.000,7574913024,5.360,5.360,0.000,0.010,1.035
2026-09-23T00:46:00Z,1.335,2.210,924.000,7574913024,5.460,5.460,0.000,0.000,1.425
2026-09-23T00:47:00Z,1.360,2.240,924.000,7574913024,3.480,3.480,0.000,0.000,1.462
2026-09-23T00:48:00Z,,,924.000,7574913024,8.310,8.310,1.000,0.010,0.963
2026-09-23T00:49:00Z,1.400,2.360,924.000,7574913024,5.080,5.080,0.000,0.000,2.195
2026-09-23T00:50:00Z,1.530,2.570,924.000,7574913024,23.680,23.680,1.000,0.040,1.373
2026-09-23T00:51:00Z,1.515,2.380,924.000,7575961600,9.010,9.010,1.000,0.010,6.013
2026-09-23T00:52:00Z,1.420,2.330,924.000,7575961600,7.810,7.810,4.000,0.010,2.555
2026-09-23T00:53:00Z,0.550,0.550,924.000,,10.620,10.620,1.000,0.020,2.060
2026-09-23T00:54:00Z,1.740,2.350,924.000,7574913024,12.030,12.030,1.000,0.020,2.765
2026-09-23T00:55:00Z,1.300,2.160,924.000,7574913024,5.740,5.740,1.000,0.010,3.105
2026-09-23T00:56:00Z,2.375,4.130,924.000,7559184384,19.460,19.460,1.000,0.040,1.525
2026-09-23T00:57:00Z,,,924.000,,11.770,11.770,2.000,0.020,5.320
2026-09-23T00:58:00Z,1.465,2.380,924.000,7585398784,7.340,7.340,2.000,0.010,3.047
2026-09-23T00:59:00Z,1.455,2.390,924.000,7585398784,14.650,14.650,1.000,0.020,1.982
2026-09-23T01:00:00Z,,,924.000,7584350208,6.710,6.710,1.000,0.010,3.768
2026-09-23T01:01:00Z,1.528,2.540,924.000,7585398784,20.880,20.880,2.000,0.030,1.998
2026-09-23T01:02:00Z,1.495,2.430,924.000,7585398784,14.580,14.580,2.000,0.020,5.585
2026-09-23T01:03:00Z,1.625,2.480,924.000,7585398784,14.040,14.040,3.000,0.020,3.740
2026-09-23T01:04:00Z,,,924.000,7585398784,7.580,7.580,2.000,0.010,3.850
2026-09-23T01:05:00Z,1.427,2.330,924.000,7585398784,12.720,12.720,2.000,0.020,1.998
2026-09-23T01:06:00Z,1.455,2.350,924.000,7585398784,12.490,12.490,1.000,0.020,3.272
2026-09-23T01:07:00Z,1.410,2.320,,7584350208,10.630,10.630,2.000,0.020,3.382
2026-09-23T01:08:00Z,1.450,2.400,924.000,7584350208,14.490,14.490,2.000,0.020,2.768
2026-09-23T01:09:00Z,1.430,2.340,924.000,7584350208,7.060,7.060,1.000,0.010,3.720
2026-09-23T01:10:00Z,1.400,2.350,924.000,7585398784,5.290,5.290,2.000,0.010,1.883
2026-09-23T01:11:00Z,1.450,2.420,924.000,7584350208,10.380,10.380,1.000,0.010,1.415
2026-09-23T01:12:00Z,1.410,2.290,924.000,7585398784,6.080,6.080,0.000,0.010,2.905
2026-09-23T01:13:00Z,1.410,2.360,924.000,7585398784,5.190,5.190,2.000,0.000,1.625
2026-09-23T01:14:00Z,1.390,2.300,924.000,7584350208,4.060,4.060,0.000,0.000,1.403
2026-09-23T01:15:00Z,1.370,2.310,924.000,7584350208,2.540,2.540,1.000,0.000,1.120
2026-09-23T01:16:00Z,1.440,2.380,924.000,7585398784,10.080,10.080,0.000,0.020,0.725
2026-09-23T01:17:00Z,1.425,2.320,924.000,7585398784,5.980,5.980,1.000,0.010,2.615
2026-09-23T01:18:00Z,1.500,2.460,924.000,7583301632,11.570,11.570,1.000,0.020,1.597
2026-09-23T01:19:00Z,1.395,2.290,924.000,7583301632,4.640,4.640,1.000,0.000,3.190
2026-09-23T01:20:00Z,1.380,2.320,,7583301632,5.440,5.440,1.000,0.000,1.262
2026-09-23T01:21:00Z,1.455,2.430,924.000,7583301632,5.830,5.830,0.000,0.010,1.462
2026-09-23T01:22:00Z,1.470,2.430,924.000,7584350208,7.090,7.090,1.000,0.010,1.755
2026-09-23T01:23:00Z,1.385,2.300,924.000,7583301632,4.030,4.030,1.000,0.000,1.875
2026-09-23T01:24:00Z,,,,7583301632,2.810,2.810,0.000,0.000,1.103
2026-09-23T01:25:00Z,1.365,2.260,924.000,,5.180,5.180,0.000,0.000,0.807
2026-09-23T01:26:00Z,1.355,2.260,924.000,7583301632,10.480,10.480,0.000,0.020,1.400
2026-09-23T01:27:00Z,1.403,2.330,924.000,7583301632,4.380,4.380,1.000,0.000,2.717
2026-09-23T01:28:00Z,1.405,2.300,924.000,7583301632,6.610,6.610,0.000,0.010,1.198
2026-09-23T01:29:00Z,0.480,0.480,,7583301632,6.550,6.550,1.000,0.010,1.742
2026-09-23T01:30:00Z,1.780,2.450,924.000,7583301632,21.540,21.540,1.000,0.040,1.758
2026-09-23T01:31:00Z,1.625,2.580,,7583301632,26.040,26.040,2.000,0.050,5.478
2026-09-23T01:32:00Z,1.545,2.510,924.000,7583301632,12.590,12.590,3.000,0.020,6.820
2026-09-23T01:33:00Z,1.455,2.400,924.000,7583301632,8.160,8.160,3.000,0.010,3.257
2026-09-23T01:34:00Z,1.450,2.370,,,10.380,10.380,1.000,0.020,2.150
2026-09-23T01:35:00Z,1.490,2.450,924.000,7582253056,16.090,16.090,1.000,0.020,2.860
2026-09-23T01:36:00Z,1.405,2.310,924.000,7582253056,9.290,9.290,2.000,0.020,4.115
2026-09-23T01:37:00Z,1.450,2.330,924.000,7583301632,9.730,9.730,2.000,0.010,2.578
2026-09-23T01:38:00Z,1.420,2.380,924.000,7582253056,8.560,8.560,1.000,0.010,2.530
2026-09-23T01:39:00Z,1.425,2.320,924.000,7582253056,9.690,9.690,1.000,0.020,2.268
2026-09-23T01:40:00Z,1.405,2.320,,7582253056,8.050,8.050,1.000,0.010,2.550
2026-09-23T01:41:00Z,1.475,2.410,924.000,7581204480,10.930,10.930,1.000,0.020,2.103
2026-09-23T01:42:00Z,1.435,2.340,924.000,7581204480,12.110,12.110,1.000,0.020,3.025
2026-09-23T01:43:00Z,1.475,2.360,924.000,,15.340,15.340,2.000,0.060,3.138
2026-09-23T01:44:00Z,1.395,2.320,,7581204480,7.190,7.190,2.000,0.010,3.940
2026-09-23T01:45:00Z,1.420,2.370,924.000,7581204480,6.310,6.310,1.000,0.010,1.900
2026-09-23T01:46:00Z,1.385,2.280,924.000,7582253056,6.880,6.880,1.000,0.010,1.653
2026-09-23T01:47:00Z,1.420,2.300,924.000,,10.550,10.550,1.000,0.010,1.825
2026-09-23T01:48:00Z,1.410,2.350,924.000,7582253056,7.490,7.490,1.000,0.010,2.732
2026-09-23T01:49:00Z,1.380,2.230,924.000,7582253056,7.730,7.730,1.000,0.010,1.978
2026-09-23T01:50:00Z,1.385,2.270,924.000,7582253056,9.010,9.010,1.000,0.010,2.025
2026-09-23T01:51:00Z,1.450,2.320,924.000,7582253056,9.890,9.890,1.000,0.010,2.348
2026-09-23T01:52:00Z,,,,,7.950,7.950,2.000,0.010,2.763
2026-09-23T01:53:00Z,1.117,2.310,924.000,7582253056,6.960,6.960,1.000,0.010,2.098
2026-09-23T01:54:00Z,1.710,2.350,924.000,7582253056,7.710,7.710,1.000,0.010,1.855
2026-09-23T01:55:00Z,1.425,2.360,924.000,7582253056,4.990,4.990,1.000,0.000,2.018
2026-09-23T01:56:00Z,1.440,2.430,924.000,7583301632,4.830,4.830,0.000,0.000,1.345
2026-09-23T01:57:00Z,2.310,2.430,924.000,7574913024,15.710,15.710,0.000,0.030,1.512
2026-09-23T01:58:00Z,1.420,2.340,924.000,7574913024,4.580,4.580,1.000,0.000,4.268
2026-09-23T01:59:00Z,,,,,5.650,5.650,1.000,0.010,1.262
2026-09-23T02:00:00Z,1.390,2.380,924.000,7574913024,6.280,6.280,0.000,0.010,1.515
2026-09-23T02:01:00Z,1.455,2.410,924.000,7574913024,9.390,9.390,0.000,0.010,1.660
2026-09-23T02:02:00Z,1.430,2.360,924.000,7574913024,7.080,7.080,1.000,0.010,2.645
2026-09-23T02:03:00Z,1.470,2.390,924.000,7574913024,8.780,8.780,1.000,0.010,1.873
2026-09-23T02:04:00Z,1.455,2.440,,,8.530,8.530,1.000,0.020,2.310
2026-09-23T02:05:00Z,1.440,2.410,924.000,7574913024,8.780,8.780,1.000,0.010,2.230
2026-09-23T02:06:00Z,1.415,2.340,924.000,7574913024,3.640,3.640,1.000,0.000,2.305
2026-09-23T02:07:00Z,,,,7574913024,6.400,6.400,1.000,0.010,1.177
2026-09-23T02:08:00Z,1.452,2.510,924.000,7575961600,11.690,11.690,0.000,0.020,1.685
2026-09-23T02:09:00Z,,,,,9.180,9.180,0.000,0.010,3.015
2026-09-23T02:10:00Z,1.460,2.380,924.000,7575961600,2.990,2.990,2.000,0.000,2.400
2026-09-23T02:11:00Z,1.400,2.360,924.000,7575961600,11.220,11.220,1.000,0.020,0.853
2026-09-23T02:12:00Z,1.510,2.490,924.000,7575961600,18.110,18.110,1.000,0.030,3.152
2026-09-23T02:13:00Z,1.425,2.340,924.000,7575961600,8.690,8.690,2.000,0.010,4.620
2026-09-23T02:14:00Z,1.420,2.380,924.000,7577010176,4.390,4.390,2.000,0.000,2.288
2026-09-23T02:15:00Z,1.380,2.270,924.000,7577010176,5.660,5.660,1.000,0.010,1.202
2026-09-23T02:16:00Z,1.345,2.240,924.000,7577010176,5.580,5.580,1.000,0.010,1.512
2026-09-23T02:17:00Z,,,,7578058752,24.480,24.480,0.000,0.140,1.488
2026-09-23T02:18:00Z,1.505,2.510,924.000,,8.830,8.830,1.000,0.010,6.230
2026-09-23T02:19:00Z,1.452,2.390,924.000,7578058752,7.210,7.210,4.000,0.010,2.462
2026-09-23T02:20:00Z,1.550,2.650,924.000,7578058752,23.310,23.310,1.000,0.340,1.935
2026-09-23T02:21:00Z,,,,,17.360,17.360,0.000,0.070,5.918
2026-09-23T02:22:00Z,1.488,2.510,924.000,7578058752,11.140,11.140,4.000,0.020,4.643
2026-09-23T02:23:00Z,1.350,2.200,924.000,7578058752,5.430,5.430,2.000,0.010,2.895
2026-09-23T02:24:00Z,,,924.000,7578058752,3.440,3.440,1.000,0.000,1.460
2026-09-23T02:25:00Z,1.345,2.240,924.000,7578058752,4.810,4.810,0.000,0.010,0.975
2026-09-23T02:26:00Z,1.385,2.300,924.000,7578058752,4.100,4.100,0.000,0.000,1.292
2026-09-23T02:27:00Z,1.390,2.290,924.000,7578058752,8.180,8.180,0.000,0.010,1.127
2026-09-23T02:28:00Z,1.415,2.290,924.000,7578058752,9.190,9.190,1.000,0.010,2.143
2026-09-23T02:29:00Z,,,,7578058752,5.510,5.510,1.000,0.010,2.393
2026-09-23T02:30:00Z,1.377,2.320,924.000,7578058752,4.510,4.510,1.000,0.000,1.480
2026-09-23T02:31:00Z,1.435,2.310,924.000,7577010176,6.930,6.930,0.000,0.010,1.218
2026-09-23T02:32:00Z,1.400,2.330,924.000,7577010176,7.010,7.010,1.000,0.010,2.030
2026-09-23T02:33:00Z,1.410,2.330,,,3.410,3.410,1.000,0.000,1.855
2026-09-23T02:34:00Z,1.470,2.400,924.000,7577010176,6.980,6.980,1.000,0.020,0.963
2026-09-23T02:35:00Z,1.445,2.380,924.000,,5.830,5.830,0.000,0.010,2.018
2026-09-23T02:36:00Z,1.435,2.380,924.000,7577010176,6.530,6.530,1.000,0.010,1.585
2026-09-23T02:37:00Z,1.600,2.520,924.000,7577010176,14.430,14.430,0.000,0.030,1.897
2026-09-23T02:38:00Z,1.440,2.370,924.000,7578058752,6.230,6.230,1.000,0.010,3.890
2026-09-23T02:39:00Z,1.395,2.320,924.000,7577010176,3.280,3.280,2.000,0.000,1.667
2026-09-23T02:40:00Z,1.370,2.290,924.000,7577010176,1.640,1.640,0.000,0.000,0.965
2026-09-23T02:41:00Z,1.420,2.300,924.000,7578058752,7.230,7.230,0.000,0.010,0.502
2026-09-23T02:42:00Z,1.415,2.330,924.000,7577010176,3.990,3.990,0.000,0.000,2.098
2026-09-23T02:43:00Z,1.420,2.370,924.000,7577010176,4.850,4.850,1.000,0.000,1.107
2026-09-23T02:44:00Z,1.405,2.320,924.000,7577010176,4.880,4.880,0.000,0.010,1.310
2026-09-23T02:45:00Z,1.395,2.340,924.000,7578058752,2.330,2.330,1.000,0.000,1.340
2026-09-23T02:46:00Z,1.425,2.360,924.000,7578058752,7.880,7.880,0.000,0.010,0.680
2026-09-23T02:47:00Z,1.430,2.350,924.000,7577010176,5.290,5.290,0.000,0.010,2.060
2026-09-23T02:48:00Z,1.415,2.390,924.000,7577010176,4.660,4.660,1.000,0.000,1.413
2026-09-23T02:49:00Z,1.395,2.330,924.000,7577010176,3.140,3.140,0.000,0.000,1.255
2026-09-23T02:50:00Z,1.430,2.390,924.000,7577010176,8.730,8.730,0.000,0.010,0.890
2026-09-23T02:51:00Z,1.420,2.330,924.000,7577010176,3.730,3.730,1.000,0.000,2.285
2026-09-23T02:52:00Z,,,,,3.610,3.610,1.000,0.000,1.228
2026-09-23T02:53:00Z,1.407,2.340,924.000,7577010176,5.530,5.530,0.000,0.010,1.012
2026-09-23T02:54:00Z,1.380,2.310,924.000,7577010176,3.040,3.040,1.000,0.000,1.492
2026-09-23T02:55:00Z,1.410,2.380,924.000,7577010176,5.290,5.290,0.000,0.010,0.853
2026-09-23T02:56:00Z,1.435,2.410,924.000,7577010176,8.130,8.130,0.000,0.010,1.420
2026-09-23T02:57:00Z,,,,,1.630,1.630,0.000,0.000,2.127
2026-09-23T02:58:00Z,1.835,3.140,924.000,7566524416,6.980,6.980,1.000,0.010,0.805
2026-09-23T02:59:00Z,1.380,2.320,924.000,7575961600,2.460,2.460,0.000,0.000,1.917
2026-09-23T03:00:00Z,1.385,2.330,924.000,7575961600,2.260,2.260,0.000,0.010,0.700
2026-09-23T03:01:00Z,,,924.000,,7.460,7.460,0.000,0.010,0.660
2026-09-23T03:02:00Z,1.465,2.400,924.000,7575961600,3.780,3.780,0.000,0.000,2.150
2026-09-23T03:03:00Z,1.395,2.300,,,4.340,4.340,1.000,0.000,1.260
2026-09-23T03:04:00Z,1.465,2.410,924.000,7575961600,11.490,11.490,0.000,0.020,1.195
2026-09-23T03:05:00Z,1.435,2.340,924.000,7577010176,7.330,7.330,1.000,0.010,2.995
2026-09-23T03:06:00Z,1.390,2.320,924.000,7577010176,2.780,2.780,1.000,0.000,1.927
2026-09-23T03:07:00Z,1.400,2.370,924.000,7577010176,6.050,6.050,0.000,0.010,0.950
2026-09-23T03:08:00Z,0.460,0.460,924.000,7577010176,4.360,4.360,0.000,0.000,1.620
2026-09-23T03:09:00Z,1.690,2.330,924.000,7577010176,3.540,3.540,1.000,0.000,1.192
2026-09-23T03:10:00Z,1.355,2.260,924.000,7577010176,1.610,1.610,0.000,0.000,0.988
2026-09-23T03:11:00Z,1.365,2.190,924.000,7577010176,5.830,5.830,0.000,0.010,0.505
2026-09-23T03:12:00Z,1.370,2.220,924.000,7575961600,6.360,6.360,0.000,0.010,1.905
2026-09-23T03:13:00Z,1.340,2.200,924.000,7575961600,4.710,4.710,1.000,0.010,1.712
2026-09-23T03:14:00Z,1.365,2.240,,,5.790,5.790,0.000,0.010,1.262
2026-09-23T03:15:00Z,1.370,2.250,924.000,7574913024,3.140,3.140,1.000,0.000,1.558
2026-09-23T03:16:00Z,1.390,2.280,924.000,,8.360,8.360,0.000,0.010,0.887
2026-09-23T03:17:00Z,1.385,2.260,924.000,7574913024,1.910,1.910,0.000,0.000,2.195
2026-09-23T03:18:00Z,1.390,2.310,924.000,7574913024,2.260,2.260,0.000,0.000,0.568
2026-09-23T03:19:00Z,,,924.000,,6.390,6.390,0.000,0.010,0.823
2026-09-23T03:20:00Z,1.353,2.280,924.000,7574913024,5.040,5.040,0.000,0.010,1.725
2026-09-23T03:21:00Z,1.380,2.230,924.000,7575961600,8.290,8.290,1.000,0.010,1.353
2026-09-23T03:22:00Z,1.385,2.250,924.000,7574913024,6.990,6.990,1.000,0.010,2.377
2026-09-23T03:23:00Z,1.390,2.310,924.000,7574913024,4.510,4.510,1.000,0.000,1.833
2026-09-23T03:24:00Z,,,924.000,7575961600,5.160,5.160,1.000,0.010,1.225
2026-09-23T03:25:00Z,1.397,2.300,924.000,7573864448,10.240,10.240,1.000,0.020,1.393
2026-09-23T03:26:00Z,1.400,2.310,924.000,7573864448,9.130,9.130,1.000,0.010,2.650
2026-09-23T03:27:00Z,1.330,2.200,924.000,7573864448,5.760,5.760,1.000,0.010,2.375
2026-09-23T03:28:00Z,,,,,5.960,5.960,1.000,0.010,1.535
2026-09-23T03:29:00Z,1.353,2.280,924.000,7573864448,2.190,2.190,1.000,0.000,1.575
2026-09-23T03:30:00Z,1.420,2.360,924.000,7573864448,9.830,9.830,0.000,0.020,0.657
2026-09-23T03:31:00Z,1.460,2.340,924.000,7572815872,11.210,11.210,1.000,0.020,2.550
2026-09-23T03:32:00Z,1.420,2.340,924.000,7572815872,9.630,9.630,1.000,0.010,3.095
2026-09-23T03:33:00Z,1.455,2.390,924.000,7572815872,5.280,5.280,1.000,0.010,2.522
2026-09-23T03:34:00Z,,,,,2.640,2.640,1.000,0.000,1.430
2026-09-23T03:35:00Z,1.390,2.290,924.000,7572815872,9.460,9.460,0.000,0.010,0.925
2026-09-23T03:36:00Z,1.130,2.420,924.000,,4.110,4.110,0.000,0.000,2.467
2026-09-23T03:37:00Z,1.355,2.300,924.000,7572815872,2.980,2.980,1.000,0.000,1.282
2026-09-23T03:38:00Z,2.210,2.210,924.000,7572815872,9.640,9.640,0.000,0.010,0.843
2026-09-23T03:39:00Z,1.390,2.330,924.000,7572815872,3.330,3.330,0.000,0.000,2.515
2026-09-23T03:40:00Z,1.370,2.300,924.000,7572815872,1.330,1.330,1.000,0.000,0.960
2026-09-23T03:41:00Z,1.420,2.320,924.000,7572815872,5.890,5.890,0.000,0.010,0.422
2026-09-23T03:42:00Z,1.450,2.350,924.000,7572815872,9.460,9.460,0.000,0.010,1.762
2026-09-23T03:43:00Z,1.425,2.340,924.000,7572815872,8.350,8.350,1.000,0.010,2.470
2026-09-23T03:44:00Z,1.430,2.360,924.000,7572815872,5.830,5.830,1.000,0.010,2.197
2026-09-23T03:45:00Z,1.370,2.300,924.000,7571767296,3.630,3.630,1.000,0.000,1.550
2026-09-23T03:46:00Z,,,924.000,,7.060,7.060,0.000,0.020,0.998
2026-09-23T03:47:00Z,1.387,2.330,,7570718720,4.130,4.130,0.000,0.010,1.863
2026-09-23T03:48:00Z,1.455,2.420,924.000,7570718720,6.560,6.560,1.000,0.010,1.123
2026-09-23T03:49:00Z,1.395,2.290,924.000,7570718720,3.860,3.860,0.000,0.000,1.750
2026-09-23T03:50:00Z,0.450,0.450,,,7.530,7.530,1.000,0.010,1.058
2026-09-23T03:51:00Z,1.743,2.340,924.000,7570718720,6.290,6.290,0.000,0.010,1.972
2026-09-23T03:52:00Z,1.415,2.300,924.000,7570718720,6.440,6.440,1.000,0.010,1.863
2026-09-23T03:53:00Z,1.380,2.310,924.000,7569670144,2.990,2.990,1.000,0.000,1.725
2026-09-23T03:54:00Z,,,924.000,7570718720,3.640,3.640,0.000,0.000,0.853
2026-09-23T03:55:00Z,1.380,2.300,,,8.040,8.040,0.000,0.010,0.988
2026-09-23T03:56:00Z,1.410,2.330,924.000,7570718720,4.590,4.590,0.000,0.010,2.103
2026-09-23T03:57:00Z,,,924.000,7547650048,3.430,3.430,1.000,0.000,1.240
2026-09-23T03:58:00Z,1.758,3.790,924.000,7573864448,3.830,3.830,0.000,0.000,0.973
2026-09-23T03:59:00Z,1.355,2.250,924.000,7572815872,3.790,3.790,0.000,0.000,1.347
2026-09-23T04:00:00Z,1.405,2.300,924.000,7572815872,6.440,6.440,0.000,0.010,1.083
2026-09-23T04:01:00Z,1.365,2.180,924.000,7572815872,4.260,4.260,1.000,0.000,1.720
2026-09-23T04:02:00Z,1.375,2.280,924.000,7572815872,3.600,3.600,1.000,0.000,1.355
2026-09-23T04:03:00Z,0.460,0.460,,7572815872,4.810,4.810,0.000,0.000,1.028
2026-09-23T04:04:00Z,1.733,2.370,924.000,7571767296,5.710,5.710,0.000,0.010,1.295
2026-09-23T04:05:00Z,1.400,2.330,,7571767296,8.430,8.430,1.000,0.010,1.538
2026-09-23T04:06:00Z,1.470,2.420,924.000,7571767296,14.420,14.420,0.000,0.030,2.212
2026-09-23T04:07:00Z,1.470,2.290,924.000,7571767296,12.780,12.780,1.000,0.020,3.848
2026-09-23T04:08:00Z,1.395,2.310,924.000,7571767296,4.680,4.680,3.000,0.010,3.305
2026-09-23T04:09:00Z,1.405,2.330,924.000,7571767296,6.880,6.880,1.000,0.010,1.260
2026-09-23T04:10:00Z,1.395,2.350,924.000,7571767296,3.780,3.780,0.000,0.000,1.837
2026-09-23T04:11:00Z,1.405,2.280,924.000,7570718720,5.030,5.030,0.000,0.000,1.042
2026-09-23T04:12:00Z,,,,,8.750,8.750,1.000,0.020,1.560
2026-09-23T04:13:00Z,1.448,2.440,924.000,7570718720,6.700,6.700,0.000,0.010,2.303
2026-09-23T04:14:00Z,,,924.000,7570718720,4.280,4.280,1.000,0.000,1.782
2026-09-23T04:15:00Z,1.373,2.300,924.000,7571767296,5.150,5.150,1.000,0.010,1.167
2026-09-23T04:16:00Z,1.460,2.300,924.000,7574913024,5.780,5.780,0.000,0.010,1.377
2026-09-23T04:17:00Z,1.340,2.190,924.000,7574913024,3.540,3.540,0.000,0.000,1.762
2026-09-23T04:18:00Z,,,,,3.580,3.580,1.000,0.000,0.978
2026-09-23T04:19:00Z,1.400,2.310,924.000,7573864448,6.430,6.430,0.000,0.010,1.143
2026-09-23T04:20:00Z,1.397,2.300,924.000,7574913024,7.930,7.930,0.000,0.010,1.730
2026-09-23T04:21:00Z,1.490,2.360,924.000,7574913024,9.680,9.680,1.000,0.010,2.080
2026-09-23T04:22:00Z,1.410,2.340,924.000,7577010176,9.450,9.450,1.000,0.010,2.700
2026-09-23T04:23:00Z,1.425,2.320,924.000,7577010176,7.730,7.730,1.000,0.010,2.478
2026-09-23T04:24:00Z,1.350,2.260,924.000,7577010176,2.960,2.960,1.000,0.000,2.025
2026-09-23T04:25:00Z,1.365,2.290,924.000,,3.440,3.440,0.000,0.000,0.850
2026-09-23T04:26:00Z,1.405,2.360,924.000,7577010176,5.360,5.360,0.000,0.010,0.963
2026-09-23T04:27:00Z,1.355,2.270,924.000,7575961600,2.880,2.880,0.000,0.000,1.430
2026-09-23T04:28:00Z,,,,7575961600,3.880,3.880,0.000,0.000,0.810
2026-09-23T04:29:00Z,1.393,2.320,924.000,,8.130,8.130,0.000,0.010,1.073
2026-09-23T04:30:00Z,1.380,2.250,924.000,7574913024,4.330,4.330,0.000,0.010,2.140
2026-09-23T04:31:00Z,1.395,2.300,924.000,7575961600,3.380,3.380,1.000,0.010,1.185
2026-09-23T04:32:00Z,1.375,2.290,924.000,7574913024,4.160,4.160,0.000,0.000,1.147
2026-09-23T04:33:00Z,1.400,2.340,924.000,7574913024,2.410,2.410,0.000,0.000,1.143
2026-09-23T04:34:00Z,1.380,2.240,924.000,7574913024,4.030,4.030,0.000,0.000,0.713
2026-09-23T04:35:00Z,1.415,2.330,,,8.040,8.040,0.000,0.010,1.268
2026-09-23T04:36:00Z,1.375,2.270,924.000,7575961600,4.710,4.710,0.000,0.000,2.107
2026-09-23T04:37:00Z,1.350,2.240,924.000,7574913024,3.080,3.080,1.000,0.000,1.433
2026-09-23T04:38:00Z,1.345,2.230,924.000,7574913024,3.560,3.560,0.000,0.000,0.848
2026-09-23T04:39:00Z,1.420,2.300,924.000,7574913024,9.190,9.190,0.000,0.010,0.995
2026-09-23T04:40:00Z,1.425,2.340,924.000,7574913024,7.110,7.110,0.000,0.010,2.428
2026-09-23T04:41:00Z,1.380,2.250,924.000,7574913024,2.710,2.710,1.000,0.000,1.875
2026-09-23T04:42:00Z,1.385,2.280,924.000,7575961600,4.080,4.080,1.000,0.000,0.993
2026-09-23T04:43:00Z,,,924.000,,3.010,3.010,0.000,0.000,1.105
2026-09-23T04:44:00Z,1.375,2.270,,7575961600,4.680,4.680,0.000,0.000,0.858
2026-09-23T04:45:00Z,1.380,2.280,924.000,7575961600,1.840,1.840,0.000,0.000,1.262
2026-09-23T04:46:00Z,1.385,2.330,924.000,7575961600,5.340,5.340,0.000,0.010,0.545
2026-09-23T04:47:00Z,1.295,2.150,924.000,7574913024,1.010,1.010,0.000,0.000,1.440
2026-09-23T04:48:00Z,1.335,2.210,924.000,7574913024,1.550,1.550,0.000,0.000,0.338
2026-09-23T04:49:00Z,1.310,2.180,924.000,7574913024,4.180,4.180,0.000,0.000,0.495
2026-09-23T04:50:00Z,1.300,2.140,924.000,7574913024,3.460,3.460,0.000,0.000,1.143
2026-09-23T04:51:00Z,1.385,2.240,924.000,7574913024,7.680,7.680,0.000,0.010,0.963
2026-09-23T04:52:00Z,1.315,2.220,924.000,7575961600,6.030,6.030,0.000,0.010,2.205
2026-09-23T04:53:00Z,,,,7574913024,2.710,2.710,0.000,0.000,1.623
2026-09-23T04:54:00Z,1.355,2.250,924.000,,5.110,5.110,1.000,0.000,0.787
2026-09-23T04:55:00Z,1.377,2.270,924.000,7574913024,7.260,7.260,0.000,0.010,1.367
2026-09-23T04:56:00Z,1.395,2.330,924.000,7574913024,6.160,6.160,1.000,0.010,1.907
2026-09-23T04:57:00Z,1.410,2.330,924.000,7574913024,7.730,7.730,1.000,0.010,1.637
2026-09-23T04:58:00Z,,,,,9.800,9.800,1.000,0.010,2.030
2026-09-23T04:59:00Z,1.895,2.440,924.000,7574913024,9.130,9.130,1.000,0.010,2.885
2026-09-23T05:00:00Z,1.400,2.340,924.000,7574913024,7.530,7.530,2.000,0.010,2.393
2026-09-23T05:01:00Z,1.510,2.400,924.000,7577010176,15.190,15.190,1.000,0.030,1.980
2026-09-23T05:02:00Z,1.565,2.570,924.000,,17.530,17.530,1.000,0.060,4.128
2026-09-23T05:03:00Z,1.490,2.420,924.000,7577010176,7.980,7.980,2.000,0.020,4.485
2026-09-23T05:04:00Z,1.480,2.420,924.000,7574913024,12.000,12.000,3.000,0.020,2.110
2026-09-23T05:05:00Z,1.405,2.360,924.000,7574913024,5.410,5.410,1.000,0.010,3.095
2026-09-23T05:06:00Z,1.450,2.380,924.000,7574913024,8.560,8.560,1.000,0.010,1.462
2026-09-23T05:07:00Z,1.390,2.340,924.000,7574913024,5.310,5.310,1.000,0.010,2.395
2026-09-23T05:08:00Z,1.385,2.310,924.000,7574913024,7.140,7.140,0.000,0.010,1.417
2026-09-23T05:09:00Z,1.455,2.350,924.000,7573864448,9.740,9.740,1.000,0.030,1.870
2026-09-23T05:10:00Z,1.315,2.190,924.000,7573864448,2.860,2.860,2.000,0.000,2.545
2026-09-23T05:11:00Z,1.430,2.350,924.000,7572815872,7.730,7.730,0.000,0.010,0.810
2026-09-23T05:12:00Z,1.425,2.360,,,6.380,6.380,0.000,0.010,2.255
2026-09-23T05:13:00Z,1.405,2.330,924.000,7571767296,3.790,3.790,1.000,0.000,1.680
2026-09-23T05:14:00Z,,,924.000,,5.490,5.490,1.000,0.010,1.058
2026-09-23T05:15:00Z,1.410,2.380,924.000,7571767296,5.060,5.060,0.000,0.010,1.470
2026-09-23T05:16:00Z,1.455,2.350,924.000,7571767296,5.560,5.560,0.000,0.010,1.367
2026-09-23T05:17:00Z,1.385,2.310,924.000,7570718720,2.680,2.680,1.000,0.000,1.488
2026-09-23T05:18:00Z,1.455,2.400,,7570718720,4.310,4.310,0.000,0.000,0.767
2026-09-23T05:19:00Z,1.385,2.330,924.000,7570718720,4.630,4.630,0.000,0.000,1.335
2026-09-23T05:20:00Z,1.385,2.310,924.000,7570718720,4.330,4.330,0.000,0.000,1.288
2026-09-23T05:21:00Z,1.380,2.220,924.000,7570718720,9.410,9.410,0.000,0.010,1.147
2026-09-23T05:22:00Z,1.370,2.200,924.000,7571767296,7.810,7.810,1.000,0.010,2.638
2026-09-23T05:23:00Z,1.430,2.350,924.000,7571767296,9.160,9.160,1.000,0.010,2.060
2026-09-23T05:24:00Z,1.440,2.350,924.000,7571767296,11.240,11.240,1.000,0.020,2.400
2026-09-23T05:25:00Z,1.380,2.220,924.000,7572815872,7.890,7.890,1.000,0.010,2.933
2026-09-23T05:26:00Z,1.460,2.450,924.000,7572815872,12.910,12.910,2.000,0.020,2.065
2026-09-23T05:27:00Z,,,,,8.960,8.960,1.000,0.010,3.317
2026-09-23T05:28:00Z,1.410,2.320,924.000,7572815872,5.940,5.940,2.000,0.010,2.325
2026-09-23T05:29:00Z,,,,,7.240,7.240,1.000,0.010,1.575
2026-09-23T05:30:00Z,1.390,2.290,924.000,7572815872,5.600,5.600,0.000,0.010,1.925
2026-09-23T05:31:00Z,1.500,2.340,924.000,,15.580,15.580,1.000,0.020,1.498
2026-09-23T05:32:00Z,1.405,2.310,,7571767296,8.610,8.610,2.000,0.010,4.213
2026-09-23T05:33:00Z,1.420,2.320,924.000,7572815872,9.280,9.280,1.000,0.010,2.268
2026-09-23T05:34:00Z,,,924.000,,7.330,7.330,1.000,0.010,2.428
2026-09-23T05:35:00Z,1.452,2.510,924.000,7574913024,15.710,15.710,1.000,0.230,2.100
2026-09-23T05:36:00Z,1.530,2.450,924.000,7578058752,18.990,18.990,1.000,0.040,4.050
2026-09-23T05:37:00Z,,,924.000,7578058752,8.980,8.980,3.000,0.010,4.990
2026-09-23T05:38:00Z,1.462,2.490,924.000,7578058752,8.910,8.910,2.000,0.010,2.335
2026-09-23T05:39:00Z,,,,,10.980,10.980,1.000,0.020,2.330
2026-09-23T05:40:00Z,1.442,2.400,924.000,7579107328,9.430,9.430,1.000,0.020,2.873
2026-09-23T05:41:00Z,1.550,2.390,924.000,7578058752,9.430,9.430,1.000,0.010,2.465
2026-09-23T05:42:00Z,1.460,2.390,924.000,7578058752,12.210,12.210,1.000,0.020,2.688
2026-09-23T05:43:00Z,1.520,2.500,924.000,7578058752,13.390,13.390,1.000,0.020,3.158
2026-09-23T05:44:00Z,,,924.000,7578058752,12.990,12.990,1.000,0.020,3.438
2026-09-23T05:45:00Z,1.495,2.460,924.000,7579107328,12.920,12.920,2.000,0.020,3.357
2026-09-23T05:46:00Z,1.470,2.330,924.000,7578058752,10.540,10.540,2.000,0.020,3.322
2026-09-23T05:47:00Z,1.485,2.470,924.000,7578058752,11.320,11.320,2.000,0.020,2.732
2026-09-23T05:48:00Z,1.440,2.410,924.000,7578058752,6.610,6.610,1.000,0.010,2.920
2026-09-23T05:49:00Z,1.465,2.450,924.000,7578058752,9.930,9.930,1.000,0.010,1.742
2026-09-23T05:50:00Z,1.455,2.440,924.000,7578058752,9.380,9.380,1.000,0.010,2.585
2026-09-23T05:51:00Z,1.475,2.370,924.000,7578058752,8.280,8.280,1.000,0.010,2.450
2026-09-23T05:52:00Z,,,924.000,7578058752,7.730,7.730,1.000,0.010,2.375
2026-09-23T05:53:00Z,1.445,2.390,,,10.960,10.960,1.000,0.020,2.047
2026-09-23T05:54:00Z,1.455,2.420,924.000,7579107328,10.440,10.440,1.000,0.020,2.855
2026-09-23T05:55:00Z,,,924.000,,10.310,10.310,1.000,0.020,2.715
2026-09-23T05:56:00Z,1.475,2.430,924.000,7579107328,14.210,14.210,2.000,0.020,2.667
2026-09-23T05:57:00Z,1.380,2.190,924.000,7578058752,8.780,8.780,1.000,0.010,3.645
2026-09-23T05:58:00Z,,,924.000,,8.190,8.190,2.000,0.010,2.292
2026-09-23T05:59:00Z,1.850,3.170,924.000,7559184384,10.090,10.090,1.000,0.010,2.428
2026-09-23T06:00:00Z,1.410,2.340,924.000,7568621568,6.090,6.090,1.000,0.010,2.695
2026-09-23T06:01:00Z,1.520,2.430,924.000,7568621568,15.280,15.280,1.000,0.020,1.637
2026-09-23T06:02:00Z,,,,,14.400,14.400,1.000,0.020,4.110
2026-09-23T06:03:00Z,1.495,2.430,924.000,7568621568,15.090,15.090,2.000,0.030,3.690
2026-09-23T06:04:00Z,0.630,0.630,,7569670144,11.190,11.190,2.000,0.020,3.865
2026-09-23T06:05:00Z,1.730,2.350,924.000,7570718720,12.910,12.910,2.000,0.030,2.900
2026-09-23T06:06:00Z,1.500,2.450,924.000,7570718720,12.810,12.810,1.000,0.030,3.325
2026-09-23T06:07:00Z,1.445,2.370,924.000,7571767296,13.640,13.640,2.000,0.030,3.445
2026-09-23T06:08:00Z,1.520,2.440,924.000,7571767296,13.830,13.830,2.000,0.020,3.507
2026-09-23T06:09:00Z,1.435,2.370,924.000,7571767296,10.100,10.100,2.000,0.020,3.555
2026-09-23T06:10:00Z,1.455,2.330,924.000,7571767296,10.430,10.430,1.000,0.020,2.635
2026-09-23T06:11:00Z,1.460,2.310,924.000,7571767296,10.410,10.410,2.000,0.020,2.705
2026-09-23T06:12:00Z,1.430,2.350,924.000,7571767296,12.290,12.290,1.000,0.020,2.913
2026-09-23T06:13:00Z,1.460,2.400,924.000,7570718720,8.780,8.780,1.000,0.010,3.188
2026-09-23T06:14:00Z,1.415,2.340,924.000,7571767296,9.480,9.480,2.000,0.010,2.305
2026-09-23T06:15:00Z,1.425,2.320,924.000,7571767296,8.330,8.330,1.000,0.010,2.467
2026-09-23T06:16:00Z,0.570,0.570,924.000,7571767296,11.980,11.980,1.000,0.020,2.172
2026-09-23T06:17:00Z,1.730,2.380,924.000,7571767296,5.240,5.240,1.000,0.010,3.087
2026-09-23T06:18:00Z,1.490,2.440,924.000,7570718720,8.280,8.280,1.000,0.010,1.403
2026-09-23T06:19:00Z,1.405,2.320,924.000,7570718720,8.010,8.010,1.000,0.010,2.330
2026-09-23T06:20:00Z,1.415,2.370,924.000,7571767296,5.380,5.380,1.000,0.010,2.125
2026-09-23T06:21:00Z,1.475,2.380,924.000,,10.610,10.610,1.000,0.020,1.442
2026-09-23T06:22:00Z,1.455,2.420,924.000,7571767296,26.590,26.590,1.000,0.700,2.955
2026-09-23T06:23:00Z,1.690,2.450,924.000,7572815872,19.980,19.980,1.000,0.060,6.750
2026-09-23T06:24:00Z,1.440,2.340,924.000,7572815872,8.380,8.380,6.000,0.010,5.088
2026-09-23T06:25:00Z,1.365,2.250,924.000,7572815872,4.360,4.360,2.000,0.000,2.210
2026-09-23T06:26:00Z,1.410,2.300,924.000,7571767296,8.860,8.860,1.000,0.010,1.188
2026-09-23T06:27:00Z,1.400,2.310,924.000,7571767296,6.680,6.680,0.000,0.010,2.495
2026-09-23T06:28:00Z,1.510,2.460,,7571767296,12.910,12.910,1.000,0.020,1.790
2026-09-23T06:29:00Z,1.455,2.350,924.000,7571767296,8.930,8.930,1.000,0.010,3.320
2026-09-23T06:30:00Z,1.450,2.380,924.000,7571767296,8.210,8.210,2.000,0.010,2.355
2026-09-23T06:31:00Z,1.495,2.360,924.000,7570718720,12.860,12.860,1.000,0.020,2.150
2026-09-23T06:32:00Z,,,,7570718720,12.310,12.310,1.000,0.020,3.525
2026-09-23T06:33:00Z,1.515,2.460,924.000,7568621568,19.510,19.510,1.000,0.040,3.180
2026-09-23T06:34:00Z,,,,7568621568,15.610,15.610,3.000,0.030,4.992
2026-09-23T06:35:00Z,1.492,2.410,924.000,7568621568,14.430,14.430,3.000,0.020,4.162
2026-09-23T06:36:00Z,1.570,2.500,924.000,,23.560,23.560,2.000,0.050,3.735
2026-09-23T06:37:00Z,1.555,2.440,924.000,7569670144,20.560,20.560,3.000,0.050,6.133
2026-09-23T06:38:00Z,1.475,2.360,924.000,7569670144,17.010,17.010,4.000,0.030,5.237
2026-09-23T06:39:00Z,1.540,2.470,924.000,7569670144,16.710,16.710,3.000,0.030,4.370
2026-09-23T06:40:00Z,1.445,2.380,924.000,7568621568,10.840,10.840,2.000,0.020,4.300
2026-09-23T06:41:00Z,1.410,2.290,924.000,7568621568,7.060,7.060,2.000,0.010,2.795
2026-09-23T06:42:00Z,,,924.000,7568621568,6.260,6.260,1.000,0.010,2.047
2026-09-23T06:43:00Z,1.387,2.280,924.000,7568621568,8.440,8.440,1.000,0.010,1.680
2026-09-23T06:44:00Z,1.375,2.230,924.000,7568621568,6.830,6.830,0.000,0.010,2.225
2026-09-23T06:45:00Z,1.395,2.290,924.000,7568621568,12.640,12.640,1.000,0.020,1.798
2026-09-23T06:46:00Z,1.420,2.320,924.000,7568621568,12.160,12.160,1.000,0.030,3.245
2026-09-23T06:47:00Z,1.530,2.430,924.000,7569670144,21.020,21.020,2.000,0.040,3.132
2026-09-23T06:48:00Z,1.595,2.420,924.000,7570718720,15.780,15.780,2.000,0.030,5.357
2026-09-23T06:49:00Z,1.400,2.280,924.000,7571767296,9.660,9.660,3.000,0.010,4.263
2026-09-23T06:50:00Z,,,,,8.960,8.960,2.000,0.010,2.518
2026-09-23T06:51:00Z,1.445,2.350,924.000,7571767296,7.730,7.730,1.000,0.010,2.337
2026-09-23T06:52:00Z,1.380,2.290,,,5.410,5.410,1.000,0.000,2.230
2026-09-23T06:53:00Z,1.345,2.210,924.000,7573864448,3.490,3.490,1.000,0.000,1.450
2026-09-23T06:54:00Z,,,924.000,7573864448,7.010,7.010,0.000,0.010,0.975
2026-09-23T06:55:00Z,1.413,2.330,924.000,7573864448,7.440,7.440,0.000,0.010,1.867
2026-09-23T06:56:00Z,1.445,2.400,924.000,7573864448,8.940,8.940,1.000,0.010,1.958
2026-09-23T06:57:00Z,1.405,2.330,924.000,7573864448,4.960,4.960,1.000,0.010,2.325
2026-09-23T06:58:00Z,2.230,3.920,924.000,7557087232,9.130,9.130,1.000,0.020,1.325
2026-09-23T06:59:00Z,1.520,2.370,924.000,7568621568,13.280,13.280,1.000,0.020,2.393
2026-09-23T07:00:00Z,1.410,2.250,924.000,7568621568,6.600,6.600,1.000,0.010,3.715
2026-09-23T07:01:00Z,1.730,2.520,924.000,7567572992,43.070,43.070,2.000,0.100,1.790
2026-09-23T07:02:00Z,,,,,26.140,26.140,4.000,0.050,11.075
2026-09-23T07:03:00Z,1.585,2.490,924.000,7568621568,13.940,13.940,5.000,0.020,6.625
2026-09-23T07:04:00Z,0.550,0.550,924.000,,16.810,16.810,3.000,0.030,3.600
2026-09-23T07:05:00Z,1.857,2.500,924.000,7569670144,16.820,16.820,1.000,0.030,4.295
2026-09-23T07:06:00Z,1.550,2.440,924.000,7569670144,18.180,18.180,3.000,0.030,4.320
2026-09-23T07:07:00Z,1.460,2.350,924.000,,17.270,17.270,3.000,0.030,4.798
2026-09-23T07:08:00Z,1.550,2.460,924.000,7569670144,20.710,20.710,2.000,0.040,4.428
2026-09-23T07:09:00Z,1.485,2.450,,,11.830,11.830,3.000,0.020,5.280
2026-09-23T07:10:00Z,1.500,2.410,924.000,7569670144,15.750,15.750,2.000,0.030,3.072
2026-09-23T07:11:00Z,1.580,2.500,924.000,7568621568,16.820,16.820,2.000,0.030,4.035
2026-09-23T07:12:00Z,1.555,2.490,924.000,7568621568,25.460,25.460,2.000,0.050,4.497
2026-09-23T07:13:00Z,1.505,2.440,,,16.640,16.640,3.000,0.030,6.473
2026-09-23T07:14:00Z,1.495,2.420,924.000,7567572992,12.760,12.760,3.000,0.020,4.265
2026-09-23T07:15:00Z,0.510,0.510,,7568621568,8.510,8.510,3.000,0.010,3.283
2026-09-23T07:16:00Z,1.777,2.420,924.000,7568621568,16.410,16.410,2.000,0.080,2.225
2026-09-23T07:17:00Z,1.360,2.240,924.000,7567572992,5.540,5.540,2.000,0.010,4.195
2026-09-23T07:18:00Z,1.445,2.370,924.000,7567572992,9.540,9.540,2.000,0.010,1.475
2026-09-23T07:19:00Z,1.440,2.370,,7568621568,10.460,10.460,1.000,0.020,2.632
2026-09-23T07:20:00Z,1.425,2.310,924.000,7568621568,8.080,8.080,1.000,0.010,2.732
2026-09-23T07:21:00Z,1.415,2.290,924.000,7568621568,8.780,8.780,1.000,0.010,2.110
2026-09-23T07:22:00Z,0.510,0.510,,,7.160,7.160,1.000,0.010,2.485
2026-09-23T07:23:00Z,1.730,2.400,924.000,7568621568,9.580,9.580,1.000,0.010,1.895
2026-09-23T07:24:00Z,1.470,2.380,,7568621568,13.160,13.160,1.000,0.020,2.487
2026-09-23T07:25:00Z,1.420,2.330,924.000,7568621568,10.080,10.080,1.000,0.020,3.400
2026-09-23T07:26:00Z,1.505,2.430,924.000,7568621568,11.940,11.940,2.000,0.020,2.612
2026-09-23T07:27:00Z,1.415,2.310,924.000,7568621568,9.630,9.630,2.000,0.020,3.083
2026-09-23T07:28:00Z,1.405,2.290,924.000,,8.660,8.660,2.000,0.010,2.505
2026-09-23T07:29:00Z,1.480,2.390,924.000,7567572992,13.060,13.060,1.000,0.020,2.237
2026-09-23T07:30:00Z,,,924.000,7569670144,8.660,8.660,1.000,0.010,3.375
2026-09-23T07:31:00Z,1.468,2.420,924.000,7570718720,16.770,16.770,2.000,0.130,2.255
2026-09-23T07:32:00Z,1.475,2.430,924.000,7570718720,10.120,10.120,2.000,0.010,4.495
2026-09-23T07:33:00Z,,,,,15.960,15.960,2.000,0.030,2.635
2026-09-23T07:34:00Z,1.518,2.430,924.000,7571767296,17.290,17.290,2.000,0.030,4.095
2026-09-23T07:35:00Z,1.420,2.350,924.000,7571767296,9.360,9.360,2.000,0.010,4.588
2026-09-23T07:36:00Z,,,,7571767296,19.240,19.240,2.000,0.040,2.458
2026-09-23T07:37:00Z,1.460,2.410,924.000,7572815872,8.130,8.130,2.000,0.010,5.053
2026-09-23T07:38:00Z,1.435,2.390,924.000,7572815872,9.960,9.960,2.000,0.020,2.125
2026-09-23T07:39:00Z,1.520,2.390,924.000,7570718720,13.710,13.710,1.000,0.020,2.595
2026-09-23T07:40:00Z,1.455,2.390,924.000,7569670144,9.310,9.310,1.000,0.010,3.730
2026-09-23T07:41:00Z,1.420,2.280,924.000,7569670144,8.840,8.840,2.000,0.010,2.450
2026-09-23T07:42:00Z,1.370,2.220,924.000,7570718720,6.880,6.880,1.000,0.010,2.507
2026-09-23T07:43:00Z,1.390,2.320,924.000,7570718720,10.010,10.010,1.000,0.010,1.812
2026-09-23T07:44:00Z,1.435,2.370,,,10.040,10.040,1.000,0.020,2.612
2026-09-23T07:45:00Z,,,924.000,7570718720,13.430,13.430,2.000,0.020,2.603
2026-09-23T07:46:00Z,1.450,2.420,924.000,7570718720,9.190,9.190,1.000,0.010,3.467
2026-09-23T07:47:00Z,,,,,7.910,7.910,2.000,0.010,2.390
2026-09-23T07:48:00Z,1.427,2.410,924.000,7570718720,10.490,10.490,1.000,0.010,2.067
2026-09-23T07:49:00Z,,,,,13.790,13.790,1.000,0.020,2.732
2026-09-23T07:50:00Z,1.472,2.490,924.000,7569670144,16.190,16.190,2.000,0.040,3.540
2026-09-23T07:51:00Z,1.475,2.340,924.000,7568621568,11.250,11.250,1.000,0.020,4.145
2026-09-23T07:52:00Z,1.445,2.360,,,10.390,10.390,3.000,0.020,3.107
2026-09-23T07:53:00Z,1.495,2.370,924.000,7567572992,12.820,12.820,1.000,0.020,2.708
2026-09-23T07:54:00Z,1.430,2.360,924.000,7567572992,13.820,13.820,2.000,0.020,3.315
2026-09-23T07:55:00Z,,,924.000,7566524416,8.830,8.830,1.000,0.010,3.558
2026-09-23T07:56:00Z,1.450,2.420,924.000,7566524416,16.010,16.010,2.000,0.040,2.310
2026-09-23T07:57:00Z,1.485,2.430,,7567572992,13.530,13.530,1.000,0.020,4.105
2026-09-23T07:58:00Z,1.455,2.390,924.000,7566524416,8.830,8.830,2.000,0.010,3.478
2026-09-23T07:59:00Z,2.260,2.370,924.000,7573864448,7.730,7.730,2.000,0.010,2.325
2026-09-23T08:00:00Z,1.415,2.360,924.000,7573864448,7.140,7.140,1.000,0.010,2.355
2026-09-23T08:01:00Z,1.570,2.410,924.000,7572815872,23.460,23.460,1.000,0.050,1.913
2026-09-23T08:02:00Z,1.485,2.420,924.000,7573864448,14.990,14.990,2.000,0.030,6.175
2026-09-23T08:03:00Z,1.505,2.470,924.000,7573864448,14.960,14.960,2.000,0.030,3.845
2026-09-23T08:04:00Z,1.550,2.470,924.000,7573864448,21.720,21.720,2.000,0.040,3.855
2026-09-23T08:05:00Z,1.490,2.380,924.000,7573864448,12.980,12.980,3.000,0.020,5.532
2026-09-23T08:06:00Z,1.540,2.490,924.000,7574913024,20.020,20.020,3.000,0.040,3.335
2026-09-23T08:07:00Z,,,,,25.140,25.140,2.000,0.060,5.258
2026-09-23T08:08:00Z,1.555,2.490,924.000,7574913024,20.830,20.830,3.000,0.040,6.388
2026-09-23T08:09:00Z,,,,,12.560,12.560,4.000,0.020,5.305
2026-09-23T08:10:00Z,1.480,2.370,924.000,7574913024,12.460,12.460,3.000,0.020,3.250
2026-09-23T08:11:00Z,1.510,2.400,924.000,7574913024,15.310,15.310,2.000,0.030,3.212
2026-09-23T08:12:00Z,,,,,16.090,16.090,2.000,0.030,4.117
2026-09-23T08:13:00Z,1.528,2.510,924.000,7574913024,17.920,17.920,2.000,0.040,4.128
2026-09-23T08:14:00Z,1.525,2.390,,,18.300,18.300,2.000,0.030,4.585
2026-09-23T08:15:00Z,1.455,2.380,924.000,7575961600,13.320,13.320,4.000,0.020,4.678
2026-09-23T08:16:00Z,,,924.000,7575961600,13.340,13.340,2.000,0.020,3.428
2026-09-23T08:17:00Z,1.485,2.400,924.000,7575961600,11.840,11.840,2.000,0.020,3.428
2026-09-23T08:18:00Z,1.560,2.540,924.000,7577010176,14.210,14.210,2.000,0.020,3.058
2026-09-23T08:19:00Z,1.475,2.370,924.000,7578058752,13.460,13.460,2.000,0.020,3.800
2026-09-23T08:20:00Z,1.460,2.340,924.000,7579107328,9.990,9.990,2.000,0.010,3.493
2026-09-23T08:21:00Z,1.420,2.290,924.000,7579107328,7.990,7.990,2.000,0.010,2.595
2026-09-23T08:22:00Z,1.425,2.330,924.000,7579107328,13.910,13.910,1.000,0.030,2.303
2026-09-23T08:23:00Z,1.365,2.180,924.000,7579107328,8.490,8.490,1.000,0.010,3.562
2026-09-23T08:24:00Z,1.435,2.350,924.000,7579107328,8.760,8.760,2.000,0.020,2.215
2026-09-23T08:25:00Z,,,924.000,7579107328,10.860,10.860,1.000,0.020,2.305
2026-09-23T08:26:00Z,1.427,2.350,924.000,7579107328,10.980,10.980,1.000,0.020,2.810
2026-09-23T08:27:00Z,1.415,2.330,924.000,7579107328,11.790,11.790,1.000,0.020,2.830
2026-09-23T08:28:00Z,1.450,2.350,924.000,7579107328,6.180,6.180,1.000,0.010,3.038
2026-09-23T08:29:00Z,1.575,2.330,924.000,7575961600,9.040,9.040,2.000,0.020,1.653
2026-09-23T08:30:00Z,1.415,2.320,924.000,7578058752,9.000,9.000,1.000,0.020,3.140
2026-09-23T08:31:00Z,,,924.000,7578058752,16.060,16.060,1.000,0.030,2.390
2026-09-23T08:32:00Z,1.442,2.320,924.000,7578058752,11.190,11.190,2.000,0.020,4.317
2026-09-23T08:33:00Z,1.400,2.240,924.000,7578058752,8.290,8.290,1.000,0.010,2.888
2026-09-23T08:34:00Z,1.395,2.240,924.000,7578058752,7.560,7.560,2.000,0.010,2.183
2026-09-23T08:35:00Z,1.385,2.320,,7578058752,11.190,11.190,1.000,0.020,2.158
2026-09-23T08:36:00Z,1.430,2.320,924.000,7578058752,8.010,8.010,1.000,0.010,2.902
2026-09-23T08:37:00Z,1.500,2.370,924.000,7578058752,16.410,16.410,2.000,0.030,2.245
2026-09-23T08:38:00Z,,,,7578058752,13.790,13.790,2.000,0.020,4.207
2026-09-23T08:39:00Z,1.485,2.430,924.000,7577010176,23.510,23.510,1.000,0.170,3.540
2026-09-23T08:40:00Z,,,,,15.960,15.960,3.000,0.030,5.992
2026-09-23T08:41:00Z,1.482,2.460,924.000,7577010176,9.430,9.430,3.000,0.010,4.117
2026-09-23T08:42:00Z,1.465,2.370,924.000,,9.110,9.110,2.000,0.010,2.680
2026-09-23T08:43:00Z,1.450,2.350,,7577010176,13.280,13.280,1.000,0.020,2.375
2026-09-23T08:44:00Z,1.520,2.450,924.000,7577010176,20.740,20.740,1.000,0.040,3.425
2026-09-23T08:45:00Z,,,,,5.860,5.860,2.000,0.010,5.287
2026-09-23T08:46:00Z,1.435,2.350,924.000,7578058752,9.310,9.310,3.000,0.020,1.555
2026-09-23T08:47:00Z,,,,,9.080,9.080,1.000,0.010,2.420
2026-09-23T08:48:00Z,1.403,2.330,924.000,7578058752,13.890,13.890,1.000,0.020,2.360
2026-09-23T08:49:00Z,1.430,2.270,924.000,7577010176,13.340,13.340,1.000,0.020,3.583
2026-09-23T08:50:00Z,,,,7577010176,6.980,6.980,2.000,0.010,3.428
2026-09-23T08:51:00Z,1.385,2.220,924.000,7577010176,8.680,8.680,2.000,0.030,1.843
2026-09-23T08:52:00Z,1.415,2.340,924.000,7577010176,8.280,8.280,1.000,0.010,2.450
2026-09-23T08:53:00Z,1.510,2.350,924.000,7574913024,9.390,9.390,1.000,0.020,2.190
2026-09-23T08:54:00Z,1.405,2.300,924.000,7574913024,6.980,6.980,1.000,0.010,2.665
2026-09-23T08:55:00Z,1.440,2.380,924.000,7574913024,9.780,9.780,1.000,0.010,1.835
2026-09-23T08:56:00Z,1.375,2.250,924.000,7575961600,7.790,7.790,1.000,0.010,2.535
2026-09-23T08:57:00Z,1.430,2.370,924.000,7575961600,9.050,9.050,1.000,0.010,2.050
2026-09-23T08:58:00Z,1.440,2.320,924.000,7575961600,14.390,14.390,1.000,0.020,2.360
2026-09-23T08:59:00Z,2.320,3.260,924.000,7559184384,12.690,12.690,2.000,0.020,3.712
2026-09-23T09:00:00Z,,,924.000,7582253056,6.330,6.330,2.000,0.010,3.565
2026-09-23T09:01:00Z,1.460,2.440,924.000,7580155904,16.480,16.480,2.000,0.030,1.742
2026-09-23T09:02:00Z,1.440,2.370,924.000,7580155904,10.990,10.990,1.000,0.020,4.423
2026-09-23T09:03:00Z,1.425,2.300,924.000,7580155904,7.240,7.240,2.000,0.010,2.857
2026-09-23T09:04:00Z,1.450,2.410,924.000,7580155904,10.240,10.240,1.000,0.040,1.915
2026-09-23T09:05:00Z,1.485,2.360,924.000,7579107328,15.910,15.910,1.000,0.030,2.652
2026-09-23T09:06:00Z,1.485,2.410,924.000,7579107328,12.760,12.760,2.000,0.020,4.095
2026-09-23T09:07:00Z,1.505,2.450,924.000,7579107328,12.660,12.660,2.000,0.020,3.438
2026-09-23T09:08:00Z,1.440,2.330,924.000,7579107328,8.180,8.180,2.000,0.010,3.255
2026-09-23T09:09:00Z,1.405,2.310,,7578058752,9.480,9.480,2.000,0.010,2.155
2026-09-23T09:10:00Z,1.430,2.330,924.000,,7.030,7.030,1.000,0.010,2.473
2026-09-23T09:11:00Z,1.485,2.370,924.000,7577010176,14.480,14.480,1.000,0.020,1.850
2026-09-23T09:12:00Z,,,,,10.210,10.210,1.000,0.020,3.922
2026-09-23T09:13:00Z,1.435,2.380,924.000,7577010176,9.860,9.860,2.000,0.010,2.658
2026-09-23T09:14:00Z,1.445,2.360,924.000,7577010176,7.540,7.540,1.000,0.010,2.570
2026-09-23T09:15:00Z,1.420,2.340,,7575961600,10.360,10.360,1.000,0.010,1.988
2026-09-23T09:16:00Z,1.410,2.350,924.000,7575961600,7.960,7.960,1.000,0.010,2.680
2026-09-23T09:17:00Z,1.420,2.340,924.000,7574913024,10.330,10.330,1.000,0.010,2.083
2026-09-23T09:18:00Z,1.465,2.310,924.000,7574913024,9.490,9.490,1.000,0.010,2.672
2026-09-23T09:19:00Z,1.475,2.380,924.000,7574913024,10.660,10.660,2.000,0.020,2.638
2026-09-23T09:20:00Z,1.435,2.410,924.000,7574913024,9.480,9.480,1.000,0.010,2.783
2026-09-23T09:21:00Z,1.470,2.360,924.000,7574913024,12.560,12.560,1.000,0.020,2.462
2026-09-23T09:22:00Z,,,,,5.630,5.630,1.000,0.010,3.425
2026-09-23T09:23:00Z,1.400,2.350,924.000,7574913024,8.250,8.250,1.000,0.010,1.518
2026-09-23T09:24:00Z,1.425,2.360,924.000,7573864448,10.640,10.640,1.000,0.020,2.158
2026-09-23T09:25:00Z,1.445,2.380,924.000,7573864448,10.540,10.540,1.000,0.020,2.777
2026-09-23T09:26:00Z,1.445,2.390,924.000,7573864448,11.660,11.660,2.000,0.020,2.740
2026-09-23T09:27:00Z,1.420,2.360,924.000,7574913024,8.240,8.240,1.000,0.010,3.000
2026-09-23T09:28:00Z,1.370,2.230,924.000,7573864448,8.330,8.330,1.000,0.010,2.152
2026-09-23T09:29:00Z,,,,7573864448,9.280,9.280,1.000,0.010,2.180
2026-09-23T09:30:00Z,1.387,2.300,924.000,7574913024,11.930,11.930,1.000,0.030,2.425
2026-09-23T09:31:00Z,1.430,2.270,924.000,7574913024,9.910,9.910,1.000,0.010,3.072
2026-09-23T09:32:00Z,1.450,2.380,924.000,7574913024,10.040,10.040,2.000,0.020,2.792
2026-09-23T09:33:00Z,1.460,2.370,924.000,7574913024,10.410,10.410,1.000,0.020,2.607
2026-09-23T09:34:00Z,1.485,2.410,924.000,7574913024,12.080,12.080,1.000,0.020,2.725
2026-09-23T09:35:00Z,1.450,2.370,924.000,,9.610,9.610,1.000,0.010,3.285
2026-09-23T09:36:00Z,,,,7574913024,8.830,8.830,2.000,0.010,2.518
2026-09-23T09:37:00Z,1.430,2.390,924.000,7574913024,6.740,6.740,1.000,0.010,2.465
2026-09-23T09:38:00Z,,,924.000,7574913024,6.830,6.830,1.000,0.010,1.762
2026-09-23T09:39:00Z,1.420,2.320,924.000,7574913024,5.390,5.390,1.000,0.010,1.825
2026-09-23T09:40:00Z,1.405,2.330,924.000,7574913024,9.240,9.240,0.000,0.020,1.488
2026-09-23T09:41:00Z,1.465,2.350,924.000,7574913024,8.960,8.960,1.000,0.010,2.408
2026-09-23T09:42:00Z,1.490,2.390,924.000,7574913024,10.410,10.410,1.000,0.010,2.545
2026-09-23T09:43:00Z,,,,7574913024,8.560,8.560,1.000,0.010,2.695
2026-09-23T09:44:00Z,1.425,2.340,924.000,7574913024,5.830,5.830,1.000,0.010,2.245
2026-09-23T09:45:00Z,1.440,2.280,924.000,7574913024,4.380,4.380,1.000,0.010,1.550
2026-09-23T09:46:00Z,1.430,2.360,924.000,7573864448,12.210,12.210,0.000,0.020,1.397
2026-09-23T09:47:00Z,,,,7573864448,8.380,8.380,1.000,0.010,3.147
2026-09-23T09:48:00Z,1.415,2.360,924.000,7572815872,9.230,9.230,2.000,0.010,2.185
2026-09-23T09:49:00Z,1.545,2.570,924.000,7572815872,25.370,25.370,1.000,0.090,2.413
2026-09-23T09:50:00Z,1.525,2.380,924.000,,15.820,15.820,1.000,0.080,6.435
2026-09-23T09:51:00Z,,,924.000,7573864448,8.190,8.190,5.000,0.020,4.045
2026-09-23T09:52:00Z,1.455,2.300,924.000,7572815872,8.830,8.830,1.000,0.010,2.328
2026-09-23T09:53:00Z,1.433,2.360,924.000,7571767296,8.380,8.380,0.000,0.010,2.330
2026-09-23T09:54:00Z,1.400,2.310,924.000,7571767296,6.510,6.510,1.000,0.010,2.217
2026-09-23T09:55:00Z,1.470,2.440,924.000,7571767296,11.480,11.480,1.000,0.020,1.735
2026-09-23T09:56:00Z,1.430,2.390,924.000,7571767296,9.940,9.940,1.000,0.020,2.998
2026-09-23T09:57:00Z,,,924.000,7571767296,13.810,13.810,2.000,0.020,2.590
2026-09-23T09:58:00Z,1.440,2.390,924.000,7570718720,6.830,6.830,2.000,0.010,3.672
2026-09-23T09:59:00Z,2.200,3.900,924.000,7553941504,8.430,8.430,2.000,0.010,1.812
2026-09-23T10:00:00Z,1.460,2.310,924.000,7577010176,9.140,9.140,1.000,0.010,2.217
2026-09-23T10:01:00Z,1.490,2.320,924.000,7577010176,12.160,12.160,1.000,0.030,2.675
2026-09-23T10:02:00Z,1.415,2.290,924.000,7577010176,11.250,11.250,2.000,0.020,3.342
2026-09-23T10:03:00Z,1.450,2.310,924.000,7577010176,10.580,10.580,2.000,0.020,2.915
2026-09-23T10:04:00Z,1.410,2.280,,,8.440,8.440,1.000,0.020,2.768
2026-09-23T10:05:00Z,1.435,2.350,924.000,7577010176,11.660,11.660,1.000,0.020,2.195
2026-09-23T10:06:00Z,1.425,2.300,924.000,7578058752,7.360,7.360,1.000,0.010,3.013
2026-09-23T10:07:00Z,1.385,2.290,924.000,7578058752,7.430,7.430,2.000,0.010,2.083
2026-09-23T10:08:00Z,1.395,2.290,924.000,7578058752,6.160,6.160,1.000,0.010,1.950
2026-09-23T10:09:00Z,1.375,2.280,924.000,7577010176,6.280,6.280,1.000,0.010,1.643
2026-09-23T10:10:00Z,1.370,2.280,924.000,7577010176,9.390,9.390,1.000,0.010,1.673
2026-09-23T10:11:00Z,1.535,2.410,924.000,7577010176,12.640,12.640,1.000,0.020,2.450
2026-09-23T10:12:00Z,0.540,0.540,924.000,,9.160,9.160,2.000,0.010,3.450
2026-09-23T10:13:00Z,1.827,2.450,924.000,7575961600,22.000,22.000,2.000,0.050,2.388
2026-09-23T10:14:00Z,1.385,2.300,924.000,7577010176,6.530,6.530,2.000,0.010,5.605
2026-09-23T10:15:00Z,1.400,2.290,924.000,7577010176,7.940,7.940,2.000,0.010,1.725
2026-09-23T10:16:00Z,,,,,8.430,8.430,1.000,0.010,2.070
2026-09-23T10:17:00Z,1.403,2.330,924.000,7577010176,7.840,7.840,1.000,0.010,2.205
2026-09-23T10:18:00Z,,,,,8.940,8.940,1.000,0.010,2.053
2026-09-23T10:19:00Z,1.395,2.230,924.000,7575961600,9.550,9.550,1.000,0.010,2.490
2026-09-23T10:20:00Z,,,,7572815872,11.330,11.330,1.000,0.060,2.510
2026-09-23T10:21:00Z,1.445,2.360,924.000,7572815872,10.420,10.420,1.000,0.020,2.905
2026-09-23T10:22:00Z,1.405,2.310,924.000,7572815872,8.080,8.080,1.000,0.010,2.895
2026-09-23T10:23:00Z,1.415,2.310,924.000,7572815872,7.140,7.140,1.000,0.010,2.147
2026-09-23T10:24:00Z,1.430,2.340,924.000,7572815872,9.990,9.990,1.000,0.010,1.890
2026-09-23T10:25:00Z,1.370,2.220,924.000,7572815872,5.980,5.980,1.000,0.010,2.615
2026-09-23T10:26:00Z,1.365,2.200,924.000,7572815872,8.910,8.910,1.000,0.010,1.597
2026-09-23T10:27:00Z,1.400,2.290,924.000,7572815872,6.010,6.010,1.000,0.010,2.317
2026-09-23T10:28:00Z,1.350,2.180,924.000,7572815872,6.330,6.330,1.000,0.010,1.593
2026-09-23T10:29:00Z,1.435,2.190,924.000,7572815872,7.130,7.130,0.000,0.010,1.692
2026-09-23T10:30:00Z,1.365,2.230,924.000,7572815872,8.480,8.480,1.000,0.010,2.090
2026-09-23T10:31:00Z,1.450,2.290,924.000,7572815872,8.940,8.940,1.000,0.010,2.223
2026-09-23T10:32:00Z,,,,,,,1.000,,2.527
2026-09-23T10:33:00Z,1.425,2.330,924.000,7572815872,9.010,9.010,,0.010,
2026-09-23T10:34:00Z,1.395,2.280,924.000,7572815872,6.580,6.580,1.000,0.010,2.337
2026-09-23T10:35:00Z,1.520,2.460,924.000,7572815872,5.390,5.390,1.000,0.010,1.755
2026-09-23T10:36:00Z,,,,,21.940,21.940,1.000,0.050,1.620
2026-09-23T10:37:00Z,1.468,2.370,924.000,7572815872,16.220,16.220,4.000,0.030,5.595
2026-09-23T10:38:00Z,0.540,0.540,924.000,7573864448,7.510,7.510,2.000,0.010,4.298
2026-09-23T10:39:00Z,1.723,2.370,924.000,7573864448,8.560,8.560,1.000,0.010,1.962
2026-09-23T10:40:00Z,1.410,2.380,924.000,7572815872,7.340,7.340,1.000,0.010,2.248
2026-09-23T10:41:00Z,1.450,2.300,924.000,7571767296,8.040,8.040,0.000,0.010,1.952
2026-09-23T10:42:00Z,1.350,2.230,924.000,7571767296,8.430,8.430,1.000,0.010,2.127
2026-09-23T10:43:00Z,1.375,2.210,924.000,7571767296,9.150,9.150,0.000,0.010,2.405
2026-09-23T10:44:00Z,1.420,2.360,924.000,7572815872,5.450,5.450,1.000,0.000,2.402
2026-09-23T10:45:00Z,1.345,2.220,924.000,7572815872,12.810,12.810,1.000,0.020,1.478
2026-09-23T10:46:00Z,1.440,2.380,924.000,7572815872,4.460,4.460,2.000,0.000,3.295
2026-09-23T10:47:00Z,,,,,13.990,13.990,1.000,0.020,1.208
2026-09-23T10:48:00Z,1.440,2.350,924.000,7572815872,10.560,10.560,2.000,0.020,3.590
2026-09-23T10:49:00Z,,,,,8.530,8.530,1.000,0.010,2.730
2026-09-23T10:50:00Z,1.427,2.370,924.000,7571767296,8.480,8.480,1.000,0.010,2.237
2026-09-23T10:51:00Z,1.475,2.330,924.000,7570718720,8.850,8.850,1.000,0.010,2.215
2026-09-23T10:52:00Z,,,,,13.740,13.740,1.000,0.020,2.303
2026-09-23T10:53:00Z,1.385,2.190,924.000,7571767296,7.610,7.610,2.000,0.010,3.728
2026-09-23T10:54:00Z,1.373,2.240,924.000,7571767296,10.360,10.360,1.000,0.010,2.025
2026-09-23T10:55:00Z,,,,7570718720,5.560,5.560,1.000,0.010,2.712
2026-09-23T10:56:00Z,1.405,2.310,924.000,7571767296,9.720,9.720,1.000,0.020,1.492
2026-09-23T10:57:00Z,1.400,2.330,924.000,7571767296,11.910,11.910,2.000,0.030,2.535
2026-09-23T10:58:00Z,,,,,8.410,8.410,1.000,0.010,3.080
2026-09-23T10:59:00Z,1.395,2.270,924.000,7571767296,8.630,8.630,1.000,0.010,2.195
2026-09-23T11:00:00Z,1.410,2.330,924.000,7571767296,7.180,7.180,1.000,0.010,2.280
2026-09-23T11:01:00Z,1.925,2.440,924.000,7572815872,9.890,9.890,1.000,0.020,1.913
2026-09-23T11:02:00Z,,,,,33.610,33.610,3.000,0.270,2.853
2026-09-23T11:03:00Z,1.530,2.380,924.000,7572815872,17.360,17.360,5.000,0.160,8.700
2026-09-23T11:04:00Z,1.485,2.280,924.000,7572815872,21.760,21.760,2.000,0.050,4.450
2026-09-23T11:05:00Z,1.470,2.360,924.000,7572815872,16.060,16.060,4.000,0.030,5.510
2026-09-23T11:06:00Z,1.500,2.350,924.000,7572815872,12.730,12.730,1.000,0.020,4.125
2026-09-23T11:07:00Z,,,924.000,,18.060,18.060,2.000,0.060,3.305
2026-09-23T11:08:00Z,1.505,2.420,924.000,7572815872,20.760,20.760,3.000,0.040,4.755
2026-09-23T11:09:00Z,1.415,2.320,924.000,7572815872,10.480,10.480,3.000,0.010,5.280
2026-09-23T11:10:00Z,1.465,2.360,924.000,7572815872,13.430,13.430,1.000,0.030,2.730
2026-09-23T11:11:00Z,1.500,2.340,924.000,7571767296,13.880,13.880,2.000,0.040,3.455
2026-09-23T11:12:00Z,,,924.000,7571767296,11.680,11.680,2.000,0.020,3.562
2026-09-23T11:13:00Z,1.468,2.360,924.000,7570718720,8.560,8.560,1.000,0.020,3.217
2026-09-23T11:14:00Z,1.435,2.340,924.000,7570718720,22.560,22.560,2.000,0.140,2.237
2026-09-23T11:15:00Z,1.480,2.340,924.000,,11.450,11.450,3.000,0.020,5.750
2026-09-23T11:16:00Z,1.500,2.460,924.000,7570718720,10.810,10.810,1.000,0.020,2.953
2026-09-23T11:17:00Z,1.460,2.380,924.000,7570718720,17.620,17.620,2.000,0.040,2.792
2026-09-23T11:18:00Z,1.470,2.380,924.000,7569670144,12.210,12.210,2.000,0.020,4.503
2026-09-23T11:19:00Z,1.410,2.330,924.000,7569670144,8.980,8.980,1.000,0.010,3.150
2026-09-23T11:20:00Z,1.520,2.520,924.000,7568621568,11.110,11.110,1.000,0.020,2.498
2026-09-23T11:21:00Z,1.520,2.480,924.000,7566524416,16.480,16.480,2.000,0.040,2.908
2026-09-23T11:22:00Z,,,,,14.840,14.840,2.000,0.070,4.218
2026-09-23T11:23:00Z,1.583,2.520,924.000,7567572992,34.760,34.760,3.000,0.090,4.000
2026-09-23T11:24:00Z,1.550,2.510,924.000,7567572992,28.080,28.080,5.000,0.080,8.805
2026-09-23T11:25:00Z,1.550,2.430,924.000,7567572992,28.150,28.150,4.000,0.060,7.122
2026-09-23T11:26:00Z,1.565,2.470,924.000,7568621568,20.290,20.290,5.000,0.030,7.145
2026-09-23T11:27:00Z,1.605,2.520,,7568621568,23.630,23.630,3.000,0.040,5.178
2026-09-23T11:28:00Z,1.640,2.570,924.000,,25.680,25.680,4.000,0.050,5.997
2026-09-23T11:29:00Z,1.590,2.520,924.000,7568621568,25.050,25.050,4.000,0.040,6.513
2026-09-23T11:30:00Z,1.585,2.440,924.000,7568621568,25.990,25.990,4.000,0.050,6.365
2026-09-23T11:31:00Z,1.595,2.490,924.000,7569670144,22.780,22.780,4.000,0.340,6.607
2026-09-23T11:32:00Z,0.680,0.680,,7569670144,26.890,26.890,4.000,0.050,5.793
2026-09-23T11:33:00Z,1.843,2.520,924.000,7569670144,27.140,27.140,5.000,0.050,7.037
2026-09-23T11:34:00Z,1.545,2.340,924.000,7568621568,25.780,25.780,3.000,0.360,6.900
2026-09-23T11:35:00Z,1.565,2.460,924.000,7568621568,21.820,21.820,5.000,0.040,6.550
2026-09-23T11:36:00Z,1.610,2.570,924.000,7568621568,26.650,26.650,4.000,0.060,5.745
2026-09-23T11:37:00Z,1.575,2.460,924.000,7568621568,29.070,29.070,4.000,0.090,6.758
2026-09-23T11:38:00Z,1.590,2.480,924.000,7568621568,23.520,23.520,5.000,0.050,7.520
2026-09-23T11:39:00Z,,,,,26.610,26.610,4.000,0.050,6.008
2026-09-23T11:40:00Z,1.657,2.540,924.000,7564427264,40.270,40.270,4.000,0.840,6.760
2026-09-23T11:41:00Z,1.780,2.680,924.000,7564427264,39.390,39.390,8.000,0.140,10.172
2026-09-23T11:42:00Z,1.615,2.420,924.000,7566524416,47.410,47.410,7.000,0.120,9.977
2026-09-23T11:43:00Z,,,924.000,7567572992,22.560,22.560,6.000,0.040,12.143
2026-09-23T11:44:00Z,1.655,2.510,924.000,7566524416,33.540,33.540,4.000,0.130,5.942
2026-09-23T11:45:00Z,1.705,2.610,924.000,7566524416,37.970,37.970,6.000,0.100,8.495
2026-09-23T11:46:00Z,1.760,2.650,924.000,7566524416,41.640,41.640,6.000,0.120,9.598
2026-09-23T11:47:00Z,1.730,2.600,924.000,7565475840,47.670,47.670,8.000,0.170,10.512
2026-09-23T11:48:00Z,1.665,2.600,924.000,7564427264,35.000,35.000,8.000,0.070,12.000
2026-09-23T11:49:00Z,1.720,2.500,924.000,7561281536,31.020,31.020,5.000,0.060,8.840
2026-09-23T11:50:00Z,1.515,2.440,924.000,7562330112,40.400,40.400,8.000,1.450,7.865
2026-09-23T11:51:00Z,1.705,2.530,924.000,7562330112,26.040,26.040,4.000,0.060,10.203
2026-09-23T11:52:00Z,1.525,2.460,924.000,7562330112,26.690,26.690,4.000,0.060,6.595
2026-09-23T11:53:00Z,1.555,2.480,924.000,7562330112,18.210,18.210,3.000,0.030,6.952
2026-09-23T11:54:00Z,1.500,2.360,924.000,7562330112,23.780,23.780,3.000,0.050,4.655
2026-09-23T11:55:00Z,1.375,2.200,924.000,7562330112,17.460,17.460,4.000,0.030,6.055
2026-09-23T11:56:00Z,1.455,2.370,,7562330112,9.360,9.360,2.000,0.010,4.473
2026-09-23T11:57:00Z,1.490,2.320,924.000,7562330112,15.520,15.520,1.000,0.030,2.438
2026-09-23T11:58:00Z,,,,,15.530,15.530,3.000,0.030,3.973
2026-09-23T11:59:00Z,1.502,2.410,924.000,7562330112,16.590,16.590,2.000,0.030,3.973
2026-09-23T12:00:00Z,,,,,18.290,18.290,2.000,0.030,4.253
2026-09-23T12:01:00Z,2.410,3.470,924.000,7551844352,29.990,29.990,3.000,0.060,4.665
2026-09-23T12:02:00Z,1.732,2.560,924.000,7572815872,45.580,45.580,8.000,0.120,7.938
2026-09-23T12:03:00Z,1.510,2.370,924.000,7571767296,36.480,36.480,6.000,0.080,11.715
2026-09-23T12:04:00Z,1.710,2.660,924.000,7572815872,22.810,22.810,5.000,0.040,9.242
2026-09-23T12:05:00Z,1.575,2.490,924.000,7572815872,44.280,44.280,5.000,0.270,5.812
2026-09-23T12:06:00Z,1.565,2.470,924.000,7572815872,26.410,26.410,6.000,0.050,11.178
2026-09-23T12:07:00Z,1.570,2.460,924.000,7572815872,18.710,18.710,4.000,0.040,6.720
2026-09-23T12:08:00Z,1.530,2.430,924.000,,24.470,24.470,3.000,0.050,4.930
2026-09-23T12:09:00Z,1.535,2.420,924.000,7570718720,26.680,26.680,3.000,0.060,6.207
2026-09-23T12:10:00Z,1.545,2.420,924.000,7570718720,22.210,22.210,4.000,0.040,6.793
2026-09-23T12:11:00Z,1.550,2.410,924.000,7568621568,20.360,20.360,4.000,0.040,5.647
2026-09-23T12:12:00Z,,,,,19.330,19.330,3.000,0.030,5.192
2026-09-23T12:13:00Z,1.605,2.450,924.000,7568621568,26.150,26.150,3.000,0.060,5.117
2026-09-23T12:14:00Z,,,,,27.120,27.120,4.000,0.050,6.845
2026-09-23T12:15:00Z,1.562,2.410,924.000,7569670144,29.130,29.130,5.000,0.080,6.897
2026-09-23T12:16:00Z,1.550,2.450,924.000,7569670144,22.320,22.320,4.000,0.040,7.378
2026-09-23T12:17:00Z,1.565,2.480,924.000,7570718720,24.400,24.400,3.000,0.090,5.678
2026-09-23T12:18:00Z,1.625,2.520,924.000,7570718720,24.570,24.570,4.000,0.050,6.195
2026-09-23T12:19:00Z,1.570,2.500,924.000,7570718720,30.110,30.110,4.000,0.240,6.235
2026-09-23T12:20:00Z,1.595,2.570,924.000,7570718720,24.180,24.180,5.000,0.050,7.830
2026-09-23T12:21:00Z,1.685,2.570,924.000,7570718720,30.360,30.360,4.000,0.060,6.143
2026-09-23T12:22:00Z,,,924.000,7570718720,26.040,26.040,5.000,0.060,7.683
2026-09-23T12:23:00Z,1.595,2.600,924.000,7570718720,23.170,23.170,4.000,0.040,6.815
2026-09-23T12:24:00Z,1.545,2.450,924.000,7570718720,26.890,26.890,3.000,0.050,5.883
2026-09-23T12:25:00Z,1.610,2.430,924.000,7568621568,20.860,20.860,5.000,0.030,6.815
2026-09-23T12:26:00Z,1.590,2.440,924.000,7568621568,29.200,29.200,4.000,0.090,5.330
2026-09-23T12:27:00Z,1.470,2.350,924.000,7567572992,25.130,25.130,5.000,0.070,7.397
2026-09-23T12:28:00Z,1.525,2.400,924.000,7567572992,14.790,14.790,3.000,0.020,6.372
2026-09-23T12:29:00Z,1.560,2.500,924.000,7566524416,22.140,22.140,3.000,0.050,3.788
2026-09-23T12:30:00Z,,,,,19.530,19.530,3.000,0.060,5.625
2026-09-23T12:31:00Z,1.552,2.470,924.000,7563378688,16.910,16.910,3.000,0.030,4.980
2026-09-23T12:32:00Z,1.575,2.470,924.000,7563378688,24.590,24.590,3.000,0.040,4.322
2026-09-23T12:33:00Z,1.540,2.410,924.000,7564427264,24.860,24.860,4.000,0.050,6.463
2026-09-23T12:34:00Z,1.505,2.340,924.000,7564427264,21.620,21.620,4.000,0.090,6.330
2026-09-23T12:35:00Z,1.555,2.530,924.000,7564427264,18.790,18.790,3.000,0.030,5.520
2026-09-23T12:36:00Z,1.610,2.500,,7564427264,24.870,24.870,2.000,0.060,4.965
2026-09-23T12:37:00Z,1.515,2.410,924.000,7564427264,28.130,28.130,5.000,0.140,6.303
2026-09-23T12:38:00Z,,,924.000,7564427264,15.530,15.530,4.000,0.030,7.280
2026-09-23T12:39:00Z,1.550,2.510,924.000,7565475840,24.650,24.650,2.000,0.060,3.973
2026-09-23T12:40:00Z,1.550,2.400,924.000,7565475840,20.410,20.410,5.000,0.040,6.282
2026-09-23T12:41:00Z,1.640,2.480,924.000,7565475840,29.340,29.340,4.000,0.320,5.200
2026-09-23T12:42:00Z,1.575,2.450,924.000,7565475840,34.640,34.640,4.000,0.100,7.457
2026-09-23T12:43:00Z,1.575,2.510,924.000,7566524416,22.990,22.990,6.000,0.050,8.977
2026-09-23T12:44:00Z,1.545,2.410,,7566524416,25.410,25.410,4.000,0.050,5.840
2026-09-23T12:45:00Z,1.480,2.330,924.000,7566524416,22.560,22.560,4.000,0.040,6.457
2026-09-23T12:46:00Z,,,924.000,7566524416,18.180,18.180,4.000,0.030,5.737
2026-09-23T12:47:00Z,1.490,2.390,924.000,7566524416,20.740,20.740,3.000,0.030,4.655
2026-09-23T12:48:00Z,1.550,2.590,924.000,7566524416,13.030,13.030,3.000,0.020,5.282
2026-09-23T12:49:00Z,1.560,2.500,924.000,7565475840,21.150,21.150,1.000,0.550,3.355
2026-09-23T12:50:00Z,1.470,2.370,924.000,,22.020,22.020,4.000,0.040,5.410
2026-09-23T12:51:00Z,1.500,2.420,924.000,7562330112,15.340,15.340,4.000,0.030,5.610
2026-09-23T12:52:00Z,1.515,2.500,924.000,7562330112,14.080,14.080,1.000,0.020,3.925
2026-09-23T12:53:00Z,,,,,17.690,17.690,2.000,0.050,3.825
2026-09-23T12:54:00Z,1.548,2.580,924.000,7563378688,16.780,16.780,4.000,0.030,4.525
2026-09-23T12:55:00Z,,,,7563378688,23.690,23.690,2.000,0.080,4.317
2026-09-23T12:56:00Z,1.465,2.430,924.000,,19.410,19.410,4.000,0.050,6.015
2026-09-23T12:57:00Z,1.525,2.500,924.000,7563378688,24.490,24.490,3.000,0.050,4.942
2026-09-23T12:58:00Z,1.605,2.410,924.000,7564427264,27.860,27.860,4.000,0.060,6.215
2026-09-23T12:59:00Z,1.540,2.470,924.000,7564427264,24.740,24.740,5.000,0.060,7.055
2026-09-23T13:00:00Z,2.290,4.000,924.000,7564427264,17.160,17.160,3.000,0.030,6.295
2026-09-23T13:01:00Z,1.810,2.650,924.000,7542407168,22.210,22.210,3.000,0.120,4.397
2026-09-23T13:02:00Z,1.600,2.510,924.000,7562330112,41.530,41.530,5.000,0.090,5.645
2026-09-23T13:03:00Z,1.505,2.400,924.000,7562330112,28.210,28.210,6.000,0.060,10.998
2026-09-23T13:04:00Z,1.555,2.490,924.000,7562330112,18.980,18.980,4.000,0.040,7.155
2026-09-23T13:05:00Z,1.460,2.270,924.000,7562330112,28.600,28.600,3.000,0.060,4.830
2026-09-23T13:06:00Z,1.520,2.440,,7562330112,18.030,18.030,5.000,0.030,7.260
2026-09-23T13:07:00Z,1.490,2.440,924.000,7562330112,18.750,18.750,3.000,0.040,4.625
2026-09-23T13:08:00Z,1.560,2.400,924.000,7562330112,18.440,18.440,2.000,0.040,4.945
2026-09-23T13:09:00Z,1.560,2.430,924.000,7562330112,28.470,28.470,3.000,0.060,4.700
2026-09-23T13:10:00Z,1.455,2.370,924.000,7562330112,23.540,23.540,5.000,0.050,7.220
2026-09-23T13:11:00Z,1.660,2.650,924.000,7562330112,14.870,14.870,3.000,0.030,6.000
2026-09-23T13:12:00Z,1.505,2.400,924.000,7563378688,34.340,34.340,2.000,0.180,3.820
2026-09-23T13:13:00Z,1.610,2.500,924.000,7563378688,21.710,21.710,6.000,0.050,8.912
2026-09-23T13:14:00Z,1.585,2.590,924.000,7563378688,28.370,28.370,4.000,0.070,5.505
2026-09-23T13:15:00Z,1.490,2.370,924.000,,22.000,22.000,4.000,0.050,7.207
2026-09-23T13:16:00Z,1.590,2.490,924.000,7563378688,23.190,23.190,3.000,0.160,5.603
2026-09-23T13:17:00Z,1.740,2.570,924.000,7564427264,30.950,30.950,4.000,0.090,5.900
2026-09-23T13:18:00Z,,,924.000,,51.590,51.590,6.000,0.220,7.830
2026-09-23T13:19:00Z,1.562,2.470,924.000,7563378688,26.120,26.120,8.000,0.050,12.995
2026-09-23T13:20:00Z,,,924.000,7564427264,20.890,20.890,3.000,0.040,6.777
2026-09-23T13:21:00Z,1.510,2.420,924.000,7561281536,13.160,13.160,3.000,0.020,5.357
2026-09-23T13:22:00Z,1.605,2.560,924.000,7561281536,15.640,15.640,2.000,0.030,3.375
2026-09-23T13:23:00Z,1.575,2.490,924.000,7562330112,25.070,25.070,2.000,0.060,4.202
2026-09-23T13:24:00Z,1.515,2.430,924.000,7561281536,21.240,21.240,4.000,0.060,6.365
2026-09-23T13:25:00Z,1.870,2.600,924.000,7559184384,20.270,20.270,4.000,0.040,5.428
2026-09-23T13:26:00Z,1.885,2.660,924.000,7559184384,74.200,74.200,8.000,1.230,5.165
2026-09-23T13:27:00Z,,,,,55.250,55.250,10.000,0.130,18.648
2026-09-23T13:28:00Z,1.790,2.810,924.000,7559184384,46.440,46.440,9.000,0.500,13.915
2026-09-23T13:29:00Z,,,924.000,,67.120,67.120,7.000,2.770,11.703
2026-09-23T13:30:00Z,1.670,2.800,,7559184384,72.350,72.350,14.000,1.170,16.890
2026-09-23T13:31:00Z,3.370,4.340,924.000,7558135808,90.300,90.300,12.000,2.660,18.190
2026-09-23T13:32:00Z,2.840,3.710,924.000,7557087232,314.770,314.770,31.000,17.460,22.668
2026-09-23T13:33:00Z,1.780,1.780,,7558135808,191.560,191.560,46.000,0.860,78.985
2026-09-23T13:34:00Z,2.697,3.400,924.000,7557087232,156.890,156.890,32.000,0.590,47.995
2026-09-23T13:35:00Z,,,,,128.260,128.260,26.000,0.550,39.340
2026-09-23T13:36:00Z,2.643,3.910,924.000,7550795776,132.150,132.150,24.000,2.160,32.343
2026-09-23T13:37:00Z,2.355,3.030,924.000,7550795776,227.260,227.260,27.000,12.240,33.140
2026-09-23T13:38:00Z,,,,,126.480,126.480,34.000,0.630,57.075
2026-09-23T13:39:00Z,2.237,3.190,924.000,7552892928,119.190,119.190,22.000,0.700,31.712
2026-09-23T13:40:00Z,2.280,3.210,924.000,7554990080,121.550,121.550,19.000,0.620,29.902
2026-09-23T13:41:00Z,2.380,3.150,,7552892928,121.730,121.730,21.000,0.840,30.485
2026-09-23T13:42:00Z,2.290,3.050,924.000,7551844352,140.480,140.480,25.000,3.010,30.560
2026-09-23T13:43:00Z,2.150,2.930,924.000,7549747200,134.230,134.230,25.000,1.080,35.422
2026-09-23T13:44:00Z,2.210,3.020,924.000,7553941504,113.740,113.740,20.000,0.600,33.660
2026-09-23T13:45:00Z,2.045,2.950,924.000,7553941504,108.210,108.210,19.000,0.440,28.550
2026-09-23T13:46:00Z,2.700,3.650,924.000,7550795776,92.120,92.120,18.000,1.510,27.150
2026-09-23T13:47:00Z,,,,,195.260,195.260,21.000,2.360,23.128
2026-09-23T13:48:00Z,2.740,3.350,924.000,7552892928,185.230,185.230,36.000,2.530,48.917
2026-09-23T13:49:00Z,2.692,3.720,924.000,7551844352,229.010,229.010,33.000,4.790,46.410
2026-09-23T13:50:00Z,2.530,3.280,924.000,7550795776,157.370,157.370,36.000,1.390,57.367
2026-09-23T13:51:00Z,2.900,3.570,924.000,7548698624,174.380,174.380,30.000,2.350,39.445
2026-09-23T13:52:00Z,2.535,3.340,924.000,,213.140,213.140,33.000,2.180,43.688
2026-09-23T13:53:00Z,2.675,3.410,924.000,7550795776,175.990,175.990,33.000,1.200,53.600
2026-09-23T13:54:00Z,2.830,3.870,924.000,7549747200,192.580,192.580,34.000,2.890,44.087
2026-09-23T13:55:00Z,2.650,3.420,924.000,7546601472,203.570,203.570,31.000,2.010,48.248
2026-09-23T13:56:00Z,2.625,3.530,924.000,7546601472,178.660,178.660,37.000,1.800,50.975
2026-09-23T13:57:00Z,2.680,3.370,924.000,7547650048,176.930,176.930,31.000,1.300,44.758
2026-09-23T13:58:00Z,2.545,3.410,,7549747200,190.050,190.050,33.000,2.530,44.337
2026-09-23T13:59:00Z,2.635,3.380,924.000,7550795776,172.150,172.150,30.000,1.740,47.610
2026-09-23T14:00:00Z,2.370,3.210,924.000,7549747200,178.790,178.790,31.000,2.180,43.153
2026-09-23T14:01:00Z,3.810,4.170,924.000,7548698624,149.000,149.000,28.000,1.320,44.790
2026-09-23T14:02:00Z,2.495,3.340,924.000,7549747200,220.640,220.640,32.000,2.980,37.355
2026-09-23T14:03:00Z,2.625,3.290,924.000,7547650048,174.640,174.640,35.000,1.240,55.650
2026-09-23T14:04:00Z,,,,,167.450,167.450,33.000,1.880,43.807
2026-09-23T14:05:00Z,2.558,3.490,924.000,7546601472,156.850,156.850,27.000,1.400,41.970
2026-09-23T14:06:00Z,2.605,3.570,924.000,7546601472,185.350,185.350,28.000,2.290,39.310
2026-09-23T14:07:00Z,2.580,3.560,924.000,7545552896,186.450,186.450,33.000,1.690,46.465
2026-09-23T14:08:00Z,2.565,3.340,924.000,7547650048,186.270,186.270,31.000,1.810,46.840
2026-09-23T14:09:00Z,2.430,3.100,924.000,7547650048,170.590,170.590,34.000,1.600,46.688
2026-09-23T14:10:00Z,2.635,3.520,924.000,7544504320,154.640,154.640,32.000,2.980,42.752
2026-09-23T14:11:00Z,3.025,3.920,924.000,7542407168,178.760,178.760,25.000,1.890,38.765
2026-09-23T14:12:00Z,2.390,2.390,924.000,,242.690,242.690,35.000,5.170,44.998
2026-09-23T14:13:00Z,3.330,4.050,924.000,7542407168,283.840,283.840,46.000,7.110,61.013
2026-09-23T14:14:00Z,2.990,3.820,924.000,7544504320,246.380,246.380,48.000,4.650,71.062
2026-09-23T14:15:00Z,3.020,3.960,924.000,7541358592,244.170,244.170,44.000,4.650,61.715
2026-09-23T14:16:00Z,3.090,3.950,924.000,7541358592,257.420,257.420,43.000,6.650,61.140
2026-09-23T14:17:00Z,,,,7541358592,246.390,246.390,44.000,5.840,64.465
2026-09-23T14:18:00Z,2.680,3.490,924.000,7543455744,196.970,196.970,42.000,2.440,61.695
2026-09-23T14:19:00Z,3.000,3.900,924.000,7541358592,259.010,259.010,35.000,7.580,49.333
2026-09-23T14:20:00Z,2.800,3.580,924.000,7531921408,222.410,222.410,43.000,3.620,65.007
2026-09-23T14:21:00Z,3.155,3.890,924.000,7531921408,202.800,202.800,41.000,1.650,55.730
2026-09-23T14:22:00Z,2.800,3.700,,7529824256,274.180,274.180,41.000,5.160,50.815
2026-09-23T14:23:00Z,3.085,3.940,924.000,7534018560,217.500,217.500,42.000,3.200,68.838
2026-09-23T14:24:00Z,2.985,3.810,924.000,7536115712,255.320,255.320,42.000,5.790,54.483
2026-09-23T14:25:00Z,,,924.000,7531921408,248.040,248.040,41.000,6.040,63.932
2026-09-23T14:26:00Z,3.040,4.250,924.000,7532969984,215.320,215.320,46.000,2.630,62.125
2026-09-23T14:27:00Z,3.115,3.720,924.000,7534018560,329.390,329.390,41.000,26.690,53.928
2026-09-23T14:28:00Z,2.710,3.540,,7532969984,240.860,240.860,57.000,6.880,82.440
2026-09-23T14:29:00Z,2.635,3.630,924.000,7534018560,188.960,188.960,37.000,2.290,60.312
2026-09-23T14:30:00Z,,,924.000,,190.780,190.780,31.000,4.120,47.330
2026-09-23T14:31:00Z,2.942,3.900,924.000,7531921408,212.530,212.530,36.000,2.450,47.805
2026-09-23T14:32:00Z,2.900,3.850,924.000,7536115712,255.380,255.380,39.000,3.350,53.225
2026-09-23T14:33:00Z,2.670,3.580,924.000,7532969984,223.850,223.850,44.000,3.780,64.147
2026-09-23T14:34:00Z,2.650,3.660,924.000,7529824256,193.060,193.060,38.000,2.210,56.072
2026-09-23T14:35:00Z,,,,,184.700,184.700,31.000,1.780,48.367
2026-09-23T14:36:00Z,2.755,3.720,924.000,7529824256,187.920,187.920,33.000,2.950,46.440
2026-09-23T14:37:00Z,2.485,3.400,924.000,7535067136,236.350,236.350,40.000,11.660,47.072
2026-09-23T14:38:00Z,2.975,4.280,924.000,7528775680,159.390,159.390,35.000,0.870,59.340
2026-09-23T14:39:00Z,3.055,3.930,924.000,7524581376,282.240,282.240,29.000,34.330,39.932
2026-09-23T14:40:00Z,2.525,3.250,924.000,7525629952,264.620,264.620,57.000,11.380,70.670
2026-09-23T14:41:00Z,2.910,3.690,924.000,7526678528,168.330,168.330,39.000,2.380,66.265
2026-09-23T14:42:00Z,,,924.000,7528775680,240.130,240.130,34.000,3.390,42.222
2026-09-23T14:43:00Z,2.467,3.290,924.000,7530872832,170.240,170.240,39.000,1.180,60.325
2026-09-23T14:44:00Z,,,924.000,7530872832,146.290,146.290,28.000,1.300,42.663
2026-09-23T14:45:00Z,2.388,3.150,924.000,7526678528,128.690,128.690,23.000,1.010,36.693
2026-09-23T14:46:00Z,2.515,3.160,924.000,7529824256,177.070,177.070,27.000,3.410,32.265
2026-09-23T14:47:00Z,2.385,3.210,924.000,7530872832,162.590,162.590,31.000,2.320,44.373
2026-09-23T14:48:00Z,,,,,145.080,145.080,26.000,2.410,40.750
2026-09-23T14:49:00Z,2.228,3.230,924.000,7522484224,105.380,105.380,23.000,0.940,36.367
2026-09-23T14:50:00Z,2.080,3.000,924.000,7526678528,156.930,156.930,21.000,5.500,26.455
2026-09-23T14:51:00Z,2.365,3.220,924.000,7526678528,112.010,112.010,24.000,6.560,39.335
2026-09-23T14:52:00Z,2.870,4.080,924.000,7523532800,149.990,149.990,22.000,2.250,28.100
2026-09-23T14:53:00Z,3.205,3.380,924.000,7521435648,287.740,287.740,27.000,42.280,37.788
2026-09-23T14:54:00Z,3.280,4.480,,7524581376,289.120,289.120,67.000,25.540,72.045
2026-09-23T14:55:00Z,3.370,3.750,924.000,7526678528,347.360,347.360,38.000,43.990,72.403
2026-09-23T14:56:00Z,3.215,3.660,924.000,7522484224,303.400,303.400,74.000,26.880,86.950
2026-09-23T14:57:00Z,,,924.000,7523532800,304.890,304.890,40.000,35.350,75.940
2026-09-23T14:58:00Z,2.402,2.990,924.000,7522484224,125.410,125.410,51.000,1.270,76.325
2026-09-23T14:59:00Z,,,924.000,7526678528,179.070,179.070,30.000,8.310,31.455
2026-09-23T15:00:00Z,2.055,2.610,924.000,,91.700,91.700,22.000,0.330,44.873
2026-09-23T15:01:00Z,2.757,3.960,924.000,7506755584,119.030,119.030,16.000,0.960,23.017
2026-09-23T15:02:00Z,2.380,2.870,924.000,7521435648,163.380,163.380,24.000,2.360,29.855
2026-09-23T15:03:00Z,,,924.000,7522484224,149.660,149.660,31.000,2.200,41.265
2026-09-23T15:04:00Z,2.342,2.860,924.000,7524581376,154.440,154.440,24.000,4.930,37.597
2026-09-23T15:05:00Z,2.135,2.730,924.000,7525629952,131.650,131.650,26.000,1.020,38.737
2026-09-23T15:06:00Z,2.170,2.800,924.000,7524581376,117.530,117.530,21.000,0.740,33.005
2026-09-23T15:07:00Z,2.225,2.880,924.000,7521435648,121.950,121.950,21.000,1.230,29.480
2026-09-23T15:08:00Z,2.000,2.690,924.000,7523532800,117.620,117.620,20.000,0.710,30.740
2026-09-23T15:09:00Z,2.025,2.450,924.000,7524581376,105.660,105.660,19.000,1.680,29.497
2026-09-23T15:10:00Z,1.850,2.380,924.000,7524581376,89.530,89.530,19.000,0.910,26.525
2026-09-23T15:11:00Z,2.055,2.450,924.000,7524581376,77.070,77.070,15.000,1.360,22.488
2026-09-23T15:12:00Z,2.045,2.520,924.000,7523532800,101.270,101.270,15.000,1.270,19.370
2026-09-23T15:13:00Z,2.280,2.640,924.000,7522484224,108.280,108.280,17.000,0.770,25.613
2026-09-23T15:14:00Z,2.025,2.340,924.000,7522484224,128.600,128.600,20.000,0.810,27.185
2026-09-23T15:15:00Z,1.895,2.250,924.000,7523532800,95.060,95.060,24.000,0.670,32.255
2026-09-23T15:16:00Z,,,924.000,,95.310,95.310,13.000,0.930,23.867
2026-09-23T15:17:00Z,2.127,2.540,924.000,7525629952,93.920,93.920,17.000,0.900,23.922
2026-09-23T15:18:00Z,2.340,2.580,924.000,7521435648,122.860,122.860,18.000,1.080,23.578
2026-09-23T15:19:00Z,,,,7520387072,142.720,142.720,23.000,2.950,30.825
2026-09-23T15:20:00Z,2.010,2.360,924.000,7521435648,93.550,93.550,22.000,0.670,35.910
2026-09-23T15:21:00Z,2.100,2.260,924.000,7522484224,102.980,102.980,16.000,0.950,23.510
2026-09-23T15:22:00Z,2.050,2.480,924.000,7520387072,87.320,87.320,18.000,0.370,25.817
2026-09-23T15:23:00Z,2.120,2.180,924.000,7521435648,108.770,108.770,15.000,0.890,22.170
2026-09-23T15:24:00Z,2.100,2.220,,,109.100,109.100,20.000,1.210,27.320
2026-09-23T15:25:00Z,,,924.000,7517241344,103.450,103.450,19.000,0.900,27.352
2026-09-23T15:26:00Z,2.038,2.270,924.000,7517241344,104.030,104.030,17.000,2.300,25.980
2026-09-23T15:27:00Z,2.070,2.200,924.000,7516192768,96.880,96.880,19.000,1.140,26.105
2026-09-23T15:28:00Z,2.045,2.270,924.000,7516192768,113.380,113.380,17.000,1.470,24.323
2026-09-23T15:29:00Z,2.300,2.310,924.000,7518289920,110.010,110.010,18.000,2.330,28.448
2026-09-23T15:30:00Z,2.530,2.640,924.000,7516192768,138.000,138.000,23.000,2.260,27.593
2026-09-23T15:31:00Z,2.340,2.380,924.000,7517241344,179.580,179.580,26.000,2.570,34.605
2026-09-23T15:32:00Z,2.295,2.510,924.000,7522484224,142.350,142.350,29.000,1.110,44.987
2026-09-23T15:33:00Z,2.140,2.250,924.000,7522484224,140.630,140.630,23.000,0.890,35.907
2026-09-23T15:34:00Z,2.085,2.090,924.000,7522484224,110.480,110.480,24.000,0.650,35.273
2026-09-23T15:35:00Z,2.225,2.360,,7519338496,100.670,100.670,19.000,0.820,27.735
2026-09-23T15:36:00Z,2.265,2.310,924.000,7520387072,128.320,128.320,19.000,1.010,25.435
2026-09-23T15:37:00Z,2.030,2.040,924.000,7520387072,127.920,127.920,23.000,1.930,32.182
2026-09-23T15:38:00Z,1.930,2.030,924.000,7521435648,99.210,99.210,20.000,0.900,32.233
2026-09-23T15:39:00Z,2.050,2.160,924.000,7522484224,81.710,81.710,16.000,0.360,24.895
2026-09-23T15:40:00Z,1.965,1.970,924.000,7522484224,89.840,89.840,16.000,0.580,20.555
2026-09-23T15:41:00Z,1.950,1.960,924.000,7521435648,91.180,91.180,16.000,0.580,22.562
2026-09-23T15:42:00Z,2.070,2.070,924.000,,90.970,90.970,13.000,3.830,22.922
2026-09-23T15:43:00Z,2.167,2.210,,7521435648,119.180,119.180,17.000,5.320,23.038
2026-09-23T15:44:00Z,2.220,2.300,924.000,7521435648,94.730,94.730,21.000,1.250,29.900
2026-09-23T15:45:00Z,2.100,2.110,924.000,7522484224,124.640,124.640,17.000,1.690,23.788
2026-09-23T15:46:00Z,,,924.000,7522484224,102.820,102.820,22.000,1.310,31.270
2026-09-23T15:47:00Z,1.948,2.040,924.000,7521435648,88.550,88.550,16.000,0.480,25.795
2026-09-23T15:48:00Z,2.130,2.250,924.000,7521435648,73.720,73.720,15.000,0.270,22.240
2026-09-23T15:49:00Z,2.030,2.110,924.000,7521435648,104.570,104.570,13.000,1.050,18.523
2026-09-23T15:50:00Z,2.350,2.780,924.000,7515144192,117.390,117.390,20.000,6.910,26.253
2026-09-23T15:51:00Z,2.275,2.530,924.000,,144.890,144.890,27.000,6.750,29.445
2026-09-23T15:52:00Z,2.395,2.500,924.000,7513047040,118.770,118.770,20.000,0.790,36.320
2026-09-23T15:53:00Z,2.265,2.420,924.000,7514095616,166.740,166.740,22.000,3.440,29.983
2026-09-23T15:54:00Z,,,,,127.800,127.800,25.000,0.960,41.800
2026-09-23T15:55:00Z,2.075,2.290,924.000,7514095616,97.290,97.290,25.000,0.720,32.060
2026-09-23T15:56:00Z,2.045,2.240,924.000,7513047040,101.410,101.410,14.000,1.870,24.418
2026-09-23T15:57:00Z,1.970,2.370,924.000,7511998464,100.500,100.500,18.000,0.870,25.455
2026-09-23T15:58:00Z,1.825,2.090,924.000,7516192768,94.270,94.270,18.000,0.730,25.220
2026-09-23T15:59:00Z,1.955,2.170,924.000,7517241344,63.060,63.060,13.000,0.450,23.675
2026-09-23T16:00:00Z,1.805,2.050,924.000,7519338496,89.710,89.710,12.000,0.800,15.880
2026-09-23T16:01:00Z,2.885,3.310,924.000,7497318400,76.220,76.220,15.000,0.590,22.530
2026-09-23T16:02:00Z,2.000,2.340,924.000,7522484224,102.150,102.150,15.000,0.570,19.157
2026-09-23T16:03:00Z,3.495,4.850,,7502561280,85.060,85.060,17.000,0.410,25.910
2026-09-23T16:04:00Z,2.730,2.730,924.000,7504658432,60.260,60.260,13.000,0.400,21.633
2026-09-23T16:05:00Z,1.877,2.280,924.000,7513047040,74.790,74.790,12.000,0.750,16.137
2026-09-23T16:06:00Z,1.855,2.230,924.000,7515144192,95.090,95.090,12.000,1.210,20.113
2026-09-23T16:07:00Z,1.790,2.180,,7516192768,71.630,71.630,16.000,0.320,24.175
2026-09-23T16:08:00Z,,,924.000,7519338496,67.030,67.030,13.000,0.630,18.172
2026-09-23T16:09:00Z,1.925,2.250,924.000,7519338496,80.710,80.710,10.000,0.590,16.867
2026-09-23T16:10:00Z,1.877,2.300,924.000,7519338496,76.550,76.550,15.000,0.760,20.293
2026-09-23T16:11:00Z,1.740,2.260,,,69.670,69.670,14.000,0.550,19.240
2026-09-23T16:12:00Z,1.780,2.110,924.000,7521435648,54.300,54.300,11.000,0.230,17.525
2026-09-23T16:13:00Z,1.960,2.350,,,75.890,75.890,9.000,0.500,13.873
2026-09-23T16:14:00Z,1.735,2.220,924.000,7519338496,78.700,78.700,13.000,0.620,19.095
2026-09-23T16:15:00Z,1.655,2.080,924.000,7519338496,49.590,49.590,13.000,0.160,19.797
2026-09-23T16:16:00Z,1.910,2.510,,7519338496,45.840,45.840,8.000,0.220,12.508
2026-09-23T16:17:00Z,,,924.000,7520387072,87.420,87.420,11.000,1.900,11.553
2026-09-23T16:18:00Z,1.998,2.680,,,91.480,91.480,14.000,1.380,21.965
2026-09-23T16:19:00Z,1.935,2.270,924.000,7527727104,103.200,103.200,16.000,1.430,22.990
2026-09-23T16:20:00Z,1.835,2.350,924.000,7530872832,96.550,96.550,16.000,1.070,26.095
2026-09-23T16:21:00Z,1.990,2.480,924.000,7528775680,69.680,69.680,16.000,0.530,24.242
2026-09-23T16:22:00Z,,,,,85.430,85.430,13.000,1.330,17.510
2026-09-23T16:23:00Z,1.805,2.530,924.000,7528775680,70.970,70.970,16.000,0.640,21.668
2026-09-23T16:24:00Z,1.845,2.450,,7535067136,70.610,70.610,10.000,0.990,17.848
2026-09-23T16:25:00Z,1.887,2.490,924.000,7534018560,96.420,96.420,13.000,1.180,17.730
2026-09-23T16:26:00Z,1.830,2.220,924.000,7536115712,63.270,63.270,16.000,0.560,24.215
2026-09-23T16:27:00Z,1.875,2.290,924.000,7535067136,66.980,66.980,10.000,0.520,15.920
2026-09-23T16:28:00Z,1.805,2.320,924.000,7518289920,70.410,70.410,12.000,0.640,16.830
2026-09-23T16:29:00Z,,,924.000,,65.120,65.120,12.000,0.890,17.692
2026-09-23T16:30:00Z,1.778,2.390,924.000,7521435648,52.300,52.300,13.000,0.510,16.370
2026-09-23T16:31:00Z,2.025,2.640,924.000,7521435648,67.030,67.030,8.000,0.690,13.185
2026-09-23T16:32:00Z,2.640,2.640,924.000,7522484224,90.430,90.430,12.000,0.970,16.860
2026-09-23T16:33:00Z,1.667,2.780,924.000,7524581376,80.330,80.330,15.000,0.840,22.922
2026-09-23T16:34:00Z,1.955,2.740,924.000,,81.030,81.030,14.000,1.450,20.185
2026-09-23T16:35:00Z,1.890,2.450,,7526678528,70.710,70.710,14.000,0.740,20.385
2026-09-23T16:36:00Z,1.945,2.760,924.000,7523532800,62.100,62.100,12.000,0.400,17.938
2026-09-23T16:37:00Z,,,,,62.240,62.240,11.000,0.410,15.617
2026-09-23T16:38:00Z,1.775,2.600,924.000,7522484224,58.590,58.590,10.000,0.630,16.090
2026-09-23T16:39:00Z,1.775,2.340,924.000,7524581376,64.430,64.430,9.000,0.630,14.750
2026-09-23T16:40:00Z,,,,,54.550,54.550,11.000,0.720,16.218
2026-09-23T16:41:00Z,1.958,2.920,924.000,7524581376,81.330,81.330,11.000,1.430,13.742
2026-09-23T16:42:00Z,1.935,2.820,924.000,7522484224,70.080,70.080,13.000,0.940,20.460
2026-09-23T16:43:00Z,2.000,2.770,924.000,7525629952,82.730,82.730,13.000,4.380,17.835
2026-09-23T16:44:00Z,1.950,2.920,924.000,,92.330,92.330,14.000,0.970,20.788
2026-09-23T16:45:00Z,2.165,3.050,924.000,7523532800,71.210,71.210,17.000,0.540,23.205
2026-09-23T16:46:00Z,,,,,123.650,123.650,13.000,3.870,17.895
2026-09-23T16:47:00Z,2.728,3.260,924.000,7513047040,248.900,248.900,23.000,20.400,30.997
2026-09-23T16:48:00Z,2.340,3.420,924.000,7520387072,190.260,190.260,46.000,4.890,62.303
2026-09-23T16:49:00Z,,,,7522484224,136.890,136.890,33.000,2.140,47.650
2026-09-23T16:50:00Z,1.995,2.910,924.000,7521435648,83.210,83.210,19.000,0.510,34.337
2026-09-23T16:51:00Z,2.565,4.170,924.000,7520387072,133.010,133.010,15.000,1.380,20.898
2026-09-23T16:52:00Z,2.585,3.540,924.000,7522484224,220.110,220.110,32.000,4.100,33.350
2026-09-23T16:53:00Z,2.530,3.550,924.000,7521435648,181.150,181.150,34.000,1.940,55.307
2026-09-23T16:54:00Z,2.505,3.590,,7520387072,165.620,165.620,31.000,1.550,45.398
2026-09-23T16:55:00Z,,,924.000,,180.950,180.950,33.000,3.970,41.520
2026-09-23T16:56:00Z,2.285,3.460,924.000,7522484224,117.820,117.820,26.000,0.820,45.343
2026-09-23T16:57:00Z,2.260,3.290,924.000,7520387072,128.630,128.630,20.000,1.270,29.558
2026-09-23T16:58:00Z,2.255,3.270,924.000,7518289920,134.000,134.000,23.000,1.670,32.250
2026-09-23T16:59:00Z,2.260,3.120,924.000,7518289920,134.200,134.200,25.000,4.440,33.597
2026-09-23T17:00:00Z,2.115,3.140,,,124.390,124.390,23.000,1.180,33.660
2026-09-23T17:01:00Z,2.385,3.550,924.000,7519338496,109.200,109.200,23.000,2.460,31.190
2026-09-23T17:02:00Z,3.005,4.870,924.000,7523532800,139.320,139.320,21.000,2.660,27.402
2026-09-23T17:03:00Z,3.480,4.450,924.000,7514095616,95.020,95.020,19.000,0.360,35.145
2026-09-23T17:04:00Z,3.980,3.980,924.000,7516192768,351.990,351.990,30.000,22.670,24.190
2026-09-23T17:05:00Z,2.480,3.530,924.000,7517241344,254.310,254.310,57.000,5.790,88.120
2026-09-23T17:06:00Z,2.510,3.400,924.000,7517241344,182.820,182.820,41.000,2.380,63.688
2026-09-23T17:07:00Z,2.390,3.450,924.000,7519338496,167.600,167.600,31.000,1.480,45.803
2026-09-23T17:08:00Z,2.175,3.040,924.000,7518289920,143.250,143.250,30.000,1.680,42.140
2026-09-23T17:09:00Z,,,924.000,7519338496,117.250,117.250,22.000,1.010,35.935
2026-09-23T17:10:00Z,2.130,3.240,,,104.990,104.990,23.000,1.140,29.435
2026-09-23T17:11:00Z,2.288,3.470,924.000,7516192768,132.780,132.780,16.000,1.160,26.340
2026-09-23T17:12:00Z,2.190,2.980,924.000,7517241344,118.720,118.720,24.000,0.800,33.297
2026-09-23T17:13:00Z,2.085,2.970,,7518289920,120.060,120.060,19.000,0.890,29.962
2026-09-23T17:14:00Z,2.110,3.160,924.000,7516192768,106.630,106.630,21.000,1.460,30.133
2026-09-23T17:15:00Z,2.150,3.150,924.000,7516192768,100.710,100.710,17.000,1.700,26.780
2026-09-23T17:16:00Z,2.150,2.980,924.000,7515144192,97.900,97.900,19.000,0.690,25.288
2026-09-23T17:17:00Z,2.110,3.050,924.000,7517241344,108.610,108.610,15.000,0.640,24.767
2026-09-23T17:18:00Z,,,,7516192768,111.450,111.450,21.000,1.160,27.255
2026-09-23T17:19:00Z,2.270,3.250,924.000,7517241344,116.920,116.920,19.000,1.260,27.977
2026-09-23T17:20:00Z,,,,,146.690,146.690,22.000,2.680,29.460
2026-09-23T17:21:00Z,2.460,3.640,924.000,7510949888,165.900,165.900,26.000,4.200,36.807
2026-09-23T17:22:00Z,2.180,3.110,924.000,7516192768,148.200,148.200,32.000,1.540,41.578
2026-09-23T17:23:00Z,2.205,3.100,924.000,7509901312,131.950,131.950,23.000,2.080,37.343
2026-09-23T17:24:00Z,2.085,2.900,924.000,,103.610,103.610,21.000,0.800,33.110
2026-09-23T17:25:00Z,2.140,3.150,924.000,7514095616,103.740,103.740,18.000,0.900,25.983
2026-09-23T17:26:00Z,2.085,3.020,924.000,7514095616,106.310,106.310,20.000,0.930,26.052
2026-09-23T17:27:00Z,2.010,2.930,924.000,7516192768,100.520,100.520,17.000,1.440,26.675
2026-09-23T17:28:00Z,1.835,2.690,924.000,7515144192,88.780,88.780,17.000,1.580,25.235
2026-09-23T17:29:00Z,2.960,2.960,,,66.280,66.280,13.000,0.360,22.297
2026-09-23T17:30:00Z,0.830,0.830,924.000,7515144192,78.740,78.740,13.000,0.590,16.660
2026-09-23T17:31:00Z,2.040,3.180,924.000,7513047040,79.370,79.370,13.000,0.950,19.785
2026-09-23T17:32:00Z,2.180,3.290,924.000,7510949888,110.140,110.140,15.000,1.580,19.935
2026-09-23T17:33:00Z,2.165,3.180,924.000,7510949888,124.710,124.710,18.000,3.090,27.845
2026-09-23T17:34:00Z,2.035,2.850,,7513047040,102.260,102.260,22.000,0.570,31.295
2026-09-23T17:35:00Z,1.995,3.120,924.000,7514095616,92.010,92.010,16.000,1.670,25.683
2026-09-23T17:36:00Z,1.980,2.950,924.000,7514095616,77.240,77.240,18.000,0.730,23.267
2026-09-23T17:37:00Z,1.895,2.850,924.000,7515144192,84.840,84.840,12.000,0.710,19.415
2026-09-23T17:38:00Z,1.990,3.000,,,70.940,70.940,14.000,0.290,21.445
2026-09-23T17:39:00Z,1.940,2.920,924.000,7510949888,81.540,81.540,13.000,0.630,17.858
2026-09-23T17:40:00Z,1.995,2.960,924.000,7507804160,72.620,72.620,14.000,0.370,20.508
2026-09-23T17:41:00Z,2.590,2.990,924.000,7507804160,85.830,85.830,12.000,0.740,18.250
2026-09-23T17:42:00Z,3.135,4.560,924.000,7508852736,225.880,225.880,15.000,31.240,21.587
2026-09-23T17:43:00Z,2.720,3.700,924.000,7508852736,251.220,251.220,54.000,16.930,56.755
2026-09-23T17:44:00Z,3.030,4.290,924.000,7507804160,200.740,200.740,36.000,2.900,62.920
2026-09-23T17:45:00Z,,,,,242.560,242.560,42.000,7.800,50.307
2026-09-23T17:46:00Z,2.630,3.790,924.000,7507804160,180.600,180.600,35.000,2.300,60.742
2026-09-23T17:47:00Z,,,924.000,,187.970,187.970,30.000,3.380,45.248
2026-09-23T17:48:00Z,2.547,3.670,,7503609856,189.210,189.210,36.000,2.850,47.095
2026-09-23T17:49:00Z,2.350,3.420,924.000,7500464128,164.100,164.100,31.000,1.540,47.395
2026-09-23T17:50:00Z,2.030,3.030,924.000,7500464128,150.120,150.120,30.000,3.310,41.135
2026-09-23T17:51:00Z,3.170,3.170,924.000,7500464128,104.020,104.020,24.000,0.850,37.638
2026-09-23T17:52:00Z,1.717,2.930,924.000,7503609856,106.230,106.230,18.000,1.280,26.095
2026-09-23T17:53:00Z,2.085,3.050,924.000,7506755584,81.570,81.570,17.000,0.520,26.843
2026-09-23T17:54:00Z,2.070,2.990,924.000,7504658432,86.170,86.170,13.000,0.720,20.495
2026-09-23T17:55:00Z,2.265,3.330,924.000,7502561280,112.820,112.820,17.000,1.360,21.652
2026-09-23T17:56:00Z,1.935,2.870,,7500464128,128.980,128.980,22.000,1.930,28.297
2026-09-23T17:57:00Z,1.825,2.730,924.000,7500464128,72.540,72.540,18.000,0.450,32.343
2026-09-23T17:58:00Z,2.135,2.940,924.000,7496269824,69.110,69.110,12.000,0.460,18.240
2026-09-23T17:59:00Z,2.075,2.930,924.000,7496269824,112.400,112.400,12.000,1.470,17.375
2026-09-23T18:00:00Z,,,924.000,7498366976,96.020,96.020,20.000,1.150,28.215
2026-09-23T18:01:00Z,2.215,3.340,924.000,7498366976,104.840,104.840,17.000,1.330,24.100
2026-09-23T18:02:00Z,3.940,3.940,924.000,7479492608,131.000,131.000,21.000,1.430,26.295
2026-09-23T18:03:00Z,2.230,3.050,924.000,7501512704,132.120,132.120,21.000,2.930,33.042
2026-09-23T18:04:00Z,2.170,3.220,924.000,7491026944,124.170,124.170,24.000,6.380,33.460
2026-09-23T18:05:00Z,2.205,3.100,924.000,7489978368,111.330,111.330,21.000,1.530,31.212
2026-09-23T18:06:00Z,2.220,3.240,924.000,7491026944,126.390,126.390,19.000,1.220,27.922
2026-09-23T18:07:00Z,2.095,3.200,924.000,7488929792,126.590,126.590,24.000,1.850,31.695
2026-09-23T18:08:00Z,1.890,2.880,924.000,7487881216,99.920,99.920,21.000,0.700,31.913
2026-09-23T18:09:00Z,,,,,76.490,76.490,15.000,0.800,25.095
2026-09-23T18:10:00Z,1.927,2.970,924.000,7485784064,82.590,82.590,13.000,0.550,19.238
2026-09-23T18:11:00Z,2.045,3.090,924.000,7488929792,63.260,63.260,13.000,0.270,20.740
2026-09-23T18:12:00Z,2.680,2.680,924.000,7489978368,91.790,91.790,13.000,0.760,15.920
2026-09-23T18:13:00Z,1.560,2.790,924.000,7491026944,65.930,65.930,13.000,0.200,23.250
2026-09-23T18:14:00Z,,,,,64.350,64.350,10.000,0.400,16.570
2026-09-23T18:15:00Z,1.827,2.820,924.000,7488929792,70.410,70.410,12.000,0.730,16.190
2026-09-23T18:16:00Z,1.860,2.710,924.000,7489978368,56.380,56.380,10.000,0.600,17.705
2026-09-23T18:17:00Z,1.950,2.930,924.000,7491026944,71.050,71.050,11.000,1.040,14.180
2026-09-23T18:18:00Z,1.935,2.790,924.000,7495221248,84.540,84.540,13.000,1.400,17.852
2026-09-23T18:19:00Z,1.860,2.780,924.000,7499415552,90.420,90.420,13.000,2.460,21.245
2026-09-23T18:20:00Z,1.840,2.850,924.000,7500464128,74.630,74.630,17.000,0.970,22.835
2026-09-23T18:21:00Z,1.885,2.900,924.000,7503609856,65.710,65.710,13.000,0.420,18.797
2026-09-23T18:22:00Z,1.860,2.690,924.000,7502561280,71.170,71.170,12.000,0.480,16.517
2026-09-23T18:23:00Z,1.745,2.800,924.000,7499415552,83.270,83.270,10.000,0.820,18.090
2026-09-23T18:24:00Z,1.820,2.730,924.000,7500464128,47.140,47.140,15.000,0.190,20.935
2026-09-23T18:25:00Z,1.675,2.610,924.000,7499415552,64.260,64.260,8.000,0.600,11.865
2026-09-23T18:26:00Z,1.785,2.720,924.000,7501512704,42.380,42.380,10.000,0.130,16.175
2026-09-23T18:27:00Z,1.685,2.560,924.000,7502561280,64.030,64.030,8.000,0.630,10.693
2026-09-23T18:28:00Z,1.840,2.860,924.000,7502561280,53.780,53.780,9.000,0.260,16.098
2026-09-23T18:29:00Z,2.000,3.000,924.000,7498366976,68.620,68.620,9.000,1.700,13.547
2026-09-23T18:30:00Z,1.930,2.860,924.000,7498366976,84.460,84.460,13.000,1.000,17.247
2026-09-23T18:31:00Z,2.085,2.940,924.000,7501512704,77.770,77.770,14.000,0.510,21.250
2026-09-23T18:32:00Z,,,924.000,7498366976,104.860,104.860,14.000,2.020,19.753
2026-09-23T18:33:00Z,2.060,3.090,924.000,7498366976,95.150,95.150,20.000,1.020,26.517
2026-09-23T18:34:00Z,1.810,2.810,,7498366976,57.040,57.040,14.000,0.520,23.880
2026-09-23T18:35:00Z,1.867,2.920,924.000,7502561280,58.500,58.500,10.000,0.840,14.375
2026-09-23T18:36:00Z,1.805,2.700,924.000,7500464128,76.150,76.150,11.000,0.730,14.893
2026-09-23T18:37:00Z,,,,,62.330,62.330,12.000,0.250,19.140
2026-09-23T18:38:00Z,1.857,2.950,924.000,7502561280,63.960,63.960,11.000,0.430,15.835
2026-09-23T18:39:00Z,2.195,3.320,924.000,7504658432,84.380,84.380,13.000,1.170,16.113
2026-09-23T18:40:00Z,1.820,2.850,924.000,7505707008,119.870,119.870,19.000,3.130,21.212
2026-09-23T18:41:00Z,2.010,2.990,924.000,7503609856,70.880,70.880,16.000,0.860,30.078
2026-09-23T18:42:00Z,1.945,2.930,924.000,7500464128,86.460,86.460,12.000,0.870,17.855
2026-09-23T18:43:00Z,,,924.000,7500464128,75.450,75.450,15.000,0.400,21.933
2026-09-23T18:44:00Z,1.833,2.930,924.000,7501512704,61.100,61.100,11.000,0.380,18.955
2026-09-23T18:45:00Z,,,,,69.040,69.040,13.000,0.360,15.385
2026-09-23T18:46:00Z,1.785,2.810,924.000,7503609856,66.370,66.370,10.000,0.450,17.358
2026-09-23T18:47:00Z,,,,7504658432,52.070,52.070,12.000,0.170,16.683
2026-09-23T18:48:00Z,1.728,2.630,924.000,7504658432,55.370,55.370,8.000,0.390,13.107
2026-09-23T18:49:00Z,1.825,2.770,924.000,7502561280,52.310,52.310,9.000,0.410,13.935
2026-09-23T18:50:00Z,1.735,2.630,924.000,7502561280,70.020,70.020,10.000,0.470,13.193
2026-09-23T18:51:00Z,1.940,2.930,924.000,7502561280,53.920,53.920,12.000,0.260,17.598
2026-09-23T18:52:00Z,1.665,2.630,,,85.180,85.180,11.000,0.870,13.578
2026-09-23T18:53:00Z,1.850,2.730,924.000,7502561280,44.120,44.120,13.000,0.170,21.575
2026-09-23T18:54:00Z,1.720,2.630,924.000,7503609856,72.000,72.000,7.000,0.460,11.252
2026-09-23T18:55:00Z,1.680,2.660,924.000,7500464128,52.760,52.760,12.000,0.400,18.128
2026-09-23T18:56:00Z,1.860,2.680,924.000,7500464128,45.510,45.510,10.000,0.650,13.285
2026-09-23T18:57:00Z,,,,,74.740,74.740,7.000,0.630,11.465
2026-09-23T18:58:00Z,1.970,2.820,924.000,7501512704,93.770,93.770,13.000,0.500,18.790
2026-09-23T18:59:00Z,1.890,3.040,924.000,7497318400,73.300,73.300,15.000,1.360,23.535
2026-09-23T19:00:00Z,1.775,2.570,924.000,7497318400,69.800,69.800,13.000,0.480,18.440
2026-09-23T19:01:00Z,2.100,3.280,924.000,7497318400,80.310,80.310,11.000,1.920,17.552
2026-09-23T19:02:00Z,2.750,2.900,924.000,7480541184,89.180,89.180,16.000,1.180,20.175
2026-09-23T19:03:00Z,1.885,3.000,924.000,7505707008,92.340,92.340,14.000,1.170,22.575
2026-09-23T19:04:00Z,1.925,2.780,924.000,7505707008,60.660,60.660,16.000,1.260,23.215
2026-09-23T19:05:00Z,1.895,3.010,924.000,7504658432,86.350,86.350,9.000,0.900,15.600
2026-09-23T19:06:00Z,2.740,2.740,924.000,7502561280,67.190,67.190,16.000,0.690,21.685
2026-09-23T19:07:00Z,1.613,2.790,924.000,7502561280,74.810,74.810,11.000,1.090,16.887
2026-09-23T19:08:00Z,2.015,2.940,924.000,7503609856,82.860,82.860,13.000,1.140,18.962
2026-09-23T19:09:00Z,1.825,2.780,924.000,7503609856,97.480,97.480,15.000,1.000,20.835
2026-09-23T19:10:00Z,1.810,2.740,924.000,7503609856,69.290,69.290,16.000,0.710,24.485
2026-09-23T19:11:00Z,,,924.000,7502561280,68.010,68.010,11.000,0.550,17.425
2026-09-23T19:12:00Z,1.810,2.870,924.000,7501512704,60.410,60.410,13.000,0.340,17.100
2026-09-23T19:13:00Z,1.815,2.680,924.000,7501512704,64.680,64.680,9.000,0.580,15.412
2026-09-23T19:14:00Z,1.885,2.850,924.000,7498366976,68.550,68.550,12.000,1.620,16.277
2026-09-23T19:15:00Z,,,,,78.530,78.530,12.000,0.680,17.245
2026-09-23T19:16:00Z,1.913,2.910,924.000,7498366976,62.420,62.420,13.000,0.440,19.738
2026-09-23T19:17:00Z,,,924.000,7500464128,72.350,72.350,11.000,0.790,15.877
2026-09-23T19:18:00Z,2.005,3.190,924.000,7500464128,104.140,104.140,16.000,1.140,18.172
2026-09-23T19:19:00Z,1.825,2.750,924.000,7502561280,80.150,80.150,14.000,0.640,26.133
2026-09-23T19:20:00Z,1.935,2.970,924.000,7500464128,64.990,64.990,14.000,0.870,20.310
2026-09-23T19:21:00Z,1.930,3.000,924.000,7499415552,82.700,82.700,12.000,1.010,16.370
2026-09-23T19:22:00Z,1.935,2.860,924.000,7501512704,70.920,70.920,14.000,0.690,20.760
2026-09-23T19:23:00Z,1.805,2.780,924.000,7502561280,75.270,75.270,10.000,0.610,18.032
2026-09-23T19:24:00Z,1.775,2.850,924.000,7502561280,60.150,60.150,13.000,0.390,18.938
2026-09-23T19:25:00Z,1.735,2.640,924.000,7501512704,57.070,57.070,11.000,0.450,15.152
2026-09-23T19:26:00Z,2.015,2.930,924.000,7501512704,53.190,53.190,9.000,0.350,14.365
2026-09-23T19:27:00Z,2.045,2.820,924.000,7502561280,96.280,96.280,11.000,0.730,13.387
2026-09-23T19:28:00Z,1.990,3.060,924.000,7500464128,112.010,112.010,15.000,3.400,24.163
2026-09-23T19:29:00Z,1.825,2.690,924.000,7501512704,82.340,82.340,21.000,1.210,28.200
2026-09-23T19:30:00Z,1.920,2.790,924.000,7501512704,70.380,70.380,13.000,1.090,20.705
2026-09-23T19:31:00Z,2.460,3.560,924.000,7501512704,91.450,91.450,12.000,1.460,17.698
2026-09-23T19:32:00Z,2.045,2.970,924.000,7497318400,162.930,162.930,20.000,4.160,22.955
2026-09-23T19:33:00Z,2.120,3.200,924.000,7498366976,100.920,100.920,26.000,0.830,41.023
2026-09-23T19:34:00Z,2.000,2.980,924.000,7500464128,107.910,107.910,18.000,1.130,25.335
2026-09-23T19:35:00Z,2.120,3.020,924.000,7497318400,101.130,101.130,18.000,1.620,27.100
2026-09-23T19:36:00Z,2.175,3.430,924.000,7500464128,117.960,117.960,19.000,2.090,25.555
2026-09-23T19:37:00Z,1.900,2.810,924.000,7499415552,95.200,95.200,19.000,0.860,29.608
2026-09-23T19:38:00Z,1.985,3.000,924.000,7495221248,92.460,92.460,17.000,1.820,24.052
2026-09-23T19:39:00Z,2.005,2.890,,7498366976,87.060,87.060,14.000,0.810,23.218
2026-09-23T19:40:00Z,1.990,2.980,924.000,7497318400,89.550,89.550,17.000,1.570,21.870
2026-09-23T19:41:00Z,2.090,3.030,924.000,7498366976,95.130,95.130,16.000,1.690,22.485
2026-09-23T19:42:00Z,1.950,2.890,924.000,,116.020,116.020,16.000,1.430,23.913
2026-09-23T19:43:00Z,2.375,3.290,924.000,7495221248,94.590,94.590,20.000,2.040,29.295
2026-09-23T19:44:00Z,2.150,3.330,924.000,7491026944,151.120,151.120,19.000,2.830,23.758
2026-09-23T19:45:00Z,2.250,3.360,924.000,7488929792,114.410,114.410,26.000,2.770,37.895
2026-09-23T19:46:00Z,3.530,3.530,924.000,7495221248,139.450,139.450,19.000,2.600,28.700
2026-09-23T19:47:00Z,1.677,2.890,924.000,7494172672,139.800,139.800,28.000,2.820,34.960
2026-09-23T19:48:00Z,2.190,3.170,924.000,7492075520,82.970,82.970,18.000,1.190,35.057
2026-09-23T19:49:00Z,,,,,119.490,119.490,16.000,1.920,20.828
2026-09-23T19:50:00Z,2.050,3.170,924.000,7497318400,90.850,90.850,20.000,1.180,29.977
2026-09-23T19:51:00Z,2.732,4.380,924.000,7496269824,147.570,147.570,15.000,8.270,22.808
2026-09-23T19:52:00Z,2.915,4.100,924.000,7497318400,292.790,292.790,37.000,12.780,36.985
2026-09-23T19:53:00Z,2.770,3.630,924.000,7491026944,229.320,229.320,45.000,5.700,73.483
2026-09-23T19:54:00Z,2.865,3.730,924.000,7493124096,226.320,226.320,41.000,7.680,57.458
2026-09-23T19:55:00Z,3.085,4.030,924.000,7488929792,235.300,235.300,41.000,9.110,56.700
2026-09-23T19:56:00Z,3.525,4.850,924.000,7491026944,300.970,300.970,43.000,26.370,58.917
2026-09-23T19:57:00Z,2.875,3.920,924.000,7492075520,360.310,360.310,63.000,30.990,75.340
2026-09-23T19:58:00Z,2.915,3.830,924.000,7494172672,218.720,218.720,51.000,4.600,90.185
2026-09-23T19:59:00Z,3.470,4.030,924.000,7489978368,256.560,256.560,38.000,11.300,54.782
2026-09-23T20:00:00Z,5.170,5.640,,7474249728,339.960,339.960,46.000,24.410,64.250
2026-09-23T20:01:00Z,4.100,5.200,924.000,7461666816,601.770,601.770,74.000,130.310,85.095
2026-09-23T20:02:00Z,3.530,4.710,924.000,7458521088,602.560,602.560,100.000,130.590,150.532
2026-09-23T20:03:00Z,2.825,4.580,924.000,7441743872,498.750,498.750,100.000,103.380,150.933
2026-09-23T20:04:00Z,1.945,2.900,924.000,7441743872,80.390,80.390,70.000,0.650,124.802
2026-09-23T20:05:00Z,1.740,2.520,924.000,7442792448,71.080,71.080,13.000,0.240,20.540
2026-09-23T20:06:00Z,,,,,55.820,55.820,10.000,0.690,17.905
2026-09-23T20:07:00Z,1.790,2.740,924.000,7443841024,58.450,58.450,12.000,0.510,14.057
2026-09-23T20:08:00Z,1.650,2.710,924.000,7445938176,36.540,36.540,8.000,0.350,14.873
2026-09-23T20:09:00Z,1.630,2.630,924.000,7445938176,22.640,22.640,5.000,0.070,9.258
2026-09-23T20:10:00Z,1.665,2.640,924.000,7445938176,26.980,26.980,4.000,0.070,5.777
2026-09-23T20:11:00Z,1.670,2.730,924.000,7446986752,35.370,35.370,4.000,0.090,6.853
2026-09-23T20:12:00Z,1.530,2.420,924.000,7446986752,31.690,31.690,7.000,0.080,8.932
2026-09-23T20:13:00Z,1.505,2.390,924.000,7448035328,26.680,26.680,4.000,0.110,8.238
2026-09-23T20:14:00Z,1.575,2.520,924.000,7449083904,25.840,25.840,4.000,0.070,6.777
2026-09-23T20:15:00Z,1.740,2.660,924.000,7450132480,26.740,26.740,5.000,0.050,6.565
2026-09-23T20:16:00Z,1.625,2.580,924.000,7453278208,39.830,39.830,5.000,0.100,6.787
2026-09-23T20:17:00Z,1.690,2.710,924.000,7454326784,29.890,29.890,5.000,0.090,10.062
2026-09-23T20:18:00Z,1.510,2.490,924.000,7454326784,33.680,33.680,5.000,0.110,7.575
2026-09-23T20:19:00Z,1.550,2.460,924.000,7454326784,12.690,12.690,5.000,0.020,8.535
2026-09-23T20:20:00Z,1.465,2.430,924.000,7454326784,22.880,22.880,3.000,0.040,3.450
2026-09-23T20:21:00Z,1.560,2.600,924.000,7454326784,11.110,11.110,3.000,0.010,5.812
2026-09-23T20:22:00Z,1.435,2.370,924.000,,9.490,9.490,2.000,0.010,2.848
2026-09-23T20:23:00Z,1.460,2.430,,7454326784,9.060,9.060,1.000,0.010,2.675
2026-09-23T20:24:00Z,1.440,2.360,924.000,7454326784,10.810,10.810,1.000,0.020,2.370
2026-09-23T20:25:00Z,1.470,2.400,924.000,7454326784,10.050,10.050,1.000,0.030,2.783
2026-09-23T20:26:00Z,1.490,2.450,924.000,7454326784,11.630,11.630,2.000,0.020,2.627
2026-09-23T20:27:00Z,,,,,11.910,11.910,1.000,0.020,3.010
2026-09-23T20:28:00Z,1.763,2.430,924.000,7454326784,9.090,9.090,2.000,0.010,3.067
2026-09-23T20:29:00Z,,,,,5.710,5.710,1.000,0.010,2.375
2026-09-23T20:30:00Z,1.475,2.470,924.000,7454326784,18.890,18.890,1.000,0.050,1.520
2026-09-23T20:31:00Z,1.495,2.480,924.000,7454326784,13.040,13.040,3.000,0.050,4.845
2026-09-23T20:32:00Z,1.390,2.320,924.000,7454326784,6.940,6.940,2.000,0.010,3.353
2026-09-23T20:33:00Z,1.440,2.330,,7454326784,15.430,15.430,0.000,0.030,2.045
2026-09-23T20:34:00Z,1.470,2.400,924.000,7454326784,15.590,15.590,2.000,0.060,3.975
2026-09-23T20:35:00Z,1.385,2.280,924.000,,8.630,8.630,3.000,0.010,4.290
2026-09-23T20:36:00Z,1.370,2.250,924.000,7454326784,10.180,10.180,1.000,0.020,2.473
2026-09-23T20:37:00Z,1.430,2.330,924.000,7455375360,9.230,9.230,1.000,0.030,2.667
2026-09-23T20:38:00Z,1.455,2.420,,,7.190,7.190,1.000,0.010,2.567
2026-09-23T20:39:00Z,1.415,2.340,924.000,7454326784,10.180,10.180,1.000,0.020,1.920
2026-09-23T20:40:00Z,1.440,2.370,924.000,7454326784,8.800,8.800,1.000,0.020,2.652
2026-09-23T20:41:00Z,1.470,2.380,924.000,7453278208,9.940,9.940,1.000,0.010,2.295
2026-09-23T20:42:00Z,1.430,2.370,924.000,7453278208,7.360,7.360,1.000,0.010,2.615
2026-09-23T20:43:00Z,1.505,2.480,,7453278208,12.990,12.990,1.000,0.020,2.220
2026-09-23T20:44:00Z,,,924.000,,9.840,9.840,2.000,0.020,3.345
2026-09-23T20:45:00Z,1.430,2.370,,7453278208,7.160,7.160,1.000,0.010,2.570
2026-09-23T20:46:00Z,1.495,2.450,924.000,7452229632,24.460,24.460,1.000,0.230,1.875
2026-09-23T20:47:00Z,,,924.000,,13.390,13.390,5.000,0.020,6.200
2026-09-23T20:48:00Z,1.470,2.400,924.000,7450132480,6.880,6.880,1.000,0.010,3.450
2026-09-23T20:49:00Z,1.415,2.380,924.000,7450132480,8.250,8.250,1.000,0.020,2.013
2026-09-23T20:50:00Z,1.450,2.350,924.000,7450132480,10.880,10.880,1.000,0.030,2.158
2026-09-23T20:51:00Z,1.505,2.490,924.000,7450132480,13.830,13.830,1.000,0.040,2.830
2026-09-23T20:52:00Z,1.425,2.370,,,8.060,8.060,2.000,0.010,3.797
2026-09-23T20:53:00Z,0.480,0.480,924.000,7449083904,7.330,7.330,1.000,0.010,2.325
2026-09-23T20:54:00Z,1.777,2.420,924.000,7449083904,10.910,10.910,1.000,0.030,1.917
2026-09-23T20:55:00Z,1.350,2.220,924.000,7449083904,6.790,6.790,1.000,0.010,2.825
2026-09-23T20:56:00Z,1.455,2.380,924.000,7449083904,9.010,9.010,1.000,0.010,1.802
2026-09-23T20:57:00Z,1.440,2.380,924.000,7449083904,8.260,8.260,1.000,0.020,2.348
2026-09-23T20:58:00Z,1.460,2.430,924.000,7449083904,6.810,6.810,1.000,0.010,2.155
2026-09-23T20:59:00Z,1.430,2.340,924.000,,11.330,11.330,1.000,0.020,1.792
2026-09-23T21:00:00Z,1.500,2.430,924.000,7449083904,13.800,13.800,1.000,0.040,2.928
2026-09-23T21:01:00Z,6.590,12.440,924.000,7449083904,26.780,26.780,3.000,0.220,3.570
2026-09-23T21:02:00Z,1.285,2.230,,7524581376,0.340,0.340,4.000,0.000,6.785
2026-09-23T21:03:00Z,1.635,2.930,924.000,,0.040,0.040,0.000,0.000,0.388
2026-09-23T21:04:00Z,1.800,2.230,924.000,7510949888,0.000,0.000,0.000,0.000,0.120
2026-09-23T21:05:00Z,1.270,2.200,924.000,7535067136,0.000,0.000,0.000,0.000,0.378
2026-09-23T21:06:00Z,1.270,2.180,924.000,7535067136,0.000,0.000,0.000,0.000,0.385
2026-09-23T21:07:00Z,1.280,2.210,924.000,7535067136,0.000,0.000,0.000,0.000,0.092
2026-09-23T21:08:00Z,1.360,2.240,924.000,7532969984,0.000,0.000,0.000,0.000,0.270
2026-09-23T21:09:00Z,,,924.000,7532969984,0.000,0.000,0.000,0.000,0.117
2026-09-23T21:10:00Z,1.298,2.260,924.000,7532969984,0.000,0.000,0.000,0.000,0.328
2026-09-23T21:11:00Z,1.340,2.340,924.000,7532969984,0.000,0.000,0.000,0.000,0.092
2026-09-23T21:12:00Z,,,,,0.000,0.000,0.000,0.000,0.102
2026-09-23T21:13:00Z,1.230,2.120,924.000,7614758912,0.000,0.000,0.000,0.000,0.527
2026-09-23T21:14:00Z,1.258,2.180,924.000,7614758912,0.000,0.000,0.000,0.000,0.102
2026-09-23T21:15:00Z,1.255,2.170,924.000,7614758912,0.000,0.000,0.000,0.000,0.105
2026-09-23T21:16:00Z,1.240,2.140,924.000,7614758912,0.000,0.000,0.000,0.000,0.092
2026-09-23T21:17:00Z,1.260,2.180,924.000,7614758912,0.000,0.000,0.000,0.000,0.090
2026-09-23T21:18:00Z,1.250,2.160,924.000,7614758912,0.000,0.000,0.000,0.000,0.098
2026-09-23T21:19:00Z,1.230,2.130,924.000,7614758912,0.000,0.000,0.000,0.000,0.098
2026-09-23T21:20:00Z,1.255,2.170,924.000,7614758912,0.000,0.000,0.000,0.000,0.315
2026-09-23T21:21:00Z,1.350,2.360,924.000,7614758912,0.000,0.000,0.000,0.000,0.090
2026-09-23T21:22:00Z,1.270,2.200,924.000,7614758912,0.000,0.000,0.000,0.000,0.098
2026-09-23T21:23:00Z,1.295,2.230,924.000,7614758912,0.000,0.000,0.000,0.000,0.297
2026-09-23T21:24:00Z,1.270,2.190,924.000,,0.000,0.000,0.000,0.000,0.115
2026-09-23T21:25:00Z,1.270,2.180,924.000,7614758912,0.000,0.000,0.000,0.000,0.083
2026-09-23T21:26:00Z,1.285,2.200,924.000,7614758912,0.000,0.000,0.000,0.000,0.110
2026-09-23T21:27:00Z,1.245,2.140,,7614758912,0.000,0.000,0.000,0.000,0.098
2026-09-23T21:28:00Z,1.240,2.130,924.000,7614758912,0.000,0.000,0.000,0.000,0.090
2026-09-23T21:29:00Z,1.305,2.250,924.000,7614758912,0.000,0.000,0.000,0.000,0.098
2026-09-23T21:30:00Z,1.250,2.150,,,0.000,0.000,0.000,0.000,0.120
2026-09-23T21:31:00Z,1.265,2.180,924.000,7614758912,0.000,0.000,0.000,0.000,0.095
2026-09-23T21:32:00Z,1.230,2.100,924.000,7615807488,0.000,0.000,0.000,0.000,0.098
2026-09-23T21:33:00Z,1.310,2.260,,7615807488,0.000,0.000,0.000,0.000,0.335
2026-09-23T21:34:00Z,1.295,2.230,924.000,7616856064,0.000,0.000,0.000,0.000,0.090
2026-09-23T21:35:00Z,0.360,0.360,,,0.000,0.000,0.000,0.000,0.120
2026-09-23T21:36:00Z,1.600,2.230,924.000,7616856064,0.000,0.000,0.000,0.000,0.258
2026-09-23T21:37:00Z,1.300,2.240,924.000,7616856064,0.000,0.000,0.000,0.000,0.130
2026-09-23T21:38:00Z,1.295,2.240,924.000,7616856064,0.000,0.000,0.000,0.000,0.260
2026-09-23T21:39:00Z,1.290,2.210,924.000,7616856064,0.000,0.000,0.000,0.000,0.122
2026-09-23T21:40:00Z,1.270,2.190,924.000,7616856064,0.000,0.000,0.000,0.000,0.115
2026-09-23T21:41:00Z,1.325,2.300,924.000,7616856064,0.000,0.000,0.000,0.000,0.115
2026-09-23T21:42:00Z,,,,,0.000,0.000,0.000,0.000,0.098
2026-09-23T21:43:00Z,1.508,3.070,924.000,7605321728,0.000,0.000,0.000,0.000,0.330
2026-09-23T21:44:00Z,,,,7605321728,0.000,0.000,0.000,0.000,0.120
2026-09-23T21:45:00Z,1.280,2.220,924.000,,0.000,0.000,0.000,0.000,0.430
2026-09-23T21:46:00Z,1.250,2.180,924.000,7605321728,0.000,0.000,0.000,0.000,0.077
2026-09-23T21:47:00Z,,,,,0.000,0.000,0.000,0.000,0.085
2026-09-23T21:48:00Z,1.242,2.160,924.000,7605321728,0.000,0.000,0.000,0.000,0.065
2026-09-23T21:49:00Z,1.230,2.120,,7605321728,0.000,0.000,0.000,0.000,0.110
2026-09-23T21:50:00Z,1.225,2.110,924.000,7605321728,0.000,0.000,0.000,0.000,0.080
2026-09-23T21:51:00Z,1.295,2.250,924.000,7605321728,0.000,0.000,0.000,0.000,0.115
2026-09-23T21:52:00Z,1.280,2.220,924.000,7605321728,0.000,0.000,0.000,0.000,0.095
2026-09-23T21:53:00Z,1.295,2.240,924.000,7605321728,0.000,0.000,0.000,0.000,0.355
2026-09-23T21:54:00Z,,,,7605321728,0.000,0.000,0.000,0.000,0.102
2026-09-23T21:55:00Z,1.252,2.230,924.000,7605321728,0.000,0.000,0.000,0.000,0.110
2026-09-23T21:56:00Z,1.720,2.790,924.000,7573864448,0.000,0.000,0.000,0.000,0.107
2026-09-23T21:57:00Z,1.270,2.200,924.000,7573864448,0.000,0.000,0.000,0.000,0.117
2026-09-23T21:58:00Z,,,,,,,,,0.710
2026-09-23T22:01:00Z,1.565,2.630,924.000,7573864448,7.010,7.010,,0.020,
2026-09-23T22:02:00Z,,,924.000,,21.720,21.720,0.000,0.030,1.867
2026-09-23T22:03:00Z,1.548,2.440,924.000,7573864448,14.210,14.210,3.000,0.020,5.732
2026-09-23T22:04:00Z,,,,7552892928,14.010,14.010,2.000,0.020,3.638
2026-09-23T22:05:00Z,1.903,2.670,924.000,7571767296,11.640,11.640,2.000,0.020,3.643
2026-09-23T22:06:00Z,1.470,2.420,924.000,7571767296,7.310,7.310,1.000,0.010,3.320
2026-09-23T22:07:00Z,1.420,2.300,924.000,7571767296,10.530,10.530,1.000,0.010,1.930
2026-09-23T22:08:00Z,,,,,7.440,7.440,1.000,0.010,2.885
2026-09-23T22:09:00Z,1.430,2.380,924.000,7570718720,5.090,5.090,1.000,0.000,1.970
2026-09-23T22:10:00Z,1.445,2.370,924.000,7570718720,4.900,4.900,0.000,0.000,1.387
2026-09-23T22:11:00Z,1.425,2.340,924.000,7569670144,7.830,7.830,1.000,0.010,1.315
2026-09-23T22:12:00Z,1.390,2.310,924.000,7569670144,4.210,4.210,1.000,0.000,2.042
2026-09-23T22:13:00Z,1.390,2.310,924.000,7570718720,5.180,5.180,0.000,0.000,1.370
2026-09-23T22:14:00Z,1.370,2.280,924.000,7570718720,3.310,3.310,1.000,0.000,1.380
2026-09-23T22:15:00Z,1.425,2.370,924.000,7570718720,4.390,4.390,0.000,0.000,0.935
2026-09-23T22:16:00Z,1.445,2.450,924.000,7570718720,5.660,5.660,0.000,0.000,1.188
2026-09-23T22:17:00Z,1.480,2.460,924.000,7570718720,8.840,8.840,1.000,0.010,1.505
2026-09-23T22:18:00Z,1.475,2.420,,7569670144,13.390,13.390,1.000,0.020,2.300
2026-09-23T22:19:00Z,1.395,2.290,924.000,7568621568,7.610,7.610,1.000,0.010,3.453
2026-09-23T22:20:00Z,1.335,2.190,924.000,7568621568,5.880,5.880,1.000,0.000,2.175
2026-09-23T22:21:00Z,1.410,2.320,924.000,7568621568,6.710,6.710,0.000,0.010,1.573
2026-09-23T22:22:00Z,1.355,2.200,924.000,7567572992,6.760,6.760,1.000,0.010,1.762
2026-09-23T22:23:00Z,1.375,2.250,924.000,7567572992,5.230,5.230,1.000,0.000,1.988
2026-09-23T22:24:00Z,1.350,2.250,924.000,7567572992,3.860,3.860,0.000,0.000,1.442
2026-09-23T22:25:00Z,1.415,2.360,924.000,7567572992,3.830,3.830,0.000,0.000,1.048
2026-09-23T22:26:00Z,1.360,2.260,924.000,7567572992,1.530,1.530,0.000,0.000,1.067
2026-09-23T22:27:00Z,1.350,2.250,924.000,7567572992,2.580,2.580,0.000,0.000,0.475
2026-09-23T22:28:00Z,1.365,2.290,,,3.160,3.160,0.000,0.000,0.738
2026-09-23T22:29:00Z,1.390,2.320,924.000,7567572992,2.760,2.760,0.000,0.000,0.880
2026-09-23T22:30:00Z,1.395,2.330,924.000,7566524416,3.350,3.350,0.000,0.000,0.785
2026-09-23T22:31:00Z,1.545,2.390,924.000,7566524416,3.280,3.280,0.000,0.000,0.927
2026-09-23T22:32:00Z,1.415,2.310,924.000,7566524416,8.460,8.460,0.000,0.010,0.930
2026-09-23T22:33:00Z,1.485,2.510,924.000,,4.860,4.860,1.000,0.000,2.442
2026-09-23T22:34:00Z,,,,7566524416,8.160,8.160,1.000,0.010,1.320
2026-09-23T22:35:00Z,1.530,2.620,924.000,7566524416,5.440,5.440,1.000,0.000,2.150
2026-09-23T22:36:00Z,1.565,2.580,924.000,7566524416,5.960,5.960,0.000,0.010,1.640
2026-09-23T22:37:00Z,1.560,2.570,924.000,,6.080,6.080,1.000,0.010,1.613
2026-09-23T22:38:00Z,1.530,2.530,,7566524416,5.880,5.880,1.000,0.000,1.740
2026-09-23T22:39:00Z,1.535,2.560,924.000,7566524416,3.640,3.640,0.000,0.000,1.597
2026-09-23T22:40:00Z,1.465,2.430,924.000,7566524416,2.360,2.360,0.000,0.000,1.025
2026-09-23T22:41:00Z,1.570,2.620,924.000,,2.950,2.950,0.000,0.000,0.708
2026-09-23T22:42:00Z,1.450,2.390,924.000,7566524416,3.740,3.740,0.000,0.000,0.848
2026-09-23T22:43:00Z,1.430,2.380,924.000,7566524416,3.510,3.510,0.000,0.000,1.270
2026-09-23T22:44:00Z,,,924.000,7566524416,4.290,4.290,0.000,0.000,0.968
2026-09-23T22:45:00Z,1.407,2.350,924.000,7566524416,4.150,4.150,0.000,0.000,1.163
2026-09-23T22:46:00Z,1.350,2.250,924.000,7566524416,3.110,3.110,0.000,0.000,1.140
2026-09-23T22:47:00Z,,,,7566524416,1.910,1.910,0.000,0.000,0.875
2026-09-23T22:48:00Z,1.397,2.350,924.000,7566524416,2.780,2.780,0.000,0.000,0.568
2026-09-23T22:49:00Z,1.380,2.280,924.000,7566524416,4.410,4.410,0.000,0.000,0.792
2026-09-23T22:50:00Z,1.400,2.340,924.000,7566524416,2.160,2.160,0.000,0.000,1.200
2026-09-23T22:51:00Z,1.395,2.330,924.000,7566524416,1.730,1.730,0.000,0.000,0.810
2026-09-23T22:52:00Z,1.335,2.220,924.000,7566524416,2.260,2.260,0.000,0.000,0.540
2026-09-23T22:53:00Z,1.360,2.280,924.000,7566524416,1.480,1.480,0.000,0.000,0.868
2026-09-23T22:54:00Z,,,,7566524416,2.930,2.930,0.000,0.000,0.475
2026-09-23T22:55:00Z,1.355,2.260,924.000,7566524416,4.660,4.660,0.000,0.000,0.838
2026-09-23T22:56:00Z,1.320,2.190,924.000,7566524416,1.890,1.890,0.000,0.000,1.262
2026-09-23T22:57:00Z,,,924.000,,1.610,1.610,0.000,0.000,0.557
2026-09-23T22:58:00Z,1.340,2.240,924.000,7566524416,1.910,1.910,0.000,0.000,0.505
2026-09-23T22:59:00Z,1.397,2.420,924.000,7566524416,0.990,0.990,0.000,0.000,0.575
2026-09-23T23:00:00Z,0.490,0.490,,7566524416,3.110,3.110,0.000,0.000,0.362
2026-09-23T23:01:00Z,1.720,2.370,924.000,,2.280,2.280,0.000,0.000,0.887
2026-09-23T23:02:00Z,1.385,2.310,924.000,7565475840,1.960,1.960,0.000,0.000,0.667
2026-09-23T23:03:00Z,1.400,2.330,924.000,7565475840,3.780,3.780,0.000,0.000,0.770
2026-09-23T23:04:00Z,,,,,3.360,3.360,0.000,0.000,1.067
2026-09-23T23:05:00Z,1.805,3.980,924.000,7565475840,2.440,2.440,0.000,0.000,0.955
2026-09-23T23:06:00Z,1.380,2.260,924.000,7565475840,3.900,3.900,0.000,0.000,1.045
2026-09-23T23:07:00Z,,,924.000,7565475840,3.880,3.880,0.000,0.000,1.085
2026-09-23T23:08:00Z,1.400,2.320,924.000,7565475840,1.530,1.530,0.000,0.000,1.222
2026-09-23T23:09:00Z,1.070,2.320,924.000,7565475840,0.690,0.690,0.000,0.000,0.505
2026-09-23T23:10:00Z,1.680,2.300,924.000,7565475840,1.490,1.490,0.000,0.000,0.278
2026-09-23T23:11:00Z,1.410,2.360,924.000,7565475840,2.580,2.580,0.000,0.000,0.458
2026-09-23T23:12:00Z,1.405,2.320,924.000,7565475840,3.540,3.540,0.000,0.000,0.735
2026-09-23T23:13:00Z,,,,,3.660,3.660,0.000,0.000,1.190
2026-09-23T23:14:00Z,1.395,2.350,924.000,7565475840,1.680,1.680,0.000,0.000,0.975
2026-09-23T23:15:00Z,1.390,2.290,924.000,7565475840,11.280,11.280,0.000,0.010,0.527
2026-09-23T23:16:00Z,1.385,2.310,924.000,7565475840,4.240,4.240,2.000,0.000,2.913
2026-09-23T23:17:00Z,1.390,2.300,924.000,7565475840,5.360,5.360,0.000,0.000,1.157
2026-09-23T23:18:00Z,1.420,2.330,924.000,7565475840,4.190,4.190,0.000,0.000,1.430
2026-09-23T23:19:00Z,1.405,2.310,924.000,7565475840,6.790,6.790,0.000,0.010,1.157
2026-09-23T23:20:00Z,1.395,2.310,924.000,7565475840,6.190,6.190,1.000,0.010,1.978
2026-09-23T23:21:00Z,,,924.000,7565475840,7.590,7.590,0.000,0.010,1.633
2026-09-23T23:22:00Z,1.413,2.450,924.000,7565475840,11.730,11.730,1.000,0.020,1.988
2026-09-23T23:23:00Z,1.390,2.290,924.000,7565475840,8.080,8.080,2.000,0.010,3.228
2026-09-23T23:24:00Z,,,,7561281536,7.780,7.780,1.000,0.010,2.125
2026-09-23T23:25:00Z,2.132,5.310,924.000,7561281536,6.730,6.730,1.000,0.010,2.067
2026-09-23T23:26:00Z,1.330,2.210,924.000,7561281536,4.930,4.930,1.000,0.000,2.197
2026-09-23T23:27:00Z,1.360,2.240,924.000,7561281536,7.760,7.760,1.000,0.010,1.347
2026-09-23T23:28:00Z,,,,,5.080,5.080,1.000,0.000,2.030
2026-09-23T23:29:00Z,1.430,2.430,924.000,7561281536,12.160,12.160,1.000,0.020,1.365
2026-09-23T23:30:00Z,1.400,2.340,924.000,7561281536,6.700,6.700,2.000,0.010,3.155
2026-09-23T23:31:00Z,1.390,2.290,924.000,7561281536,4.360,4.360,0.000,0.000,1.772
2026-09-23T23:32:00Z,1.350,2.230,924.000,,5.540,5.540,0.000,0.000,1.183
2026-09-23T23:33:00Z,1.405,2.320,924.000,7560232960,4.810,4.810,1.000,0.000,1.670
2026-09-23T23:34:00Z,1.360,2.270,924.000,7560232960,3.980,3.980,0.000,0.000,1.305
2026-09-23T23:35:00Z,1.415,2.380,,,3.240,3.240,0.000,0.000,1.100
2026-09-23T23:36:00Z,1.330,2.210,924.000,7561281536,7.510,7.510,1.000,0.010,1.038
2026-09-23T23:37:00Z,1.340,2.200,924.000,,3.660,3.660,0.000,0.000,2.000
2026-09-23T23:38:00Z,1.375,2.280,924.000,7561281536,3.740,3.740,0.000,0.000,1.130
2026-09-23T23:39:00Z,1.370,2.250,,7561281536,4.980,4.980,0.000,0.000,1.065
2026-09-23T23:40:00Z,1.370,2.300,924.000,7561281536,3.690,3.690,1.000,0.000,1.355
2026-09-23T23:41:00Z,1.470,2.390,924.000,7561281536,11.860,11.860,0.000,0.010,1.040
2026-09-23T23:42:00Z,1.370,2.240,924.000,7561281536,9.410,9.410,2.000,0.010,3.072
2026-09-23T23:43:00Z,1.395,2.290,924.000,7561281536,6.210,6.210,1.000,0.000,2.680
2026-09-23T23:44:00Z,1.335,2.200,924.000,7561281536,6.030,6.030,1.000,0.010,1.657
2026-09-23T23:45:00Z,,,,,4.830,4.830,1.000,0.000,1.610
2026-09-23T23:46:00Z,1.385,2.340,924.000,7561281536,6.560,6.560,0.000,0.010,1.300
2026-09-23T23:47:00Z,,,,,12.410,12.410,1.000,0.020,1.732
2026-09-23T23:48:00Z,1.400,2.280,924.000,7561281536,8.460,8.460,1.000,0.010,3.192
2026-09-23T23:49:00Z,1.397,2.320,924.000,7561281536,7.400,7.400,1.000,0.010,2.212
2026-09-23T23:50:00Z,,,,7561281536,8.150,8.150,1.000,0.010,1.945
2026-09-23T23:51:00Z,1.438,2.440,924.000,7561281536,7.510,7.510,1.000,0.010,2.158
2026-09-23T23:52:00Z,1.375,2.250,924.000,7561281536,8.330,8.330,1.000,0.010,1.970
2026-09-23T23:53:00Z,,,,,9.840,9.840,1.000,0.010,2.388
2026-09-23T23:54:00Z,1.445,2.500,924.000,7561281536,12.430,12.430,2.000,0.020,2.565
2026-09-23T23:55:00Z,1.400,2.320,,7562330112,6.300,6.300,1.000,0.000,3.217
2026-09-23T23:56:00Z,1.390,2.310,924.000,7562330112,7.190,7.190,1.000,0.010,1.665
2026-09-23T23:57:00Z,1.380,2.300,924.000,7562330112,5.930,5.930,0.000,0.000,1.875
2026-09-23T23:58:00Z,1.335,2.230,924.000,7562330112,4.530,4.530,1.000,0.000,1.577
2026-09-23T23:59:00Z,1.350,2.240,924.000,7562330112,4.530,4.530,0.000,0.000,1.235
2026-09-24T00:00:00Z,1.400,2.340,924.000,7562330112,4.680,4.680,0.000,0.000,1.255
2026-09-24T00:01:00Z,1.580,2.610,924.000,7562330112,10.460,10.460,0.000,0.020,1.272
2026-09-24T00:02:00Z,1.455,2.360,924.000,7562330112,15.730,15.730,2.000,0.020,2.705
2026-09-24T00:03:00Z,1.460,2.400,924.000,7562330112,12.060,12.060,2.000,0.020,4.287
2026-09-24T00:04:00Z,1.780,3.050,924.000,7549747200,10.460,10.460,2.000,0.010,3.180
2026-09-24T00:05:00Z,1.960,2.400,924.000,7572815872,8.480,8.480,1.000,0.010,2.737
2026-09-24T00:06:00Z,1.455,2.330,924.000,7572815872,17.740,17.740,1.000,0.020,2.510
2026-09-24T00:07:00Z,1.390,2.280,924.000,7572815872,8.560,8.560,2.000,0.010,4.607
2026-09-24T00:08:00Z,1.570,2.560,,,7.740,7.740,1.000,0.010,2.357
2026-09-24T00:09:00Z,1.360,2.260,924.000,7570718720,4.940,4.940,1.000,0.000,2.038
2026-09-24T00:10:00Z,,,924.000,,5.030,5.030,0.000,0.000,1.607
2026-09-24T00:11:00Z,1.377,2.350,924.000,7570718720,5.160,5.160,0.000,0.000,1.405
2026-09-24T00:12:00Z,0.750,0.750,924.000,,13.560,13.560,0.000,0.020,1.383
2026-09-24T00:13:00Z,1.860,2.460,924.000,7570718720,26.910,26.910,2.000,0.050,3.717
2026-09-24T00:14:00Z,1.435,2.300,924.000,7570718720,20.090,20.090,4.000,0.050,7.020
2026-09-24T00:15:00Z,1.400,2.300,924.000,7570718720,7.640,7.640,3.000,0.010,5.128
2026-09-24T00:16:00Z,1.560,2.500,924.000,7570718720,17.710,17.710,1.000,0.030,2.020
2026-09-24T00:17:00Z,1.550,2.400,924.000,7571767296,24.010,24.010,3.000,0.040,4.525
2026-09-24T00:18:00Z,1.540,2.370,924.000,7571767296,17.510,17.510,3.000,0.030,6.098
2026-09-24T00:19:00Z,1.475,2.400,924.000,7571767296,9.180,9.180,3.000,0.010,4.468
2026-09-24T00:20:00Z,1.485,2.410,924.000,7571767296,11.140,11.140,1.000,0.010,2.572
2026-09-24T00:21:00Z,1.515,2.440,924.000,7569670144,14.680,14.680,1.000,0.020,2.865
2026-09-24T00:22:00Z,1.445,2.300,924.000,7569670144,15.210,15.210,2.000,0.020,3.765
2026-09-24T00:23:00Z,1.490,2.440,924.000,,8.960,8.960,2.000,0.010,4.093
2026-09-24T00:24:00Z,1.480,2.360,924.000,7569670144,13.240,13.240,1.000,0.020,2.362
2026-09-24T00:25:00Z,,,,,8.610,8.610,2.000,0.010,3.388
2026-09-24T00:26:00Z,1.460,2.460,924.000,7569670144,5.380,5.380,1.000,0.000,2.268
2026-09-24T00:27:00Z,1.445,2.340,924.000,7569670144,12.310,12.310,1.000,0.020,1.448
2026-09-24T00:28:00Z,1.400,2.300,924.000,7569670144,6.810,6.810,2.000,0.010,3.188
2026-09-24T00:29:00Z,1.410,2.330,924.000,7569670144,5.530,5.530,1.000,0.000,1.795
2026-09-24T00:30:00Z,1.305,2.130,924.000,7569670144,4.960,4.960,1.000,0.000,1.480
2026-09-24T00:31:00Z,1.470,2.390,924.000,7569670144,7.500,7.500,0.000,0.010,1.363
2026-09-24T00:32:00Z,,,,,8.360,8.360,1.000,0.010,1.972
2026-09-24T00:33:00Z,1.430,2.310,924.000,7568621568,10.240,10.240,1.000,0.010,2.417
2026-09-24T00:34:00Z,1.385,2.290,924.000,7568621568,6.910,6.910,1.000,0.010,2.663
2026-09-24T00:35:00Z,1.445,2.350,924.000,7568621568,9.030,9.030,1.000,0.010,1.843
2026-09-24T00:36:00Z,1.360,2.230,924.000,7568621568,6.230,6.230,1.000,0.010,2.493
2026-09-24T00:37:00Z,1.380,2.300,924.000,7567572992,5.590,5.590,1.000,0.000,1.677
2026-09-24T00:38:00Z,1.405,2.320,924.000,7566524416,7.340,7.340,1.000,0.010,1.508
2026-09-24T00:39:00Z,1.365,2.270,924.000,7566524416,5.830,5.830,1.000,0.010,2.058
2026-09-24T00:40:00Z,1.400,2.290,924.000,7566524416,6.990,6.990,0.000,0.010,1.573
2026-09-24T00:41:00Z,1.490,2.490,924.000,7563378688,5.640,5.640,1.000,0.010,1.850
2026-09-24T00:42:00Z,1.355,2.220,,,13.020,13.020,1.000,0.020,1.502
2026-09-24T00:43:00Z,1.415,2.360,924.000,7564427264,6.360,6.360,1.000,0.010,3.583
2026-09-24T00:44:00Z,1.445,2.350,924.000,7564427264,11.530,11.530,1.000,0.010,1.680
2026-09-24T00:45:00Z,,,,,13.210,13.210,2.000,0.020,2.993
2026-09-24T00:46:00Z,1.435,2.320,924.000,7564427264,11.940,11.940,2.000,0.020,3.405
2026-09-24T00:47:00Z,1.468,2.470,924.000,7564427264,20.020,20.020,2.000,0.050,3.075
2026-09-24T00:48:00Z,1.395,2.300,924.000,,8.890,8.890,3.000,0.010,5.095
2026-09-24T00:49:00Z,,,924.000,7563378688,10.230,10.230,1.000,0.010,2.328
2026-09-24T00:50:00Z,1.130,2.340,924.000,,12.700,12.700,2.000,0.020,2.663
2026-09-24T00:51:00Z,1.753,2.410,924.000,7563378688,10.310,10.310,2.000,0.010,3.277
2026-09-24T00:52:00Z,1.430,2.280,924.000,7563378688,14.930,14.930,1.000,0.020,2.675
2026-09-24T00:53:00Z,1.445,2.360,924.000,7563378688,11.000,11.000,2.000,0.010,4.027
2026-09-24T00:54:00Z,1.410,2.310,924.000,7563378688,11.290,11.290,1.000,0.020,2.860
2026-09-24T00:55:00Z,1.475,2.400,924.000,7563378688,11.310,11.310,1.000,0.010,2.940
2026-09-24T00:56:00Z,1.490,2.500,924.000,7563378688,8.830,8.830,2.000,0.010,2.933
2026-09-24T00:57:00Z,,,924.000,,18.660,18.660,1.000,0.040,2.522
2026-09-24T00:58:00Z,1.505,2.440,924.000,7563378688,15.440,15.440,3.000,0.020,4.820
2026-09-24T00:59:00Z,1.415,2.300,924.000,7564427264,13.460,13.460,2.000,0.020,3.950
2026-09-24T01:00:00Z,1.405,2.310,924.000,7564427264,6.040,6.040,2.000,0.000,3.473
2026-09-24T01:01:00Z,1.470,2.430,924.000,7563378688,10.730,10.730,1.000,0.010,1.603
2026-09-24T01:02:00Z,,,924.000,,17.060,17.060,1.000,0.030,2.772
2026-09-24T01:03:00Z,1.565,2.500,,7563378688,21.100,21.100,3.000,0.030,4.550
2026-09-24T01:04:00Z,1.535,2.440,924.000,7564427264,17.060,17.060,3.000,0.030,5.390
2026-09-24T01:05:00Z,1.575,2.540,924.000,7565475840,18.770,18.770,3.000,0.030,4.385
2026-09-24T01:06:00Z,1.945,2.660,924.000,7549747200,16.140,16.140,3.000,0.030,4.798
2026-09-24T01:07:00Z,1.505,2.420,924.000,7567572992,14.540,14.540,3.000,0.020,4.475
2026-09-24T01:08:00Z,,,924.000,7567572992,20.190,20.190,2.000,0.030,3.752
2026-09-24T01:09:00Z,1.575,2.530,924.000,7567572992,22.430,22.430,3.000,0.030,5.300
2026-09-24T01:10:00Z,1.445,2.390,924.000,7567572992,7.930,7.930,3.000,0.010,5.723
2026-09-24T01:11:00Z,1.545,2.540,924.000,7567572992,10.740,10.740,1.000,0.010,2.075
2026-09-24T01:12:00Z,1.505,2.390,924.000,7567572992,14.340,14.340,2.000,0.030,2.775
2026-09-24T01:13:00Z,1.440,2.340,924.000,7567572992,11.340,11.340,2.000,0.010,3.890
2026-09-24T01:14:00Z,1.455,2.340,924.000,7568621568,10.860,10.860,1.000,0.010,2.925
2026-09-24T01:15:00Z,1.420,2.340,,7568621568,7.360,7.360,2.000,0.010,2.825
2026-09-24T01:16:00Z,1.445,2.360,924.000,7567572992,6.760,6.760,1.000,0.010,1.933
2026-09-24T01:17:00Z,1.445,2.350,924.000,7567572992,9.930,9.930,1.000,0.020,1.780
2026-09-24T01:18:00Z,1.460,2.330,924.000,7567572992,10.400,10.400,1.000,0.010,2.572
2026-09-24T01:19:00Z,1.380,2.260,924.000,7567572992,5.760,5.760,1.000,0.010,2.710
2026-09-24T01:20:00Z,1.390,2.310,924.000,7567572992,4.660,4.660,1.000,0.000,1.700
2026-09-24T01:21:00Z,1.465,2.460,924.000,7567572992,5.330,5.330,0.000,0.000,1.250
2026-09-24T01:22:00Z,1.380,2.280,,7567572992,8.090,8.090,1.000,0.010,1.405
2026-09-24T01:23:00Z,1.425,2.380,924.000,7567572992,5.640,5.640,1.000,0.010,2.315
2026-09-24T01:24:00Z,1.445,2.350,924.000,7567572992,9.860,9.860,1.000,0.010,1.552
2026-09-24T01:25:00Z,1.355,2.250,924.000,,5.290,5.290,1.000,0.000,2.542
2026-09-24T01:26:00Z,1.435,2.370,924.000,7567572992,3.980,3.980,0.000,0.000,1.433
2026-09-24T01:27:00Z,,,,7567572992,11.590,11.590,0.000,0.010,1.087
2026-09-24T01:28:00Z,1.435,2.380,924.000,7567572992,6.730,6.730,2.000,0.010,2.995
2026-09-24T01:29:00Z,1.435,2.400,924.000,7565475840,7.660,7.660,0.000,0.010,1.775
2026-09-24T01:30:00Z,1.420,2.340,924.000,7565475840,8.700,8.700,1.000,0.010,2.005
2026-09-24T01:31:00Z,1.525,2.490,924.000,7565475840,11.700,11.700,1.000,0.020,2.285
2026-09-24T01:32:00Z,1.540,2.440,924.000,,16.290,16.290,2.000,0.020,3.033
2026-09-24T01:33:00Z,,,924.000,7565475840,11.910,11.910,2.000,0.020,4.383
2026-09-24T01:34:00Z,1.502,2.430,924.000,7565475840,16.110,16.110,2.000,0.020,3.080
2026-09-24T01:35:00Z,1.460,2.420,924.000,7565475840,8.710,8.710,2.000,0.010,4.138
2026-09-24T01:36:00Z,1.395,2.280,924.000,7565475840,11.810,11.810,1.000,0.010,2.445
2026-09-24T01:37:00Z,1.490,2.350,,,14.560,14.560,2.000,0.020,3.058
2026-09-24T01:38:00Z,,,924.000,7565475840,9.980,9.980,2.000,0.010,3.770
2026-09-24T01:39:00Z,1.450,2.440,924.000,7565475840,11.080,11.080,1.000,0.010,2.740
2026-09-24T01:40:00Z,1.480,2.430,924.000,7565475840,9.180,9.180,1.000,0.010,2.888
2026-09-24T01:41:00Z,,,,,11.580,11.580,1.000,0.010,2.390
2026-09-24T01:42:00Z,1.485,2.440,924.000,7565475840,11.060,11.060,2.000,0.020,2.980
2026-09-24T01:43:00Z,1.480,2.360,924.000,7565475840,15.660,15.660,2.000,0.020,3.105
2026-09-24T01:44:00Z,1.475,2.440,924.000,7565475840,7.590,7.590,2.000,0.010,4.018
2026-09-24T01:45:00Z,,,,7565475840,9.930,9.930,1.000,0.010,2.002
2026-09-24T01:46:00Z,1.528,2.680,924.000,7564427264,10.500,10.500,1.000,0.010,2.575
2026-09-24T01:47:00Z,1.525,2.470,924.000,7565475840,20.750,20.750,3.000,0.030,2.710
2026-09-24T01:48:00Z,,,,7564427264,22.740,22.740,2.000,0.040,5.470
2026-09-24T01:49:00Z,1.565,2.490,924.000,,13.600,13.600,4.000,0.020,5.800
2026-09-24T01:50:00Z,1.495,2.430,924.000,7565475840,19.340,19.340,2.000,0.030,3.502
2026-09-24T01:51:00Z,1.555,2.540,924.000,7565475840,17.860,17.860,3.000,0.030,4.928
2026-09-24T01:52:00Z,1.435,2.260,924.000,,22.510,22.510,3.000,0.070,4.560
2026-09-24T01:53:00Z,1.475,2.390,924.000,7565475840,14.010,14.010,3.000,0.020,5.933
2026-09-24T01:54:00Z,1.410,2.210,924.000,7565475840,20.440,20.440,2.000,0.040,3.600
2026-09-24T01:55:00Z,1.435,2.270,924.000,7565475840,13.080,13.080,3.000,0.020,5.220
2026-09-24T01:56:00Z,1.470,2.340,924.000,7565475840,14.660,14.660,2.000,0.020,3.362
2026-09-24T01:57:00Z,,,924.000,7565475840,11.390,11.390,2.000,0.010,3.755
2026-09-24T01:58:00Z,1.407,2.320,924.000,7565475840,11.900,11.900,2.000,0.020,2.945
2026-09-24T01:59:00Z,1.360,2.240,924.000,7565475840,6.860,6.860,2.000,0.010,3.072
2026-09-24T02:00:00Z,1.395,2.260,924.000,7565475840,8.410,8.410,1.000,0.010,1.830
2026-09-24T02:01:00Z,,,,,12.510,12.510,1.000,0.030,2.205
2026-09-24T02:02:00Z,1.465,2.340,924.000,7565475840,12.010,12.010,2.000,0.020,3.223
2026-09-24T02:03:00Z,1.492,2.530,924.000,7565475840,14.630,14.630,2.000,0.020,3.295
2026-09-24T02:04:00Z,1.445,2.340,924.000,7565475840,12.340,12.340,2.000,0.020,3.780
2026-09-24T02:05:00Z,,,924.000,,9.830,9.830,2.000,0.010,3.183
2026-09-24T02:06:00Z,1.883,4.100,924.000,7565475840,10.750,10.750,2.000,0.010,2.560
2026-09-24T02:07:00Z,1.430,2.320,924.000,7566524416,12.390,12.390,1.000,0.020,3.132
2026-09-24T02:08:00Z,1.470,2.350,924.000,7565475840,15.110,15.110,1.000,0.070,3.263
2026-09-24T02:09:00Z,1.490,2.460,924.000,7566524416,11.690,11.690,3.000,0.020,4.025
2026-09-24T02:10:00Z,1.445,2.320,924.000,7566524416,21.860,21.860,1.000,0.140,3.027
2026-09-24T02:11:00Z,1.430,2.340,924.000,7565475840,12.430,12.430,4.000,0.020,5.558
2026-09-24T02:12:00Z,1.450,2.320,924.000,7565475840,10.800,10.800,1.000,0.010,3.200
2026-09-24T02:13:00Z,1.505,2.530,924.000,7565475840,7.660,7.660,2.000,0.010,3.002
2026-09-24T02:14:00Z,1.680,2.670,924.000,7563378688,9.630,9.630,1.000,0.010,2.005
2026-09-24T02:15:00Z,,,,,10.810,10.810,1.000,0.020,2.538
2026-09-24T02:16:00Z,1.462,2.510,924.000,7563378688,7.430,7.430,1.000,0.010,2.987
2026-09-24T02:17:00Z,,,924.000,7563378688,21.350,21.350,2.000,0.080,1.948
2026-09-24T02:18:00Z,1.470,2.380,,,10.130,10.130,2.000,0.010,5.428
2026-09-24T02:19:00Z,1.433,2.380,924.000,7563378688,7.110,7.110,1.000,0.010,2.605
2026-09-24T02:20:00Z,1.455,2.360,924.000,7563378688,10.430,10.430,1.000,0.010,2.075
2026-09-24T02:21:00Z,1.490,2.410,924.000,7562330112,12.950,12.950,1.000,0.020,2.715
2026-09-24T02:22:00Z,1.430,2.360,,7562330112,8.660,8.660,2.000,0.010,3.333
2026-09-24T02:23:00Z,1.410,2.330,924.000,7562330112,9.730,9.730,1.000,0.010,2.450
2026-09-24T02:24:00Z,1.375,2.250,924.000,7562330112,9.010,9.010,1.000,0.010,2.547
2026-09-24T02:25:00Z,,,,,6.540,6.540,1.000,0.010,2.370
2026-09-24T02:26:00Z,1.385,2.280,924.000,7562330112,6.310,6.310,1.000,0.010,1.728
2026-09-24T02:27:00Z,1.123,2.360,924.000,7562330112,7.340,7.340,1.000,0.010,1.667
2026-09-24T02:28:00Z,1.707,2.310,924.000,7562330112,7.880,7.880,1.000,0.010,1.927
2026-09-24T02:29:00Z,1.405,2.310,924.000,7562330112,5.930,5.930,1.000,0.000,2.060
2026-09-24T02:30:00Z,1.390,2.300,924.000,7562330112,7.140,7.140,1.000,0.010,1.587
2026-09-24T02:31:00Z,1.565,2.460,,7562330112,16.430,16.430,1.000,0.030,1.890
2026-09-24T02:32:00Z,1.460,2.350,924.000,,14.490,14.490,2.000,0.020,4.210
2026-09-24T02:33:00Z,1.490,2.440,924.000,7562330112,12.190,12.190,2.000,0.010,3.915
2026-09-24T02:34:00Z,1.500,2.430,924.000,7562330112,15.110,15.110,1.000,0.030,3.152
2026-09-24T02:35:00Z,1.435,2.340,924.000,7562330112,10.510,10.510,2.000,0.020,3.893
2026-09-24T02:36:00Z,1.580,2.360,924.000,7561281536,6.780,6.780,2.000,0.010,2.862
2026-09-24T02:37:00Z,1.370,2.250,924.000,7560232960,9.110,9.110,1.000,0.010,2.268
2026-09-24T02:38:00Z,1.455,2.350,924.000,7561281536,10.840,10.840,1.000,0.010,2.772
2026-09-24T02:39:00Z,1.435,2.330,924.000,7561281536,11.940,11.940,2.000,0.020,2.928
2026-09-24T02:40:00Z,1.385,2.280,924.000,7561281536,7.630,7.630,2.000,0.010,3.138
2026-09-24T02:41:00Z,1.470,2.400,924.000,7561281536,8.310,8.310,1.000,0.010,1.980
2026-09-24T02:42:00Z,1.400,2.300,924.000,7560232960,6.280,6.280,1.000,0.010,2.180
2026-09-24T02:43:00Z,,,,,5.140,5.140,1.000,0.000,1.923
2026-09-24T02:44:00Z,1.395,2.320,924.000,7560232960,6.830,6.830,0.000,0.010,1.395
2026-09-24T02:45:00Z,1.400,2.350,924.000,7560232960,6.790,6.790,1.000,0.010,1.810
2026-09-24T02:46:00Z,,,924.000,,6.090,6.090,1.000,0.010,1.808
2026-09-24T02:47:00Z,1.420,2.370,,7560232960,12.820,12.820,1.000,0.020,1.607
2026-09-24T02:48:00Z,1.452,2.360,924.000,7560232960,9.060,9.060,2.000,0.010,3.277
2026-09-24T02:49:00Z,1.360,2.250,924.000,7560232960,3.840,3.840,1.000,0.000,2.355
2026-09-24T02:50:00Z,1.340,2.220,924.000,7560232960,5.740,5.740,0.000,0.000,1.058
2026-09-24T02:51:00Z,1.470,2.460,924.000,7559184384,7.910,7.910,1.000,0.010,1.528
2026-09-24T02:52:00Z,,,,,4.290,4.290,1.000,0.000,2.067
2026-09-24T02:53:00Z,1.380,2.310,924.000,7559184384,5.930,5.930,0.000,0.000,1.377
2026-09-24T02:54:00Z,,,,,3.610,3.610,0.000,0.000,1.580
2026-09-24T02:55:00Z,1.407,2.390,924.000,7559184384,7.180,7.180,0.000,0.010,1.018
2026-09-24T02:56:00Z,,,,,15.010,15.010,1.000,0.030,1.887
2026-09-24T02:57:00Z,1.480,2.400,924.000,7559184384,8.450,8.450,2.000,0.010,3.842
2026-09-24T02:58:00Z,1.405,2.340,924.000,,5.390,5.390,1.000,0.000,2.208
2026-09-24T02:59:00Z,1.415,2.400,924.000,7559184384,6.730,6.730,0.000,0.010,1.458
2026-09-24T03:00:00Z,1.420,2.350,924.000,7559184384,6.890,6.890,1.000,0.010,1.790
2026-09-24T03:01:00Z,1.480,2.450,924.000,7559184384,7.980,7.980,1.000,0.010,1.837
2026-09-24T03:02:00Z,1.360,2.210,924.000,7559184384,12.630,12.630,1.000,0.020,2.085
2026-09-24T03:03:00Z,1.370,2.230,924.000,7559184384,8.380,8.380,1.000,0.010,3.442
2026-09-24T03:04:00Z,1.370,2.260,924.000,7559184384,5.110,5.110,1.000,0.000,2.200
2026-09-24T03:05:00Z,1.755,3.000,924.000,7542407168,6.300,6.300,1.000,0.010,1.393
2026-09-24T03:06:00Z,1.995,2.350,924.000,7567572992,11.110,11.110,1.000,0.010,1.673
2026-09-24T03:07:00Z,1.385,2.290,924.000,,5.810,5.810,1.000,0.010,3.208
2026-09-24T03:08:00Z,1.475,2.400,924.000,7567572992,10.530,10.530,1.000,0.010,1.633
2026-09-24T03:09:00Z,1.415,2.310,924.000,7567572992,11.500,11.500,2.000,0.020,2.880
2026-09-24T03:10:00Z,1.475,2.380,924.000,7567572992,9.960,9.960,1.000,0.020,2.998
2026-09-24T03:11:00Z,1.495,2.430,924.000,7567572992,14.190,14.190,2.000,0.020,2.575
2026-09-24T03:12:00Z,,,924.000,7567572992,11.240,11.240,2.000,0.020,3.652
2026-09-24T03:13:00Z,1.147,2.330,924.000,7567572992,12.810,12.810,2.000,0.020,3.245
2026-09-24T03:14:00Z,1.717,2.370,924.000,7567572992,6.410,6.410,2.000,0.010,3.300
2026-09-24T03:15:00Z,1.390,2.270,924.000,,9.460,9.460,1.000,0.010,1.720
2026-09-24T03:16:00Z,1.430,2.360,924.000,7567572992,6.810,6.810,1.000,0.010,2.458
2026-09-24T03:17:00Z,1.400,2.310,924.000,7567572992,7.230,7.230,1.000,0.010,1.795
2026-09-24T03:18:00Z,0.540,0.540,924.000,7567572992,8.290,8.290,1.000,0.010,1.903
2026-09-24T03:19:00Z,2.380,2.380,924.000,,7.680,7.680,1.000,0.010,2.165
2026-09-24T03:20:00Z,1.383,2.300,924.000,7567572992,5.860,5.860,1.000,0.000,2.180
2026-09-24T03:21:00Z,1.485,2.460,924.000,7567572992,7.060,7.060,0.000,0.010,1.567
2026-09-24T03:22:00Z,,,,,2.910,2.910,1.000,0.000,1.855
2026-09-24T03:23:00Z,1.395,2.340,924.000,7567572992,6.860,6.860,0.000,0.010,1.058
2026-09-24T03:24:00Z,1.415,2.290,,,9.360,9.360,1.000,0.010,1.830
2026-09-24T03:25:00Z,1.400,2.300,924.000,7567572992,5.890,5.890,1.000,0.010,2.460
2026-09-24T03:26:00Z,1.440,2.330,924.000,7567572992,11.710,11.710,1.000,0.020,1.570
2026-09-24T03:27:00Z,1.565,2.550,924.000,7566524416,12.120,12.120,2.000,0.020,3.020
2026-09-24T03:28:00Z,1.445,2.350,924.000,7567572992,19.890,19.890,2.000,0.030,3.120
2026-09-24T03:29:00Z,1.405,2.260,924.000,7567572992,10.640,10.640,2.000,0.010,5.062
2026-09-24T03:30:00Z,1.390,2.280,924.000,7567572992,9.330,9.330,2.000,0.010,2.775
2026-09-24T03:31:00Z,1.485,2.450,924.000,7567572992,8.660,8.660,1.000,0.010,2.410
2026-09-24T03:32:00Z,1.505,2.420,924.000,7567572992,15.060,15.060,1.000,0.020,2.255
2026-09-24T03:33:00Z,1.455,2.380,924.000,7567572992,13.780,13.780,3.000,0.020,4.050
2026-09-24T03:34:00Z,,,,,6.540,6.540,2.000,0.010,3.550
2026-09-24T03:35:00Z,1.395,2.330,924.000,7567572992,6.790,6.790,0.000,0.010,1.745
2026-09-24T03:36:00Z,1.435,2.390,924.000,7567572992,8.560,8.560,1.000,0.010,1.965
2026-09-24T03:37:00Z,1.425,2.370,924.000,7567572992,6.450,6.450,1.000,0.010,2.250
2026-09-24T03:38:00Z,1.455,2.370,924.000,7567572992,12.290,12.290,1.000,0.020,1.715
2026-09-24T03:39:00Z,,,,,8.910,8.910,2.000,0.010,3.320
2026-09-24T03:40:00Z,1.445,2.360,924.000,7567572992,10.010,10.010,1.000,0.010,2.350
2026-09-24T03:41:00Z,1.480,2.480,924.000,7564427264,7.340,7.340,1.000,0.020,2.605
2026-09-24T03:42:00Z,,,,,7.840,7.840,1.000,0.010,1.925
2026-09-24T03:43:00Z,1.427,2.380,924.000,7564427264,7.730,7.730,1.000,0.010,2.252
2026-09-24T03:44:00Z,1.420,2.300,924.000,7564427264,9.800,9.800,1.000,0.010,2.050
2026-09-24T03:45:00Z,1.555,2.380,924.000,7564427264,25.540,25.540,1.000,0.180,2.540
2026-09-24T03:46:00Z,1.450,2.320,924.000,7564427264,16.310,16.310,4.000,0.020,6.490
2026-09-24T03:47:00Z,0.530,0.530,924.000,,9.430,9.430,2.000,0.010,4.170
2026-09-24T03:48:00Z,2.370,2.370,,7565475840,9.690,9.690,1.000,0.010,2.442
2026-09-24T03:49:00Z,1.397,2.360,924.000,7565475840,3.390,3.390,1.000,0.000,2.513
2026-09-24T03:50:00Z,1.405,2.330,924.000,7564427264,5.860,5.860,0.000,0.010,0.953
2026-09-24T03:51:00Z,1.495,2.430,924.000,7564427264,10.540,10.540,0.000,0.020,1.555
2026-09-24T03:52:00Z,1.440,2.410,924.000,7564427264,6.940,6.940,2.000,0.010,2.728
2026-09-24T03:53:00Z,,,,,12.910,12.910,1.000,0.020,2.033
2026-09-24T03:54:00Z,1.415,2.330,924.000,7563378688,7.530,7.530,2.000,0.010,3.337
2026-09-24T03:55:00Z,1.450,2.310,924.000,7562330112,11.210,11.210,1.000,0.050,1.992
2026-09-24T03:56:00Z,1.425,2.380,924.000,7562330112,5.760,5.760,2.000,0.000,2.905
2026-09-24T03:57:00Z,1.445,2.410,924.000,7562330112,9.840,9.840,0.000,0.010,1.530
2026-09-24T03:58:00Z,1.410,2.320,924.000,7562330112,11.050,11.050,2.000,0.060,2.553
2026-09-24T03:59:00Z,1.425,2.350,924.000,7562330112,6.990,6.990,1.000,0.010,2.865
2026-09-24T04:00:00Z,1.390,2.280,924.000,7562330112,7.950,7.950,1.000,0.010,1.863
2026-09-24T04:01:00Z,,,924.000,7562330112,11.610,11.610,1.000,0.030,2.083
2026-09-24T04:02:00Z,1.545,2.530,924.000,7562330112,19.460,19.460,2.000,0.040,3.007
2026-09-24T04:03:00Z,1.505,2.400,924.000,7562330112,18.130,18.130,3.000,0.030,5.150
2026-09-24T04:04:00Z,1.455,2.360,,,11.040,11.040,3.000,0.020,4.647
2026-09-24T04:05:00Z,,,924.000,7562330112,79.720,79.720,2.000,4.260,2.877
2026-09-24T04:06:00Z,2.453,2.880,924.000,7547650048,61.970,61.970,15.000,1.160,20.027
2026-09-24T04:07:00Z,1.580,2.500,924.000,7563378688,23.390,23.390,9.000,0.040,15.578
2026-09-24T04:08:00Z,1.545,2.420,924.000,7563378688,24.910,24.910,4.000,0.070,6.245
2026-09-24T04:09:00Z,1.540,2.340,924.000,7563378688,22.200,22.200,4.000,0.040,6.468
2026-09-24T04:10:00Z,1.560,2.460,924.000,7563378688,19.450,19.450,4.000,0.060,5.673
2026-09-24T04:11:00Z,1.520,2.510,924.000,7563378688,14.460,14.460,3.000,0.030,4.970
2026-09-24T04:12:00Z,1.455,2.390,924.000,7563378688,17.980,17.980,2.000,0.040,3.720
2026-09-24T04:13:00Z,1.495,2.470,924.000,7563378688,19.040,19.040,2.000,0.090,4.787
2026-09-24T04:14:00Z,1.550,2.390,924.000,7564427264,23.330,23.330,3.000,0.060,4.855
2026-09-24T04:15:00Z,1.515,2.430,924.000,7564427264,16.670,16.670,4.000,0.030,5.923
2026-09-24T04:16:00Z,1.575,2.520,924.000,7564427264,18.290,18.290,2.000,0.030,4.282
2026-09-24T04:17:00Z,1.575,2.500,924.000,7564427264,24.950,24.950,3.000,0.040,4.675
2026-09-24T04:18:00Z,1.565,2.520,924.000,7564427264,19.080,19.080,4.000,0.080,6.340
2026-09-24T04:19:00Z,1.580,2.580,924.000,7564427264,18.410,18.410,4.000,0.230,4.878
2026-09-24T04:20:00Z,1.415,2.280,924.000,7564427264,25.210,25.210,2.000,0.420,4.883
2026-09-24T04:21:00Z,1.520,2.480,924.000,7564427264,11.650,11.650,4.000,0.020,6.395
2026-09-24T04:22:00Z,1.445,2.320,924.000,7564427264,10.080,10.080,1.000,0.010,2.998
2026-09-24T04:23:00Z,,,924.000,7565475840,7.930,7.930,2.000,0.010,2.797
2026-09-24T04:24:00Z,1.480,2.460,924.000,7565475840,15.800,15.800,1.000,0.020,2.100
2026-09-24T04:25:00Z,1.440,2.350,924.000,7564427264,10.610,10.610,2.000,0.010,4.072
2026-09-24T04:26:00Z,1.415,2.310,924.000,7564427264,8.980,8.980,2.000,0.010,2.745
2026-09-24T04:27:00Z,1.540,2.420,924.000,7564427264,8.130,8.130,1.000,0.010,2.335
2026-09-24T04:28:00Z,,,924.000,,8.530,8.530,1.000,0.010,2.135
2026-09-24T04:29:00Z,1.448,2.420,924.000,7564427264,6.940,6.940,1.000,0.010,2.425
2026-09-24T04:30:00Z,1.450,2.390,924.000,7564427264,9.410,9.410,1.000,0.010,1.845
2026-09-24T04:31:00Z,,,,,18.350,18.350,1.000,0.030,2.445
2026-09-24T04:32:00Z,1.530,2.480,924.000,7563378688,14.560,14.560,3.000,0.020,4.678
2026-09-24T04:33:00Z,1.465,2.420,924.000,7564427264,10.230,10.230,2.000,0.010,3.950
2026-09-24T04:34:00Z,1.540,2.460,924.000,7564427264,14.180,14.180,1.000,0.020,2.667
2026-09-24T04:35:00Z,1.475,2.420,924.000,7564427264,11.610,11.610,2.000,0.010,3.652
2026-09-24T04:36:00Z,1.575,2.440,924.000,7564427264,19.940,19.940,1.000,0.030,3.180
2026-09-24T04:37:00Z,1.500,2.440,924.000,7564427264,12.860,12.860,3.000,0.020,5.107
2026-09-24T04:38:00Z,1.400,2.270,,7564427264,11.240,11.240,2.000,0.010,3.317
2026-09-24T04:39:00Z,1.455,2.400,924.000,7564427264,5.610,5.610,1.000,0.000,3.083
2026-09-24T04:40:00Z,1.500,2.370,924.000,7564427264,15.680,15.680,1.000,0.020,1.512
2026-09-24T04:41:00Z,1.560,2.580,924.000,7564427264,11.300,11.300,2.000,0.010,4.018
2026-09-24T04:42:00Z,,,924.000,7564427264,12.040,12.040,2.000,0.020,2.915
2026-09-24T04:43:00Z,1.420,2.300,924.000,,9.530,9.530,2.000,0.010,3.333
2026-09-24T04:44:00Z,1.465,2.430,924.000,7564427264,10.740,10.740,1.000,0.010,2.467
2026-09-24T04:45:00Z,1.420,2.340,924.000,7564427264,10.490,10.490,1.000,0.010,2.795
2026-09-24T04:46:00Z,,,924.000,7564427264,11.310,11.310,1.000,0.010,2.725
2026-09-24T04:47:00Z,1.482,2.440,924.000,7564427264,15.060,15.060,2.000,0.020,2.917
2026-09-24T04:48:00Z,1.450,2.410,924.000,7564427264,4.940,4.940,2.000,0.000,3.868
2026-09-24T04:49:00Z,1.420,2.330,,7564427264,8.230,8.230,0.000,0.010,1.320
2026-09-24T04:50:00Z,,,924.000,7564427264,8.380,8.380,1.000,0.010,2.167
2026-09-24T04:51:00Z,1.445,2.460,924.000,7564427264,5.960,5.960,1.000,0.010,2.188
2026-09-24T04:52:00Z,1.410,2.340,924.000,7564427264,8.930,8.930,1.000,0.010,1.580
2026-09-24T04:53:00Z,1.420,2.310,924.000,,7.060,7.060,1.000,0.010,2.522
2026-09-24T04:54:00Z,1.360,2.260,924.000,7564427264,3.490,3.490,1.000,0.000,1.867
2026-09-24T04:55:00Z,1.400,2.310,924.000,7564427264,7.750,7.750,0.000,0.010,0.990
2026-09-24T04:56:00Z,1.375,2.290,924.000,7564427264,7.810,7.810,1.000,0.010,2.040
2026-09-24T04:57:00Z,1.490,2.490,924.000,7564427264,6.330,6.330,1.000,0.010,2.030
2026-09-24T04:58:00Z,1.470,2.390,924.000,7564427264,16.890,16.890,1.000,0.040,1.680
2026-09-24T04:59:00Z,1.425,2.330,924.000,7564427264,6.230,6.230,2.000,0.010,4.315
2026-09-24T05:00:00Z,,,924.000,7564427264,4.860,4.860,1.000,0.000,1.667
2026-09-24T05:01:00Z,1.480,2.550,924.000,7563378688,13.330,13.330,0.000,0.040,1.310
2026-09-24T05:02:00Z,1.480,2.400,924.000,7563378688,16.750,16.750,3.000,0.020,3.435
2026-09-24T05:03:00Z,1.545,2.470,924.000,7563378688,16.380,16.380,2.000,0.020,4.478
2026-09-24T05:04:00Z,1.465,2.330,924.000,7562330112,14.510,14.510,3.000,0.020,4.202
2026-09-24T05:05:00Z,1.480,2.390,924.000,7562330112,10.380,10.380,2.000,0.020,3.743
2026-09-24T05:06:00Z,2.310,4.080,924.000,7561281536,9.600,9.600,1.000,0.010,2.685
2026-09-24T05:07:00Z,1.510,2.500,924.000,7561281536,9.480,9.480,1.000,0.010,2.485
2026-09-24T05:08:00Z,1.445,2.380,924.000,7561281536,11.160,11.160,1.000,0.010,2.975
2026-09-24T05:09:00Z,,,,7561281536,8.930,8.930,1.000,0.010,3.062
2026-09-24T05:10:00Z,1.495,2.470,924.000,7561281536,20.020,20.020,1.000,0.060,2.325
2026-09-24T05:11:00Z,1.452,2.420,924.000,7561281536,7.260,7.260,3.000,0.010,5.107
2026-09-24T05:12:00Z,1.420,2.360,924.000,7561281536,6.480,6.480,1.000,0.010,1.913
2026-09-24T05:13:00Z,1.395,2.290,924.000,7561281536,7.510,7.510,1.000,0.010,1.942
2026-09-24T05:14:00Z,1.390,2.290,924.000,7561281536,6.640,6.640,1.000,0.010,1.970
2026-09-24T05:15:00Z,1.390,2.290,924.000,7561281536,7.180,7.180,1.000,0.010,1.788
2026-09-24T05:16:00Z,1.410,2.330,924.000,7561281536,3.980,3.980,1.000,0.000,1.893
2026-09-24T05:17:00Z,1.465,2.380,924.000,7561281536,8.790,8.790,1.000,0.010,1.080
2026-09-24T05:18:00Z,,,,,4.810,4.810,1.000,0.000,2.288
2026-09-24T05:19:00Z,1.420,2.390,924.000,7561281536,6.290,6.290,1.000,0.010,1.295
2026-09-24T05:20:00Z,0.500,0.500,,7561281536,3.380,3.380,0.000,0.000,1.877
2026-09-24T05:21:00Z,1.793,2.350,924.000,7561281536,3.780,3.780,0.000,0.000,0.948
2026-09-24T05:22:00Z,1.515,2.520,924.000,7561281536,5.280,5.280,0.000,0.000,1.055
2026-09-24T05:23:00Z,1.590,2.480,924.000,7561281536,31.740,31.740,1.000,0.150,1.660
2026-09-24T05:24:00Z,1.450,2.310,924.000,7562330112,15.960,15.960,5.000,0.120,8.027
2026-09-24T05:25:00Z,1.400,2.350,,7562330112,4.640,4.640,2.000,0.000,4.100
2026-09-24T05:26:00Z,1.435,2.330,924.000,7562330112,7.880,7.880,1.000,0.010,1.265
2026-09-24T05:27:00Z,1.435,2.360,924.000,7562330112,7.250,7.250,1.000,0.010,2.072
2026-09-24T05:28:00Z,1.425,2.350,924.000,7562330112,6.410,6.410,1.000,0.010,1.920
2026-09-24T05:29:00Z,1.445,2.380,924.000,7562330112,5.490,5.490,1.000,0.000,1.692
2026-09-24T05:30:00Z,1.440,2.360,924.000,7562330112,8.480,8.480,0.000,0.010,1.478
2026-09-24T05:31:00Z,1.515,2.450,924.000,7561281536,10.350,10.350,1.000,0.010,2.223
2026-09-24T05:32:00Z,1.440,2.360,924.000,7561281536,9.860,9.860,2.000,0.010,2.672
2026-09-24T05:33:00Z,1.470,2.420,924.000,7561281536,6.840,6.840,1.000,0.010,2.748
2026-09-24T05:34:00Z,1.445,2.330,924.000,7561281536,12.210,12.210,1.000,0.020,1.815
2026-09-24T05:35:00Z,1.490,2.440,924.000,,10.260,10.260,2.000,0.010,3.143
2026-09-24T05:36:00Z,1.395,2.310,924.000,7561281536,6.930,6.930,1.000,0.010,2.817
2026-09-24T05:37:00Z,1.495,2.400,924.000,7561281536,12.020,12.020,1.000,0.020,1.865
2026-09-24T05:38:00Z,1.445,2.400,,7562330112,9.690,9.690,2.000,0.010,3.103
2026-09-24T05:39:00Z,,,924.000,7562330112,11.440,11.440,1.000,0.010,2.690
2026-09-24T05:40:00Z,1.442,2.370,924.000,7561281536,9.330,9.330,2.000,0.010,2.970
2026-09-24T05:41:00Z,1.560,2.550,924.000,7562330112,14.330,14.330,1.000,0.020,2.425
2026-09-24T05:42:00Z,,,,,11.010,11.010,2.000,0.010,3.672
2026-09-24T05:43:00Z,1.425,2.360,924.000,7562330112,10.430,10.430,1.000,0.010,3.067
2026-09-24T05:44:00Z,1.480,2.430,924.000,7562330112,9.520,9.520,1.000,0.010,2.723
2026-09-24T05:45:00Z,1.505,2.470,924.000,7561281536,13.510,13.510,2.000,0.020,2.490
2026-09-24T05:46:00Z,1.465,2.370,924.000,7560232960,18.330,18.330,2.000,0.030,3.467
2026-09-24T05:47:00Z,,,,,17.040,17.040,3.000,0.020,4.680
2026-09-24T05:48:00Z,1.417,2.440,924.000,7560232960,5.500,5.500,2.000,0.000,4.357
2026-09-24T05:49:00Z,1.440,2.360,924.000,7559184384,9.860,9.860,0.000,0.010,1.472
2026-09-24T05:50:00Z,1.445,2.410,924.000,7559184384,6.110,6.110,1.000,0.000,2.580
2026-09-24T05:51:00Z,1.485,2.380,924.000,7559184384,12.470,12.470,1.000,0.020,1.613
2026-09-24T05:52:00Z,1.380,2.240,924.000,7559184384,10.280,10.280,2.000,0.010,3.220
2026-09-24T05:53:00Z,1.460,2.390,924.000,7559184384,8.780,8.780,1.000,0.010,2.855
2026-09-24T05:54:00Z,1.470,2.430,924.000,7559184384,7.890,7.890,1.000,0.010,2.303
2026-09-24T05:55:00Z,1.440,2.360,924.000,7559184384,11.040,11.040,1.000,0.010,2.087
2026-09-24T05:56:00Z,1.520,2.460,924.000,7559184384,11.210,11.210,2.000,0.010,2.853
2026-09-24T05:57:00Z,1.545,2.500,924.000,7558135808,15.810,15.810,2.000,0.020,2.905
2026-09-24T05:58:00Z,1.805,2.680,924.000,7556038656,39.380,39.380,2.000,0.090,4.045
2026-09-24T05:59:00Z,1.515,2.440,,7556038656,27.580,27.580,8.000,0.070,9.935
2026-09-24T06:00:00Z,1.545,2.510,924.000,7556038656,17.140,17.140,3.000,0.020,7.005
2026-09-24T06:01:00Z,1.725,2.680,924.000,7556038656,28.070,28.070,3.000,0.070,4.378
2026-09-24T06:02:00Z,,,,,37.530,37.530,5.000,0.070,7.107
2026-09-24T06:03:00Z,1.738,2.690,924.000,7556038656,42.500,42.500,6.000,0.090,9.685
2026-09-24T06:04:00Z,1.690,2.560,924.000,7556038656,40.860,40.860,7.000,0.100,10.732
2026-09-24T06:05:00Z,1.585,2.490,924.000,7557087232,27.130,27.130,6.000,0.040,10.325
2026-09-24T06:06:00Z,1.885,3.110,924.000,7543455744,22.840,22.840,5.000,0.040,6.872
2026-09-24T06:07:00Z,2.240,2.660,924.000,7560232960,22.990,22.990,3.000,0.040,5.820
2026-09-24T06:08:00Z,1.835,2.780,924.000,7559184384,43.350,43.350,4.000,0.180,6.088
2026-09-24T06:09:00Z,1.690,2.560,924.000,7559184384,45.400,45.400,8.000,0.090,11.215
2026-09-24T06:10:00Z,1.560,2.390,924.000,7559184384,30.920,30.920,7.000,0.090,11.473
2026-09-24T06:11:00Z,1.585,2.500,924.000,7559184384,19.810,19.810,5.000,0.030,7.832
2026-09-24T06:12:00Z,,,,,18.520,18.520,3.000,0.030,5.043
2026-09-24T06:13:00Z,1.587,2.540,924.000,7559184384,23.290,23.290,3.000,0.040,4.935
2026-09-24T06:14:00Z,1.535,2.460,,,18.200,18.200,4.000,0.030,5.912
2026-09-24T06:15:00Z,1.460,2.350,924.000,7559184384,15.740,15.740,3.000,0.020,4.660
2026-09-24T06:16:00Z,1.555,2.510,924.000,7559184384,14.100,14.100,2.000,0.020,4.025
2026-09-24T06:17:00Z,1.550,2.440,924.000,7559184384,21.000,21.000,2.000,0.030,3.623
2026-09-24T06:18:00Z,1.510,2.440,924.000,7559184384,14.820,14.820,3.000,0.020,5.340
2026-09-24T06:19:00Z,1.465,2.340,924.000,7559184384,16.880,16.880,2.000,0.020,3.790
2026-09-24T06:20:00Z,1.520,2.420,924.000,7559184384,13.460,13.460,2.000,0.020,4.497
2026-09-24T06:21:00Z,1.605,2.610,924.000,7558135808,15.620,15.620,2.000,0.020,3.467
2026-09-24T06:22:00Z,,,,,23.720,23.720,3.000,0.060,3.975
2026-09-24T06:23:00Z,1.535,2.500,924.000,7558135808,16.500,16.500,4.000,0.020,6.240
2026-09-24T06:24:00Z,1.505,2.420,,7558135808,16.410,16.410,2.000,0.020,4.232
2026-09-24T06:25:00Z,1.565,2.510,924.000,7557087232,19.550,19.550,3.000,0.030,4.220
2026-09-24T06:26:00Z,1.615,2.610,924.000,7557087232,18.660,18.660,3.000,0.030,4.985
2026-09-24T06:27:00Z,1.515,2.430,924.000,7557087232,24.540,24.540,3.000,0.040,4.763
2026-09-24T06:28:00Z,1.495,2.390,924.000,7557087232,13.410,13.410,3.000,0.020,6.428
2026-09-24T06:29:00Z,1.445,2.370,924.000,7557087232,10.110,10.110,2.000,0.010,3.450
2026-09-24T06:30:00Z,,,,,18.700,18.700,1.000,0.030,2.638
2026-09-24T06:31:00Z,1.660,2.570,924.000,7557087232,35.710,35.710,3.000,0.060,4.772
2026-09-24T06:32:00Z,1.535,2.440,,,22.040,22.040,6.000,0.030,9.020
2026-09-24T06:33:00Z,1.555,2.530,924.000,7557087232,17.160,17.160,4.000,0.020,5.795
2026-09-24T06:34:00Z,1.585,2.600,924.000,7557087232,16.030,16.030,2.000,0.020,4.400
2026-09-24T06:35:00Z,1.550,2.450,,,27.490,27.490,3.000,0.060,4.117
2026-09-24T06:36:00Z,,,924.000,7557087232,27.290,27.290,3.000,0.050,7.115
2026-09-24T06:37:00Z,1.552,2.500,924.000,7557087232,17.680,17.680,5.000,0.020,6.950
2026-09-24T06:38:00Z,,,,,28.070,28.070,2.000,0.060,4.513
2026-09-24T06:39:00Z,1.558,2.490,924.000,7557087232,28.650,28.650,5.000,0.060,7.282
2026-09-24T06:40:00Z,1.530,2.420,924.000,7557087232,17.080,17.080,4.000,0.020,7.298
2026-09-24T06:41:00Z,1.665,2.600,924.000,7557087232,23.840,23.840,3.000,0.050,4.372
2026-09-24T06:42:00Z,,,,,24.350,24.350,4.000,0.040,6.058
2026-09-24T06:43:00Z,1.580,2.460,924.000,7556038656,17.340,17.340,4.000,0.020,6.415
2026-09-24T06:44:00Z,1.575,2.480,924.000,7556038656,22.650,22.650,3.000,0.030,4.433
2026-09-24T06:45:00Z,1.555,2.480,924.000,7556038656,19.340,19.340,3.000,0.030,5.772
2026-09-24T06:46:00Z,1.525,2.460,924.000,7556038656,18.110,18.110,3.000,0.030,4.933
2026-09-24T06:47:00Z,1.625,2.460,924.000,7556038656,16.400,16.400,3.000,0.020,4.630
2026-09-24T06:48:00Z,1.505,2.470,,,12.010,12.010,2.000,0.020,4.202
2026-09-24T06:49:00Z,1.495,2.370,924.000,7556038656,17.490,17.490,2.000,0.070,3.292
2026-09-24T06:50:00Z,1.515,2.470,924.000,7557087232,11.030,11.030,3.000,0.010,4.482
2026-09-24T06:51:00Z,1.490,2.350,924.000,7557087232,18.960,18.960,2.000,0.030,2.853
2026-09-24T06:52:00Z,1.470,2.380,924.000,7557087232,10.780,10.780,3.000,0.010,4.832
2026-09-24T06:53:00Z,1.530,2.480,924.000,7557087232,18.590,18.590,2.000,0.040,3.013
2026-09-24T06:54:00Z,1.505,2.400,924.000,7556038656,19.420,19.420,3.000,0.030,4.750
2026-09-24T06:55:00Z,1.465,2.460,924.000,7556038656,8.490,8.490,3.000,0.010,4.973
2026-09-24T06:56:00Z,1.595,2.620,924.000,7556038656,13.330,13.330,1.000,0.020,2.225
2026-09-24T06:57:00Z,,,,,25.540,25.540,2.000,0.060,3.422
2026-09-24T06:58:00Z,1.470,2.390,924.000,7556038656,10.230,10.230,4.000,0.010,6.487
2026-09-24T06:59:00Z,1.475,2.430,924.000,,10.580,10.580,2.000,0.020,2.660
2026-09-24T07:00:00Z,1.535,2.410,924.000,7554990080,15.730,15.730,1.000,0.020,2.763
2026-09-24T07:01:00Z,1.985,3.060,924.000,7554990080,30.120,30.120,2.000,0.200,4.025
2026-09-24T07:02:00Z,1.800,2.640,924.000,7556038656,66.950,66.950,6.000,0.240,7.633
2026-09-24T07:03:00Z,1.800,2.900,924.000,7556038656,34.240,34.240,11.000,0.060,17.023
2026-09-24T07:04:00Z,,,,,51.400,51.400,6.000,0.090,8.675
2026-09-24T07:05:00Z,1.778,2.810,924.000,7554990080,37.950,37.950,8.000,0.090,12.935
2026-09-24T07:06:00Z,1.850,2.760,924.000,7554990080,55.850,55.850,6.000,0.210,9.595
2026-09-24T07:07:00Z,2.700,3.130,924.000,7532969984,52.250,52.250,10.000,0.110,14.065
2026-09-24T07:08:00Z,1.760,2.670,924.000,7559184384,45.320,45.320,9.000,0.100,13.170
2026-09-24T07:09:00Z,1.710,2.610,924.000,7559184384,38.230,38.230,7.000,0.070,11.758
2026-09-24T07:10:00Z,,,,,31.990,31.990,6.000,0.050,9.672
2026-09-24T07:11:00Z,1.677,2.710,924.000,7559184384,27.990,27.990,6.000,0.040,8.102
2026-09-24T07:12:00Z,1.625,2.510,924.000,7560232960,32.940,32.940,4.000,0.060,7.082
2026-09-24T07:13:00Z,,,,,21.560,21.560,5.000,0.030,8.557
2026-09-24T07:14:00Z,1.620,2.590,924.000,7560232960,24.140,24.140,3.000,0.040,5.492
2026-09-24T07:15:00Z,1.525,2.420,924.000,7560232960,25.190,25.190,4.000,0.040,6.152
2026-09-24T07:16:00Z,1.710,2.620,924.000,7560232960,29.330,29.330,4.000,0.080,6.402
2026-09-24T07:17:00Z,1.620,2.420,924.000,7560232960,41.100,41.100,5.000,0.100,7.435
2026-09-24T07:18:00Z,1.605,2.520,924.000,7560232960,19.220,19.220,6.000,0.030,10.365
2026-09-24T07:19:00Z,1.645,2.610,924.000,7560232960,30.480,30.480,3.000,0.060,4.915
2026-09-24T07:20:00Z,1.580,2.470,924.000,7559184384,29.570,29.570,5.000,0.050,7.910
2026-09-24T07:21:00Z,1.590,2.560,924.000,7560232960,17.160,17.160,4.000,0.030,7.495
2026-09-24T07:22:00Z,1.570,2.510,924.000,7560232960,18.710,18.710,3.000,0.030,4.393
2026-09-24T07:23:00Z,1.535,2.440,924.000,7560232960,22.630,22.630,3.000,0.040,4.992
2026-09-24T07:24:00Z,,,,7560232960,17.640,17.640,3.000,0.030,5.750
2026-09-24T07:25:00Z,1.535,2.480,924.000,7560232960,16.720,16.720,3.000,0.020,4.515
2026-09-24T07:26:00Z,1.538,2.480,924.000,7560232960,19.160,19.160,2.000,0.030,4.272
2026-09-24T07:27:00Z,,,,,18.900,18.900,3.000,0.030,4.893
2026-09-24T07:28:00Z,1.500,2.460,924.000,7560232960,19.160,19.160,3.000,0.030,4.827
2026-09-24T07:29:00Z,1.455,2.320,924.000,7560232960,16.430,16.430,3.000,0.020,4.875
2026-09-24T07:30:00Z,0.570,0.570,,,14.510,14.510,3.000,0.020,4.223
2026-09-24T07:31:00Z,2.010,2.980,924.000,7559184384,24.110,24.110,2.000,0.040,3.723
2026-09-24T07:32:00Z,1.685,2.600,924.000,7559184384,54.360,54.360,5.000,0.190,6.117
2026-09-24T07:33:00Z,1.625,2.540,924.000,7559184384,32.060,32.060,9.000,0.050,13.880
2026-09-24T07:34:00Z,1.590,2.550,924.000,7559184384,21.310,21.310,5.000,0.030,8.143
2026-09-24T07:35:00Z,1.620,2.500,924.000,,29.870,29.870,3.000,0.080,5.442
2026-09-24T07:36:00Z,1.500,2.400,924.000,7559184384,19.390,19.390,5.000,0.030,7.702
2026-09-24T07:37:00Z,1.665,2.550,924.000,7559184384,28.740,28.740,3.000,0.090,4.982
2026-09-24T07:38:00Z,1.605,2.440,924.000,7559184384,31.770,31.770,5.000,0.060,7.277
2026-09-24T07:39:00Z,1.550,2.430,924.000,7560232960,20.470,20.470,5.000,0.030,8.223
2026-09-24T07:40:00Z,1.505,2.380,924.000,7560232960,18.760,18.760,3.000,0.040,5.223
2026-09-24T07:41:00Z,1.550,2.470,924.000,7560232960,16.040,16.040,3.000,0.020,4.782
2026-09-24T07:42:00Z,,,,,22.310,22.310,2.000,0.030,4.095
2026-09-24T07:43:00Z,1.528,2.450,924.000,7560232960,13.660,13.660,4.000,0.020,5.900
2026-09-24T07:44:00Z,1.540,2.460,924.000,,15.810,15.810,2.000,0.020,3.538
2026-09-24T07:45:00Z,1.515,2.380,924.000,7559184384,19.460,19.460,2.000,0.030,4.062
2026-09-24T07:46:00Z,1.545,2.430,924.000,7559184384,16.430,16.430,3.000,0.020,4.968
2026-09-24T07:47:00Z,1.555,2.540,924.000,7559184384,14.540,14.540,3.000,0.020,4.205
2026-09-24T07:48:00Z,1.555,2.520,924.000,7559184384,19.990,19.990,2.000,0.030,3.720
2026-09-24T07:49:00Z,1.565,2.430,924.000,7559184384,23.840,23.840,3.000,0.040,5.103
2026-09-24T07:50:00Z,1.535,2.460,,7559184384,18.230,18.230,4.000,0.020,6.070
2026-09-24T07:51:00Z,1.660,2.630,924.000,7559184384,21.380,21.380,2.000,0.030,4.650
2026-09-24T07:52:00Z,1.535,2.440,924.000,7558135808,24.930,24.930,3.000,0.040,5.447
2026-09-24T07:53:00Z,1.620,2.430,924.000,7558135808,18.770,18.770,4.000,0.030,6.525
2026-09-24T07:54:00Z,1.595,2.500,924.000,7558135808,23.650,23.650,3.000,0.040,4.808
2026-09-24T07:55:00Z,1.520,2.450,924.000,7558135808,19.660,19.660,4.000,0.030,6.232
2026-09-24T07:56:00Z,,,,,12.980,12.980,3.000,0.020,5.025
2026-09-24T07:57:00Z,1.643,2.600,924.000,7558135808,47.040,47.040,2.000,0.260,3.335
2026-09-24T07:58:00Z,1.610,2.450,924.000,7557087232,33.130,33.130,8.000,0.050,11.852
2026-09-24T07:59:00Z,1.575,2.470,,7557087232,21.440,21.440,5.000,0.030,8.385
2026-09-24T08:00:00Z,1.545,2.470,924.000,7557087232,17.780,17.780,3.000,0.030,5.470
2026-09-24T08:01:00Z,1.920,2.940,924.000,7557087232,35.310,35.310,3.000,0.300,4.548
2026-09-24T08:02:00Z,1.895,2.800,924.000,7557087232,59.990,59.990,6.000,0.130,8.912
2026-09-24T08:03:00Z,0.920,0.920,924.000,,54.900,54.900,11.000,0.100,15.283
2026-09-24T08:04:00Z,2.040,2.710,924.000,7557087232,35.760,35.760,8.000,0.060,13.835
2026-09-24T08:05:00Z,1.565,2.440,924.000,7557087232,30.730,30.730,6.000,0.050,9.060
2026-09-24T08:06:00Z,1.745,2.590,924.000,7557087232,34.650,34.650,5.000,0.270,7.775
2026-09-24T08:07:00Z,2.465,4.260,924.000,7556038656,28.110,28.110,6.000,0.040,8.760
2026-09-24T08:08:00Z,1.635,2.530,924.000,7556038656,29.500,29.500,5.000,0.210,7.120
2026-09-24T08:09:00Z,1.660,2.620,924.000,7556038656,26.620,26.620,5.000,0.280,7.760
2026-09-24T08:10:00Z,1.640,2.510,,7556038656,34.420,34.420,4.000,0.060,6.815
2026-09-24T08:11:00Z,1.760,2.790,924.000,7556038656,27.740,27.740,6.000,0.050,8.727
2026-09-24T08:12:00Z,1.815,2.730,,,50.140,50.140,5.000,0.100,7.027
2026-09-24T08:13:00Z,1.955,2.930,924.000,7556038656,54.420,54.420,9.000,0.110,12.832
2026-09-24T08:14:00Z,,,,7556038656,59.160,59.160,10.000,0.120,13.715
2026-09-24T08:15:00Z,1.903,2.700,924.000,7556038656,63.790,63.790,8.000,0.230,14.900
2026-09-24T08:16:00Z,1.915,2.820,924.000,7557087232,55.180,55.180,11.000,0.160,16.062
2026-09-24T08:17:00Z,1.805,2.680,924.000,7557087232,58.830,58.830,10.000,0.110,14.085
2026-09-24T08:18:00Z,1.975,2.940,924.000,7556038656,50.250,50.250,9.000,0.100,14.810
2026-09-24T08:19:00Z,1.800,2.730,,,54.100,54.100,9.000,0.100,12.658
2026-09-24T08:20:00Z,,,924.000,7556038656,52.280,52.280,9.000,0.370,13.810
2026-09-24T08:21:00Z,1.827,2.780,924.000,7556038656,44.900,44.900,9.000,0.080,13.175
2026-09-24T08:22:00Z,1.745,2.690,924.000,7556038656,43.360,43.360,8.000,0.080,11.328
2026-09-24T08:23:00Z,1.830,2.660,924.000,7554990080,57.530,57.530,7.000,0.360,11.130
2026-09-24T08:24:00Z,,,,7554990080,33.790,33.790,9.000,0.060,14.502
2026-09-24T08:25:00Z,1.647,2.620,924.000,,32.770,32.770,5.000,0.060,8.565
2026-09-24T08:26:00Z,1.770,2.660,924.000,7554990080,40.810,40.810,5.000,0.080,8.290
2026-09-24T08:27:00Z,1.790,2.640,924.000,7556038656,49.780,49.780,7.000,0.110,10.297
2026-09-24T08:28:00Z,1.890,2.770,924.000,7556038656,53.830,53.830,9.000,0.150,12.540
2026-09-24T08:29:00Z,,,,,43.660,43.660,9.000,0.070,13.555
2026-09-24T08:30:00Z,1.708,2.670,924.000,7557087232,38.480,38.480,7.000,0.070,11.025
2026-09-24T08:31:00Z,1.875,2.880,924.000,7556038656,45.110,45.110,6.000,0.090,9.705
2026-09-24T08:32:00Z,1.930,2.740,924.000,7554990080,65.550,65.550,8.000,0.270,11.367
2026-09-24T08:33:00Z,,,924.000,7554990080,64.370,64.370,11.000,0.140,16.685
2026-09-24T08:34:00Z,1.933,2.840,924.000,7556038656,63.170,63.170,11.000,0.200,16.207
2026-09-24T08:35:00Z,2.005,3.160,924.000,7556038656,52.530,52.530,11.000,0.140,15.908
2026-09-24T08:36:00Z,2.035,2.690,924.000,7554990080,106.150,106.150,8.000,2.890,13.273
2026-09-24T08:37:00Z,1.750,2.700,924.000,7554990080,42.370,42.370,19.000,0.070,26.780
2026-09-24T08:38:00Z,1.780,2.680,,7556038656,44.270,44.270,7.000,0.110,10.685
2026-09-24T08:39:00Z,1.660,2.590,924.000,7556038656,39.680,39.680,8.000,0.060,11.335
2026-09-24T08:40:00Z,1.860,2.770,924.000,7556038656,49.730,49.730,6.000,0.430,10.010
2026-09-24T08:41:00Z,1.690,2.720,924.000,7556038656,39.170,39.170,9.000,0.090,12.550
2026-09-24T08:42:00Z,,,,,40.000,40.000,6.000,0.070,9.885
2026-09-24T08:43:00Z,1.712,2.680,924.000,7556038656,38.590,38.590,7.000,0.060,10.297
2026-09-24T08:44:00Z,1.730,2.660,924.000,7554990080,35.290,35.290,6.000,0.060,9.783
2026-09-24T08:45:00Z,1.710,2.640,924.000,7554990080,40.350,40.350,6.000,0.790,8.912
2026-09-24T08:46:00Z,1.710,2.700,924.000,7554990080,29.380,29.380,6.000,0.050,10.203
2026-09-24T08:47:00Z,1.585,2.410,924.000,7554990080,38.660,38.660,5.000,0.100,7.463
2026-09-24T08:48:00Z,1.555,2.490,924.000,7554990080,17.240,17.240,6.000,0.030,9.755
2026-09-24T08:49:00Z,1.530,2.380,924.000,,22.440,22.440,3.000,0.030,4.407
2026-09-24T08:50:00Z,1.675,2.620,924.000,7556038656,24.570,24.570,4.000,0.040,5.728
2026-09-24T08:51:00Z,1.690,2.630,924.000,7553941504,32.250,32.250,4.000,0.050,6.232
2026-09-24T08:52:00Z,1.660,2.640,924.000,7553941504,28.140,28.140,6.000,0.210,8.168
2026-09-24T08:53:00Z,1.590,2.500,924.000,7553941504,33.340,33.340,4.000,0.050,7.320
2026-09-24T08:54:00Z,1.530,2.460,924.000,7553941504,21.230,21.230,5.000,0.050,8.440
2026-09-24T08:55:00Z,1.580,2.490,,,24.010,24.010,3.000,0.040,5.423
2026-09-24T08:56:00Z,1.570,2.440,924.000,7553941504,26.340,26.340,4.000,0.050,6.105
2026-09-24T08:57:00Z,1.505,2.430,924.000,,20.320,20.320,4.000,0.030,6.690
2026-09-24T08:58:00Z,1.530,2.440,924.000,7553941504,19.180,19.180,3.000,0.030,5.185
2026-09-24T08:59:00Z,1.610,2.590,924.000,7554990080,17.160,17.160,3.000,0.020,4.885
2026-09-24T09:00:00Z,1.495,2.470,924.000,7554990080,20.410,20.410,3.000,0.030,4.395
2026-09-24T09:01:00Z,1.770,2.730,924.000,,31.930,31.930,3.000,0.080,5.205
2026-09-24T09:02:00Z,1.690,2.690,924.000,7551844352,38.340,38.340,6.000,0.070,8.072
2026-09-24T09:03:00Z,1.695,2.540,,,38.920,38.920,6.000,0.080,9.870
2026-09-24T09:04:00Z,1.575,2.530,924.000,7551844352,21.060,21.060,6.000,0.030,9.840
2026-09-24T09:05:00Z,,,924.000,,24.650,24.650,3.000,0.040,5.580
2026-09-24T09:06:00Z,1.665,2.650,924.000,7552892928,34.540,34.540,4.000,0.060,6.265
2026-09-24T09:07:00Z,1.730,2.870,924.000,7544504320,29.310,29.310,6.000,0.050,8.720
2026-09-24T09:08:00Z,2.215,2.510,,,21.960,21.960,4.000,0.030,7.420
2026-09-24T09:09:00Z,1.720,2.770,924.000,7557087232,24.770,24.770,4.000,0.040,5.883
2026-09-24T09:10:00Z,1.610,2.560,924.000,7556038656,40.760,40.760,4.000,0.080,6.365
2026-09-24T09:11:00Z,1.645,2.590,924.000,7556038656,30.060,30.060,6.000,0.110,10.293
2026-09-24T09:12:00Z,1.560,2.500,924.000,7556038656,24.410,24.410,5.000,0.050,7.600
2026-09-24T09:13:00Z,1.635,2.530,924.000,7556038656,26.710,26.710,4.000,0.040,6.407
2026-09-24T09:14:00Z,1.650,2.610,924.000,7556038656,25.560,25.560,4.000,0.040,6.750
2026-09-24T09:15:00Z,1.550,2.410,924.000,7556038656,32.980,32.980,5.000,0.050,6.495
2026-09-24T09:16:00Z,1.550,2.450,924.000,7556038656,22.330,22.330,5.000,0.030,8.338
2026-09-24T09:17:00Z,1.580,2.530,,7556038656,24.210,24.210,3.000,0.060,5.680
2026-09-24T09:18:00Z,1.620,2.560,924.000,7556038656,27.550,27.550,3.000,0.050,6.150
2026-09-24T09:19:00Z,1.620,2.520,924.000,7556038656,29.290,29.290,5.000,0.050,6.978
2026-09-24T09:20:00Z,,,924.000,,19.240,19.240,5.000,0.030,7.600
2026-09-24T09:21:00Z,1.570,2.570,924.000,7556038656,23.530,23.530,3.000,0.040,4.907
2026-09-24T09:22:00Z,1.640,2.600,924.000,7556038656,25.950,25.950,4.000,0.040,5.985
2026-09-24T09:23:00Z,1.600,2.540,,,26.950,26.950,4.000,0.040,6.798
2026-09-24T09:24:00Z,1.565,2.520,924.000,7554990080,23.090,23.090,4.000,0.040,6.853
2026-09-24T09:25:00Z,,,,7553941504,28.120,28.120,4.000,0.040,5.883
2026-09-24T09:26:00Z,1.558,2.500,924.000,7553941504,20.710,20.710,4.000,0.030,7.140
2026-09-24T09:27:00Z,1.610,2.500,924.000,7553941504,22.940,22.940,3.000,0.040,5.268
2026-09-24T09:28:00Z,1.655,2.660,,7553941504,25.230,25.230,4.000,0.060,5.832
2026-09-24T09:29:00Z,1.540,2.470,924.000,7553941504,28.610,28.610,4.000,0.050,6.393
2026-09-24T09:30:00Z,1.470,2.380,,7553941504,17.100,17.100,4.000,0.020,7.263
2026-09-24T09:31:00Z,,,924.000,,14.840,14.840,3.000,0.020,4.378
2026-09-24T09:32:00Z,1.680,2.680,924.000,7551844352,35.800,35.800,2.000,0.070,3.795
2026-09-24T09:33:00Z,1.525,2.460,924.000,7551844352,27.490,27.490,6.000,0.040,9.240
2026-09-24T09:34:00Z,,,924.000,,20.280,20.280,4.000,0.030,6.978
2026-09-24T09:35:00Z,1.550,2.400,924.000,7551844352,14.190,14.190,3.000,0.020,5.185
2026-09-24T09:36:00Z,1.552,2.530,924.000,7552892928,23.710,23.710,3.000,0.040,3.658
2026-09-24T09:37:00Z,1.555,2.480,924.000,7552892928,19.220,19.220,3.000,0.030,6.188
2026-09-24T09:38:00Z,1.570,2.500,924.000,7552892928,23.150,23.150,3.000,0.040,4.897
2026-09-24T09:39:00Z,,,,,39.700,39.700,4.000,0.240,5.885
2026-09-24T09:40:00Z,1.650,2.650,924.000,7551844352,30.330,30.330,7.000,0.060,10.180
2026-09-24T09:41:00Z,1.575,2.500,924.000,7551844352,20.920,20.920,5.000,0.050,7.692
2026-09-24T09:42:00Z,1.695,2.610,924.000,7550795776,30.840,30.840,3.000,0.050,5.340
2026-09-24T09:43:00Z,1.765,2.660,924.000,7550795776,49.910,49.910,5.000,0.150,8.002
2026-09-24T09:44:00Z,2.085,3.570,924.000,7546601472,28.260,28.260,8.000,0.070,12.625
2026-09-24T09:45:00Z,2.000,2.830,924.000,7547650048,140.600,140.600,4.000,12.030,7.168
2026-09-24T09:46:00Z,1.780,2.690,924.000,7548698624,52.810,52.810,25.000,0.210,35.260
2026-09-24T09:47:00Z,1.690,2.620,924.000,7548698624,39.720,39.720,8.000,0.100,13.300
2026-09-24T09:48:00Z,1.670,2.610,924.000,7548698624,34.690,34.690,7.000,0.080,10.027
2026-09-24T09:49:00Z,1.705,2.550,924.000,,42.260,42.260,6.000,0.100,8.770
2026-09-24T09:50:00Z,1.615,2.580,924.000,7548698624,24.350,24.350,7.000,0.040,10.655
2026-09-24T09:51:00Z,1.710,2.660,924.000,7548698624,32.460,32.460,4.000,0.050,6.202
2026-09-24T09:52:00Z,1.700,2.570,924.000,7548698624,36.480,36.480,5.000,0.120,8.207
2026-09-24T09:53:00Z,1.555,2.490,924.000,7548698624,23.810,23.810,6.000,0.040,9.428
2026-09-24T09:54:00Z,,,924.000,,23.780,23.780,3.000,0.040,6.050
2026-09-24T09:55:00Z,1.630,2.660,924.000,7548698624,26.080,26.080,4.000,0.190,6.060
2026-09-24T09:56:00Z,1.705,2.650,924.000,7548698624,44.550,44.550,6.000,0.300,6.622
2026-09-24T09:57:00Z,,,924.000,,47.800,47.800,6.000,0.570,11.203
2026-09-24T09:58:00Z,1.735,2.570,,7548698624,28.960,28.960,8.000,0.070,12.065
2026-09-24T09:59:00Z,1.502,2.440,924.000,7547650048,13.260,13.260,4.000,0.020,7.350
2026-09-24T10:00:00Z,1.550,2.470,924.000,7546601472,18.180,18.180,2.000,0.030,3.435
2026-09-24T10:01:00Z,1.690,2.640,924.000,7546601472,28.670,28.670,3.000,0.050,4.635
2026-09-24T10:02:00Z,1.665,2.490,,7547650048,36.730,36.730,5.000,0.090,7.258
2026-09-24T10:03:00Z,1.605,2.500,924.000,7547650048,33.010,33.010,6.000,0.320,9.480
2026-09-24T10:04:00Z,1.555,2.460,924.000,7546601472,24.520,24.520,5.000,0.040,8.357
2026-09-24T10:05:00Z,1.590,2.590,924.000,7545552896,17.510,17.510,4.000,0.030,6.247
2026-09-24T10:06:00Z,1.500,2.460,924.000,7545552896,20.670,20.670,3.000,0.040,4.475
2026-09-24T10:07:00Z,,,,7545552896,22.360,22.360,3.000,0.040,5.253
2026-09-24T10:08:00Z,1.948,2.920,924.000,7526678528,17.770,17.770,4.000,0.030,5.683
2026-09-24T10:09:00Z,1.470,2.370,924.000,7549747200,13.890,13.890,3.000,0.020,4.535
2026-09-24T10:10:00Z,1.530,2.490,924.000,7549747200,14.960,14.960,2.000,0.020,4.032
2026-09-24T10:11:00Z,1.790,3.030,924.000,7549747200,19.730,19.730,2.000,0.030,3.880
2026-09-24T10:12:00Z,1.650,2.570,924.000,7549747200,56.150,56.150,4.000,0.360,5.043
2026-09-24T10:13:00Z,1.515,2.380,924.000,7549747200,26.170,26.170,8.000,0.050,14.322
2026-09-24T10:14:00Z,,,,,15.260,15.260,4.000,0.020,6.652
2026-09-24T10:15:00Z,1.535,2.450,924.000,7542407168,20.960,20.960,2.000,0.040,3.930
2026-09-24T10:16:00Z,,,924.000,,20.090,20.090,3.000,0.030,5.343
2026-09-24T10:17:00Z,1.565,2.530,924.000,7542407168,20.460,20.460,3.000,0.030,5.107
2026-09-24T10:18:00Z,1.775,2.500,924.000,7543455744,44.950,44.950,3.000,0.140,5.225
2026-09-24T10:19:00Z,1.660,2.630,924.000,7543455744,27.000,27.000,8.000,0.050,11.352
2026-09-24T10:20:00Z,1.565,2.480,924.000,7543455744,32.990,32.990,3.000,0.110,7.018
2026-09-24T10:21:00Z,1.560,2.530,924.000,7543455744,18.440,18.440,6.000,0.050,8.345
2026-09-24T10:22:00Z,1.485,2.370,924.000,7543455744,20.390,20.390,2.000,0.040,4.700
2026-09-24T10:23:00Z,1.565,2.510,924.000,7543455744,15.870,15.870,3.000,0.020,5.390
2026-09-24T10:24:00Z,1.540,2.430,,7544504320,25.440,25.440,2.000,0.050,4.060
2026-09-24T10:25:00Z,1.880,3.010,924.000,7540310016,23.250,23.250,4.000,0.110,6.482
2026-09-24T10:26:00Z,1.900,2.770,924.000,7541358592,93.350,93.350,8.000,1.980,5.918
2026-09-24T10:27:00Z,1.695,2.560,924.000,7541358592,50.520,50.520,12.000,0.240,23.435
2026-09-24T10:28:00Z,,,,,39.420,39.420,8.000,0.470,12.720
2026-09-24T10:29:00Z,1.650,2.490,924.000,7543455744,24.100,24.100,6.000,0.040,9.953
2026-09-24T10:30:00Z,1.728,3.010,924.000,7543455744,65.540,65.540,4.000,2.160,6.135
2026-09-24T10:31:00Z,1.665,2.510,924.000,7543455744,35.530,35.530,11.000,0.200,16.477
2026-09-24T10:32:00Z,1.740,2.590,924.000,7543455744,41.180,41.180,5.000,1.500,8.985
2026-09-24T10:33:00Z,1.565,2.570,924.000,7544504320,32.960,32.960,7.000,1.280,10.580
2026-09-24T10:34:00Z,,,924.000,,23.180,23.180,5.000,0.040,8.363
2026-09-24T10:35:00Z,1.542,2.510,924.000,7544504320,16.360,16.360,4.000,0.020,5.910
2026-09-24T10:36:00Z,1.555,2.490,924.000,7544504320,21.590,21.590,2.000,0.040,4.230
2026-09-24T10:37:00Z,1.550,2.460,924.000,7545552896,22.250,22.250,3.000,0.030,5.628
2026-09-24T10:38:00Z,1.620,2.570,924.000,7545552896,25.470,25.470,3.000,0.040,5.673
2026-09-24T10:39:00Z,1.570,2.500,924.000,7544504320,26.230,26.230,4.000,0.040,6.485
2026-09-24T10:40:00Z,1.625,2.620,924.000,7543455744,27.530,27.530,4.000,0.050,6.753
2026-09-24T10:41:00Z,1.740,2.770,924.000,7542407168,41.650,41.650,4.000,0.330,7.003
2026-09-24T10:42:00Z,1.775,2.570,924.000,7542407168,52.860,52.860,7.000,0.380,10.518
2026-09-24T10:43:00Z,1.595,2.530,924.000,7542407168,29.720,29.720,9.000,0.070,13.545
2026-09-24T10:44:00Z,1.525,2.490,924.000,7542407168,18.720,18.720,4.000,0.030,7.582
2026-09-24T10:45:00Z,1.510,2.410,924.000,7542407168,23.840,23.840,3.000,0.040,4.795
2026-09-24T10:46:00Z,1.565,2.450,924.000,7542407168,21.540,21.540,4.000,0.030,6.053
2026-09-24T10:47:00Z,1.565,2.480,924.000,7542407168,24.190,24.190,3.000,0.060,5.475
2026-09-24T10:48:00Z,1.500,2.440,924.000,7542407168,15.860,15.860,4.000,0.020,6.150
2026-09-24T10:49:00Z,,,,,14.000,14.000,2.000,0.020,4.067
2026-09-24T10:50:00Z,1.948,3.740,924.000,7540310016,32.180,32.180,2.000,0.160,3.620
2026-09-24T10:51:00Z,1.985,2.820,924.000,7542407168,150.250,150.250,15.000,10.790,8.148
2026-09-24T10:52:00Z,1.605,2.460,924.000,7543455744,44.560,44.560,17.000,0.200,37.655
2026-09-24T10:53:00Z,1.625,2.530,924.000,7542407168,24.560,24.560,7.000,0.040,11.443
2026-09-24T10:54:00Z,,,,,24.080,24.080,4.000,0.040,6.250
2026-09-24T10:55:00Z,1.548,2.490,924.000,7542407168,21.920,21.920,4.000,0.040,6.135
2026-09-24T10:56:00Z,1.655,2.640,924.000,7542407168,26.980,26.980,3.000,0.050,5.572
2026-09-24T10:57:00Z,1.585,2.510,924.000,7542407168,32.500,32.500,5.000,0.050,6.843
2026-09-24T10:58:00Z,1.535,2.470,924.000,7542407168,21.530,21.530,5.000,0.030,8.217
2026-09-24T10:59:00Z,1.630,2.530,924.000,7543455744,26.610,26.610,3.000,0.040,5.480
2026-09-24T11:00:00Z,1.580,2.430,924.000,7542407168,29.350,29.350,4.000,0.050,6.768
2026-09-24T11:01:00Z,1.860,2.900,924.000,7543455744,32.600,32.600,5.000,0.170,7.440
2026-09-24T11:02:00Z,1.690,2.550,924.000,7543455744,51.650,51.650,6.000,0.100,8.252
2026-09-24T11:03:00Z,1.600,2.520,924.000,7542407168,26.670,26.670,8.000,0.040,13.203
2026-09-24T11:04:00Z,1.500,2.380,924.000,7542407168,24.260,24.260,4.000,0.040,6.777
2026-09-24T11:05:00Z,1.610,2.500,924.000,7542407168,26.070,26.070,4.000,0.040,6.310
2026-09-24T11:06:00Z,1.545,2.430,924.000,7542407168,21.640,21.640,4.000,0.040,6.610
2026-09-24T11:07:00Z,1.455,2.390,924.000,7542407168,13.610,13.610,3.000,0.020,5.513
2026-09-24T11:08:00Z,2.365,4.180,924.000,7540310016,10.260,10.260,2.000,0.010,3.495
2026-09-24T11:09:00Z,1.605,2.530,924.000,7540310016,25.540,25.540,2.000,0.050,2.658
2026-09-24T11:10:00Z,1.600,2.460,924.000,7540310016,28.570,28.570,4.000,0.050,6.900
2026-09-24T11:11:00Z,,,,,21.510,21.510,4.000,0.030,7.308
2026-09-24T11:12:00Z,1.535,2.490,924.000,7540310016,16.360,16.360,3.000,0.020,5.500
2026-09-24T11:13:00Z,1.580,2.490,924.000,7540310016,20.810,20.810,3.000,0.030,4.388
2026-09-24T11:14:00Z,1.525,2.430,924.000,7541358592,18.920,18.920,3.000,0.030,5.320
2026-09-24T11:15:00Z,1.785,2.680,924.000,7540310016,34.460,34.460,3.000,1.440,4.848
2026-09-24T11:16:00Z,1.645,2.680,924.000,7540310016,30.410,30.410,6.000,0.070,8.707
2026-09-24T11:17:00Z,2.160,2.900,924.000,,84.860,84.860,4.000,2.930,7.688
2026-09-24T11:18:00Z,1.885,2.830,924.000,7541358592,58.000,58.000,15.000,0.110,21.320
2026-09-24T11:19:00Z,1.735,2.630,924.000,7542407168,55.640,55.640,10.000,0.150,14.627
2026-09-24T11:20:00Z,,,,,42.930,42.930,10.000,0.080,14.207
2026-09-24T11:21:00Z,1.770,2.900,924.000,7539261440,31.830,31.830,6.000,0.080,10.830
2026-09-24T11:22:00Z,1.630,2.460,924.000,7539261440,47.530,47.530,6.000,0.090,8.055
2026-09-24T11:23:00Z,1.605,2.550,924.000,7539261440,22.810,22.810,8.000,0.030,12.160
2026-09-24T11:24:00Z,1.500,2.380,924.000,7539261440,24.770,24.770,3.000,0.060,5.798
2026-09-24T11:25:00Z,1.585,2.520,924.000,7540310016,18.480,18.480,4.000,0.030,6.303
2026-09-24T11:26:00Z,1.570,2.430,924.000,7540310016,30.040,30.040,3.000,0.220,4.710
2026-09-24T11:27:00Z,1.465,2.310,924.000,,24.640,24.640,5.000,0.040,7.595
2026-09-24T11:28:00Z,1.485,2.430,924.000,7539261440,12.600,12.600,4.000,0.020,6.258
2026-09-24T11:29:00Z,1.520,2.430,924.000,7539261440,20.890,20.890,2.000,0.030,3.252
2026-09-24T11:30:00Z,1.550,2.430,924.000,7539261440,13.700,13.700,3.000,0.020,5.295
2026-09-24T11:31:00Z,,,924.000,,19.570,19.570,2.000,0.030,3.560
2026-09-24T11:32:00Z,1.625,2.600,,7539261440,21.040,21.040,3.000,0.030,5.178
2026-09-24T11:33:00Z,1.253,2.520,924.000,7539261440,26.340,26.340,4.000,0.040,5.582
2026-09-24T11:34:00Z,1.833,2.470,924.000,7539261440,18.880,18.880,4.000,0.030,6.675
2026-09-24T11:35:00Z,1.550,2.500,924.000,7539261440,16.830,16.830,3.000,0.030,4.830
2026-09-24T11:36:00Z,1.700,2.590,,7539261440,33.240,33.240,3.000,0.080,4.473
2026-09-24T11:37:00Z,,,924.000,7539261440,28.060,28.060,5.000,0.130,8.450
2026-09-24T11:38:00Z,1.525,2.480,924.000,7539261440,19.390,19.390,4.000,0.040,7.120
2026-09-24T11:39:00Z,1.565,2.500,924.000,,18.930,18.930,3.000,0.030,4.957
2026-09-24T11:40:00Z,1.525,2.450,924.000,7538212864,17.870,17.870,3.000,0.030,4.992
2026-09-24T11:41:00Z,1.565,2.560,924.000,7538212864,17.090,17.090,3.000,0.020,4.570
2026-09-24T11:42:00Z,1.495,2.400,,,19.760,19.760,2.000,0.030,4.383
2026-09-24T11:43:00Z,1.400,2.330,924.000,7538212864,9.200,9.200,3.000,0.010,5.242
2026-09-24T11:44:00Z,1.510,2.460,924.000,7539261440,13.260,13.260,1.000,0.020,2.428
2026-09-24T11:45:00Z,1.535,2.490,924.000,7539261440,19.640,19.640,2.000,0.030,3.430
2026-09-24T11:46:00Z,1.510,2.450,924.000,7539261440,17.100,17.100,3.000,0.030,5.003
2026-09-24T11:47:00Z,1.545,2.480,924.000,7539261440,19.510,19.510,2.000,0.040,4.365
2026-09-24T11:48:00Z,1.595,2.480,924.000,7539261440,30.130,30.130,3.000,0.250,4.987
2026-09-24T11:49:00Z,1.670,2.650,924.000,7539261440,20.380,20.380,5.000,0.040,7.617
2026-09-24T11:50:00Z,1.670,2.590,924.000,7539261440,39.870,39.870,5.000,0.240,5.200
2026-09-24T11:51:00Z,1.695,2.680,924.000,7539261440,32.620,32.620,5.000,0.050,10.053
2026-09-24T11:52:00Z,1.650,2.610,924.000,7539261440,28.560,28.560,5.000,0.040,8.260
2026-09-24T11:53:00Z,1.765,2.720,924.000,7538212864,36.720,36.720,4.000,0.060,7.450
2026-09-24T11:54:00Z,1.605,2.520,924.000,7538212864,33.320,33.320,6.000,0.060,9.295
2026-09-24T11:55:00Z,1.650,2.590,924.000,7538212864,27.600,27.600,6.000,0.040,8.445
2026-09-24T11:56:00Z,1.590,2.460,924.000,7539261440,34.820,34.820,5.000,0.060,6.997
2026-09-24T11:57:00Z,1.600,2.550,924.000,7539261440,25.890,25.890,5.000,0.040,8.797
2026-09-24T11:58:00Z,1.595,2.490,924.000,7539261440,27.950,27.950,4.000,0.060,6.565
2026-09-24T11:59:00Z,1.695,2.710,924.000,7538212864,26.070,26.070,5.000,0.050,7.090
2026-09-24T12:00:00Z,1.860,2.890,,7538212864,47.690,47.690,5.000,0.140,6.633
2026-09-24T12:01:00Z,1.510,1.510,924.000,,111.180,111.180,8.000,6.390,12.027
2026-09-24T12:02:00Z,2.910,2.910,,7537164288,50.700,50.700,20.000,0.110,27.887
2026-09-24T12:03:00Z,1.720,2.680,924.000,7537164288,41.800,41.800,7.000,0.130,12.960
2026-09-24T12:04:00Z,1.732,2.610,924.000,7536115712,63.180,63.180,7.000,1.830,10.555
2026-09-24T12:05:00Z,1.585,2.440,,,29.560,29.560,10.000,0.180,15.885
2026-09-24T12:06:00Z,1.575,2.580,924.000,7536115712,19.910,19.910,5.000,0.030,7.492
2026-09-24T12:07:00Z,1.645,2.590,924.000,7536115712,25.780,25.780,3.000,0.040,5.067
2026-09-24T12:08:00Z,1.875,3.110,924.000,7526678528,25.360,25.360,4.000,0.040,6.540
2026-09-24T12:09:00Z,2.210,2.520,924.000,7536115712,30.770,30.770,4.000,0.070,6.433
2026-09-24T12:10:00Z,1.455,2.330,924.000,7536115712,19.610,19.610,5.000,0.030,8.227
2026-09-24T12:11:00Z,1.490,2.440,924.000,7536115712,10.040,10.040,3.000,0.010,5.058
2026-09-24T12:12:00Z,0.700,0.700,,7536115712,25.750,25.750,2.000,0.040,2.620
2026-09-24T12:13:00Z,1.950,2.620,924.000,,28.760,28.760,4.000,0.050,6.728
2026-09-24T12:14:00Z,1.545,2.430,924.000,7536115712,31.430,31.430,4.000,0.060,7.317
2026-09-24T12:15:00Z,0.580,0.580,,7537164288,16.290,16.290,5.000,0.030,7.973
2026-09-24T12:16:00Z,2.023,2.660,924.000,7538212864,42.490,42.490,2.000,0.170,4.188
2026-09-24T12:17:00Z,1.705,2.580,,,40.060,40.060,8.000,0.130,10.725
2026-09-24T12:18:00Z,1.840,2.720,924.000,7538212864,48.550,48.550,7.000,0.200,10.110
2026-09-24T12:19:00Z,,,924.000,7538212864,45.440,45.440,8.000,0.130,12.248
2026-09-24T12:20:00Z,1.627,2.530,924.000,,29.310,29.310,7.000,0.060,11.658
2026-09-24T12:21:00Z,1.925,2.920,924.000,7537164288,47.210,47.210,5.000,0.660,7.430
2026-09-24T12:22:00Z,1.590,2.480,924.000,7537164288,36.150,36.150,8.000,0.070,11.893
2026-09-24T12:23:00Z,1.630,2.540,,,28.560,28.560,5.000,0.100,9.395
2026-09-24T12:24:00Z,1.650,2.490,924.000,7537164288,39.600,39.600,5.000,0.080,7.237
2026-09-24T12:25:00Z,1.615,2.540,924.000,7537164288,31.930,31.930,7.000,0.110,10.005
2026-09-24T12:26:00Z,2.415,3.890,,7534018560,40.670,40.670,5.000,0.400,8.072
2026-09-24T12:27:00Z,2.080,2.880,924.000,7534018560,149.970,149.970,7.000,8.800,10.265
2026-09-24T12:28:00Z,1.830,2.740,924.000,7532969984,58.520,58.520,26.000,0.570,37.583
2026-09-24T12:29:00Z,1.540,2.430,924.000,7535067136,35.580,35.580,10.000,0.130,14.723
2026-09-24T12:30:00Z,1.475,2.410,924.000,7535067136,13.710,13.710,6.000,0.020,9.005
2026-09-24T12:31:00Z,1.700,2.750,924.000,7534018560,17.980,17.980,2.000,0.030,3.520
2026-09-24T12:32:00Z,1.670,2.530,924.000,7535067136,43.720,43.720,3.000,0.240,4.585
2026-09-24T12:33:00Z,1.620,2.530,924.000,7537164288,27.570,27.570,7.000,0.040,11.215
2026-09-24T12:34:00Z,1.700,2.730,924.000,7537164288,25.850,25.850,5.000,0.060,7.008
2026-09-24T12:35:00Z,1.610,2.500,924.000,7537164288,34.270,34.270,4.000,0.060,6.577
2026-09-24T12:36:00Z,1.695,2.470,924.000,7536115712,39.530,39.530,6.000,0.120,8.678
2026-09-24T12:37:00Z,,,924.000,,38.650,38.650,7.000,0.070,10.143
2026-09-24T12:38:00Z,1.700,2.630,924.000,7535067136,42.000,42.000,7.000,0.180,9.758
2026-09-24T12:39:00Z,1.775,2.640,924.000,7535067136,42.660,42.660,7.000,0.100,10.598
2026-09-24T12:40:00Z,1.660,2.660,924.000,7534018560,37.060,37.060,8.000,0.080,10.910
2026-09-24T12:41:00Z,1.795,2.830,924.000,7535067136,36.980,36.980,6.000,0.070,9.373
2026-09-24T12:42:00Z,1.920,2.820,,7537164288,63.880,63.880,6.000,0.170,9.352
2026-09-24T12:43:00Z,1.950,2.930,924.000,7537164288,62.560,62.560,11.000,0.130,16.260
2026-09-24T12:44:00Z,1.660,2.510,924.000,7537164288,58.510,58.510,10.000,0.140,15.775
2026-09-24T12:45:00Z,1.595,2.470,924.000,7537164288,25.650,25.650,9.000,0.050,14.742
2026-09-24T12:46:00Z,1.665,2.650,924.000,7537164288,24.350,24.350,4.000,0.040,6.505
2026-09-24T12:47:00Z,1.665,2.530,924.000,7536115712,38.070,38.070,4.000,0.070,6.185
2026-09-24T12:48:00Z,,,924.000,7536115712,29.190,29.190,7.000,0.070,9.582
2026-09-24T12:49:00Z,1.605,2.600,924.000,7536115712,23.160,23.160,4.000,0.040,7.388
2026-09-24T12:50:00Z,0.610,0.610,924.000,7537164288,21.620,21.620,3.000,0.030,5.897
2026-09-24T12:51:00Z,1.980,2.640,924.000,7537164288,31.160,31.160,4.000,0.070,5.497
2026-09-24T12:52:00Z,,,,7537164288,31.300,31.300,5.000,0.060,7.885
2026-09-24T12:53:00Z,1.555,2.460,924.000,7537164288,19.350,19.350,5.000,0.030,8.107
2026-09-24T12:54:00Z,1.605,2.550,924.000,7537164288,21.210,21.210,3.000,0.030,4.945
2026-09-24T12:55:00Z,1.755,2.830,924.000,7535067136,26.270,26.270,3.000,0.040,5.407
2026-09-24T12:56:00Z,1.675,2.590,924.000,7534018560,55.570,55.570,7.000,1.120,6.660
2026-09-24T12:57:00Z,1.840,2.830,924.000,,44.940,44.940,7.000,0.190,13.982
2026-09-24T12:58:00Z,1.805,2.800,924.000,7534018560,57.860,57.860,8.000,0.150,11.332
2026-09-24T12:59:00Z,1.655,2.580,924.000,7535067136,49.690,49.690,10.000,0.430,14.562
2026-09-24T13:00:00Z,1.640,2.660,924.000,7536115712,27.810,27.810,8.000,0.190,12.537
2026-09-24T13:01:00Z,1.875,2.870,924.000,7534018560,44.730,44.730,5.000,0.190,7.048
2026-09-24T13:02:00Z,1.745,2.640,924.000,7534018560,61.770,61.770,7.000,0.670,11.285
2026-09-24T13:03:00Z,1.765,2.720,924.000,7535067136,44.070,44.070,10.000,0.090,15.732
2026-09-24T13:04:00Z,1.750,2.610,924.000,7535067136,51.550,51.550,7.000,0.130,11.127
2026-09-24T13:05:00Z,1.955,2.960,924.000,7534018560,52.080,52.080,9.000,0.150,12.998
2026-09-24T13:06:00Z,1.830,2.800,924.000,7531921408,66.590,66.590,10.000,0.530,13.123
2026-09-24T13:07:00Z,0.810,0.810,924.000,,48.580,48.580,11.000,0.110,16.750
2026-09-24T13:08:00Z,1.963,2.610,924.000,7531921408,35.760,35.760,7.000,0.090,12.255
2026-09-24T13:09:00Z,2.510,3.010,,7514095616,40.320,40.320,6.000,0.080,9.043
2026-09-24T13:10:00Z,1.540,2.450,924.000,7541358592,23.840,23.840,7.000,0.050,10.307
2026-09-24T13:11:00Z,1.685,2.650,924.000,7541358592,26.760,26.760,4.000,0.050,6.345
2026-09-24T13:12:00Z,1.690,2.550,924.000,7540310016,32.660,32.660,5.000,0.070,6.848
2026-09-24T13:13:00Z,1.720,2.580,924.000,,41.490,41.490,5.000,0.110,8.463
2026-09-24T13:14:00Z,,,924.000,7539261440,30.320,30.320,7.000,0.090,10.690
2026-09-24T13:15:00Z,1.540,2.450,924.000,7539261440,21.800,21.800,4.000,0.050,7.690
2026-09-24T13:16:00Z,1.725,2.640,924.000,7539261440,26.700,26.700,4.000,0.060,5.553
2026-09-24T13:17:00Z,1.795,2.830,924.000,7536115712,45.540,45.540,6.000,0.520,6.770
2026-09-24T13:18:00Z,1.690,2.600,924.000,7535067136,56.360,56.360,6.000,0.240,11.475
2026-09-24T13:19:00Z,1.740,2.640,924.000,7534018560,42.970,42.970,9.000,0.300,14.195
2026-09-24T13:20:00Z,1.680,2.680,924.000,7534018560,32.990,32.990,7.000,0.130,11.027
2026-09-24T13:21:00Z,1.655,2.640,924.000,7534018560,35.240,35.240,6.000,0.070,8.340
2026-09-24T13:22:00Z,1.640,2.550,924.000,7534018560,29.500,29.500,5.000,0.060,8.900
2026-09-24T13:23:00Z,1.640,2.550,924.000,7534018560,29.740,29.740,5.000,0.050,7.673
2026-09-24T13:24:00Z,,,,,30.480,30.480,4.000,0.050,7.545
2026-09-24T13:25:00Z,1.623,2.540,924.000,7535067136,33.070,33.070,5.000,0.060,7.737
2026-09-24T13:26:00Z,1.950,2.740,924.000,7537164288,58.290,58.290,5.000,2.060,8.373
2026-09-24T13:27:00Z,,,,,48.390,48.390,11.000,0.220,14.662
2026-09-24T13:28:00Z,1.610,2.530,924.000,7537164288,42.210,42.210,7.000,0.090,12.182
2026-09-24T13:29:00Z,1.875,2.750,924.000,7534018560,80.100,80.100,7.000,3.990,10.643
2026-09-24T13:30:00Z,1.850,2.840,,7535067136,56.940,56.940,14.000,0.150,20.135
2026-09-24T13:31:00Z,3.800,4.800,924.000,7529824256,194.310,194.310,9.000,21.610,14.307
2026-09-24T13:32:00Z,,,924.000,7530872832,318.560,318.560,41.000,11.750,48.675
2026-09-24T13:33:00Z,3.272,4.370,924.000,7529824256,267.140,267.140,53.000,3.290,79.920
2026-09-24T13:34:00Z,,,,,205.370,205.370,45.000,1.030,66.907
2026-09-24T13:35:00Z,2.987,4.040,924.000,7528775680,217.550,217.550,39.000,1.510,51.458
2026-09-24T13:36:00Z,3.005,3.900,924.000,7527727104,213.410,213.410,36.000,12.220,54.523
2026-09-24T13:37:00Z,2.735,3.590,,,200.600,200.600,38.000,2.320,53.600
2026-09-24T13:38:00Z,2.745,3.650,924.000,7526678528,166.030,166.030,35.000,0.660,50.252
2026-09-24T13:39:00Z,,,,7528775680,177.410,177.410,30.000,1.330,41.615
2026-09-24T13:40:00Z,2.413,3.250,924.000,7528775680,131.520,131.520,30.000,0.620,44.583
2026-09-24T13:41:00Z,2.585,3.450,924.000,7527727104,145.080,145.080,22.000,1.110,32.998
2026-09-24T13:42:00Z,2.520,3.430,924.000,,141.480,141.480,26.000,0.480,36.380
2026-09-24T13:43:00Z,,,924.000,7528775680,155.530,155.530,26.000,0.540,35.675
2026-09-24T13:44:00Z,2.473,3.320,924.000,7528775680,138.050,138.050,27.000,0.570,39.017
2026-09-24T13:45:00Z,,,,,132.830,132.830,25.000,0.540,34.615
2026-09-24T13:46:00Z,2.485,3.510,924.000,7527727104,141.540,141.540,23.000,0.560,33.325
2026-09-24T13:47:00Z,2.415,3.330,924.000,7520387072,155.420,155.420,26.000,0.600,35.477
2026-09-24T13:48:00Z,,,924.000,7524581376,151.430,151.430,25.000,2.690,38.958
2026-09-24T13:49:00Z,2.675,3.640,,,157.980,157.980,29.000,0.760,37.955
2026-09-24T13:50:00Z,2.590,3.710,924.000,7521435648,178.930,178.930,27.000,1.590,39.587
2026-09-24T13:51:00Z,2.640,3.610,924.000,7522484224,169.640,169.640,31.000,1.430,44.847
2026-09-24T13:52:00Z,2.360,3.290,924.000,7520387072,149.170,149.170,29.000,0.860,42.508
2026-09-24T13:53:00Z,2.285,3.210,924.000,7521435648,124.000,124.000,26.000,0.420,37.583
2026-09-24T13:54:00Z,,,,,115.920,115.920,22.000,0.690,31.115
2026-09-24T13:55:00Z,2.138,3.120,924.000,7520387072,103.850,103.850,20.000,0.610,29.085
2026-09-24T13:56:00Z,2.330,3.080,924.000,7523532800,129.540,129.540,18.000,0.550,26.067
2026-09-24T13:57:00Z,2.350,3.220,924.000,7520387072,125.840,125.840,24.000,1.410,32.487
2026-09-24T13:58:00Z,2.305,3.230,924.000,7520387072,120.810,120.810,22.000,0.610,31.558
2026-09-24T13:59:00Z,2.125,3.050,924.000,7520387072,116.680,116.680,21.000,0.850,30.305
2026-09-24T14:00:00Z,2.275,3.120,924.000,7518289920,112.630,112.630,19.000,1.040,29.277
2026-09-24T14:01:00Z,2.645,3.890,924.000,7520387072,118.860,118.860,21.000,1.590,28.262
2026-09-24T14:02:00Z,,,,7522484224,192.370,192.370,21.000,2.260,29.817
2026-09-24T14:03:00Z,2.498,3.430,924.000,7520387072,141.280,141.280,34.000,1.010,48.383
2026-09-24T14:04:00Z,,,924.000,7516192768,135.550,135.550,24.000,1.190,35.443
2026-09-24T14:05:00Z,2.342,3.390,924.000,7518289920,129.840,129.840,23.000,2.180,34.015
2026-09-24T14:06:00Z,2.190,3.100,924.000,7517241344,137.270,137.270,26.000,4.690,32.557
2026-09-24T14:07:00Z,2.235,3.150,924.000,7516192768,111.780,111.780,20.000,1.440,34.415
2026-09-24T14:08:00Z,2.260,3.230,924.000,7519338496,114.780,114.780,19.000,1.020,28.050
2026-09-24T14:09:00Z,3.345,5.070,924.000,7517241344,142.420,142.420,21.000,2.020,28.805
2026-09-24T14:10:00Z,2.270,3.180,924.000,7516192768,142.180,142.180,25.000,1.710,35.862
2026-09-24T14:11:00Z,2.640,3.520,924.000,7515144192,145.760,145.760,24.000,1.040,35.965
2026-09-24T14:12:00Z,2.295,3.150,924.000,7515144192,158.170,158.170,27.000,1.110,36.600
2026-09-24T14:13:00Z,2.305,3.130,924.000,7516192768,138.160,138.160,25.000,0.950,39.847
2026-09-24T14:14:00Z,2.350,3.440,924.000,7517241344,120.470,120.470,25.000,1.610,34.642
2026-09-24T14:15:00Z,2.165,3.200,924.000,7519338496,131.560,131.560,21.000,1.510,30.212
2026-09-24T14:16:00Z,2.480,3.440,924.000,7518289920,133.440,133.440,22.000,1.510,32.998
2026-09-24T14:17:00Z,2.435,3.240,924.000,7519338496,164.990,164.990,24.000,5.180,33.450
2026-09-24T14:18:00Z,2.390,3.430,924.000,7513047040,123.530,123.530,29.000,0.670,41.340
2026-09-24T14:19:00Z,2.670,3.670,924.000,7515144192,153.410,153.410,21.000,8.090,30.997
2026-09-24T14:20:00Z,2.795,3.500,924.000,7518289920,206.590,206.590,27.000,2.480,38.642
2026-09-24T14:21:00Z,2.375,3.300,924.000,7516192768,156.330,156.330,37.000,1.130,51.745
2026-09-24T14:22:00Z,2.230,3.060,924.000,7517241344,128.870,128.870,26.000,1.810,39.190
2026-09-24T14:23:00Z,2.355,3.320,924.000,7517241344,115.560,115.560,22.000,0.800,32.532
2026-09-24T14:24:00Z,2.120,3.030,,,113.820,113.820,21.000,1.020,29.017
2026-09-24T14:25:00Z,2.310,3.300,924.000,7514095616,108.040,108.040,20.000,0.780,28.582
2026-09-24T14:26:00Z,2.465,3.410,924.000,7511998464,129.240,129.240,20.000,0.770,27.115
2026-09-24T14:27:00Z,,,924.000,,154.400,154.400,22.000,1.030,32.420
2026-09-24T14:28:00Z,2.375,3.450,924.000,7513047040,116.890,116.890,28.000,1.000,38.890
2026-09-24T14:29:00Z,2.285,3.060,924.000,7517241344,150.190,150.190,20.000,1.890,29.320
2026-09-24T14:30:00Z,2.175,3.270,924.000,,95.400,95.400,26.000,0.650,37.665
2026-09-24T14:31:00Z,2.420,3.560,924.000,7515144192,114.780,114.780,17.000,1.390,23.960
2026-09-24T14:32:00Z,,,924.000,7517241344,136.360,136.360,20.000,0.790,28.805
2026-09-24T14:33:00Z,2.257,3.120,924.000,7517241344,123.040,123.040,23.000,1.390,34.370
2026-09-24T14:34:00Z,2.370,3.240,924.000,7515144192,123.680,123.680,22.000,0.830,30.878
2026-09-24T14:35:00Z,2.145,3.080,924.000,7515144192,117.800,117.800,22.000,0.810,31.038
2026-09-24T14:36:00Z,2.110,2.970,924.000,7513047040,94.440,94.440,19.000,0.330,29.593
2026-09-24T14:37:00Z,2.365,3.130,924.000,7516192768,126.380,126.380,17.000,3.200,23.852
2026-09-24T14:38:00Z,2.295,3.160,924.000,7515144192,127.010,127.010,22.000,0.770,31.718
2026-09-24T14:39:00Z,2.130,3.040,924.000,7516192768,102.490,102.490,21.000,0.610,31.867
2026-09-24T14:40:00Z,2.200,3.210,924.000,7516192768,97.670,97.670,18.000,0.270,25.863
2026-09-24T14:41:00Z,2.175,3.210,924.000,7515144192,102.810,102.810,17.000,1.060,24.520
2026-09-24T14:42:00Z,1.900,2.840,924.000,7516192768,93.040,93.040,18.000,0.370,25.793
2026-09-24T14:43:00Z,2.240,3.080,924.000,7516192768,99.700,99.700,16.000,0.720,23.540
2026-09-24T14:44:00Z,2.400,3.280,924.000,7513047040,121.600,121.600,18.000,0.570,25.043
2026-09-24T14:45:00Z,1.430,1.430,924.000,7514095616,132.870,132.870,21.000,1.190,30.527
2026-09-24T14:46:00Z,2.753,3.360,924.000,7510949888,149.470,149.470,23.000,1.540,33.333
2026-09-24T14:47:00Z,2.515,3.420,924.000,7511998464,149.580,149.580,26.000,1.590,37.470
2026-09-24T14:48:00Z,2.440,3.490,924.000,7514095616,141.410,141.410,27.000,2.150,37.498
2026-09-24T14:49:00Z,2.170,3.000,924.000,7513047040,143.470,143.470,25.000,1.210,35.460
2026-09-24T14:50:00Z,2.130,2.920,924.000,7514095616,112.670,112.670,24.000,0.810,35.970
2026-09-24T14:51:00Z,2.585,3.360,924.000,7508852736,147.570,147.570,19.000,14.900,28.288
2026-09-24T14:52:00Z,2.250,3.060,924.000,7506755584,131.200,131.200,27.000,0.910,36.990
2026-09-24T14:53:00Z,,,,,105.000,105.000,22.000,0.970,33.085
2026-09-24T14:54:00Z,2.305,3.520,924.000,7509901312,122.910,122.910,18.000,1.020,26.367
2026-09-24T14:55:00Z,2.140,3.120,924.000,7509901312,134.870,134.870,22.000,1.190,30.837
2026-09-24T14:56:00Z,2.315,3.250,924.000,7510949888,117.350,117.350,23.000,2.650,33.820
2026-09-24T14:57:00Z,2.205,3.030,924.000,7510949888,129.110,129.110,20.000,2.460,29.425
2026-09-24T14:58:00Z,2.350,3.170,924.000,7509901312,133.730,133.730,23.000,2.270,32.370
2026-09-24T14:59:00Z,2.505,3.520,924.000,7510949888,122.750,122.750,23.000,1.520,33.523
2026-09-24T15:00:00Z,2.505,3.390,924.000,7508852736,180.020,180.020,25.000,3.460,30.797
2026-09-24T15:01:00Z,2.745,3.680,924.000,7508852736,171.410,171.410,29.000,4.080,45.108
2026-09-24T15:02:00Z,2.250,3.230,924.000,7511998464,155.610,155.610,30.000,4.180,42.945
2026-09-24T15:03:00Z,2.390,3.510,924.000,7509901312,115.460,115.460,26.000,0.660,39.188
2026-09-24T15:04:00Z,,,924.000,,151.470,151.470,21.000,1.860,28.985
2026-09-24T15:05:00Z,2.067,3.310,924.000,7507804160,138.680,138.680,25.000,1.250,37.987
2026-09-24T15:06:00Z,2.710,3.590,924.000,7504658432,122.660,122.660,25.000,0.780,34.780
2026-09-24T15:07:00Z,2.185,3.130,924.000,7505707008,145.970,145.970,22.000,4.150,30.762
2026-09-24T15:08:00Z,2.400,3.310,924.000,7504658432,128.930,128.930,25.000,1.350,36.585
2026-09-24T15:09:00Z,,,,7501512704,129.280,129.280,24.000,1.220,32.335
2026-09-24T15:10:00Z,2.397,3.560,924.000,,103.900,103.900,20.000,0.540,32.547
2026-09-24T15:11:00Z,2.487,3.130,924.000,7507804160,113.800,113.800,19.000,0.870,26.358
2026-09-24T15:12:00Z,2.110,3.050,924.000,7508852736,103.580,103.580,19.000,0.580,28.605
2026-09-24T15:13:00Z,2.360,3.320,924.000,7507804160,120.020,120.020,17.000,0.760,26.198
2026-09-24T15:14:00Z,2.755,3.630,924.000,7505707008,172.770,172.770,22.000,2.350,30.128
2026-09-24T15:15:00Z,2.745,3.720,924.000,7506755584,190.580,190.580,31.000,2.240,43.307
2026-09-24T15:16:00Z,2.975,3.880,924.000,7511998464,220.170,220.170,32.000,6.170,47.742
2026-09-24T15:17:00Z,3.205,3.940,924.000,7506755584,271.060,271.060,41.000,20.340,55.127
2026-09-24T15:18:00Z,2.665,3.420,924.000,7509901312,252.970,252.970,52.000,13.170,67.855
2026-09-24T15:19:00Z,2.400,3.310,924.000,7508852736,150.600,150.600,39.000,0.910,63.365
2026-09-24T15:20:00Z,,,924.000,7506755584,143.410,143.410,26.000,1.420,37.953
2026-09-24T15:21:00Z,2.317,3.390,924.000,7506755584,107.590,107.590,25.000,0.540,35.968
2026-09-24T15:22:00Z,2.405,3.440,924.000,7507804160,146.570,146.570,20.000,1.710,26.980
2026-09-24T15:23:00Z,2.430,3.270,,7507804160,165.930,165.930,25.000,1.950,36.960
2026-09-24T15:24:00Z,2.560,3.610,924.000,7506755584,138.670,138.670,30.000,2.110,41.580
2026-09-24T15:25:00Z,2.475,3.370,924.000,7508852736,169.480,169.480,24.000,2.320,34.785
2026-09-24T15:26:00Z,2.475,3.650,924.000,7505707008,140.550,140.550,29.000,1.120,42.462
2026-09-24T15:27:00Z,,,924.000,,169.720,169.720,24.000,2.600,35.227
2026-09-24T15:28:00Z,2.375,3.300,924.000,7505707008,138.670,138.670,30.000,1.530,42.528
2026-09-24T15:29:00Z,2.155,3.090,924.000,7506755584,128.870,128.870,24.000,1.120,34.765
2026-09-24T15:30:00Z,,,,,122.560,122.560,22.000,0.770,32.322
2026-09-24T15:31:00Z,2.268,3.190,924.000,7502561280,132.650,132.650,22.000,3.010,30.733
2026-09-24T15:32:00Z,2.250,3.140,924.000,,119.580,119.580,22.000,0.970,33.265
2026-09-24T15:33:00Z,2.415,3.350,924.000,7501512704,135.350,135.350,22.000,1.770,30.185
2026-09-24T15:34:00Z,,,,,124.660,124.660,24.000,1.850,33.953
2026-09-24T15:35:00Z,2.100,3.160,924.000,7508852736,91.020,91.020,21.000,0.430,31.275
2026-09-24T15:36:00Z,2.400,3.390,924.000,7507804160,124.350,124.350,15.000,1.780,22.878
2026-09-24T15:37:00Z,2.235,2.970,924.000,7506755584,162.560,162.560,23.000,8.680,31.343
2026-09-24T15:38:00Z,2.290,3.270,924.000,7506755584,110.770,110.770,28.000,0.890,40.758
2026-09-24T15:39:00Z,2.020,3.050,,7507804160,109.420,109.420,18.000,3.700,27.808
2026-09-24T15:40:00Z,2.220,3.120,924.000,7507804160,107.940,107.940,19.000,0.520,27.600
2026-09-24T15:41:00Z,2.220,3.030,924.000,7506755584,123.010,123.010,19.000,1.430,27.082
2026-09-24T15:42:00Z,2.105,3.100,,7502561280,93.200,93.200,22.000,0.590,30.837
2026-09-24T15:43:00Z,1.940,2.900,924.000,7504658432,95.460,95.460,16.000,1.080,23.595
2026-09-24T15:44:00Z,,,,,101.990,101.990,17.000,0.810,23.970
2026-09-24T15:45:00Z,2.110,3.180,924.000,7506755584,90.750,90.750,17.000,0.670,25.628
2026-09-24T15:46:00Z,,,924.000,7506755584,115.650,115.650,16.000,0.920,22.790
2026-09-24T15:47:00Z,2.067,2.910,924.000,7506755584,98.430,98.430,21.000,0.690,29.005
2026-09-24T15:48:00Z,1.940,2.920,924.000,7505707008,83.590,83.590,16.000,0.440,24.712
2026-09-24T15:49:00Z,2.095,2.990,924.000,7505707008,97.180,97.180,13.000,1.120,20.983
2026-09-24T15:50:00Z,2.095,2.900,924.000,7506755584,110.710,110.710,18.000,0.850,24.405
2026-09-24T15:51:00Z,2.290,3.390,924.000,7505707008,101.200,101.200,20.000,0.750,27.788
2026-09-24T15:52:00Z,,,,,126.670,126.670,17.000,1.140,25.390
2026-09-24T15:53:00Z,2.163,3.060,924.000,7505707008,103.680,103.680,22.000,1.030,31.953
2026-09-24T15:54:00Z,2.175,3.190,924.000,7503609856,96.150,96.150,19.000,0.730,26.043
2026-09-24T15:55:00Z,2.140,2.980,924.000,7501512704,124.730,124.730,17.000,0.940,24.160
2026-09-24T15:56:00Z,1.880,2.890,924.000,7500464128,74.040,74.040,20.000,0.400,31.275
2026-09-24T15:57:00Z,,,,,87.660,87.660,13.000,0.560,18.595
2026-09-24T15:58:00Z,2.038,3.280,924.000,7500464128,113.570,113.570,15.000,2.410,22.012
2026-09-24T15:59:00Z,,,,,72.300,72.300,19.000,0.460,28.490
2026-09-24T16:00:00Z,1.875,2.880,924.000,7503609856,75.830,75.830,13.000,1.090,18.192
2026-09-24T16:01:00Z,2.270,3.240,924.000,7499415552,73.210,73.210,12.000,0.290,19.060
2026-09-24T16:02:00Z,2.335,3.160,924.000,7473201152,128.300,128.300,13.000,1.150,18.420
2026-09-24T16:03:00Z,,,924.000,7482638336,98.710,98.710,23.000,0.370,32.403
2026-09-24T16:04:00Z,1.952,2.910,924.000,7483686912,87.120,87.120,17.000,0.570,24.770
2026-09-24T16:05:00Z,,,,7485784064,73.180,73.180,15.000,0.360,21.895
2026-09-24T16:06:00Z,1.933,2.990,924.000,7485784064,72.990,72.990,13.000,0.260,18.392
2026-09-24T16:07:00Z,2.010,2.900,924.000,7484735488,96.760,96.760,13.000,1.090,18.340
2026-09-24T16:08:00Z,2.020,2.960,924.000,7485784064,86.970,86.970,17.000,0.890,24.282
2026-09-24T16:09:00Z,1.825,2.740,924.000,7486832640,85.380,85.380,15.000,0.520,21.845
2026-09-24T16:10:00Z,2.770,3.390,924.000,7466909696,71.860,71.860,14.000,1.120,21.580
2026-09-24T16:11:00Z,1.945,2.910,924.000,7486832640,71.950,71.950,12.000,0.310,18.080
2026-09-24T16:12:00Z,1.935,2.810,924.000,7487881216,80.460,80.460,12.000,0.580,18.390
2026-09-24T16:13:00Z,1.710,2.500,924.000,,73.800,73.800,14.000,0.360,20.462
2026-09-24T16:14:00Z,1.785,2.710,924.000,7486832640,51.770,51.770,12.000,0.150,18.598
2026-09-24T16:15:00Z,2.015,2.820,924.000,7486832640,86.550,86.550,9.000,0.830,13.045
2026-09-24T16:16:00Z,,,924.000,,180.110,180.110,15.000,28.510,21.747
2026-09-24T16:17:00Z,4.353,5.700,924.000,7478444032,567.280,567.280,37.000,125.970,45.120
2026-09-24T16:18:00Z,4.720,5.490,924.000,7470055424,582.430,582.430,100.000,128.610,141.910
2026-09-24T16:19:00Z,4.630,5.530,924.000,7469006848,581.800,581.800,100.000,130.070,145.727
2026-09-24T16:20:00Z,4.375,5.230,924.000,7466909696,577.180,577.180,100.000,111.640,145.722
2026-09-24T16:21:00Z,4.055,4.970,924.000,7472152576,440.220,440.220,100.000,33.070,144.387
2026-09-24T16:22:00Z,,,924.000,7472152576,308.270,308.270,76.000,8.540,110.153
2026-09-24T16:23:00Z,3.255,4.200,924.000,7470055424,244.200,244.200,54.000,2.560,77.340
2026-09-24T16:24:00Z,3.170,4.280,924.000,7467958272,235.240,235.240,42.000,2.580,61.157
2026-09-24T16:25:00Z,3.255,4.140,,7471104000,291.420,291.420,41.000,17.080,58.938
2026-09-24T16:26:00Z,2.945,4.030,924.000,7471104000,218.640,218.640,52.000,4.640,72.970
2026-09-24T16:27:00Z,2.880,3.850,924.000,7470055424,224.580,224.580,38.000,3.080,54.758
2026-09-24T16:28:00Z,,,,,191.070,191.070,39.000,0.940,56.255
2026-09-24T16:29:00Z,2.845,3.970,924.000,7469006848,202.300,202.300,34.000,1.490,47.865
2026-09-24T16:30:00Z,2.695,3.520,924.000,7469006848,211.440,211.440,38.000,2.090,50.685
2026-09-24T16:31:00Z,,,,,184.500,184.500,35.000,1.300,52.965
2026-09-24T16:32:00Z,2.638,3.550,924.000,7467958272,154.910,154.910,32.000,0.830,46.222
2026-09-24T16:33:00Z,2.610,3.520,924.000,7465861120,177.820,177.820,27.000,2.280,39.068
2026-09-24T16:34:00Z,2.650,3.470,924.000,7470055424,192.510,192.510,32.000,3.070,44.547
2026-09-24T16:35:00Z,,,,,167.560,167.560,34.000,5.160,48.233
2026-09-24T16:36:00Z,2.410,3.390,924.000,7464812544,132.880,132.880,29.000,1.070,42.005
2026-09-24T16:37:00Z,,,,7470055424,164.400,164.400,22.000,1.050,33.480
2026-09-24T16:38:00Z,2.700,3.680,924.000,7470055424,186.310,186.310,30.000,1.420,41.215
2026-09-24T16:39:00Z,2.475,3.290,924.000,7465861120,196.900,196.900,33.000,2.080,46.697
2026-09-24T16:40:00Z,2.310,3.110,924.000,7464812544,146.860,146.860,33.000,2.080,49.477
2026-09-24T16:41:00Z,2.635,3.620,,7467958272,148.840,148.840,26.000,1.050,36.818
2026-09-24T16:42:00Z,3.065,3.870,924.000,7465861120,216.040,216.040,26.000,2.930,37.300
2026-09-24T16:43:00Z,2.975,3.880,924.000,7464812544,244.010,244.010,40.000,2.380,54.328
2026-09-24T16:44:00Z,,,,,224.670,224.670,42.000,3.190,61.133
2026-09-24T16:45:00Z,2.760,3.600,924.000,7463763968,216.100,216.100,40.000,3.100,56.282
2026-09-24T16:46:00Z,3.067,4.040,924.000,7463763968,265.470,265.470,38.000,7.810,54.135
2026-09-24T16:47:00Z,3.060,4.120,924.000,7465861120,261.930,261.930,47.000,5.180,66.457
2026-09-24T16:48:00Z,,,,,240.020,240.020,45.000,17.550,65.580
2026-09-24T16:49:00Z,2.745,3.720,924.000,7467958272,210.620,210.620,42.000,9.670,60.095
2026-09-24T16:50:00Z,,,,,209.230,209.230,37.000,2.200,52.778
2026-09-24T16:51:00Z,2.845,3.820,924.000,7466909696,235.250,235.250,38.000,5.180,52.415
2026-09-24T16:52:00Z,2.635,3.300,924.000,7469006848,222.610,222.610,40.000,8.650,58.915
2026-09-24T16:53:00Z,2.645,3.620,924.000,7469006848,172.760,172.760,41.000,5.160,55.932
2026-09-24T16:54:00Z,2.575,3.340,924.000,7464812544,206.010,206.010,29.000,4.790,43.292
2026-09-24T16:55:00Z,2.600,3.560,924.000,7465861120,158.080,158.080,35.000,1.610,51.617
2026-09-24T16:56:00Z,2.310,3.310,924.000,7469006848,156.560,156.560,29.000,1.430,39.623
2026-09-24T16:57:00Z,2.395,3.280,924.000,7471104000,151.090,151.090,26.000,0.800,39.230
2026-09-24T16:58:00Z,2.630,3.550,924.000,7464812544,160.180,160.180,27.000,1.670,37.865
2026-09-24T16:59:00Z,2.360,3.100,924.000,7467958272,181.220,181.220,29.000,3.070,40.150
2026-09-24T17:00:00Z,2.230,3.040,924.000,7466909696,130.030,130.030,31.000,3.160,45.425
2026-09-24T17:01:00Z,2.810,3.530,924.000,7464812544,163.320,163.320,23.000,4.600,32.612
2026-09-24T17:02:00Z,2.445,3.390,924.000,7464812544,175.250,175.250,30.000,1.860,40.928
2026-09-24T17:03:00Z,2.885,3.500,924.000,7464812544,199.400,199.400,29.000,12.540,44.110
2026-09-24T17:04:00Z,2.680,3.530,924.000,7467958272,166.750,166.750,37.000,0.640,49.960
2026-09-24T17:05:00Z,3.255,4.000,924.000,7467958272,231.090,231.090,29.000,8.490,41.785
2026-09-24T17:06:00Z,,,,7463763968,238.700,238.700,41.000,11.300,57.880
2026-09-24T17:07:00Z,2.592,3.690,924.000,7470055424,160.950,160.950,41.000,2.800,59.765
2026-09-24T17:08:00Z,2.135,3.110,924.000,7467958272,124.170,124.170,28.000,2.100,40.335
2026-09-24T17:09:00Z,2.235,3.090,924.000,7466909696,113.950,113.950,21.000,1.410,31.152
2026-09-24T17:10:00Z,,,924.000,7463763968,109.020,109.020,20.000,0.690,28.718
2026-09-24T17:11:00Z,3.158,4.680,924.000,7464812544,173.960,173.960,18.000,20.400,27.378
2026-09-24T17:12:00Z,2.620,3.490,924.000,7466909696,264.840,264.840,37.000,21.250,43.880
2026-09-24T17:13:00Z,2.250,3.210,,,148.710,148.710,42.000,1.890,66.550
2026-09-24T17:14:00Z,2.250,3.100,924.000,7467958272,127.200,127.200,26.000,0.660,37.307
2026-09-24T17:15:00Z,2.360,3.260,924.000,7463763968,126.520,126.520,22.000,0.820,31.927
2026-09-24T17:16:00Z,,,924.000,7464812544,125.710,125.710,23.000,0.990,31.723
2026-09-24T17:17:00Z,2.333,3.410,924.000,7466909696,140.610,140.610,22.000,0.790,31.530
2026-09-24T17:18:00Z,2.350,3.360,924.000,7466909696,109.880,109.880,25.000,0.700,35.447
2026-09-24T17:19:00Z,2.125,3.000,,,128.210,128.210,19.000,0.580,27.585
2026-09-24T17:20:00Z,2.470,3.410,924.000,7466909696,130.480,130.480,22.000,7.410,32.330
2026-09-24T17:21:00Z,2.725,3.450,924.000,7467958272,190.000,190.000,24.000,3.490,32.712
2026-09-24T17:22:00Z,2.420,3.190,924.000,7465861120,170.400,170.400,33.000,1.740,47.590
2026-09-24T17:23:00Z,,,924.000,7467958272,120.180,120.180,29.000,0.510,43.002
2026-09-24T17:24:00Z,2.283,3.380,924.000,7467958272,131.070,131.070,20.000,1.700,30.150
2026-09-24T17:25:00Z,2.315,3.340,924.000,7465861120,114.280,114.280,24.000,0.530,32.885
2026-09-24T17:26:00Z,2.425,3.470,924.000,7466909696,135.110,135.110,19.000,1.130,28.668
2026-09-24T17:27:00Z,2.520,3.420,924.000,7465861120,168.700,168.700,24.000,2.530,33.873
2026-09-24T17:28:00Z,2.495,3.330,924.000,7464812544,166.400,166.400,30.000,1.470,42.278
2026-09-24T17:29:00Z,,,,7465861120,128.770,128.770,29.000,1.300,41.703
2026-09-24T17:30:00Z,2.360,3.350,924.000,7465861120,157.850,157.850,24.000,2.160,32.303
2026-09-24T17:31:00Z,2.815,3.880,924.000,7465861120,144.940,144.940,26.000,1.840,39.568
2026-09-24T17:32:00Z,2.450,3.430,924.000,7464812544,175.070,175.070,27.000,2.100,36.340
2026-09-24T17:33:00Z,2.410,3.220,924.000,7462715392,149.340,149.340,30.000,1.090,44.057
2026-09-24T17:34:00Z,2.305,3.230,924.000,7465861120,135.350,135.350,27.000,1.170,37.438
2026-09-24T17:35:00Z,2.260,3.170,924.000,7464812544,113.230,113.230,23.000,0.460,33.953
2026-09-24T17:36:00Z,2.220,3.100,924.000,7463763968,130.700,130.700,20.000,0.700,28.448
2026-09-24T17:37:00Z,2.285,3.200,924.000,7465861120,122.440,122.440,22.000,1.050,32.930
2026-09-24T17:38:00Z,2.360,3.240,924.000,7463763968,129.150,129.150,21.000,2.050,30.712
2026-09-24T17:39:00Z,2.250,3.270,924.000,7464812544,130.100,130.100,24.000,1.260,32.435
2026-09-24T17:40:00Z,2.230,3.060,924.000,7462715392,126.080,126.080,21.000,0.700,32.765
2026-09-24T17:41:00Z,2.425,3.310,924.000,7461666816,122.590,122.590,23.000,1.090,31.622
2026-09-24T17:42:00Z,2.430,3.200,,7461666816,134.550,134.550,22.000,4.170,30.745
2026-09-24T17:43:00Z,2.175,3.030,924.000,7463763968,145.020,145.020,27.000,9.080,33.943
2026-09-24T17:44:00Z,2.720,3.990,924.000,,116.930,116.930,21.000,0.690,36.383
2026-09-24T17:45:00Z,2.490,3.390,924.000,7457472512,198.940,198.940,20.000,4.190,29.343
2026-09-24T17:46:00Z,2.640,3.540,924.000,7459569664,167.810,167.810,35.000,2.180,49.845
2026-09-24T17:47:00Z,2.425,3.170,924.000,7464812544,174.830,174.830,30.000,1.610,42.050
2026-09-24T17:48:00Z,2.320,3.430,924.000,7463763968,117.500,117.500,31.000,0.870,43.778
2026-09-24T17:49:00Z,2.575,3.440,924.000,,177.740,177.740,19.000,4.510,29.465
2026-09-24T17:50:00Z,,,,7462715392,117.330,117.330,31.000,1.330,44.562
2026-09-24T17:51:00Z,2.245,3.240,924.000,7463763968,128.670,128.670,22.000,0.910,29.430
2026-09-24T17:52:00Z,2.145,3.150,924.000,7460618240,121.260,121.260,21.000,1.100,32.252
2026-09-24T17:53:00Z,2.110,3.040,924.000,7459569664,104.500,104.500,21.000,0.610,30.605
2026-09-24T17:54:00Z,2.135,3.040,924.000,7460618240,109.240,109.240,18.000,0.720,26.235
2026-09-24T17:55:00Z,2.160,3.340,,7458521088,90.180,90.180,19.000,0.400,27.425
2026-09-24T17:56:00Z,2.280,3.110,924.000,7459569664,147.860,147.860,16.000,5.780,22.648
2026-09-24T17:57:00Z,2.295,3.390,924.000,7458521088,101.660,101.660,26.000,0.840,37.068
2026-09-24T17:58:00Z,2.195,3.100,924.000,7455375360,140.500,140.500,18.000,7.550,25.508
2026-09-24T17:59:00Z,1.965,2.850,924.000,7455375360,111.620,111.620,24.000,5.800,35.215
2026-09-24T18:00:00Z,,,,,62.080,62.080,19.000,1.010,28.012
2026-09-24T18:01:00Z,2.172,3.320,924.000,7457472512,112.700,112.700,10.000,0.900,15.627
2026-09-24T18:02:00Z,2.505,3.620,924.000,7462715392,141.010,141.010,21.000,3.600,28.265
2026-09-24T18:03:00Z,,,,,176.710,176.710,25.000,2.180,35.545
2026-09-24T18:04:00Z,2.870,3.970,924.000,7459569664,232.740,232.740,32.000,11.980,44.300
2026-09-24T18:05:00Z,2.810,4.060,924.000,7455375360,224.460,224.460,40.000,3.310,58.307
2026-09-24T18:06:00Z,2.730,3.760,924.000,7459569664,170.930,170.930,39.000,1.910,56.220
2026-09-24T18:07:00Z,2.695,3.720,924.000,7457472512,161.640,161.640,30.000,3.860,42.835
2026-09-24T18:08:00Z,2.550,3.620,924.000,7458521088,173.040,173.040,29.000,1.540,40.515
2026-09-24T18:09:00Z,2.530,3.540,924.000,7458521088,165.850,165.850,30.000,2.160,43.395
2026-09-24T18:10:00Z,2.415,3.450,924.000,7450132480,161.290,161.290,28.000,1.470,41.710
2026-09-24T18:11:00Z,3.185,3.300,924.000,7457472512,138.260,138.260,28.000,1.470,40.428
2026-09-24T18:12:00Z,1.210,1.210,924.000,7455375360,120.790,120.790,25.000,0.870,34.680
2026-09-24T18:13:00Z,2.627,3.510,924.000,7454326784,146.930,146.930,21.000,3.160,30.683
2026-09-24T18:14:00Z,,,,,89.300,89.300,25.000,0.330,36.847
2026-09-24T18:15:00Z,2.078,3.020,924.000,7456423936,105.220,105.220,15.000,1.170,22.448
2026-09-24T18:16:00Z,2.355,3.320,924.000,7458521088,103.820,103.820,18.000,0.660,26.398
2026-09-24T18:17:00Z,2.430,3.290,924.000,7461666816,126.270,126.270,19.000,1.730,26.060
2026-09-24T18:18:00Z,,,924.000,7460618240,131.050,131.050,23.000,0.920,31.657
2026-09-24T18:19:00Z,2.308,3.380,924.000,7460618240,113.650,113.650,22.000,0.420,32.890
2026-09-24T18:20:00Z,2.040,2.860,924.000,7459569664,136.190,136.190,20.000,0.800,28.705
2026-09-24T18:21:00Z,2.225,3.300,924.000,7459569664,71.180,71.180,23.000,0.240,34.153
2026-09-24T18:22:00Z,2.235,3.120,924.000,7458521088,122.880,122.880,14.000,0.640,18.027
2026-09-24T18:23:00Z,2.000,2.890,924.000,7458521088,94.530,94.530,20.000,0.340,31.035
2026-09-24T18:24:00Z,2.030,2.950,924.000,7457472512,74.050,74.050,16.000,0.330,23.747
2026-09-24T18:25:00Z,1.935,2.770,924.000,,90.500,90.500,13.000,0.260,18.635
2026-09-24T18:26:00Z,2.890,4.750,924.000,7456423936,71.640,71.640,15.000,0.210,22.730
2026-09-24T18:27:00Z,2.800,3.700,,,294.910,294.910,12.000,28.820,18.012
2026-09-24T18:28:00Z,2.395,3.340,924.000,7456423936,182.890,182.890,54.000,2.700,73.832
2026-09-24T18:29:00Z,2.365,3.130,924.000,7456423936,159.490,159.490,31.000,1.430,45.815
2026-09-24T18:30:00Z,1.980,2.930,924.000,7456423936,92.640,92.640,27.000,0.360,39.990
2026-09-24T18:31:00Z,2.305,3.150,924.000,7454326784,104.910,104.910,16.000,0.660,23.242
2026-09-24T18:32:00Z,2.365,3.100,924.000,7457472512,141.890,141.890,19.000,1.880,26.330
2026-09-24T18:33:00Z,,,,,118.750,118.750,25.000,1.650,35.763
2026-09-24T18:34:00Z,2.072,3.060,924.000,7454326784,99.880,99.880,19.000,0.600,29.802
2026-09-24T18:35:00Z,1.940,2.890,,,81.250,81.250,18.000,0.350,25.075
2026-09-24T18:36:00Z,2.085,2.970,924.000,7453278208,89.380,89.380,14.000,0.980,20.407
2026-09-24T18:37:00Z,2.085,3.010,924.000,7454326784,98.730,98.730,16.000,0.710,22.605
2026-09-24T18:38:00Z,2.105,3.050,924.000,7451181056,93.740,93.740,17.000,0.670,24.800
2026-09-24T18:39:00Z,2.565,4.150,,,99.070,99.070,17.000,0.960,23.575
2026-09-24T18:40:00Z,,,924.000,7448035328,416.520,416.520,16.000,82.070,25.015
2026-09-24T18:41:00Z,3.710,3.900,924.000,7452229632,230.070,230.070,78.000,18.180,104.240
2026-09-24T18:42:00Z,2.333,3.240,924.000,7453278208,128.160,128.160,37.000,0.820,57.615
2026-09-24T18:43:00Z,2.270,3.280,924.000,7452229632,106.570,106.570,22.000,0.630,32.355
2026-09-24T18:44:00Z,2.070,2.960,924.000,7452229632,109.640,109.640,19.000,0.790,26.765
2026-09-24T18:45:00Z,,,924.000,,85.200,85.200,18.000,0.370,27.545
2026-09-24T18:46:00Z,2.080,3.030,,7452229632,94.610,94.610,15.000,0.480,21.593
2026-09-24T18:47:00Z,2.018,2.990,924.000,7450132480,91.180,91.180,17.000,1.490,23.755
2026-09-24T18:48:00Z,1.805,2.900,924.000,7453278208,50.650,50.650,15.000,0.240,22.898
2026-09-24T18:49:00Z,1.830,2.790,924.000,7453278208,57.920,57.920,8.000,0.180,12.748
2026-09-24T18:50:00Z,1.805,2.790,,7452229632,57.900,57.900,10.000,0.160,14.600
2026-09-24T18:51:00Z,2.005,2.920,924.000,7451181056,67.380,67.380,10.000,0.250,14.582
2026-09-24T18:52:00Z,2.040,2.040,924.000,7451181056,165.110,165.110,12.000,19.070,16.942
2026-09-24T18:53:00Z,2.253,2.920,924.000,7452229632,66.160,66.160,29.000,0.200,41.572
2026-09-24T18:54:00Z,2.035,2.810,924.000,7449083904,97.510,97.510,12.000,0.530,16.655
2026-09-24T18:55:00Z,1.950,2.870,924.000,7445938176,81.790,81.790,17.000,3.310,24.495
2026-09-24T18:56:00Z,,,,7446986752,67.140,67.140,14.000,0.260,20.550
2026-09-24T18:57:00Z,1.823,2.880,924.000,7446986752,53.780,53.780,11.000,0.460,16.878
2026-09-24T18:58:00Z,1.190,1.190,924.000,7452229632,94.700,94.700,9.000,0.830,13.543
2026-09-24T18:59:00Z,2.343,2.960,924.000,7450132480,92.300,92.300,16.000,0.540,23.773
2026-09-24T19:00:00Z,2.005,3.050,924.000,7451181056,84.860,84.860,17.000,0.550,23.192
2026-09-24T19:01:00Z,2.495,3.170,924.000,7448035328,162.160,162.160,14.000,14.770,21.317
2026-09-24T19:02:00Z,2.690,4.250,924.000,7446986752,123.410,123.410,30.000,1.510,40.625
2026-09-24T19:03:00Z,2.380,3.140,924.000,7444889600,250.310,250.310,21.000,21.270,31.150
2026-09-24T19:04:00Z,2.325,3.300,924.000,7446986752,118.440,118.440,44.000,0.810,62.663
2026-09-24T19:05:00Z,,,,,136.280,136.280,21.000,0.790,29.733
2026-09-24T19:06:00Z,2.152,3.060,924.000,7445938176,103.750,103.750,23.000,1.300,34.193
2026-09-24T19:07:00Z,,,,,97.100,97.100,18.000,0.430,26.040
2026-09-24T19:08:00Z,2.080,3.030,924.000,7445938176,101.880,101.880,17.000,1.120,24.372
2026-09-24T19:09:00Z,1.883,2.850,924.000,7448035328,46.870,46.870,18.000,0.100,25.585
2026-09-24T19:10:00Z,1.830,2.700,924.000,7448035328,69.880,69.880,8.000,0.260,11.965
2026-09-24T19:11:00Z,2.690,3.540,924.000,,52.070,52.070,12.000,0.440,17.578
2026-09-24T19:12:00Z,1.930,2.840,924.000,7428112384,77.940,77.940,8.000,0.990,13.120
2026-09-24T19:13:00Z,1.880,2.750,924.000,7451181056,79.160,79.160,14.000,0.790,19.938
2026-09-24T19:14:00Z,1.860,2.760,924.000,7451181056,62.850,62.850,13.000,0.330,19.938
2026-09-24T19:15:00Z,,,,,85.840,85.840,11.000,0.970,15.835
2026-09-24T19:16:00Z,1.885,2.870,924.000,7451181056,69.110,69.110,14.000,0.290,21.565
2026-09-24T19:17:00Z,,,924.000,,71.160,71.160,12.000,1.800,17.363
2026-09-24T19:18:00Z,2.005,3.080,924.000,7449083904,90.600,90.600,12.000,0.530,17.892
2026-09-24T19:19:00Z,,,924.000,,105.420,105.420,16.000,5.210,22.767
2026-09-24T19:20:00Z,1.968,2.820,924.000,7445938176,64.230,64.230,18.000,0.400,26.645
2026-09-24T19:21:00Z,1.920,2.800,924.000,7450132480,97.210,97.210,15.000,7.050,16.168
2026-09-24T19:22:00Z,1.810,2.690,924.000,7448035328,70.960,70.960,14.000,0.700,24.392
2026-09-24T19:23:00Z,1.815,2.860,924.000,7445938176,46.450,46.450,12.000,0.160,18.038
2026-09-24T19:24:00Z,1.690,2.560,924.000,7446986752,65.000,65.000,8.000,3.430,11.703
2026-09-24T19:25:00Z,1.940,2.890,924.000,,61.320,61.320,11.000,0.280,16.370
2026-09-24T19:26:00Z,1.820,2.670,924.000,7446986752,78.520,78.520,10.000,0.490,15.438
2026-09-24T19:27:00Z,1.730,2.680,924.000,7449083904,53.990,53.990,14.000,0.230,19.733
2026-09-24T19:28:00Z,1.870,2.780,924.000,7448035328,59.750,59.750,9.000,0.210,13.595
2026-09-24T19:29:00Z,,,924.000,7450132480,79.350,79.350,11.000,0.650,15.023
2026-09-24T19:30:00Z,1.960,2.870,,7448035328,64.620,64.620,14.000,0.940,19.942
2026-09-24T19:31:00Z,2.078,3.200,924.000,7446986752,104.150,104.150,11.000,1.370,16.258
2026-09-24T19:32:00Z,,,,,105.360,105.360,19.000,0.670,26.130
2026-09-24T19:33:00Z,2.035,3.030,924.000,7448035328,84.800,84.800,18.000,0.760,26.637
2026-09-24T19:34:00Z,1.975,2.840,924.000,7448035328,86.330,86.330,15.000,0.950,21.308
2026-09-24T19:35:00Z,1.935,2.930,924.000,7448035328,69.950,69.950,14.000,0.480,21.692
2026-09-24T19:36:00Z,2.110,2.910,924.000,7449083904,112.130,112.130,13.000,2.640,17.770
2026-09-24T19:37:00Z,1.860,2.780,924.000,7449083904,76.430,76.430,19.000,0.520,28.297
2026-09-24T19:38:00Z,1.855,2.840,924.000,,62.640,62.640,13.000,1.100,19.210
2026-09-24T19:39:00Z,1.880,2.880,924.000,7448035328,75.540,75.540,11.000,0.810,15.795
2026-09-24T19:40:00Z,,,,,72.310,72.310,13.000,0.840,19.137
2026-09-24T19:41:00Z,1.968,2.940,924.000,7446986752,98.640,98.640,13.000,2.950,18.170
2026-09-24T19:42:00Z,,,,7444889600,80.290,80.290,17.000,0.710,24.758
2026-09-24T19:43:00Z,1.837,2.930,924.000,7446986752,74.150,74.150,14.000,1.520,20.370
2026-09-24T19:44:00Z,1.870,2.780,924.000,7443841024,60.130,60.130,12.000,0.340,18.645
2026-09-24T19:45:00Z,1.920,2.760,,7443841024,77.900,77.900,10.000,0.400,15.175
2026-09-24T19:46:00Z,2.155,3.110,924.000,7448035328,92.430,92.430,13.000,1.470,19.578
2026-09-24T19:47:00Z,,,924.000,,108.910,108.910,16.000,1.030,23.205
2026-09-24T19:48:00Z,1.913,2.890,924.000,7445938176,80.810,80.810,19.000,0.790,27.330
2026-09-24T19:49:00Z,1.775,2.770,,,49.620,49.620,14.000,0.260,20.300
2026-09-24T19:50:00Z,2.125,3.000,924.000,7444889600,77.090,77.090,9.000,0.690,12.520
2026-09-24T19:51:00Z,2.920,3.560,,7443841024,195.200,195.200,15.000,16.240,19.378
2026-09-24T19:52:00Z,2.625,3.410,924.000,7443841024,196.550,196.550,33.000,8.630,48.892
2026-09-24T19:53:00Z,2.165,3.000,924.000,7446986752,144.060,144.060,35.000,1.470,49.422
2026-09-24T19:54:00Z,,,924.000,,86.750,86.750,24.000,0.600,36.133
2026-09-24T19:55:00Z,2.208,3.300,924.000,7440695296,128.000,128.000,16.000,4.510,21.797
2026-09-24T19:56:00Z,2.730,3.420,924.000,7442792448,195.200,195.200,21.000,14.560,32.090
2026-09-24T19:57:00Z,2.355,3.080,924.000,7444889600,161.500,161.500,35.000,1.800,48.888
2026-09-24T19:58:00Z,,,924.000,,113.430,113.430,28.000,1.130,40.468
2026-09-24T19:59:00Z,2.285,3.300,924.000,7445938176,177.120,177.120,20.000,4.900,28.450
2026-09-24T20:00:00Z,2.570,3.290,,7444889600,269.380,269.380,31.000,30.270,44.385
2026-09-24T20:01:00Z,4.282,5.400,924.000,7398752256,553.060,553.060,50.000,103.550,67.442
2026-09-24T20:02:00Z,2.630,3.140,924.000,7401897984,521.070,521.070,98.000,107.140,138.355
2026-09-24T20:03:00Z,2.065,2.740,924.000,7396655104,117.980,117.980,89.000,0.970,130.558
2026-09-24T20:04:00Z,1.750,2.720,924.000,7396655104,61.920,61.920,21.000,0.220,29.598
2026-09-24T20:05:00Z,1.800,2.740,924.000,7397703680,55.080,55.080,10.000,0.290,15.565
2026-09-24T20:06:00Z,1.745,2.660,924.000,7397703680,49.930,49.930,9.000,0.250,13.880
2026-09-24T20:07:00Z,1.675,2.620,924.000,7397703680,43.160,43.160,8.000,0.220,12.572
2026-09-24T20:08:00Z,1.585,2.410,924.000,7399800832,36.980,36.980,7.000,0.140,10.887
2026-09-24T20:09:00Z,1.550,2.380,924.000,7400849408,26.730,26.730,6.000,0.070,9.373
2026-09-24T20:10:00Z,1.640,2.470,924.000,7401897984,32.020,32.020,4.000,0.080,6.928
2026-09-24T20:11:00Z,2.610,4.450,924.000,7402946560,31.820,31.820,5.000,0.080,8.098
2026-09-24T20:12:00Z,1.695,2.550,924.000,7407140864,64.420,64.420,5.000,1.040,8.040
2026-09-24T20:13:00Z,0.620,0.620,,,31.960,31.960,11.000,0.110,16.552
2026-09-24T20:14:00Z,1.830,2.460,924.000,7406092288,24.980,24.980,5.000,0.050,8.332
2026-09-24T20:15:00Z,1.725,2.790,924.000,7405043712,22.990,22.990,4.000,0.060,6.360
2026-09-24T20:16:00Z,1.860,2.620,924.000,7405043712,77.350,77.350,4.000,1.470,5.840
2026-09-24T20:17:00Z,1.830,2.860,924.000,7405043712,42.020,42.020,13.000,0.130,19.430
2026-09-24T20:18:00Z,1.755,2.540,924.000,7405043712,71.050,71.050,7.000,0.360,10.602
2026-09-24T20:19:00Z,1.750,2.660,924.000,7405043712,42.910,42.910,12.000,0.110,17.870
2026-09-24T20:20:00Z,1.700,2.490,924.000,7405043712,55.960,55.960,7.000,1.030,11.045
2026-09-24T20:21:00Z,1.655,2.540,924.000,,32.820,32.820,9.000,0.160,14.107
2026-09-24T20:22:00Z,1.535,2.370,924.000,7402946560,23.140,23.140,5.000,0.040,8.297
2026-09-24T20:23:00Z,1.470,2.320,,7403995136,21.460,21.460,4.000,0.030,6.082
2026-09-24T20:24:00Z,1.575,2.450,924.000,7403995136,26.350,26.350,3.000,0.060,5.475
2026-09-24T20:25:00Z,1.560,2.460,924.000,7405043712,24.630,24.630,4.000,0.080,6.697
2026-09-24T20:26:00Z,1.605,2.500,924.000,7403995136,30.760,30.760,4.000,0.060,6.277
2026-09-24T20:27:00Z,1.555,2.480,924.000,7403995136,27.020,27.020,5.000,0.050,7.787
2026-09-24T20:28:00Z,1.525,2.440,924.000,7403995136,28.090,28.090,4.000,0.110,6.845
2026-09-24T20:29:00Z,1.525,2.370,924.000,7403995136,26.290,26.290,4.000,0.110,7.120
2026-09-24T20:30:00Z,1.515,2.400,924.000,7403995136,20.710,20.710,4.000,0.070,6.690
2026-09-24T20:31:00Z,1.570,2.390,924.000,7402946560,30.230,30.230,3.000,0.090,5.270
2026-09-24T20:32:00Z,2.025,3.280,924.000,7403995136,32.740,32.740,5.000,0.080,7.647
2026-09-24T20:33:00Z,2.020,2.430,924.000,7403995136,18.390,18.390,5.000,0.040,8.465
2026-09-24T20:34:00Z,1.500,2.450,924.000,7403995136,14.710,14.710,3.000,0.020,4.702
2026-09-24T20:35:00Z,1.510,2.320,924.000,7403995136,21.780,21.780,2.000,0.040,3.982
2026-09-24T20:36:00Z,1.510,2.440,924.000,7403995136,17.940,17.940,4.000,0.030,5.635
2026-09-24T20:37:00Z,1.485,2.390,924.000,7403995136,18.990,18.990,3.000,0.030,4.770
2026-09-24T20:38:00Z,1.550,2.470,924.000,,25.610,25.610,3.000,0.050,4.850
2026-09-24T20:39:00Z,,,,7403995136,18.940,18.940,4.000,0.030,6.508
2026-09-24T20:40:00Z,1.470,2.390,924.000,7403995136,11.360,11.360,3.000,0.020,4.957
2026-09-24T20:41:00Z,1.560,2.340,924.000,7402946560,24.110,24.110,2.000,0.060,2.933
2026-09-24T20:42:00Z,1.510,2.300,924.000,7401897984,16.820,16.820,4.000,0.030,6.117
2026-09-24T20:43:00Z,1.450,2.380,924.000,7402946560,10.760,10.760,2.000,0.010,4.577
2026-09-24T20:44:00Z,1.540,2.510,924.000,7402946560,14.130,14.130,1.000,0.020,2.987
2026-09-24T20:45:00Z,1.565,2.480,924.000,7402946560,25.390,25.390,2.000,0.040,3.665
2026-09-24T20:46:00Z,1.510,2.410,924.000,7402946560,22.710,22.710,4.000,0.220,6.445
2026-09-24T20:47:00Z,1.505,2.420,924.000,7402946560,15.570,15.570,4.000,0.020,5.770
2026-09-24T20:48:00Z,1.495,2.380,,,24.110,24.110,2.000,0.130,3.990
2026-09-24T20:49:00Z,1.510,2.400,924.000,7402946560,19.950,19.950,4.000,0.080,6.117
2026-09-24T20:50:00Z,1.500,2.410,924.000,7401897984,14.540,14.540,3.000,0.020,5.098
2026-09-24T20:51:00Z,1.540,2.350,924.000,7401897984,17.130,17.130,2.000,0.020,3.728
2026-09-24T20:52:00Z,1.470,2.300,924.000,7401897984,21.020,21.020,3.000,0.040,4.397
2026-09-24T20:53:00Z,1.485,2.400,924.000,7401897984,12.970,12.970,3.000,0.030,5.628
2026-09-24T20:54:00Z,1.480,2.420,924.000,7401897984,16.410,16.410,1.000,0.040,3.360
2026-09-24T20:55:00Z,1.475,2.420,,7401897984,11.930,11.930,2.000,0.010,4.205
2026-09-24T20:56:00Z,1.510,2.450,924.000,7401897984,14.560,14.560,2.000,0.020,3.085
2026-09-24T20:57:00Z,1.505,2.400,924.000,7401897984,18.920,18.920,2.000,0.030,3.743
2026-09-24T20:58:00Z,,,,,14.730,14.730,3.000,0.020,4.835
2026-09-24T20:59:00Z,1.630,2.710,924.000,7401897984,35.470,35.470,2.000,0.200,3.772
2026-09-24T21:00:00Z,1.530,2.450,924.000,7401897984,17.680,17.680,6.000,0.020,8.982
2026-09-24T21:01:00Z,7.455,12.780,924.000,7513047040,17.600,17.600,3.000,0.030,4.513
2026-09-24T21:02:00Z,1.255,2.160,924.000,7513047040,0.230,0.230,3.000,0.000,4.503
2026-09-24T21:03:00Z,1.285,2.220,924.000,7513047040,0.050,0.050,0.000,0.000,0.338
2026-09-24T21:04:00Z,1.275,2.200,924.000,7513047040,0.000,0.000,0.000,0.000,0.122
2026-09-24T21:05:00Z,1.280,2.200,924.000,7513047040,0.000,0.000,0.000,0.000,0.105
2026-09-24T21:06:00Z,1.265,2.140,924.000,7513047040,0.000,0.000,0.000,0.000,0.105
2026-09-24T21:07:00Z,1.280,2.200,924.000,7513047040,0.000,0.000,0.000,0.000,0.085
2026-09-24T21:08:00Z,1.280,2.200,924.000,7513047040,0.000,0.000,0.000,0.000,0.095
2026-09-24T21:09:00Z,,,,,0.000,0.000,0.000,0.000,0.102
2026-09-24T21:10:00Z,1.258,2.170,924.000,7513047040,0.000,0.000,0.000,0.000,0.242
2026-09-24T21:11:00Z,,,924.000,7595884544,0.000,0.000,0.000,0.000,0.115
2026-09-24T21:12:00Z,1.772,2.430,924.000,7596933120,0.000,0.000,0.000,0.000,0.117
2026-09-24T21:13:00Z,1.295,2.230,924.000,7596933120,0.000,0.000,0.000,0.000,0.730
2026-09-24T21:14:00Z,1.255,2.150,924.000,7596933120,0.000,0.000,0.000,0.000,0.460
2026-09-24T21:15:00Z,1.225,2.100,924.000,7596933120,0.000,0.000,0.000,0.000,0.110
2026-09-24T21:16:00Z,1.205,2.060,924.000,7596933120,0.000,0.000,0.000,0.000,0.098
2026-09-24T21:17:00Z,1.245,2.140,924.000,7596933120,0.000,0.000,0.000,0.000,0.105
2026-09-24T21:18:00Z,,,,,0.000,0.000,0.000,0.000,0.085
2026-09-24T21:19:00Z,1.280,2.180,924.000,7596933120,0.000,0.000,0.000,0.000,0.115
2026-09-24T21:20:00Z,1.268,2.210,924.000,7596933120,0.000,0.000,0.000,0.000,0.318
2026-09-24T21:21:00Z,1.295,2.180,924.000,7596933120,0.000,0.000,0.000,0.000,0.122
2026-09-24T21:22:00Z,1.270,2.180,924.000,7596933120,0.000,0.000,0.000,0.000,0.090
2026-09-24T21:23:00Z,1.270,2.170,924.000,7596933120,0.000,0.000,0.000,0.000,0.282
2026-09-24T21:24:00Z,,,,7596933120,0.000,0.000,0.000,0.000,0.105
2026-09-24T21:25:00Z,1.258,2.200,924.000,7596933120,0.000,0.000,0.000,0.000,0.115
2026-09-24T21:26:00Z,0.360,0.360,924.000,,0.000,0.000,0.000,0.000,0.092
2026-09-24T21:27:00Z,1.530,2.150,924.000,7596933120,0.000,0.000,0.000,0.000,0.090
2026-09-24T21:28:00Z,1.280,2.210,924.000,7596933120,0.000,0.000,0.000,0.000,0.098
2026-09-24T21:29:00Z,1.285,2.220,924.000,7596933120,0.000,0.000,0.000,0.000,0.090
2026-09-24T21:30:00Z,1.225,2.110,924.000,7596933120,0.000,0.000,0.000,0.000,0.102
2026-09-24T21:31:00Z,1.285,2.170,924.000,,0.000,0.000,0.000,0.000,0.098
2026-09-24T21:32:00Z,1.235,2.130,924.000,7596933120,0.000,0.000,0.000,0.000,0.090
2026-09-24T21:33:00Z,1.240,2.120,924.000,7596933120,0.000,0.000,0.000,0.000,0.280
2026-09-24T21:34:00Z,,,,,0.000,0.000,0.000,0.000,0.120
2026-09-24T21:35:00Z,1.248,2.170,924.000,7596933120,0.000,0.000,0.000,0.000,0.115
2026-09-24T21:36:00Z,1.280,2.220,924.000,7596933120,0.000,0.000,0.000,0.000,0.098
2026-09-24T21:37:00Z,1.290,2.240,924.000,7596933120,0.000,0.000,0.000,0.000,0.260
2026-09-24T21:38:00Z,,,,,0.000,0.000,0.000,0.000,0.095
2026-09-24T21:39:00Z,1.280,2.230,924.000,7595884544,0.000,0.000,0.000,0.000,0.142
2026-09-24T21:40:00Z,1.290,2.250,924.000,7595884544,0.000,0.000,0.000,0.000,0.260
2026-09-24T21:41:00Z,1.260,2.130,924.000,,0.000,0.000,0.000,0.000,0.092
2026-09-24T21:42:00Z,1.250,2.140,924.000,7595884544,0.000,0.000,0.000,0.000,0.102
2026-09-24T21:43:00Z,1.690,2.200,924.000,7591690240,0.000,0.000,0.000,0.000,0.315
2026-09-24T21:44:00Z,1.235,2.120,924.000,7591690240,0.000,0.000,0.000,0.000,0.140
2026-09-24T21:45:00Z,,,,,0.000,0.000,0.000,0.000,0.480
2026-09-24T21:46:00Z,1.255,2.220,924.000,7591690240,0.000,0.000,0.000,0.000,0.105
2026-09-24T21:47:00Z,1.375,2.230,924.000,7591690240,0.000,0.000,0.000,0.000,0.102
2026-09-24T21:48:00Z,1.270,2.180,924.000,7591690240,0.000,0.000,0.000,0.000,0.080
2026-09-24T21:49:00Z,1.250,2.150,924.000,7591690240,0.000,0.000,0.000,0.000,0.315
2026-09-24T21:50:00Z,1.280,2.200,924.000,7591690240,0.000,0.000,0.000,0.000,0.115
2026-09-24T21:51:00Z,1.280,2.150,924.000,7591690240,0.000,0.000,0.000,0.000,0.095
2026-09-24T21:52:00Z,1.270,2.190,924.000,7591690240,0.000,0.000,0.000,0.000,0.090
2026-09-24T21:53:00Z,,,,7591690240,0.000,0.000,0.000,0.000,0.305
2026-09-24T21:54:00Z,1.252,2.220,924.000,7591690240,0.000,0.000,0.000,0.000,0.092
2026-09-24T21:55:00Z,1.255,2.160,924.000,7591690240,0.000,0.000,0.000,0.000,0.117
2026-09-24T21:56:00Z,1.750,2.190,924.000,7571767296,0.000,0.000,0.000,0.000,0.098
2026-09-24T21:57:00Z,1.235,2.120,924.000,7571767296,0.000,0.000,0.000,0.000,0.110
2026-09-24T21:58:00Z,1.265,2.170,924.000,7571767296,0.000,0.000,0.000,0.000,0.710
2026-09-24T21:59:00Z,1.235,2.120,924.000,7571767296,0.000,0.000,0.000,0.000,0.105
2026-09-24T22:00:00Z,1.220,2.090,924.000,7571767296,0.000,0.000,0.000,0.000,0.092
2026-09-24T22:01:00Z,,,924.000,7571767296,12.010,12.010,0.000,0.020,0.107
2026-09-24T22:02:00Z,1.585,2.460,,7571767296,18.940,18.940,2.000,0.020,3.112
2026-09-24T22:03:00Z,1.535,2.490,924.000,7570718720,13.990,13.990,3.000,0.020,5.070
2026-09-24T22:04:00Z,,,,7571767296,14.480,14.480,2.000,0.020,3.595
2026-09-24T22:05:00Z,1.425,2.330,924.000,7571767296,8.790,8.790,2.000,0.010,3.730
2026-09-24T22:06:00Z,1.535,2.500,924.000,7571767296,9.260,9.260,1.000,0.010,2.268
2026-09-24T22:07:00Z,1.480,2.370,924.000,7571767296,15.760,15.760,1.000,0.020,2.408
2026-09-24T22:08:00Z,1.470,2.330,924.000,7570718720,10.810,10.810,2.000,0.010,4.043
2026-09-24T22:09:00Z,,,,,7.530,7.530,1.000,0.010,2.812
2026-09-24T22:10:00Z,1.375,2.220,924.000,7570718720,6.760,6.760,1.000,0.010,2.125
2026-09-24T22:11:00Z,1.403,2.340,924.000,7570718720,3.040,3.040,1.000,0.000,1.795
2026-09-24T22:12:00Z,2.255,3.040,924.000,7549747200,4.290,4.290,0.000,0.000,0.863
2026-09-24T22:13:00Z,1.500,2.350,924.000,7567572992,5.540,5.540,0.000,0.000,1.370
2026-09-24T22:14:00Z,,,,,3.690,3.690,0.000,0.000,1.827
2026-09-24T22:15:00Z,1.425,2.370,924.000,7567572992,7.730,7.730,0.000,0.010,1.225
2026-09-24T22:16:00Z,1.417,2.380,924.000,7567572992,4.290,4.290,1.000,0.000,2.067
2026-09-24T22:17:00Z,1.450,2.460,924.000,7567572992,3.990,3.990,0.000,0.000,1.163
2026-09-24T22:18:00Z,1.435,2.360,924.000,7567572992,11.310,11.310,0.000,0.010,1.095
2026-09-24T22:19:00Z,1.385,2.330,924.000,7567572992,2.030,2.030,2.000,0.000,2.917
2026-09-24T22:20:00Z,1.390,2.300,924.000,7567572992,2.790,2.790,0.000,0.000,0.785
2026-09-24T22:21:00Z,1.470,2.320,924.000,7567572992,8.940,8.940,0.000,0.010,0.820
2026-09-24T22:22:00Z,1.365,2.270,924.000,7567572992,5.500,5.500,1.000,0.000,2.325
2026-09-24T22:23:00Z,1.420,2.300,924.000,7567572992,6.460,6.460,0.000,0.010,1.673
2026-09-24T22:24:00Z,1.360,2.220,924.000,7567572992,5.680,5.680,1.000,0.000,1.718
2026-09-24T22:25:00Z,,,924.000,,3.710,3.710,1.000,0.000,1.525
2026-09-24T22:26:00Z,1.367,2.290,924.000,7567572992,5.130,5.130,0.000,0.000,1.012
2026-09-24T22:27:00Z,,,,7567572992,4.740,4.740,0.000,0.000,1.387
2026-09-24T22:28:00Z,1.438,2.480,924.000,7567572992,9.950,9.950,0.000,0.010,1.278
2026-09-24T22:29:00Z,,,,,4.330,4.330,1.000,0.000,2.572
2026-09-24T22:30:00Z,1.472,2.490,924.000,7567572992,6.180,6.180,0.000,0.010,1.190
2026-09-24T22:31:00Z,1.595,2.540,,,13.190,13.190,1.000,0.020,1.635
2026-09-24T22:32:00Z,1.435,2.360,924.000,7566524416,14.740,14.740,2.000,0.020,3.388
2026-09-24T22:33:00Z,1.425,2.340,924.000,7565475840,5.350,5.350,2.000,0.000,3.965
2026-09-24T22:34:00Z,1.360,2.230,924.000,7565475840,6.160,6.160,0.000,0.010,1.448
2026-09-24T22:35:00Z,1.355,2.210,924.000,7565475840,4.730,4.730,1.000,0.000,1.645
2026-09-24T22:36:00Z,1.360,2.240,924.000,7565475840,2.290,2.290,0.000,0.000,1.272
2026-09-24T22:37:00Z,1.405,2.340,924.000,7565475840,4.110,4.110,0.000,0.000,0.833
2026-09-24T22:38:00Z,1.390,2.300,924.000,7565475840,2.960,2.960,0.000,0.000,1.120
2026-09-24T22:39:00Z,1.345,2.230,924.000,7565475840,3.610,3.610,0.000,0.000,0.882
2026-09-24T22:40:00Z,1.395,2.290,,7565475840,4.080,4.080,0.000,0.000,1.150
2026-09-24T22:41:00Z,1.400,2.270,924.000,7564427264,3.940,3.940,0.000,0.000,1.110
2026-09-24T22:42:00Z,1.425,2.340,924.000,7564427264,4.330,4.330,0.000,0.000,1.087
2026-09-24T22:43:00Z,1.430,2.330,924.000,7564427264,7.980,7.980,0.000,0.010,1.400
2026-09-24T22:44:00Z,1.445,2.390,924.000,7564427264,5.730,5.730,1.000,0.010,2.105
2026-09-24T22:45:00Z,1.355,2.240,924.000,7564427264,4.790,4.790,0.000,0.000,1.573
2026-09-24T22:46:00Z,1.395,2.270,924.000,7564427264,7.750,7.750,0.000,0.010,1.302
2026-09-24T22:47:00Z,1.395,2.300,924.000,,4.880,4.880,1.000,0.000,2.027
2026-09-24T22:48:00Z,1.365,2.290,924.000,7564427264,4.730,4.730,0.000,0.000,1.300
2026-09-24T22:49:00Z,1.405,2.360,924.000,7564427264,1.260,1.260,0.000,0.000,1.265
2026-09-24T22:50:00Z,1.365,2.280,924.000,7564427264,3.050,3.050,0.000,0.000,0.420
2026-09-24T22:51:00Z,1.415,2.310,924.000,7564427264,4.190,4.190,0.000,0.000,0.858
2026-09-24T22:52:00Z,0.430,0.430,924.000,7564427264,3.510,3.510,0.000,0.000,1.137
2026-09-24T22:53:00Z,1.657,2.290,924.000,7563378688,2.640,2.640,0.000,0.000,1.180
2026-09-24T22:54:00Z,,,,,1.030,1.030,0.000,0.000,0.765
2026-09-24T22:55:00Z,1.305,2.180,924.000,7563378688,2.100,2.100,0.000,0.000,0.378
2026-09-24T22:56:00Z,1.380,2.290,924.000,7563378688,1.890,1.890,0.000,0.000,0.627
2026-09-24T22:57:00Z,1.385,2.320,924.000,7563378688,2.930,2.930,0.000,0.000,0.565
2026-09-24T22:58:00Z,1.365,2.270,924.000,7563378688,3.880,3.880,0.000,0.000,0.830
2026-09-24T22:59:00Z,1.390,2.330,924.000,,3.280,3.280,0.000,0.000,1.062
2026-09-24T23:00:00Z,1.355,2.230,924.000,7564427264,3.190,3.190,0.000,0.000,0.905
2026-09-24T23:01:00Z,1.455,2.360,924.000,7564427264,3.440,3.440,0.000,0.000,0.915
2026-09-24T23:02:00Z,1.390,2.330,,7564427264,5.640,5.640,0.000,0.000,0.958
2026-09-24T23:03:00Z,1.390,2.320,924.000,7564427264,2.340,2.340,1.000,0.000,1.700
2026-09-24T23:04:00Z,1.380,2.290,924.000,7564427264,5.710,5.710,0.000,0.000,0.700
2026-09-24T23:05:00Z,1.365,2.250,924.000,7563378688,4.780,4.780,1.000,0.000,1.542
2026-09-24T23:06:00Z,1.375,2.290,924.000,7563378688,2.790,2.790,0.000,0.000,1.288
2026-09-24T23:07:00Z,,,,,7.430,7.430,0.000,0.010,0.782
2026-09-24T23:08:00Z,1.380,2.260,924.000,7562330112,3.460,3.460,1.000,0.000,1.955
2026-09-24T23:09:00Z,1.385,2.350,,7562330112,1.180,1.180,0.000,0.000,0.975
2026-09-24T23:10:00Z,,,924.000,,6.630,6.630,0.000,0.010,0.540
2026-09-24T23:11:00Z,1.405,2.370,924.000,7561281536,1.740,1.740,1.000,0.000,1.755
2026-09-24T23:12:00Z,2.285,4.070,924.000,7542407168,6.460,6.460,0.000,0.010,0.527
2026-09-24T23:13:00Z,1.395,2.310,924.000,7565475840,1.900,1.900,1.000,0.000,1.925
2026-09-24T23:14:00Z,1.435,2.350,924.000,7565475840,4.600,4.600,0.000,0.010,0.902
2026-09-24T23:15:00Z,1.400,2.350,924.000,7565475840,3.160,3.160,0.000,0.000,1.290
2026-09-24T23:16:00Z,1.380,2.290,924.000,7565475840,2.860,2.860,0.000,0.000,0.892
2026-09-24T23:17:00Z,,,,,2.730,2.730,0.000,0.000,0.812
2026-09-24T23:18:00Z,1.395,2.330,924.000,7564427264,4.140,4.140,0.000,0.000,0.772
2026-09-24T23:19:00Z,1.350,2.250,924.000,7564427264,2.610,2.610,0.000,0.000,1.133
2026-09-24T23:20:00Z,1.370,2.270,924.000,,2.910,2.910,0.000,0.000,0.932
2026-09-24T23:21:00Z,1.410,2.270,924.000,7563378688,3.930,3.930,0.000,0.000,0.820
2026-09-24T23:22:00Z,1.365,2.270,924.000,7563378688,2.830,2.830,0.000,0.000,1.073
2026-09-24T23:23:00Z,1.345,2.210,924.000,7562330112,2.860,2.860,0.000,0.000,1.010
2026-09-24T23:24:00Z,,,,,3.230,3.230,0.000,0.000,0.818
2026-09-24T23:25:00Z,1.350,2.230,924.000,7562330112,4.140,4.140,0.000,0.000,0.925
2026-09-24T23:26:00Z,1.367,2.260,924.000,7562330112,4.460,4.460,0.000,0.000,1.140
2026-09-24T23:27:00Z,,,,,2.480,2.480,0.000,0.000,1.205
2026-09-24T23:28:00Z,1.380,2.290,924.000,7562330112,4.210,4.210,0.000,0.000,0.710
2026-09-24T23:29:00Z,1.427,2.440,924.000,7562330112,12.760,12.760,0.000,0.010,1.145
2026-09-24T23:30:00Z,1.450,2.340,924.000,7563378688,5.190,5.190,2.000,0.000,3.295
2026-09-24T23:31:00Z,,,924.000,,9.560,9.560,0.000,0.010,1.390
2026-09-24T23:32:00Z,1.440,2.270,,7563378688,3.710,3.710,1.000,0.000,2.467
2026-09-24T23:33:00Z,1.370,2.260,924.000,7563378688,3.310,3.310,0.000,0.000,1.212
2026-09-24T23:34:00Z,1.395,2.290,924.000,7562330112,5.730,5.730,0.000,0.000,0.948
2026-09-24T23:35:00Z,1.407,2.320,924.000,7562330112,4.110,4.110,1.000,0.000,1.548
2026-09-24T23:36:00Z,1.395,2.290,924.000,7562330112,3.250,3.250,0.000,0.000,1.130
2026-09-24T23:37:00Z,1.410,2.360,924.000,7562330112,2.180,2.180,0.000,0.000,1.073
2026-09-24T23:38:00Z,1.415,2.340,924.000,7563378688,5.710,5.710,0.000,0.000,0.660
2026-09-24T23:39:00Z,1.360,2.260,924.000,7563378688,4.280,4.280,0.000,0.000,1.555
2026-09-24T23:40:00Z,1.350,2.240,924.000,7563378688,2.490,2.490,0.000,0.000,1.312
2026-09-24T23:41:00Z,,,924.000,,4.000,4.000,0.000,0.000,0.715
2026-09-24T23:42:00Z,1.355,2.170,924.000,7561281536,2.140,2.140,0.000,0.000,1.107
2026-09-24T23:43:00Z,1.343,2.240,924.000,7561281536,0.730,0.730,0.000,0.000,0.845
2026-09-24T23:44:00Z,1.405,2.310,924.000,7561281536,4.090,4.090,0.000,0.000,0.275
2026-09-24T23:45:00Z,1.430,2.270,924.000,,10.050,10.050,0.000,0.010,1.170
2026-09-24T23:46:00Z,1.425,2.210,924.000,7561281536,12.020,12.020,1.000,0.010,2.615
2026-09-24T23:47:00Z,1.365,2.220,924.000,7561281536,5.660,5.660,2.000,0.000,3.095
2026-09-24T23:48:00Z,,,,,6.510,6.510,1.000,0.010,1.512
2026-09-24T23:49:00Z,1.387,2.380,924.000,7561281536,3.760,3.760,1.000,0.000,1.718
2026-09-24T23:50:00Z,0.530,0.530,,7561281536,9.850,9.850,0.000,0.010,1.045
2026-09-24T23:51:00Z,1.773,2.420,924.000,7561281536,4.760,4.760,1.000,0.000,2.553
2026-09-24T23:52:00Z,1.560,2.460,924.000,7562330112,14.710,14.710,0.000,0.020,1.288
2026-09-24T23:53:00Z,,,924.000,7562330112,23.240,23.240,2.000,0.040,3.980
2026-09-24T23:54:00Z,1.485,2.340,,7562330112,9.660,9.660,4.000,0.010,5.915
2026-09-24T23:55:00Z,1.415,2.300,924.000,,7.980,7.980,1.000,0.010,2.525
2026-09-24T23:56:00Z,1.343,2.220,924.000,7562330112,3.780,3.780,1.000,0.000,2.090
2026-09-24T23:57:00Z,1.380,2.250,924.000,7562330112,4.010,4.010,0.000,0.000,1.035
2026-09-24T23:58:00Z,,,,7551844352,4.010,4.010,0.000,0.000,1.105
2026-09-24T23:59:00Z,2.197,3.620,924.000,7551844352,8.010,8.010,0.000,0.010,1.262
2026-09-25T00:00:00Z,1.430,2.340,924.000,7551844352,8.140,8.140,1.000,0.010,2.395
2026-09-25T00:01:00Z,1.725,2.580,924.000,7547650048,12.590,12.590,1.000,0.020,2.138
2026-09-25T00:02:00Z,0.620,0.620,924.000,7547650048,24.260,24.260,2.000,0.030,3.237
2026-09-25T00:03:00Z,1.763,2.350,924.000,7546601472,10.430,10.430,4.000,0.010,6.513
2026-09-25T00:04:00Z,,,,7546601472,10.880,10.880,1.000,0.010,2.705
2026-09-25T00:05:00Z,1.528,2.440,924.000,7545552896,21.810,21.810,1.000,0.030,2.825
2026-09-25T00:06:00Z,,,924.000,7545552896,16.290,16.290,3.000,0.020,5.550
2026-09-25T00:07:00Z,1.518,2.480,924.000,7545552896,14.160,14.160,2.000,0.020,4.157
2026-09-25T00:08:00Z,,,924.000,,14.760,14.760,2.000,0.020,3.625
2026-09-25T00:09:00Z,1.535,2.360,924.000,7545552896,12.110,12.110,2.000,0.020,3.830
2026-09-25T00:10:00Z,1.420,2.280,924.000,7547650048,9.330,9.330,2.000,0.010,3.445
2026-09-25T00:11:00Z,1.470,2.340,924.000,7546601472,8.360,8.360,1.000,0.010,2.435
2026-09-25T00:12:00Z,1.525,2.520,924.000,7546601472,8.280,8.280,1.000,0.010,2.195
2026-09-25T00:13:00Z,2.250,2.310,924.000,7554990080,12.280,12.280,1.000,0.010,2.375
2026-09-25T00:14:00Z,1.460,2.400,,7554990080,4.140,4.140,2.000,0.000,3.410
2026-09-25T00:15:00Z,,,924.000,,9.360,9.360,0.000,0.010,1.403
2026-09-25T00:16:00Z,1.528,2.430,924.000,7554990080,15.990,15.990,1.000,0.020,2.438
2026-09-25T00:17:00Z,1.535,2.440,924.000,7554990080,17.010,17.010,2.000,0.020,4.090
2026-09-25T00:18:00Z,1.575,2.350,924.000,7553941504,25.540,25.540,3.000,0.040,4.343
2026-09-25T00:19:00Z,1.455,2.430,924.000,7553941504,7.760,7.760,4.000,0.010,6.652
2026-09-25T00:20:00Z,1.435,2.400,924.000,7553941504,8.580,8.580,1.000,0.010,2.033
2026-09-25T00:21:00Z,1.525,2.430,924.000,7553941504,6.880,6.880,1.000,0.010,2.250
2026-09-25T00:22:00Z,1.475,2.380,924.000,7553941504,16.370,16.370,1.000,0.020,1.827
2026-09-25T00:23:00Z,,,,,11.460,11.460,2.000,0.010,4.365
2026-09-25T00:24:00Z,1.488,2.430,924.000,7553941504,15.380,15.380,2.000,0.020,2.970
2026-09-25T00:25:00Z,1.475,2.400,924.000,7553941504,11.710,11.710,2.000,0.010,3.930
2026-09-25T00:26:00Z,1.520,2.340,924.000,7553941504,18.070,18.070,2.000,0.030,3.038
2026-09-25T00:27:00Z,,,,7551844352,15.390,15.390,3.000,0.020,4.628
2026-09-25T00:28:00Z,1.560,2.460,924.000,,17.480,17.480,2.000,0.020,3.925
2026-09-25T00:29:00Z,1.452,2.360,924.000,7551844352,13.930,13.930,3.000,0.020,4.468
2026-09-25T00:30:00Z,1.405,2.260,924.000,7550795776,12.410,12.410,2.000,0.010,3.575
2026-09-25T00:31:00Z,1.570,2.350,924.000,,10.980,10.980,2.000,0.010,3.208
2026-09-25T00:32:00Z,1.535,2.440,924.000,7550795776,12.510,12.510,1.000,0.020,2.862
2026-09-25T00:33:00Z,1.530,2.420,924.000,7550795776,17.240,17.240,2.000,0.030,3.460
2026-09-25T00:34:00Z,,,924.000,,19.690,19.690,3.000,0.030,4.415
2026-09-25T00:35:00Z,1.450,2.260,,7550795776,9.530,9.530,3.000,0.010,5.032
2026-09-25T00:36:00Z,1.442,2.350,924.000,7549747200,10.980,10.980,1.000,0.010,2.522
2026-09-25T00:37:00Z,1.450,2.390,924.000,7550795776,9.780,9.780,1.000,0.010,2.985
2026-09-25T00:38:00Z,,,,7550795776,14.410,14.410,1.000,0.020,2.538
2026-09-25T00:39:00Z,1.542,2.520,924.000,7550795776,14.690,14.690,2.000,0.020,3.705
2026-09-25T00:40:00Z,1.590,2.500,924.000,7549747200,18.230,18.230,2.000,0.030,3.920
2026-09-25T00:41:00Z,1.530,2.450,924.000,7549747200,15.360,15.360,3.000,0.020,4.668
2026-09-25T00:42:00Z,,,924.000,,22.010,22.010,2.000,0.030,4.175
2026-09-25T00:43:00Z,1.508,2.430,924.000,7551844352,11.080,11.080,3.000,0.010,5.800
2026-09-25T00:44:00Z,1.560,2.370,924.000,7551844352,17.910,17.910,1.000,0.020,2.888
2026-09-25T00:45:00Z,1.475,2.400,924.000,7551844352,12.230,12.230,3.000,0.020,4.638
2026-09-25T00:46:00Z,1.535,2.400,924.000,7550795776,13.520,13.520,2.000,0.020,3.160
2026-09-25T00:47:00Z,1.510,2.390,924.000,7550795776,15.280,15.280,2.000,0.020,3.485
2026-09-25T00:48:00Z,1.490,2.390,924.000,7550795776,13.040,13.040,2.000,0.020,3.910
2026-09-25T00:49:00Z,1.500,2.440,924.000,7550795776,13.210,13.210,2.000,0.020,3.350
2026-09-25T00:50:00Z,1.485,2.360,924.000,7550795776,15.880,15.880,2.000,0.020,3.410
2026-09-25T00:51:00Z,1.490,2.370,924.000,7550795776,10.610,10.610,2.000,0.010,4.065
2026-09-25T00:52:00Z,1.445,2.350,924.000,7550795776,10.490,10.490,1.000,0.010,2.768
2026-09-25T00:53:00Z,,,924.000,,12.130,12.130,1.000,0.010,2.928
2026-09-25T00:54:00Z,1.500,2.380,,7550795776,9.460,9.460,2.000,0.010,3.112
2026-09-25T00:55:00Z,1.480,2.410,924.000,7550795776,13.160,13.160,1.000,0.020,2.487
2026-09-25T00:56:00Z,1.495,2.430,924.000,7549747200,8.480,8.480,2.000,0.010,3.393
2026-09-25T00:57:00Z,1.465,2.330,924.000,7549747200,13.770,13.770,1.000,0.020,2.205
2026-09-25T00:58:00Z,1.485,2.390,924.000,7548698624,8.140,8.140,2.000,0.010,3.520
2026-09-25T00:59:00Z,1.500,2.470,924.000,7548698624,7.130,7.130,1.000,0.010,2.125
2026-09-25T01:00:00Z,1.495,2.440,924.000,7547650048,11.040,11.040,1.000,0.010,1.875
2026-09-25T01:01:00Z,1.605,2.550,924.000,7545552896,11.640,11.640,1.000,0.020,2.870
2026-09-25T01:02:00Z,1.575,2.540,924.000,7545552896,19.010,19.010,2.000,0.030,3.033
2026-09-25T01:03:00Z,1.565,2.520,924.000,7545552896,11.710,11.710,3.000,0.020,5.025
2026-09-25T01:04:00Z,1.510,2.460,924.000,7545552896,12.860,12.860,2.000,0.020,3.055
2026-09-25T01:05:00Z,1.505,2.420,924.000,7546601472,16.960,16.960,2.000,0.030,3.333
2026-09-25T01:06:00Z,1.555,2.460,924.000,7546601472,12.630,12.630,3.000,0.010,4.332
2026-09-25T01:07:00Z,1.450,2.380,924.000,7546601472,9.830,9.830,2.000,0.010,3.272
2026-09-25T01:08:00Z,1.500,2.430,924.000,7546601472,9.550,9.550,1.000,0.010,2.538
2026-09-25T01:09:00Z,1.545,2.480,924.000,7546601472,14.260,14.260,1.000,0.020,2.502
2026-09-25T01:10:00Z,1.500,2.390,924.000,7546601472,16.380,16.380,2.000,0.020,3.808
2026-09-25T01:11:00Z,1.615,2.610,924.000,7545552896,10.310,10.310,2.000,0.010,4.197
2026-09-25T01:12:00Z,1.695,2.670,,7545552896,27.240,27.240,1.000,0.050,2.663
2026-09-25T01:13:00Z,,,924.000,,41.310,41.310,4.000,0.070,7.107
2026-09-25T01:14:00Z,2.505,3.230,924.000,7529824256,22.050,22.050,7.000,0.030,10.650
2026-09-25T01:15:00Z,1.555,2.540,924.000,7544504320,19.680,19.680,4.000,0.030,5.933
2026-09-25T01:16:00Z,1.580,2.490,924.000,7544504320,24.870,24.870,3.000,0.040,5.035
2026-09-25T01:17:00Z,1.580,2.610,924.000,7545552896,14.180,14.180,4.000,0.020,6.320
2026-09-25T01:18:00Z,0.760,0.760,,7543455744,26.590,26.590,2.000,0.050,3.635
2026-09-25T01:19:00Z,1.913,2.610,924.000,7542407168,32.020,32.020,4.000,0.050,6.745
2026-09-25T01:20:00Z,1.500,2.390,924.000,7542407168,15.160,15.160,5.000,0.020,8.303
2026-09-25T01:21:00Z,1.565,2.500,924.000,7541358592,14.410,14.410,2.000,0.020,3.882
2026-09-25T01:22:00Z,1.485,2.440,924.000,7541358592,16.370,16.370,2.000,0.020,3.712
2026-09-25T01:23:00Z,1.565,2.470,924.000,7541358592,17.120,17.120,2.000,0.020,4.390
2026-09-25T01:24:00Z,1.465,2.310,924.000,7541358592,18.190,18.190,2.000,0.030,4.383
2026-09-25T01:25:00Z,1.415,2.280,924.000,7541358592,12.300,12.300,3.000,0.010,4.645
2026-09-25T01:26:00Z,1.465,2.300,924.000,7542407168,12.410,12.410,2.000,0.020,3.183
2026-09-25T01:27:00Z,1.480,2.360,924.000,7542407168,13.770,13.770,2.000,0.020,3.208
2026-09-25T01:28:00Z,1.490,2.430,924.000,7542407168,9.010,9.010,2.000,0.010,3.520
2026-09-25T01:29:00Z,1.460,2.400,924.000,7542407168,14.990,14.990,1.000,0.020,2.342
2026-09-25T01:30:00Z,1.495,2.400,924.000,7542407168,13.910,13.910,2.000,0.020,3.833
2026-09-25T01:31:00Z,1.650,2.520,924.000,7542407168,17.410,17.410,2.000,0.030,3.587
2026-09-25T01:32:00Z,1.625,2.550,924.000,7542407168,31.030,31.030,3.000,0.050,4.457
2026-09-25T01:33:00Z,1.565,2.390,,7542407168,27.420,27.420,5.000,0.040,8.023
2026-09-25T01:34:00Z,,,924.000,7542407168,15.530,15.530,4.000,0.020,6.960
2026-09-25T01:35:00Z,1.550,2.420,924.000,7542407168,10.030,10.030,2.000,0.010,4.003
2026-09-25T01:36:00Z,1.570,2.460,924.000,7542407168,16.620,16.620,1.000,0.020,2.805
2026-09-25T01:37:00Z,1.465,2.280,924.000,7542407168,24.530,24.530,2.000,0.040,4.435
2026-09-25T01:38:00Z,1.560,2.450,924.000,7542407168,16.860,16.860,4.000,0.020,6.210
2026-09-25T01:39:00Z,,,,7542407168,15.460,15.460,2.000,0.020,4.338
2026-09-25T01:40:00Z,1.512,2.390,924.000,7542407168,18.770,18.770,2.000,0.030,4.105
2026-09-25T01:41:00Z,1.570,2.430,924.000,7541358592,18.690,18.690,3.000,0.040,4.782
2026-09-25T01:42:00Z,,,,7542407168,17.300,17.300,3.000,0.020,4.782
2026-09-25T01:43:00Z,1.550,2.440,924.000,7542407168,18.040,18.040,3.000,0.080,4.643
2026-09-25T01:44:00Z,1.430,2.370,924.000,7542407168,9.580,9.580,3.000,0.010,4.620
2026-09-25T01:45:00Z,1.440,2.330,924.000,7542407168,11.160,11.160,1.000,0.010,2.542
2026-09-25T01:46:00Z,1.520,2.430,924.000,7542407168,15.460,15.460,1.000,0.020,2.893
2026-09-25T01:47:00Z,1.450,2.340,924.000,7542407168,12.310,12.310,2.000,0.010,3.967
2026-09-25T01:48:00Z,1.500,2.430,924.000,7542407168,9.110,9.110,2.000,0.010,3.180
2026-09-25T01:49:00Z,1.420,2.310,924.000,7542407168,11.760,11.760,1.000,0.010,2.375
2026-09-25T01:50:00Z,1.520,2.460,924.000,7542407168,10.850,10.850,2.000,0.010,3.058
2026-09-25T01:51:00Z,1.490,2.340,924.000,7542407168,12.310,12.310,1.000,0.010,2.808
2026-09-25T01:52:00Z,1.490,2.430,924.000,7541358592,8.190,8.190,2.000,0.010,3.167
2026-09-25T01:53:00Z,1.455,2.340,924.000,7541358592,14.740,14.740,1.000,0.020,2.333
2026-09-25T01:54:00Z,1.415,2.340,924.000,7541358592,7.880,7.880,2.000,0.010,3.788
2026-09-25T01:55:00Z,,,,7541358592,7.000,7.000,1.000,0.010,2.087
2026-09-25T01:56:00Z,1.455,2.450,924.000,7542407168,6.290,6.290,1.000,0.000,1.845
2026-09-25T01:57:00Z,1.505,2.460,924.000,7542407168,13.490,13.490,1.000,0.020,1.690
2026-09-25T01:58:00Z,1.430,2.340,924.000,7541358592,10.840,10.840,2.000,0.010,3.450
2026-09-25T01:59:00Z,1.440,2.380,924.000,7541358592,5.490,5.490,1.000,0.000,2.812
2026-09-25T02:00:00Z,1.480,2.350,924.000,7541358592,11.900,11.900,0.000,0.010,1.475
2026-09-25T02:01:00Z,1.595,2.470,924.000,7541358592,15.850,15.850,2.000,0.020,3.083
2026-09-25T02:02:00Z,1.495,2.410,924.000,,16.630,16.630,2.000,0.020,4.085
2026-09-25T02:03:00Z,,,924.000,7541358592,8.190,8.190,2.000,0.010,4.455
2026-09-25T02:04:00Z,1.455,2.330,,7541358592,4.860,4.860,1.000,0.000,2.140
2026-09-25T02:05:00Z,1.395,2.320,924.000,7541358592,5.480,5.480,0.000,0.000,1.330
2026-09-25T02:06:00Z,1.407,2.360,924.000,7541358592,8.230,8.230,0.000,0.010,1.478
2026-09-25T02:07:00Z,1.400,2.280,924.000,7541358592,7.650,7.650,1.000,0.010,2.163
2026-09-25T02:08:00Z,1.505,2.350,924.000,7542407168,14.000,14.000,1.000,0.020,1.995
2026-09-25T02:09:00Z,1.445,2.330,924.000,7541358592,14.410,14.410,2.000,0.020,3.620
2026-09-25T02:10:00Z,,,924.000,,10.780,10.780,2.000,0.010,3.870
2026-09-25T02:11:00Z,1.485,2.450,924.000,7541358592,9.070,9.070,1.000,0.010,2.800
2026-09-25T02:12:00Z,1.470,2.370,924.000,7541358592,10.790,10.790,1.000,0.010,2.353
2026-09-25T02:13:00Z,2.305,4.070,924.000,7526678528,7.980,7.980,1.000,0.010,2.978
2026-09-25T02:14:00Z,,,,7542407168,7.000,7.000,1.000,0.010,2.110
2026-09-25T02:15:00Z,1.455,2.420,924.000,,8.390,8.390,1.000,0.010,2.120
2026-09-25T02:16:00Z,1.430,2.370,924.000,7542407168,8.000,8.000,1.000,0.010,2.420
2026-09-25T02:17:00Z,1.415,2.290,924.000,7542407168,7.860,7.860,1.000,0.010,2.090
2026-09-25T02:18:00Z,,,,,6.760,6.760,1.000,0.010,2.058
2026-09-25T02:19:00Z,1.400,2.300,924.000,7541358592,4.030,4.030,1.000,0.000,1.798
2026-09-25T02:20:00Z,1.435,2.330,924.000,7541358592,7.330,7.330,0.000,0.010,1.290
2026-09-25T02:21:00Z,1.500,2.440,924.000,7541358592,7.610,7.610,1.000,0.010,1.927
2026-09-25T02:22:00Z,,,924.000,,11.560,11.560,1.000,0.010,2.005
2026-09-25T02:23:00Z,1.490,2.420,924.000,7541358592,12.180,12.180,2.000,0.010,3.175
2026-09-25T02:24:00Z,1.370,2.260,924.000,7541358592,11.310,11.310,2.000,0.010,3.147
2026-09-25T02:25:00Z,1.440,2.410,924.000,7541358592,1.290,1.290,2.000,0.000,2.942
2026-09-25T02:26:00Z,1.430,2.320,924.000,7541358592,6.710,6.710,0.000,0.010,0.400
2026-09-25T02:27:00Z,1.395,2.310,924.000,7542407168,5.710,5.710,1.000,0.000,1.782
2026-09-25T02:28:00Z,0.480,0.480,924.000,7542407168,3.290,3.290,1.000,0.000,1.505
2026-09-25T02:29:00Z,1.710,2.310,924.000,7542407168,6.080,6.080,0.000,0.000,0.912
2026-09-25T02:30:00Z,1.495,2.420,924.000,7542407168,12.060,12.060,1.000,0.010,1.610
2026-09-25T02:31:00Z,1.555,2.440,924.000,7543455744,11.040,11.040,2.000,0.010,3.132
2026-09-25T02:32:00Z,1.450,2.370,924.000,7544504320,11.250,11.250,2.000,0.010,2.870
2026-09-25T02:33:00Z,1.485,2.400,924.000,7544504320,9.830,9.830,2.000,0.010,3.083
2026-09-25T02:34:00Z,1.440,2.390,924.000,7544504320,5.540,5.540,1.000,0.000,2.567
2026-09-25T02:35:00Z,1.540,2.430,924.000,7543455744,12.060,12.060,1.000,0.010,1.495
2026-09-25T02:36:00Z,1.430,2.290,924.000,7542407168,13.590,13.590,2.000,0.020,3.112
2026-09-25T02:37:00Z,,,924.000,,8.110,8.110,2.000,0.010,3.670
2026-09-25T02:38:00Z,1.117,2.290,924.000,7541358592,7.240,7.240,1.000,0.010,2.125
2026-09-25T02:39:00Z,2.390,2.390,924.000,,11.460,11.460,1.000,0.010,1.925
2026-09-25T02:40:00Z,1.470,2.370,924.000,7541358592,13.000,13.000,1.000,0.020,3.107
2026-09-25T02:41:00Z,1.565,2.440,924.000,7540310016,10.990,10.990,2.000,0.010,3.357
2026-09-25T02:42:00Z,1.440,2.360,924.000,7541358592,12.740,12.740,1.000,0.020,2.845
2026-09-25T02:43:00Z,1.415,2.360,924.000,7541358592,3.530,3.530,2.000,0.000,3.490
2026-09-25T02:44:00Z,,,924.000,7541358592,7.030,7.030,0.000,0.010,0.988
2026-09-25T02:45:00Z,1.518,2.460,924.000,7542407168,15.870,15.870,0.000,0.020,1.910
2026-09-25T02:46:00Z,1.485,2.420,924.000,7542407168,11.930,11.930,3.000,0.010,4.070
2026-09-25T02:47:00Z,1.465,2.360,924.000,7542407168,13.240,13.240,2.000,0.020,3.080
2026-09-25T02:48:00Z,,,924.000,7542407168,10.410,10.410,2.000,0.010,3.395
2026-09-25T02:49:00Z,1.445,2.320,,7542407168,7.980,7.980,1.000,0.010,2.695
2026-09-25T02:50:00Z,1.458,2.350,924.000,7542407168,4.940,4.940,1.000,0.000,2.130
2026-09-25T02:51:00Z,1.505,2.410,924.000,7542407168,9.840,9.840,0.000,0.010,1.528
2026-09-25T02:52:00Z,1.475,2.420,924.000,7542407168,10.860,10.860,1.000,0.010,2.545
2026-09-25T02:53:00Z,1.460,2.380,924.000,7543455744,8.160,8.160,2.000,0.010,3.018
2026-09-25T02:54:00Z,1.435,2.360,924.000,7543455744,8.580,8.580,1.000,0.010,2.125
2026-09-25T02:55:00Z,1.465,2.390,924.000,7543455744,8.630,8.630,1.000,0.010,2.255
2026-09-25T02:56:00Z,1.400,2.290,924.000,7543455744,7.310,7.310,1.000,0.010,2.268
2026-09-25T02:57:00Z,1.390,2.300,924.000,,3.040,3.040,1.000,0.000,1.905
2026-09-25T02:58:00Z,,,924.000,7543455744,5.280,5.280,0.000,0.000,0.850
2026-09-25T02:59:00Z,1.403,2.320,924.000,7543455744,4.410,4.410,0.000,0.000,1.417
2026-09-25T03:00:00Z,1.380,2.270,924.000,7543455744,4.590,4.590,0.000,0.000,1.218
2026-09-25T03:01:00Z,1.460,2.330,924.000,7543455744,4.040,4.040,0.000,0.000,1.250
2026-09-25T03:02:00Z,1.420,2.300,924.000,7543455744,7.900,7.900,0.000,0.010,1.113
2026-09-25T03:03:00Z,,,924.000,7543455744,6.110,6.110,1.000,0.000,2.252
2026-09-25T03:04:00Z,1.407,2.370,924.000,7542407168,6.550,6.550,0.000,0.000,1.637
2026-09-25T03:05:00Z,1.380,2.270,924.000,7542407168,2.060,2.060,1.000,0.000,1.745
2026-09-25T03:06:00Z,1.410,2.300,924.000,7542407168,7.310,7.310,0.000,0.010,0.590
2026-09-25T03:07:00Z,1.490,2.400,924.000,7541358592,10.580,10.580,1.000,0.010,1.945
2026-09-25T03:08:00Z,1.485,2.370,924.000,7541358592,14.640,14.640,1.000,0.020,2.725
2026-09-25T03:09:00Z,1.495,2.350,924.000,7541358592,12.710,12.710,2.000,0.020,3.770
2026-09-25T03:10:00Z,1.455,2.390,924.000,7541358592,8.780,8.780,2.000,0.010,3.455
2026-09-25T03:11:00Z,1.450,2.330,924.000,7541358592,6.130,6.130,1.000,0.010,2.312
2026-09-25T03:12:00Z,,,,7541358592,7.180,7.180,1.000,0.010,1.640
2026-09-25T03:13:00Z,1.410,2.390,924.000,7541358592,4.730,4.730,1.000,0.000,2.210
2026-09-25T03:14:00Z,2.185,2.300,924.000,7549747200,3.110,3.110,0.000,0.000,1.278
2026-09-25T03:15:00Z,1.515,2.370,924.000,7549747200,6.790,6.790,0.000,0.010,0.870
2026-09-25T03:16:00Z,1.425,2.360,924.000,7549747200,7.080,7.080,1.000,0.010,2.070
2026-09-25T03:17:00Z,,,924.000,,9.740,9.740,1.000,0.010,2.085
2026-09-25T03:18:00Z,1.475,2.430,924.000,7549747200,11.040,11.040,1.000,0.010,2.527
2026-09-25T03:19:00Z,1.495,2.430,924.000,7549747200,12.530,12.530,1.000,0.020,2.845
2026-09-25T03:20:00Z,1.395,2.290,924.000,7549747200,10.750,10.750,2.000,0.010,3.417
2026-09-25T03:21:00Z,,,,7549747200,8.110,8.110,1.000,0.010,2.795
2026-09-25T03:22:00Z,1.482,2.410,924.000,,10.310,10.310,1.000,0.020,2.130
2026-09-25T03:23:00Z,,,924.000,7548698624,13.030,13.030,1.000,0.020,2.862
2026-09-25T03:24:00Z,1.405,2.360,924.000,7548698624,5.660,5.660,2.000,0.000,3.373
2026-09-25T03:25:00Z,1.365,2.240,924.000,7548698624,5.040,5.040,1.000,0.000,1.505
2026-09-25T03:26:00Z,,,,,4.810,4.810,0.000,0.000,1.370
2026-09-25T03:27:00Z,1.360,2.210,924.000,7547650048,7.290,7.290,0.000,0.010,1.325
2026-09-25T03:28:00Z,1.380,2.270,,,4.680,4.680,1.000,0.000,1.903
2026-09-25T03:29:00Z,1.365,2.220,924.000,7547650048,6.110,6.110,0.000,0.010,1.255
2026-09-25T03:30:00Z,1.385,2.270,924.000,7548698624,5.160,5.160,1.000,0.000,1.633
2026-09-25T03:31:00Z,1.500,2.400,924.000,7547650048,5.480,5.480,0.000,0.000,1.383
2026-09-25T03:32:00Z,1.435,2.360,924.000,7547650048,6.950,6.950,0.000,0.010,1.475
2026-09-25T03:33:00Z,1.460,2.330,924.000,7547650048,8.030,8.030,1.000,0.010,2.015
2026-09-25T03:34:00Z,,,,,8.260,8.260,1.000,0.010,2.105
2026-09-25T03:35:00Z,1.390,2.250,924.000,7547650048,6.790,6.790,1.000,0.010,2.175
2026-09-25T03:36:00Z,1.450,2.350,924.000,7547650048,7.930,7.930,1.000,0.010,1.795
2026-09-25T03:37:00Z,1.470,2.370,924.000,7546601472,8.910,8.910,1.000,0.010,2.263
2026-09-25T03:38:00Z,1.460,2.340,924.000,7545552896,11.630,11.630,1.000,0.010,2.305
2026-09-25T03:39:00Z,1.455,2.350,924.000,7545552896,8.110,8.110,2.000,0.010,3.025
2026-09-25T03:40:00Z,1.375,2.290,924.000,7545552896,3.900,3.900,1.000,0.000,2.275
2026-09-25T03:41:00Z,1.420,2.300,924.000,7544504320,2.490,2.490,0.000,0.000,1.073
2026-09-25T03:42:00Z,1.545,2.480,924.000,7544504320,8.340,8.340,0.000,0.010,0.713
2026-09-25T03:43:00Z,1.455,2.380,924.000,7544504320,9.680,9.680,1.000,0.010,2.395
2026-09-25T03:44:00Z,1.385,2.220,924.000,7544504320,5.530,5.530,1.000,0.000,2.513
2026-09-25T03:45:00Z,1.515,2.510,924.000,7544504320,10.140,10.140,0.000,0.010,1.525
2026-09-25T03:46:00Z,1.545,2.410,924.000,7544504320,21.450,21.450,1.000,0.030,2.627
2026-09-25T03:47:00Z,1.490,2.390,924.000,7544504320,11.940,11.940,3.000,0.010,5.452
2026-09-25T03:48:00Z,1.460,2.350,924.000,7544504320,10.860,10.860,2.000,0.010,3.078
2026-09-25T03:49:00Z,1.460,2.340,924.000,,9.010,9.010,1.000,0.010,2.788
2026-09-25T03:50:00Z,1.435,2.380,924.000,7543455744,6.400,6.400,1.000,0.000,2.370
2026-09-25T03:51:00Z,1.440,2.260,924.000,7542407168,10.960,10.960,1.000,0.020,1.695
2026-09-25T03:52:00Z,1.440,2.340,924.000,7542407168,7.760,7.760,1.000,0.010,2.833
2026-09-25T03:53:00Z,1.410,2.300,924.000,7542407168,6.740,6.740,1.000,0.010,2.245
2026-09-25T03:54:00Z,,,924.000,7542407168,7.740,7.740,1.000,0.010,1.770
2026-09-25T03:55:00Z,1.405,2.340,924.000,7542407168,5.580,5.580,1.000,0.000,2.025
2026-09-25T03:56:00Z,1.405,2.330,924.000,7542407168,7.850,7.850,0.000,0.010,1.492
2026-09-25T03:57:00Z,1.435,2.380,924.000,,4.940,4.940,1.000,0.000,2.072
2026-09-25T03:58:00Z,1.440,2.380,924.000,7542407168,7.030,7.030,0.000,0.010,1.312
2026-09-25T03:59:00Z,1.395,2.290,924.000,7542407168,7.910,7.910,1.000,0.010,1.847
2026-09-25T04:00:00Z,1.400,2.340,924.000,7542407168,3.850,3.850,1.000,0.000,2.087
2026-09-25T04:01:00Z,1.485,2.400,924.000,7542407168,4.330,4.330,0.000,0.000,1.058
2026-09-25T04:02:00Z,,,,,12.840,12.840,0.000,0.020,1.185
2026-09-25T04:03:00Z,1.472,2.410,924.000,7542407168,10.030,10.030,2.000,0.010,3.487
2026-09-25T04:04:00Z,0.660,0.660,,7543455744,12.940,12.940,1.000,0.020,2.605
2026-09-25T04:05:00Z,1.777,2.420,924.000,7544504320,18.900,18.900,2.000,0.030,3.350
2026-09-25T04:06:00Z,1.475,2.430,924.000,7544504320,8.850,8.850,3.000,0.010,4.820
2026-09-25T04:07:00Z,,,,7544504320,7.930,7.930,1.000,0.010,2.320
2026-09-25T04:08:00Z,1.460,2.430,924.000,,11.650,11.650,1.000,0.010,2.062
2026-09-25T04:09:00Z,1.475,2.430,924.000,7544504320,5.360,5.360,2.000,0.000,3.002
2026-09-25T04:10:00Z,1.430,2.320,924.000,7545552896,6.790,6.790,0.000,0.010,1.605
2026-09-25T04:11:00Z,,,,,8.280,8.280,1.000,0.010,1.827
2026-09-25T04:12:00Z,1.455,2.280,924.000,7544504320,6.560,6.560,1.000,0.010,2.172
2026-09-25T04:13:00Z,1.430,2.220,,7544504320,7.060,7.060,1.000,0.010,1.970
2026-09-25T04:14:00Z,2.330,3.050,924.000,7528775680,7.060,7.060,1.000,0.010,1.867
2026-09-25T04:15:00Z,1.535,2.290,924.000,7553941504,18.910,18.910,1.000,0.030,1.897
2026-09-25T04:16:00Z,1.500,2.290,924.000,,9.880,9.880,2.000,0.010,5.143
2026-09-25T04:17:00Z,1.410,2.170,,7553941504,6.880,6.880,2.000,0.010,2.625
2026-09-25T04:18:00Z,1.445,2.190,924.000,7553941504,6.580,6.580,1.000,0.010,1.817
2026-09-25T04:19:00Z,1.400,2.200,924.000,7553941504,4.250,4.250,1.000,0.000,1.780
2026-09-25T04:20:00Z,1.425,2.120,924.000,7553941504,11.840,11.840,0.000,0.010,1.340
2026-09-25T04:21:00Z,1.475,2.170,924.000,7553941504,8.630,8.630,2.000,0.010,3.045
2026-09-25T04:22:00Z,,,,7552892928,8.380,8.380,1.000,0.010,2.255
2026-09-25T04:23:00Z,1.475,2.190,924.000,,7.190,7.190,1.000,0.010,2.397
2026-09-25T04:24:00Z,1.558,2.220,924.000,7550795776,10.830,10.830,1.000,0.020,1.887
2026-09-25T04:25:00Z,1.425,2.150,924.000,7550795776,4.180,4.180,1.000,0.000,3.435
2026-09-25T04:26:00Z,1.470,2.110,924.000,7550795776,9.910,9.910,0.000,0.010,1.522
2026-09-25T04:27:00Z,1.450,2.080,,7551844352,8.000,8.000,1.000,0.010,2.595
2026-09-25T04:28:00Z,1.445,2.100,924.000,7551844352,6.510,6.510,1.000,0.010,2.095
2026-09-25T04:29:00Z,1.430,2.070,,7551844352,5.910,5.910,1.000,0.000,1.718
2026-09-25T04:30:00Z,,,924.000,,5.610,5.610,1.000,0.000,1.583
2026-09-25T04:31:00Z,1.462,2.070,924.000,7550795776,7.530,7.530,1.000,0.010,1.505
2026-09-25T04:32:00Z,1.505,2.120,,7550795776,10.460,10.460,1.000,0.010,1.968
2026-09-25T04:33:00Z,0.810,0.810,924.000,7550795776,9.160,9.160,1.000,0.010,2.925
2026-09-25T04:34:00Z,1.623,2.120,924.000,7550795776,5.910,5.910,1.000,0.000,2.375
2026-09-25T04:35:00Z,1.410,1.970,924.000,7550795776,3.860,3.860,1.000,0.000,1.593
2026-09-25T04:36:00Z,1.475,1.990,924.000,7550795776,12.050,12.050,0.000,0.010,1.067
2026-09-25T04:37:00Z,1.420,2.030,924.000,7550795776,7.640,7.640,2.000,0.010,3.303
2026-09-25T04:38:00Z,,,924.000,7550795776,3.840,3.840,1.000,0.000,1.995
2026-09-25T04:39:00Z,1.425,1.970,924.000,7550795776,5.490,5.490,0.000,0.000,1.052
2026-09-25T04:40:00Z,1.430,1.910,924.000,7550795776,7.080,7.080,1.000,0.010,1.625
2026-09-25T04:41:00Z,1.440,1.820,924.000,7548698624,7.360,7.360,1.000,0.010,1.890
2026-09-25T04:42:00Z,1.440,1.880,924.000,7548698624,7.880,7.880,1.000,0.010,1.955
2026-09-25T04:43:00Z,1.445,1.900,924.000,7548698624,8.510,8.510,1.000,0.010,2.272
2026-09-25T04:44:00Z,1.415,1.870,924.000,,5.360,5.360,1.000,0.000,2.212
2026-09-25T04:45:00Z,1.410,1.900,924.000,7548698624,4.330,4.330,0.000,0.000,1.460
2026-09-25T04:46:00Z,1.440,1.850,924.000,7548698624,7.880,7.880,0.000,0.010,1.210
2026-09-25T04:47:00Z,1.430,1.790,924.000,7548698624,7.500,7.500,1.000,0.010,2.060
2026-09-25T04:48:00Z,,,,,5.210,5.210,1.000,0.000,1.965
2026-09-25T04:49:00Z,1.425,1.880,924.000,7547650048,4.740,4.740,0.000,0.000,1.387
2026-09-25T04:50:00Z,1.410,1.780,924.000,7547650048,5.260,5.260,0.000,0.000,1.290
2026-09-25T04:51:00Z,1.480,1.810,924.000,7545552896,6.900,6.900,1.000,0.010,1.407
2026-09-25T04:52:00Z,,,,7544504320,9.440,9.440,1.000,0.010,1.833
2026-09-25T04:53:00Z,1.423,1.800,924.000,7544504320,6.460,6.460,1.000,0.010,2.678
2026-09-25T04:54:00Z,1.440,1.730,924.000,,5.310,5.310,1.000,0.000,1.700
2026-09-25T04:55:00Z,,,,7544504320,6.060,6.060,1.000,0.010,1.420
2026-09-25T04:56:00Z,1.110,1.110,924.000,7545552896,,,,,1.623
2026-09-25T04:57:00Z,0.510,0.520,924.000,7545552896,4.740,4.740,0.000,0.000,1.740
2026-09-25T04:58:00Z,,,,,4.410,4.410,0.000,0.000,
2026-09-25T04:59:00Z,1.455,2.390,924.000,7545552896,10.630,10.630,2.000,0.010,1.192
2026-09-25T05:00:00Z,1.565,2.570,924.000,7544504320,9.270,9.270,1.000,0.010,2.910
2026-09-25T05:01:00Z,1.475,2.420,924.000,7544504320,8.280,8.280,1.000,0.010,2.420
2026-09-25T05:02:00Z,1.495,2.400,924.000,7544504320,9.080,9.080,1.000,0.010,2.172
2026-09-25T05:03:00Z,1.470,2.390,924.000,7544504320,11.540,11.540,1.000,0.010,2.578
2026-09-25T05:04:00Z,1.475,2.380,924.000,7544504320,6.180,6.180,1.000,0.010,2.990
2026-09-25T05:05:00Z,1.425,2.330,924.000,7544504320,7.540,7.540,1.000,0.010,1.663
2026-09-25T05:06:00Z,1.460,2.370,924.000,7544504320,11.520,11.520,1.000,0.010,1.990
2026-09-25T05:07:00Z,1.480,2.360,924.000,7544504320,12.210,12.210,2.000,0.010,2.982
2026-09-25T05:08:00Z,1.430,2.350,924.000,7544504320,8.490,8.490,1.000,0.010,3.155
2026-09-25T05:09:00Z,1.490,2.400,924.000,7544504320,11.110,11.110,,0.010,2.212
2026-09-25T05:10:00Z,1.475,2.400,924.000,7544504320,6.430,6.430,1.000,0.010,3.018
2026-09-25T05:11:00Z,1.515,2.350,924.000,7543455744,14.780,14.780,2.000,0.030,1.735
2026-09-25T05:12:00Z,1.575,2.530,924.000,7543455744,15.610,15.610,3.000,0.020,4.003
2026-09-25T05:13:00Z,1.535,2.490,924.000,7543455744,11.430,11.430,1.000,0.020,4.205
2026-09-25T05:14:00Z,1.445,2.350,924.000,7543455744,6.880,6.880,1.000,0.010,2.955
2026-09-25T05:15:00Z,1.445,2.350,924.000,7543455744,6.480,6.480,1.000,0.010,1.847
2026-09-25T05:16:00Z,2.285,3.990,924.000,7548698624,9.090,9.090,1.000,0.010,1.712
2026-09-25T05:17:00Z,1.430,2.350,924.000,7548698624,6.490,6.490,,0.010,2.720
2026-09-25T05:18:00Z,1.440,2.320,924.000,7548698624,8.630,8.630,1.000,0.010,1.708
2026-09-25T05:19:00Z,1.475,2.380,924.000,7547650048,7.180,7.180,0.000,0.010,2.248
2026-09-25T05:20:00Z,1.410,2.340,924.000,7547650048,4.910,4.910,1.000,0.000,2.062
2026-09-25T05:21:00Z,1.430,2.340,924.000,7547650048,8.410,8.410,1.000,0.010,1.337
2026-09-25T05:22:00Z,1.465,2.370,924.000,7547650048,4.880,4.880,0.000,0.000,2.220
2026-09-25T05:23:00Z,1.405,2.300,924.000,7547650048,6.910,6.910,1.000,0.010,1.525
2026-09-25T05:24:00Z,1.435,2.340,924.000,7547650048,5.410,5.410,0.000,0.000,1.837
2026-09-25T05:25:00Z,1.375,2.290,924.000,7547650048,5.660,5.660,1.000,0.000,1.470
2026-09-25T05:26:00Z,1.430,2.370,924.000,7547650048,10.310,10.310,1.000,0.010,1.508
2026-09-25T05:27:00Z,1.455,2.410,924.000,7547650048,6.980,6.980,1.000,0.010,2.667
2026-09-25T05:28:00Z,1.450,2.380,924.000,7547650048,7.880,7.880,,0.010,1.847
2026-09-25T05:29:00Z,1.515,2.510,924.000,7547650048,6.090,6.090,1.000,0.010,2.062
2026-09-25T05:30:00Z,1.435,2.380,924.000,7547650048,6.730,6.730,1.000,0.010,1.640
2026-09-25T05:31:00Z,1.425,2.350,924.000,7547650048,5.340,5.340,,0.000,1.775
2026-09-25T05:32:00Z,1.500,2.360,924.000,7547650048,17.160,17.160,4.000,0.050,1.425
2026-09-25T05:33:00Z,1.620,2.530,924.000,7547650048,28.220,28.220,4.000,0.060,4.575
2026-09-25T05:34:00Z,1.675,2.560,924.000,7548698624,42.080,42.080,7.000,0.250,7.165
2026-09-25T05:35:00Z,1.740,2.680,924.000,7550795776,32.730,32.730,,0.090,10.610
2026-09-25T05:36:00Z,1.585,2.510,924.000,7551844352,17.460,17.460,5.000,0.030,8.300
2026-09-25T05:37:00Z,1.570,2.560,924.000,7550795776,13.540,13.540,2.000,0.020,4.630
2026-09-25T05:38:00Z,1.520,2.520,924.000,7551844352,13.460,13.460,2.000,0.020,3.478
2026-09-25T05:39:00Z,1.495,2.450,924.000,7551844352,4.910,4.910,0.000,0.000,3.458
2026-09-25T05:40:00Z,1.500,2.500,924.000,7551844352,6.330,6.330,1.000,0.000,1.488
2026-09-25T05:41:00Z,1.475,2.370,924.000,7550795776,10.030,10.030,,0.020,1.698
2026-09-25T05:42:00Z,1.465,2.390,924.000,7549747200,5.950,5.950,1.000,0.000,2.610
2026-09-25T05:43:00Z,1.430,2.350,924.000,7549747200,7.780,7.780,1.000,0.010,1.810
2026-09-25T05:44:00Z,1.465,2.380,924.000,7549747200,9.090,9.090,1.000,0.010,2.030
2026-09-25T05:45:00Z,1.430,2.370,924.000,7549747200,8.190,8.190,1.000,0.010,2.428
2026-09-25T05:46:00Z,1.440,2.350,924.000,7548698624,13.880,13.880,3.000,0.020,2.118
2026-09-25T05:47:00Z,1.530,2.330,924.000,7546601472,18.710,18.710,2.000,0.030,3.572
2026-09-25T05:48:00Z,1.410,2.270,924.000,7546601472,8.540,8.540,1.000,0.010,4.780
2026-09-25T05:49:00Z,1.450,2.350,924.000,7547650048,6.560,6.560,1.000,0.010,2.245
2026-09-25T05:50:00Z,1.475,2.380,924.000,7547650048,11.930,11.930,,0.010,1.748
2026-09-25T05:51:00Z,1.495,2.430,924.000,7547650048,9.940,9.940,2.000,0.010,3.085
2026-09-25T05:52:00Z,1.495,2.410,924.000,7546601472,7.060,7.060,1.000,0.010,2.570
2026-09-25T05:53:00Z,1.410,2.260,924.000,7546601472,8.760,8.760,1.000,0.010,2.062
2026-09-25T05:54:00Z,1.380,2.240,924.000,7546601472,4.460,4.460,0.000,0.000,2.310
2026-09-25T05:55:00Z,1.380,2.250,924.000,7546601472,6.760,6.760,1.000,0.010,1.250
2026-09-25T05:56:00Z,1.430,2.350,924.000,7546601472,4.680,4.680,0.000,0.000,1.772
2026-09-25T05:57:00Z,1.430,2.360,924.000,7546601472,5.480,5.480,1.000,0.000,1.272
2026-09-25T05:58:00Z,1.450,2.350,924.000,7547650048,10.280,10.280,2.000,0.010,1.488
2026-09-25T05:59:00Z,1.495,2.440,924.000,7547650048,8.360,8.360,,0.010,2.680
2026-09-25T06:00:00Z,1.460,2.410,924.000,7547650048,6.110,6.110,1.000,0.000,2.208
2026-09-25T06:01:00Z,1.425,2.360,924.000,7547650048,12.690,12.690,2.000,0.030,1.620
2026-09-25T06:02:00Z,1.625,2.460,924.000,7547650048,23.320,23.320,,0.040,3.270
2026-09-25T06:03:00Z,1.580,2.450,924.000,7547650048,19.330,19.330,3.000,0.030,6.115
2026-09-25T06:04:00Z,1.525,2.450,924.000,7547650048,10.560,10.560,1.000,0.010,4.963
2026-09-25T06:05:00Z,1.475,2.380,924.000,7547650048,13.210,13.210,2.000,0.020,2.757
2026-09-25T06:06:00Z,1.480,2.370,924.000,7547650048,11.730,11.730,1.000,0.010,3.405
2026-09-25T06:07:00Z,1.435,2.310,924.000,7546601472,11.240,11.240,1.000,0.010,3.035
2026-09-25T06:08:00Z,1.400,2.310,924.000,7546601472,9.930,9.930,1.000,0.010,2.902
2026-09-25T06:09:00Z,1.500,2.430,924.000,7545552896,8.330,8.330,1.000,0.010,2.580
2026-09-25T06:10:00Z,1.505,2.450,924.000,7544504320,14.040,14.040,2.000,0.020,2.342
2026-09-25T06:11:00Z,1.560,2.400,924.000,7543455744,16.060,16.060,3.000,0.030,3.627
2026-09-25T06:12:00Z,1.590,2.430,924.000,7543455744,24.750,24.750,4.000,0.040,4.325
2026-09-25T06:13:00Z,1.540,2.470,924.000,7543455744,22.580,22.580,4.000,0.100,6.495
2026-09-25T06:14:00Z,1.590,2.540,924.000,7543455744,16.950,16.950,2.000,0.030,5.742
2026-09-25T06:15:00Z,1.445,2.320,924.000,7543455744,14.330,14.330,2.000,0.020,4.343
2026-09-25T06:16:00Z,2.310,3.080,924.000,7525629952,13.660,13.660,2.000,0.020,3.688
2026-09-25T06:17:00Z,1.545,2.460,924.000,7548698624,18.260,18.260,3.000,0.030,3.842
2026-09-25T06:18:00Z,1.550,2.430,924.000,7547650048,23.790,23.790,,0.040,4.680
2026-09-25T06:19:00Z,1.605,2.590,924.000,7546601472,15.840,15.840,4.000,0.020,6.050
2026-09-25T06:20:00Z,1.475,2.400,924.000,7546601472,16.850,16.850,3.000,0.020,4.250
2026-09-25T06:21:00Z,1.500,2.430,924.000,7546601472,12.750,12.750,1.000,0.020,4.310
2026-09-25T06:22:00Z,1.520,2.410,924.000,7545552896,12.510,12.510,,0.020,3.283
2026-09-25T06:23:00Z,1.515,2.440,924.000,7545552896,13.410,13.410,2.000,0.020,3.430
2026-09-25T06:24:00Z,1.520,2.410,924.000,7545552896,16.360,16.360,3.000,0.020,3.458
2026-09-25T06:25:00Z,1.550,2.520,924.000,7545552896,10.710,10.710,2.000,0.010,4.205
2026-09-25T06:26:00Z,1.530,2.430,924.000,7545552896,20.180,20.180,3.000,0.030,2.780
2026-09-25T06:27:00Z,1.570,2.520,924.000,7545552896,16.040,16.040,2.000,0.020,5.143
2026-09-25T06:28:00Z,1.530,2.470,924.000,7545552896,20.980,20.980,4.000,0.030,4.287
2026-09-25T06:29:00Z,1.605,2.530,924.000,7546601472,22.250,22.250,3.000,0.040,5.315
2026-09-25T06:30:00Z,1.510,2.450,924.000,7545552896,19.010,19.010,3.000,0.070,5.657
2026-09-25T06:31:00Z,1.630,2.560,924.000,7545552896,24.000,24.000,5.000,0.040,4.870
2026-09-25T06:32:00Z,1.620,2.470,924.000,7545552896,23.060,23.060,,0.030,6.090
2026-09-25T06:33:00Z,1.540,2.520,924.000,7545552896,10.410,10.410,2.000,0.010,6.050
2026-09-25T06:34:00Z,1.490,2.390,924.000,7545552896,10.210,10.210,2.000,0.010,2.720
2026-09-25T06:35:00Z,1.565,2.460,924.000,7545552896,20.250,20.250,3.000,0.030,2.660
2026-09-25T06:36:00Z,1.515,2.420,924.000,7545552896,24.690,24.690,5.000,0.040,5.157
2026-09-25T06:37:00Z,1.625,2.590,924.000,7546601472,17.630,17.630,,0.030,6.438
2026-09-25T06:38:00Z,1.505,2.450,924.000,7546601472,11.720,11.720,2.000,0.010,4.503
2026-09-25T06:39:00Z,1.465,2.350,924.000,7546601472,8.610,8.610,1.000,0.010,3.022
2026-09-25T06:40:00Z,1.425,2.280,924.000,7546601472,9.730,9.730,,0.010,2.433
2026-09-25T06:41:00Z,1.485,2.410,924.000,7546601472,9.410,9.410,1.000,0.010,2.542
2026-09-25T06:42:00Z,1.545,2.470,924.000,7546601472,8.000,8.000,1.000,0.010,2.442
2026-09-25T06:43:00Z,1.400,2.270,924.000,7546601472,6.990,6.990,1.000,0.010,2.303
2026-09-25T06:44:00Z,1.465,2.350,924.000,7546601472,8.010,8.010,1.000,0.010,1.833
2026-09-25T06:45:00Z,1.440,2.360,924.000,7546601472,9.340,9.340,,0.010,2.120
2026-09-25T06:46:00Z,1.495,2.410,924.000,7546601472,13.910,13.910,1.000,0.020,2.458
2026-09-25T06:47:00Z,1.500,2.410,924.000,7546601472,12.200,12.200,2.000,0.020,3.567
2026-09-25T06:48:00Z,1.450,2.370,924.000,7546601472,9.130,9.130,2.000,0.010,3.152
2026-09-25T06:49:00Z,1.460,2.310,924.000,7546601472,13.410,13.410,,0.020,2.380
2026-09-25T06:50:00Z,1.480,2.390,924.000,7546601472,10.970,10.970,2.000,0.010,3.473
2026-09-25T06:51:00Z,1.520,2.530,924.000,7546601472,11.160,11.160,1.000,0.010,2.845
2026-09-25T06:52:00Z,1.560,2.490,924.000,7546601472,11.710,11.710,2.000,0.010,2.888
2026-09-25T06:53:00Z,1.455,2.380,924.000,7546601472,10.170,10.170,1.000,0.010,3.235
2026-09-25T06:54:00Z,1.455,2.340,924.000,7546601472,10.090,10.090,1.000,0.010,2.647
2026-09-25T06:55:00Z,1.455,2.390,924.000,7546601472,5.930,5.930,0.000,0.000,2.627
2026-09-25T06:56:00Z,1.465,2.410,924.000,7546601472,24.220,24.220,5.000,0.160,1.585
2026-09-25T06:57:00Z,1.750,2.710,924.000,7546601472,26.280,26.280,4.000,0.270,6.145
2026-09-25T06:58:00Z,1.495,2.430,924.000,7546601472,13.460,13.460,2.000,0.020,6.665
2026-09-25T06:59:00Z,1.515,2.470,924.000,7546601472,7.190,7.190,1.000,0.010,3.455
2026-09-25T07:00:00Z,1.460,2.360,924.000,7546601472,9.050,9.050,1.000,0.010,1.913
2026-09-25T07:01:00Z,1.460,2.360,924.000,7546601472,20.460,20.460,6.000,0.050,2.365
2026-09-25T07:02:00Z,1.910,2.630,924.000,7546601472,59.820,59.820,9.000,0.160,5.213
2026-09-25T07:03:00Z,1.740,2.680,924.000,7547650048,32.530,32.530,4.000,0.050,15.245
2026-09-25T07:04:00Z,1.690,2.660,924.000,7547650048,23.420,23.420,,0.040,8.230
2026-09-25T07:05:00Z,1.555,2.370,924.000,7547650048,30.060,30.060,5.000,0.050,5.970
2026-09-25T07:06:00Z,1.555,2.500,924.000,7547650048,19.430,19.430,3.000,0.030,7.612
2026-09-25T07:07:00Z,1.640,2.530,924.000,7547650048,23.140,23.140,3.000,0.040,4.950
2026-09-25T07:08:00Z,1.530,2.490,924.000,7547650048,14.550,14.550,,0.020,5.878
2026-09-25T07:09:00Z,1.565,2.450,924.000,7547650048,18.190,18.190,2.000,0.030,3.735
2026-09-25T07:10:00Z,1.525,2.480,924.000,7547650048,16.370,16.370,2.000,0.020,4.800
2026-09-25T07:11:00Z,1.580,2.560,924.000,7546601472,13.020,13.020,2.000,0.020,4.215
2026-09-25T07:12:00Z,1.560,2.460,924.000,7544504320,19.310,19.310,3.000,0.030,3.328
2026-09-25T07:13:00Z,1.585,2.490,924.000,7544504320,18.860,18.860,3.000,0.030,5.143
2026-09-25T07:14:00Z,1.550,2.450,924.000,7544504320,20.840,20.840,3.000,0.030,4.812
2026-09-25T07:15:00Z,1.545,2.410,924.000,7544504320,17.690,17.690,,0.030,5.327
2026-09-25T07:16:00Z,2.245,2.360,924.000,7527727104,19.240,19.240,3.000,0.030,4.525
2026-09-25T07:17:00Z,1.660,2.670,924.000,7549747200,18.680,18.680,3.000,0.030,5.240
2026-09-25T07:18:00Z,1.520,2.420,924.000,7549747200,19.360,19.360,3.000,0.030,4.822
2026-09-25T07:19:00Z,1.560,2.520,924.000,7549747200,15.020,15.020,,0.040,4.955
2026-09-25T07:20:00Z,1.480,2.390,924.000,7549747200,20.950,20.950,3.000,0.060,4.065
2026-09-25T07:21:00Z,1.585,2.510,924.000,7549747200,28.320,28.320,6.000,0.040,5.332
2026-09-25T07:22:00Z,1.770,2.640,924.000,7549747200,35.080,35.080,4.000,0.120,7.178
2026-09-25T07:23:00Z,1.565,2.490,924.000,7548698624,19.790,19.790,4.000,0.060,9.060
2026-09-25T07:24:00Z,1.520,2.430,924.000,7546601472,12.410,12.410,2.000,0.010,5.065
2026-09-25T07:25:00Z,1.525,2.470,924.000,7546601472,19.160,19.160,3.000,0.030,3.208
2026-09-25T07:26:00Z,1.655,2.730,924.000,7547650048,13.100,13.100,2.000,0.020,4.875
2026-09-25T07:27:00Z,1.500,2.440,924.000,7547650048,11.740,11.740,,0.010,3.370
2026-09-25T07:28:00Z,1.495,2.380,924.000,7545552896,13.430,13.430,2.000,0.030,3.038
2026-09-25T07:29:00Z,1.525,2.340,924.000,7545552896,20.490,20.490,3.000,0.040,3.447
2026-09-25T07:30:00Z,1.465,2.370,924.000,7545552896,24.800,24.800,5.000,0.080,5.213
2026-09-25T07:31:00Z,1.710,2.650,924.000,7545552896,26.820,26.820,4.000,0.040,6.308
2026-09-25T07:32:00Z,1.660,2.580,924.000,7544504320,21.690,21.690,3.000,0.030,6.803
2026-09-25T07:33:00Z,1.640,2.500,924.000,7543455744,25.440,25.440,4.000,0.040,5.715
2026-09-25T07:34:00Z,1.665,2.540,924.000,7543455744,32.090,32.090,5.000,0.050,6.465
2026-09-25T07:35:00Z,1.665,2.640,924.000,7544504320,27.220,27.220,5.000,0.070,8.133
2026-09-25T07:36:00Z,1.685,2.640,924.000,7544504320,25.970,25.970,3.000,0.040,6.915
2026-09-25T07:37:00Z,1.660,2.590,924.000,7544504320,23.740,23.740,5.000,0.040,6.753
2026-09-25T07:38:00Z,1.735,2.750,924.000,7543455744,21.470,21.470,3.000,0.030,6.053
2026-09-25T07:39:00Z,1.565,2.490,924.000,7543455744,23.260,23.260,4.000,0.040,5.660
2026-09-25T07:40:00Z,1.655,2.630,924.000,7544504320,21.570,21.570,3.000,0.030,6.032
2026-09-25T07:41:00Z,1.535,2.470,924.000,7544504320,13.190,13.190,2.000,0.020,5.522
2026-09-25T07:42:00Z,1.565,2.430,924.000,7544504320,18.720,18.720,3.000,0.030,3.400
2026-09-25T07:43:00Z,1.555,2.530,924.000,7544504320,15.290,15.290,2.000,0.020,4.985
2026-09-25T07:44:00Z,1.555,2.500,924.000,7544504320,14.110,14.110,2.000,0.020,3.913
2026-09-25T07:45:00Z,1.545,2.410,924.000,7544504320,20.640,20.640,,0.030,3.618
2026-09-25T07:46:00Z,1.540,2.480,924.000,7544504320,15.360,15.360,3.000,0.020,5.295
2026-09-25T07:47:00Z,1.500,2.420,924.000,7544504320,13.680,13.680,,0.020,3.945
2026-09-25T07:48:00Z,1.500,2.390,924.000,7544504320,20.140,20.140,5.000,0.030,3.518
2026-09-25T07:49:00Z,1.630,2.490,924.000,7544504320,26.260,26.260,3.000,0.040,5.125
2026-09-25T07:50:00Z,1.580,2.510,924.000,7544504320,22.110,22.110,3.000,0.040,6.683
2026-09-25T07:51:00Z,1.525,2.500,924.000,7544504320,11.740,11.740,2.000,0.020,5.617
2026-09-25T07:52:00Z,1.620,2.530,924.000,7545552896,21.460,21.460,3.000,0.050,3.025
2026-09-25T07:53:00Z,1.550,2.470,924.000,7541358592,16.610,16.610,3.000,0.020,5.673
2026-09-25T07:54:00Z,1.535,2.440,924.000,7541358592,14.770,14.770,2.000,0.020,4.260
2026-09-25T07:55:00Z,1.515,2.400,924.000,7541358592,17.160,17.160,2.000,0.020,3.757
2026-09-25T07:56:00Z,1.540,2.450,924.000,7541358592,18.310,18.310,,0.030,4.395
2026-09-25T07:57:00Z,1.730,2.710,924.000,7541358592,28.260,28.260,5.000,0.050,4.680
2026-09-25T07:58:00Z,1.630,2.560,924.000,7541358592,21.220,21.220,,0.030,7.162
2026-09-25T07:59:00Z,1.605,2.530,924.000,7540310016,13.790,13.790,3.000,0.020,5.397
2026-09-25T08:00:00Z,1.490,2.410,924.000,7540310016,13.580,13.580,2.000,0.020,3.558
2026-09-25T08:01:00Z,1.490,2.430,924.000,7540310016,20.120,20.120,,0.150,3.493
2026-09-25T08:02:00Z,1.770,2.670,924.000,7539261440,30.740,30.740,5.000,0.050,5.115
2026-09-25T08:03:00Z,1.625,2.600,924.000,7539261440,18.080,18.080,3.000,0.030,7.965
2026-09-25T08:04:00Z,1.625,2.530,924.000,7539261440,24.390,24.390,4.000,0.040,4.625
2026-09-25T08:05:00Z,1.640,2.550,924.000,7540310016,29.720,29.720,,0.050,6.202
2026-09-25T08:06:00Z,1.645,2.600,924.000,7540310016,20.510,20.510,4.000,0.030,7.522
2026-09-25T08:07:00Z,1.605,2.460,924.000,7540310016,29.000,29.000,4.000,0.050,5.213
2026-09-25T08:08:00Z,1.660,2.630,924.000,7540310016,24.390,24.390,4.000,0.040,7.348
2026-09-25T08:09:00Z,1.605,2.560,924.000,7540310016,22.470,22.470,3.000,0.030,6.202
2026-09-25T08:10:00Z,1.630,2.580,924.000,7540310016,19.440,19.440,3.000,0.030,5.920
2026-09-25T08:11:00Z,1.560,2.460,924.000,7540310016,20.950,20.950,3.000,0.030,4.978
2026-09-25T08:12:00Z,1.645,2.550,924.000,7540310016,21.630,21.630,3.000,0.030,5.332
2026-09-25T08:13:00Z,1.565,2.480,924.000,7540310016,21.960,21.960,4.000,0.040,5.725
2026-09-25T08:14:00Z,1.635,2.560,924.000,7540310016,30.820,30.820,5.000,0.050,5.595
2026-09-25T08:15:00Z,1.715,2.700,924.000,7540310016,27.010,27.010,3.000,0.040,7.820
2026-09-25T08:16:00Z,1.640,2.580,924.000,7540310016,23.610,23.610,4.000,0.040,6.850
2026-09-25T08:17:00Z,2.425,4.230,924.000,7542407168,13.910,13.910,2.000,0.020,6.013
2026-09-25T08:18:00Z,1.590,2.500,924.000,7542407168,21.480,21.480,3.000,0.030,3.925
2026-09-25T08:19:00Z,1.630,2.510,924.000,7541358592,22.610,22.610,,0.080,5.473
2026-09-25T08:20:00Z,1.600,2.540,924.000,7542407168,18.030,18.030,3.000,0.030,5.938
2026-09-25T08:21:00Z,1.580,2.540,924.000,7542407168,13.310,13.310,,0.020,4.603
2026-09-25T08:22:00Z,1.525,2.460,924.000,7541358592,14.340,14.340,2.000,0.030,3.417
2026-09-25T08:23:00Z,1.565,2.530,924.000,7541358592,11.930,11.930,2.000,0.010,3.888
2026-09-25T08:24:00Z,1.510,2.450,924.000,7541358592,15.060,15.060,2.000,0.020,3.092
2026-09-25T08:25:00Z,1.600,2.500,924.000,7540310016,21.420,21.420,3.000,0.040,3.893
2026-09-25T08:26:00Z,1.500,2.440,924.000,7541358592,20.380,20.380,4.000,0.030,5.452
2026-09-25T08:27:00Z,1.605,2.550,924.000,7541358592,21.660,21.660,3.000,0.030,5.185
2026-09-25T08:28:00Z,1.565,2.490,924.000,7540310016,15.630,15.630,2.000,0.030,5.508
2026-09-25T08:29:00Z,1.535,2.400,924.000,7540310016,20.710,20.710,4.000,0.040,3.993
2026-09-25T08:30:00Z,1.550,2.460,924.000,7539261440,33.960,33.960,6.000,0.130,5.287
2026-09-25T08:31:00Z,1.700,2.700,924.000,7539261440,26.670,26.670,4.000,0.040,8.585
2026-09-25T08:32:00Z,1.590,2.540,924.000,7538212864,15.510,15.510,2.000,0.020,6.753
2026-09-25T08:33:00Z,1.555,2.470,924.000,7538212864,17.280,17.280,3.000,0.020,4.157
2026-09-25T08:34:00Z,1.615,2.530,924.000,7539261440,15.010,15.010,2.000,0.020,4.447
2026-09-25T08:35:00Z,1.495,2.380,924.000,7538212864,20.620,20.620,,0.070,3.862
2026-09-25T08:36:00Z,1.635,2.620,924.000,7538212864,15.650,15.650,4.000,0.020,5.247
2026-09-25T08:37:00Z,1.525,2.410,924.000,7539261440,18.240,18.240,3.000,0.020,4.170
2026-09-25T08:38:00Z,1.550,2.550,924.000,7539261440,16.810,16.810,2.000,0.020,4.633
2026-09-25T08:39:00Z,1.575,2.550,924.000,7539261440,9.280,9.280,1.000,0.010,4.293
2026-09-25T08:40:00Z,1.435,2.290,924.000,7539261440,12.180,12.180,2.000,0.010,2.600
2026-09-25T08:41:00Z,1.585,2.410,924.000,7539261440,29.850,29.850,,0.350,3.160
2026-09-25T08:42:00Z,1.600,2.540,924.000,7539261440,12.250,12.250,5.000,0.020,7.565
2026-09-25T08:43:00Z,1.525,2.420,924.000,7539261440,14.400,14.400,,0.020,3.360
2026-09-25T08:44:00Z,1.530,2.460,924.000,7539261440,13.820,13.820,2.000,0.020,3.690
2026-09-25T08:45:00Z,1.505,2.450,924.000,7539261440,8.210,8.210,1.000,0.010,3.585
2026-09-25T08:46:00Z,1.540,2.510,924.000,7539261440,10.940,10.940,2.000,0.010,2.183
2026-09-25T08:47:00Z,1.555,2.390,924.000,7539261440,25.500,25.500,3.000,0.040,2.820
2026-09-25T08:48:00Z,1.545,2.450,924.000,7539261440,19.440,19.440,3.000,0.030,6.478
2026-09-25T08:49:00Z,1.510,2.370,924.000,7539261440,16.280,16.280,2.000,0.030,4.950
2026-09-25T08:50:00Z,1.490,2.380,924.000,7539261440,12.010,12.010,,0.010,4.188
2026-09-25T08:51:00Z,1.440,2.280,924.000,7539261440,11.160,11.160,2.000,0.020,3.095
2026-09-25T08:52:00Z,1.470,2.310,924.000,7539261440,10.540,10.540,2.000,0.010,2.880
2026-09-25T08:53:00Z,1.560,2.290,924.000,7539261440,18.980,18.980,2.000,1.020,2.920
2026-09-25T08:54:00Z,1.455,2.300,924.000,7539261440,12.360,12.360,2.000,0.020,5.055
2026-09-25T08:55:00Z,1.485,2.430,924.000,7538212864,9.240,9.240,,0.010,3.197
2026-09-25T08:56:00Z,1.470,2.410,924.000,7538212864,13.450,13.450,4.000,0.020,2.408
2026-09-25T08:57:00Z,1.625,2.540,924.000,7538212864,24.620,24.620,3.000,0.040,3.453
2026-09-25T08:58:00Z,1.565,2.490,924.000,7538212864,15.760,15.760,2.000,0.020,6.253
2026-09-25T08:59:00Z,1.500,2.420,924.000,7537164288,14.540,14.540,2.000,0.020,4.030
2026-09-25T09:00:00Z,1.500,2.440,924.000,7537164288,11.670,11.670,1.000,0.010,3.745
2026-09-25T09:01:00Z,1.440,2.350,924.000,7538212864,15.190,15.190,3.000,0.030,3.010
2026-09-25T09:02:00Z,1.640,2.510,924.000,7538212864,40.340,40.340,6.000,0.100,3.888
2026-09-25T09:03:00Z,1.710,2.700,924.000,7537164288,21.880,21.880,3.000,0.030,10.365
2026-09-25T09:04:00Z,1.580,2.580,924.000,7537164288,12.150,12.150,2.000,0.020,5.580
2026-09-25T09:05:00Z,1.605,2.500,924.000,7537164288,25.640,25.640,4.000,0.400,3.147
2026-09-25T09:06:00Z,1.555,2.550,924.000,7537164288,12.300,12.300,2.000,0.020,6.513
2026-09-25T09:07:00Z,1.525,2.450,924.000,7537164288,16.680,16.680,2.000,0.020,3.160
2026-09-25T09:08:00Z,1.520,2.490,924.000,7537164288,10.940,10.940,2.000,0.010,4.263
2026-09-25T09:09:00Z,1.520,2.380,924.000,7537164288,15.490,15.490,2.000,0.020,2.825
2026-09-25T09:10:00Z,1.520,2.490,924.000,7537164288,14.960,14.960,3.000,0.020,4.162
2026-09-25T09:11:00Z,1.550,2.490,924.000,7538212864,14.050,14.050,2.000,0.020,3.870
2026-09-25T09:12:00Z,1.590,2.480,924.000,7537164288,18.610,18.610,3.000,0.030,3.623
2026-09-25T09:13:00Z,1.555,2.490,924.000,7537164288,13.330,13.330,2.000,0.020,4.950
2026-09-25T09:14:00Z,1.550,2.520,924.000,7538212864,15.440,15.440,2.000,0.020,3.417
2026-09-25T09:15:00Z,1.525,2.460,924.000,7538212864,10.680,10.680,1.000,0.010,3.975
2026-09-25T09:16:00Z,1.480,2.430,924.000,7538212864,11.440,11.440,5.000,0.010,2.755
2026-09-25T09:17:00Z,2.525,3.100,924.000,7524581376,33.090,33.090,2.000,2.030,2.965
2026-09-25T09:18:00Z,1.500,2.460,924.000,7541358592,9.510,9.510,1.000,0.010,8.682
2026-09-25T09:19:00Z,1.510,2.450,924.000,7541358592,10.580,10.580,1.000,0.010,2.530
2026-09-25T09:20:00Z,1.500,2.440,924.000,7540310016,18.060,18.060,3.000,0.030,2.897
2026-09-25T09:21:00Z,1.600,2.600,924.000,7539261440,14.680,14.680,2.000,0.020,4.607
2026-09-25T09:22:00Z,1.590,2.490,924.000,7539261440,23.360,23.360,4.000,0.040,3.760
2026-09-25T09:23:00Z,1.600,2.500,924.000,7539261440,23.660,23.660,,0.040,6.130
2026-09-25T09:24:00Z,1.665,2.640,924.000,7539261440,21.030,21.030,4.000,0.040,6.025
2026-09-25T09:25:00Z,1.625,2.540,924.000,7539261440,24.270,24.270,4.000,0.040,5.372
2026-09-25T09:26:00Z,1.575,2.520,924.000,7539261440,14.370,14.370,2.000,0.020,6.160
2026-09-25T09:27:00Z,1.520,2.430,924.000,7539261440,13.310,13.310,2.000,0.020,3.690
2026-09-25T09:28:00Z,1.555,2.500,924.000,7539261440,12.540,12.540,2.000,0.020,3.425
2026-09-25T09:29:00Z,1.635,2.620,924.000,7539261440,17.700,17.700,2.000,0.020,3.232
2026-09-25T09:30:00Z,1.585,2.570,924.000,7540310016,10.790,10.790,1.000,0.010,4.535
2026-09-25T09:31:00Z,1.500,2.370,924.000,7540310016,13.590,13.590,3.000,0.020,2.790
2026-09-25T09:32:00Z,1.640,2.500,924.000,7540310016,34.960,34.960,5.000,0.090,3.482
2026-09-25T09:33:00Z,1.725,2.840,924.000,7540310016,17.720,17.720,4.000,0.020,9.030
2026-09-25T09:34:00Z,1.675,2.600,924.000,7539261440,18.660,18.660,,0.060,4.545
2026-09-25T09:35:00Z,1.520,2.500,924.000,7539261440,7.330,7.330,1.000,0.010,4.782
2026-09-25T09:36:00Z,1.585,2.440,924.000,7539261440,18.110,18.110,3.000,0.030,1.930
2026-09-25T09:37:00Z,1.540,2.470,924.000,7538212864,23.060,23.060,3.000,0.040,4.782
2026-09-25T09:38:00Z,1.665,2.690,924.000,7538212864,31.100,31.100,5.000,0.110,5.857
2026-09-25T09:39:00Z,1.655,2.680,924.000,7537164288,12.190,12.190,2.000,0.010,7.878
2026-09-25T09:40:00Z,1.575,2.510,924.000,7536115712,21.580,21.580,3.000,0.050,3.300
2026-09-25T09:41:00Z,1.640,2.640,924.000,7536115712,21.540,21.540,4.000,0.080,5.513
2026-09-25T09:42:00Z,1.645,2.570,924.000,7537164288,21.740,21.740,3.000,0.070,5.475
2026-09-25T09:43:00Z,1.555,2.510,924.000,7537164288,13.940,13.940,2.000,0.020,5.745
2026-09-25T09:44:00Z,1.580,2.580,924.000,7537164288,13.420,13.420,2.000,0.020,3.583
2026-09-25T09:45:00Z,1.590,2.610,924.000,7537164288,27.110,27.110,4.000,0.070,3.470
2026-09-25T09:46:00Z,1.580,2.580,924.000,7537164288,11.340,11.340,1.000,0.010,6.875
2026-09-25T09:47:00Z,1.540,2.450,924.000,7537164288,18.260,18.260,3.000,0.040,2.962
2026-09-25T09:48:00Z,1.600,2.550,924.000,7536115712,19.060,19.060,3.000,0.030,4.655
2026-09-25T09:49:00Z,1.575,2.520,924.000,7536115712,14.470,14.470,2.000,0.020,4.855
2026-09-25T09:50:00Z,1.570,2.560,924.000,7536115712,14.500,14.500,2.000,0.020,3.723
2026-09-25T09:51:00Z,1.615,2.590,924.000,7536115712,15.730,15.730,2.000,0.020,3.720
2026-09-25T09:52:00Z,1.590,2.450,924.000,7534018560,22.830,22.830,3.000,0.040,4.022
2026-09-25T09:53:00Z,1.640,2.600,924.000,7534018560,16.490,16.490,2.000,0.020,5.987
2026-09-25T09:54:00Z,1.555,2.510,924.000,7535067136,14.710,14.710,2.000,0.020,4.232
2026-09-25T09:55:00Z,1.580,2.550,924.000,7535067136,16.310,16.310,2.000,0.030,3.783
2026-09-25T09:56:00Z,1.540,2.530,924.000,7536115712,11.210,11.210,2.000,0.010,4.183
2026-09-25T09:57:00Z,1.575,2.500,924.000,7536115712,16.940,16.940,2.000,0.020,2.893
2026-09-25T09:58:00Z,1.670,2.650,924.000,7538212864,19.840,19.840,3.000,0.030,4.353
2026-09-25T09:59:00Z,1.540,2.520,924.000,7538212864,12.080,12.080,2.000,0.010,5.250
2026-09-25T10:00:00Z,1.560,2.560,924.000,7538212864,9.110,9.110,1.000,0.010,3.147
2026-09-25T10:01:00Z,1.500,2.470,924.000,7538212864,18.510,18.510,4.000,0.050,2.375
2026-09-25T10:02:00Z,1.645,2.590,924.000,7538212864,20.910,20.910,3.000,0.030,4.718
2026-09-25T10:03:00Z,1.590,2.560,924.000,7538212864,12.590,12.590,3.000,0.020,5.510
2026-09-25T10:04:00Z,1.600,2.520,924.000,7538212864,18.630,18.630,2.000,0.170,3.250
2026-09-25T10:05:00Z,1.510,2.460,924.000,7538212864,13.330,13.330,,0.100,4.742
2026-09-25T10:06:00Z,1.530,2.470,924.000,7538212864,12.110,12.110,2.000,0.020,3.440
2026-09-25T10:07:00Z,1.475,2.350,924.000,7538212864,15.750,15.750,3.000,0.020,3.120
2026-09-25T10:08:00Z,1.585,2.520,924.000,7538212864,14.680,14.680,3.000,0.020,4.048
2026-09-25T10:09:00Z,1.555,2.550,924.000,7538212864,25.390,25.390,3.000,0.200,3.760
2026-09-25T10:10:00Z,1.565,2.530,924.000,7538212864,14.360,14.360,,0.020,6.615
2026-09-25T10:11:00Z,1.605,2.500,924.000,7538212864,18.650,18.650,2.000,0.030,3.700
2026-09-25T10:12:00Z,1.555,2.500,924.000,7538212864,14.860,14.860,3.000,0.020,4.753
2026-09-25T10:13:00Z,1.575,2.520,924.000,7539261440,14.780,14.780,2.000,0.020,4.020
2026-09-25T10:14:00Z,1.610,2.630,924.000,7539261440,11.090,11.090,2.000,0.010,3.792
2026-09-25T10:15:00Z,1.525,2.460,924.000,7539261440,15.930,15.930,2.000,0.020,2.888
2026-09-25T10:16:00Z,1.555,2.520,924.000,7539261440,14.690,14.690,2.000,0.040,4.085
2026-09-25T10:17:00Z,2.320,2.530,924.000,7517241344,24.610,24.610,,0.040,3.777
2026-09-25T10:18:00Z,1.910,3.090,924.000,7541358592,23.000,23.000,4.000,0.040,6.567
2026-09-25T10:19:00Z,1.565,2.540,924.000,7540310016,7.680,7.680,,0.010,5.895
2026-09-25T10:20:00Z,1.545,2.470,924.000,7540310016,12.260,12.260,2.000,0.020,2.210
2026-09-25T10:21:00Z,1.505,2.260,924.000,7540310016,10.140,10.140,1.000,0.010,3.155
2026-09-25T10:22:00Z,1.485,2.420,924.000,7539261440,9.030,9.030,1.000,0.010,2.640
2026-09-25T10:23:00Z,1.580,2.600,924.000,7539261440,15.060,15.060,3.000,0.030,2.572
2026-09-25T10:24:00Z,1.595,2.590,924.000,7539261440,12.710,12.710,2.000,0.020,3.870
2026-09-25T10:25:00Z,1.495,2.460,924.000,7539261440,20.310,20.310,3.000,0.090,3.288
2026-09-25T10:26:00Z,1.615,2.700,924.000,7539261440,10.210,10.210,2.000,0.010,5.173
2026-09-25T10:27:00Z,1.535,2.540,924.000,7539261440,9.850,9.850,1.000,0.010,2.645
2026-09-25T10:28:00Z,1.515,2.460,924.000,7539261440,9.180,9.180,1.000,0.010,2.558
2026-09-25T10:29:00Z,1.530,2.450,924.000,7539261440,11.440,11.440,1.000,0.010,2.385
2026-09-25T10:30:00Z,1.530,2.540,924.000,7539261440,14.610,14.610,2.000,0.020,2.970
2026-09-25T10:31:00Z,1.465,2.430,924.000,7539261440,7.630,7.630,1.000,0.010,3.748
2026-09-25T10:32:00Z,1.695,2.770,924.000,7539261440,12.290,12.290,2.000,0.020,1.998
2026-09-25T10:33:00Z,1.540,2.480,924.000,7539261440,17.760,17.760,,0.030,3.357
2026-09-25T10:34:00Z,1.670,2.730,924.000,7539261440,14.280,14.280,2.000,0.020,4.550
2026-09-25T10:35:00Z,1.540,2.490,924.000,7539261440,13.440,13.440,2.000,0.020,3.885
2026-09-25T10:36:00Z,1.555,2.450,924.000,7539261440,14.980,14.980,2.000,0.020,3.462
2026-09-25T10:37:00Z,1.455,2.330,924.000,7539261440,11.610,11.610,1.000,0.010,4.010
2026-09-25T10:38:00Z,1.485,2.450,924.000,7539261440,9.840,9.840,1.000,0.010,3.013
2026-09-25T10:39:00Z,1.560,2.550,924.000,7539261440,7.060,7.060,1.000,0.010,2.550
2026-09-25T10:40:00Z,1.520,2.410,924.000,7539261440,20.700,20.700,4.000,0.030,2.007
2026-09-25T10:41:00Z,1.565,2.500,924.000,7539261440,19.580,19.580,2.000,0.030,5.320
2026-09-25T10:42:00Z,1.640,2.550,924.000,7538212864,20.510,20.510,4.000,0.030,4.992
2026-09-25T10:43:00Z,1.560,2.480,924.000,7538212864,19.020,19.020,3.000,0.030,5.425
2026-09-25T10:44:00Z,1.590,2.600,924.000,7538212864,11.230,11.230,1.000,0.010,4.848
2026-09-25T10:45:00Z,1.535,2.420,924.000,7538212864,10.780,10.780,1.000,0.010,2.922
2026-09-25T10:46:00Z,1.555,2.560,924.000,7538212864,12.780,12.780,2.000,0.020,2.803
2026-09-25T10:47:00Z,1.570,2.560,924.000,7538212864,14.960,14.960,2.000,0.100,3.280
2026-09-25T10:48:00Z,1.570,2.530,924.000,7538212864,17.020,17.020,3.000,0.030,3.835
2026-09-25T10:49:00Z,1.545,2.510,924.000,7538212864,11.380,11.380,2.000,0.010,4.345
2026-09-25T10:50:00Z,1.510,2.480,924.000,7538212864,12.140,12.140,,0.020,2.960
2026-09-25T10:51:00Z,1.700,2.450,924.000,7538212864,41.800,41.800,2.000,0.240,3.127
2026-09-25T10:52:00Z,1.645,2.580,924.000,7536115712,14.740,14.740,7.000,0.020,10.547
2026-09-25T10:53:00Z,1.490,2.430,924.000,7536115712,11.480,11.480,1.000,0.020,3.978
2026-09-25T10:54:00Z,1.490,2.430,924.000,7536115712,5.490,5.490,2.000,0.000,2.973
2026-09-25T10:55:00Z,1.560,2.420,924.000,7536115712,20.430,20.430,3.000,0.030,1.482
2026-09-25T10:56:00Z,1.570,2.440,924.000,7536115712,21.910,21.910,3.000,0.040,5.205
2026-09-25T10:57:00Z,1.545,2.510,924.000,7536115712,13.740,13.740,,0.020,5.567
2026-09-25T10:58:00Z,1.505,2.410,924.000,7537164288,13.410,13.410,2.000,0.020,3.527
2026-09-25T10:59:00Z,1.520,2.400,924.000,7537164288,13.510,13.510,1.000,0.020,3.445
2026-09-25T11:00:00Z,1.495,2.470,924.000,7538212864,8.230,8.230,1.000,0.010,3.485
2026-09-25T11:01:00Z,1.520,2.410,924.000,7537164288,22.710,22.710,4.000,0.070,2.155
2026-09-25T11:02:00Z,1.745,2.660,924.000,7538212864,30.550,30.550,5.000,0.050,5.775
2026-09-25T11:03:00Z,1.690,2.600,924.000,7538212864,29.700,29.700,4.000,0.050,7.923
2026-09-25T11:04:00Z,1.635,2.580,924.000,7538212864,21.340,21.340,3.000,0.030,7.522
2026-09-25T11:05:00Z,1.545,1.890,924.000,7538212864,17.610,17.610,,0.030,5.565
2026-09-25T11:06:00Z,1.615,2.580,924.000,7538212864,17.600,17.600,3.000,0.030,4.518
2026-09-25T11:07:00Z,1.500,2.460,924.000,7538212864,11.260,11.260,2.000,0.010,4.610
2026-09-25T11:08:00Z,1.655,2.660,924.000,7538212864,21.310,21.310,3.000,0.030,2.920
2026-09-25T11:09:00Z,1.645,2.570,924.000,7538212864,24.340,24.340,3.000,0.040,5.425
2026-09-25T11:10:00Z,1.645,2.650,924.000,7538212864,21.860,21.860,4.000,0.030,6.357
2026-09-25T11:11:00Z,1.635,2.590,924.000,7539261440,25.190,25.190,5.000,0.040,5.588
2026-09-25T11:12:00Z,1.795,2.650,924.000,7539261440,34.140,34.140,5.000,0.060,6.407
2026-09-25T11:13:00Z,1.635,2.550,924.000,7538212864,23.520,23.520,4.000,0.030,8.845
2026-09-25T11:14:00Z,1.670,2.680,924.000,7539261440,19.000,19.000,3.000,0.030,5.978
2026-09-25T11:15:00Z,1.610,2.590,924.000,7539261440,21.980,21.980,3.000,0.050,4.865
2026-09-25T11:16:00Z,1.565,2.530,924.000,7539261440,34.480,34.480,7.000,0.580,5.588
2026-09-25T11:17:00Z,1.750,2.800,924.000,7539261440,25.060,25.060,3.000,0.040,8.717
2026-09-25T11:18:00Z,2.535,4.280,924.000,7539261440,36.380,36.380,6.000,0.090,6.360
2026-09-25T11:19:00Z,1.735,2.760,924.000,7538212864,27.620,27.620,4.000,0.040,9.530
2026-09-25T11:20:00Z,1.705,2.690,924.000,7538212864,27.030,27.030,4.000,0.040,7.185
2026-09-25T11:21:00Z,1.580,2.570,924.000,7538212864,14.530,14.530,,0.020,6.872
2026-09-25T11:22:00Z,1.595,2.530,924.000,7535067136,18.080,18.080,3.000,0.020,3.735
2026-09-25T11:23:00Z,1.555,2.530,924.000,7535067136,15.440,15.440,2.000,0.020,4.810
2026-09-25T11:24:00Z,1.535,2.470,924.000,7535067136,14.590,14.590,2.000,0.020,3.965
2026-09-25T11:25:00Z,1.565,2.460,924.000,7535067136,20.940,20.940,3.000,0.030,3.732
2026-09-25T11:26:00Z,1.525,2.440,924.000,7535067136,16.090,16.090,,0.020,5.357
2026-09-25T11:27:00Z,1.480,2.400,924.000,7535067136,13.060,13.060,2.000,0.020,4.112
2026-09-25T11:28:00Z,1.535,2.530,924.000,7536115712,16.490,16.490,2.000,0.030,3.355
2026-09-25T11:29:00Z,1.620,2.440,924.000,7536115712,12.140,12.140,2.000,0.020,4.218
2026-09-25T11:30:00Z,1.545,2.480,924.000,7536115712,12.040,12.040,2.000,0.020,3.337
2026-09-25T11:31:00Z,1.520,2.400,924.000,7536115712,17.230,17.230,2.000,0.020,3.103
2026-09-25T11:32:00Z,1.625,2.530,924.000,7536115712,23.240,23.240,4.000,0.180,4.405
2026-09-25T11:33:00Z,1.655,2.640,924.000,7536115712,17.310,17.310,2.000,0.040,6.112
2026-09-25T11:34:00Z,1.555,2.470,924.000,7536115712,16.210,16.210,2.000,0.020,4.433
2026-09-25T11:35:00Z,1.545,2.430,924.000,7536115712,17.160,17.160,,0.020,4.147
2026-09-25T11:36:00Z,1.575,2.530,924.000,7536115712,12.810,12.810,3.000,0.020,4.383
2026-09-25T11:37:00Z,1.535,2.490,924.000,7536115712,64.680,64.680,12.000,6.480,3.493
2026-09-25T11:38:00Z,2.070,3.350,924.000,7535067136,40.890,40.890,6.000,0.070,16.262
2026-09-25T11:39:00Z,1.695,2.700,924.000,7535067136,16.460,16.460,,0.020,10.320
2026-09-25T11:40:00Z,1.550,2.550,924.000,7535067136,11.260,11.260,2.000,0.010,4.235
2026-09-25T11:41:00Z,1.585,2.570,924.000,7535067136,22.010,22.010,3.000,0.030,3.062
2026-09-25T11:42:00Z,1.550,2.450,924.000,7532969984,11.480,11.480,2.000,0.010,5.595
2026-09-25T11:43:00Z,1.565,2.520,924.000,7534018560,13.690,13.690,2.000,0.020,3.192
2026-09-25T11:44:00Z,1.550,2.520,924.000,7532969984,11.740,11.740,1.000,0.010,3.533
2026-09-25T11:45:00Z,1.535,2.450,924.000,7532969984,15.550,15.550,,0.020,3.045
2026-09-25T11:46:00Z,1.610,2.540,924.000,7534018560,19.940,19.940,3.000,0.030,4.022
2026-09-25T11:47:00Z,1.585,2.560,924.000,7534018560,13.170,13.170,,0.020,5.070
2026-09-25T11:48:00Z,1.575,2.550,924.000,7534018560,16.990,16.990,3.000,0.040,3.385
2026-09-25T11:49:00Z,1.605,2.540,924.000,7532969984,18.920,18.920,,0.030,4.338
2026-09-25T11:50:00Z,1.555,2.520,924.000,7534018560,10.210,10.210,3.000,0.010,4.853
2026-09-25T11:51:00Z,1.545,2.510,924.000,7534018560,14.140,14.140,,0.020,2.655
2026-09-25T11:52:00Z,1.690,2.620,924.000,7534018560,22.070,22.070,3.000,0.040,3.625
2026-09-25T11:53:00Z,1.675,2.680,924.000,7534018560,17.360,17.360,3.000,0.060,5.835
2026-09-25T11:54:00Z,1.550,2.460,924.000,7535067136,16.460,16.460,2.000,0.020,4.438
2026-09-25T11:55:00Z,1.575,2.510,924.000,7535067136,13.970,13.970,1.000,0.020,4.237
2026-09-25T11:56:00Z,1.455,2.400,924.000,7535067136,10.360,10.360,1.000,0.010,3.603
2026-09-25T11:57:00Z,1.560,2.570,924.000,7535067136,10.200,10.200,2.000,0.010,2.683
2026-09-25T11:58:00Z,1.600,2.580,924.000,7535067136,20.020,20.020,2.000,0.030,2.645
2026-09-25T11:59:00Z,1.590,2.580,924.000,7535067136,10.660,10.660,2.000,0.010,5.095
2026-09-25T12:00:00Z,1.540,2.520,924.000,7536115712,12.380,12.380,2.000,0.010,2.775
2026-09-25T12:01:00Z,1.555,2.530,924.000,7536115712,33.100,33.100,7.000,0.730,3.188
2026-09-25T12:02:00Z,1.885,2.910,924.000,7536115712,43.960,43.960,5.000,0.290,8.367
2026-09-25T12:03:00Z,1.725,2.710,924.000,7536115712,29.330,29.330,,0.080,11.293
2026-09-25T12:04:00Z,1.685,2.700,924.000,7536115712,20.360,20.360,5.000,0.030,7.430
2026-09-25T12:05:00Z,1.590,2.540,924.000,7535067136,21.930,21.930,3.000,0.030,5.197
2026-09-25T12:06:00Z,1.595,2.600,924.000,7536115712,15.560,15.560,3.000,0.020,5.577
2026-09-25T12:07:00Z,1.600,2.560,924.000,7536115712,19.860,19.860,3.000,0.060,4.005
2026-09-25T12:08:00Z,1.610,2.680,924.000,7536115712,18.360,18.360,3.000,0.030,5.067
2026-09-25T12:09:00Z,1.655,2.610,924.000,7536115712,27.660,27.660,4.000,0.060,4.685
2026-09-25T12:10:00Z,1.705,2.710,924.000,7536115712,23.590,23.590,3.000,0.040,7.032
2026-09-25T12:11:00Z,1.635,2.630,924.000,7536115712,23.430,23.430,4.000,0.040,6.145
2026-09-25T12:12:00Z,1.680,2.630,924.000,7535067136,39.770,39.770,7.000,0.150,5.965
2026-09-25T12:13:00Z,1.855,2.990,924.000,7532969984,31.070,31.070,,0.050,10.240
2026-09-25T12:14:00Z,1.720,2.750,924.000,7532969984,17.880,17.880,5.000,0.030,7.890
2026-09-25T12:15:00Z,1.695,2.530,924.000,7531921408,40.570,40.570,,0.860,4.567
2026-09-25T12:16:00Z,1.750,2.720,924.000,7531921408,34.860,34.860,8.000,0.070,10.265
2026-09-25T12:17:00Z,1.625,2.640,924.000,7532969984,18.040,18.040,2.000,0.030,8.812
2026-09-25T12:18:00Z,2.510,3.150,924.000,7517241344,36.630,36.630,,0.170,4.615
2026-09-25T12:19:00Z,1.730,2.670,924.000,7534018560,31.100,31.100,8.000,0.050,9.543
2026-09-25T12:20:00Z,1.645,2.600,924.000,7534018560,23.570,23.570,4.000,0.040,8.098
2026-09-25T12:21:00Z,1.595,2.540,924.000,7534018560,32.860,32.860,,0.060,5.978
2026-09-25T12:22:00Z,1.680,2.640,924.000,7534018560,22.060,22.060,5.000,0.030,8.312
2026-09-25T12:23:00Z,1.725,2.630,924.000,7532969984,35.710,35.710,6.000,0.070,5.825
2026-09-25T12:24:00Z,1.710,2.670,924.000,7534018560,33.390,33.390,,0.060,9.047
2026-09-25T12:25:00Z,1.670,2.670,924.000,7534018560,21.920,21.920,5.000,0.030,8.457
2026-09-25T12:26:00Z,1.595,2.520,924.000,7534018560,27.090,27.090,4.000,0.050,5.595
2026-09-25T12:27:00Z,1.655,2.630,924.000,7534018560,19.690,19.690,,0.030,6.875
2026-09-25T12:28:00Z,1.570,2.490,924.000,7534018560,18.640,18.640,3.000,0.030,5.015
2026-09-25T12:29:00Z,1.605,2.540,924.000,7534018560,14.390,14.390,2.000,0.020,4.745
2026-09-25T12:30:00Z,1.520,2.450,924.000,7534018560,15.510,15.510,,0.020,3.695
2026-09-25T12:31:00Z,1.625,2.530,924.000,7534018560,22.020,22.020,3.000,0.030,3.987
2026-09-25T12:32:00Z,1.730,2.660,924.000,7534018560,22.620,22.620,4.000,0.030,5.607
2026-09-25T12:33:00Z,1.795,2.770,924.000,7534018560,39.770,39.770,,0.120,5.957
2026-09-25T12:34:00Z,1.915,2.800,924.000,7534018560,50.070,50.070,8.000,0.110,10.045
2026-09-25T12:35:00Z,1.710,2.650,924.000,7534018560,30.240,30.240,5.000,0.050,12.623
2026-09-25T12:36:00Z,1.700,2.620,924.000,7535067136,31.010,31.010,5.000,0.050,7.652
2026-09-25T12:37:00Z,1.685,2.630,924.000,7534018560,33.850,33.850,7.000,0.080,8.018
2026-09-25T12:38:00Z,1.795,2.590,924.000,7535067136,51.390,51.390,,0.290,8.560
2026-09-25T12:39:00Z,1.600,2.590,924.000,7535067136,22.210,22.210,6.000,0.040,12.945
2026-09-25T12:40:00Z,1.600,2.560,924.000,7535067136,23.750,23.750,4.000,0.040,5.647
2026-09-25T12:41:00Z,1.565,2.490,924.000,7535067136,18.180,18.180,,0.030,6.197
2026-09-25T12:42:00Z,1.595,2.430,924.000,7532969984,35.440,35.440,3.000,0.090,4.665
2026-09-25T12:43:00Z,1.640,2.600,924.000,7532969984,28.810,28.810,5.000,0.060,9.145
2026-09-25T12:44:00Z,1.620,2.590,924.000,7524581376,23.440,23.440,4.000,0.040,7.305
2026-09-25T12:45:00Z,1.700,2.580,924.000,7526678528,44.150,44.150,7.000,0.090,5.957
2026-09-25T12:46:00Z,2.045,2.750,924.000,7527727104,86.900,86.900,16.000,5.320,11.207
2026-09-25T12:47:00Z,2.065,2.910,924.000,7526678528,68.590,68.590,12.000,3.010,21.823
2026-09-25T12:48:00Z,1.885,2.910,924.000,7526678528,107.650,107.650,20.000,8.320,17.238
2026-09-25T12:49:00Z,2.485,3.880,924.000,7526678528,128.680,128.680,22.000,2.660,26.997
2026-09-25T12:50:00Z,2.545,4.000,924.000,7525629952,62.550,62.550,8.000,0.150,32.273
2026-09-25T12:51:00Z,1.815,2.870,924.000,7524581376,36.090,36.090,6.000,0.070,15.755
2026-09-25T12:52:00Z,1.745,2.740,924.000,7524581376,24.470,24.470,4.000,0.040,9.115
2026-09-25T12:53:00Z,1.775,2.740,924.000,7524581376,36.570,36.570,6.000,0.070,6.423
2026-09-25T12:54:00Z,1.780,2.700,924.000,7526678528,38.210,38.210,,0.080,9.245
2026-09-25T12:55:00Z,1.725,2.720,924.000,7527727104,32.350,32.350,7.000,0.050,9.643
2026-09-25T12:56:00Z,1.670,2.610,924.000,7527727104,22.880,22.880,4.000,0.040,8.180
2026-09-25T12:57:00Z,1.590,2.490,924.000,7526678528,23.440,23.440,3.000,0.050,5.815
2026-09-25T12:58:00Z,1.595,2.530,924.000,7526678528,22.590,22.590,,0.030,5.957
2026-09-25T12:59:00Z,1.775,2.610,924.000,7527727104,27.860,27.860,4.000,0.040,5.750
2026-09-25T13:00:00Z,1.675,2.610,924.000,7527727104,25.210,25.210,4.000,0.040,7.245
2026-09-25T13:01:00Z,1.585,2.500,924.000,7528775680,26.670,26.670,,0.070,6.420
2026-09-25T13:02:00Z,1.920,2.790,924.000,7527727104,62.930,62.930,5.000,0.180,6.760
2026-09-25T13:03:00Z,1.825,2.820,924.000,7527727104,42.500,42.500,11.000,0.210,16.040
2026-09-25T13:04:00Z,1.750,2.750,924.000,7527727104,31.660,31.660,6.000,0.060,10.732
2026-09-25T13:05:00Z,1.840,2.770,924.000,7527727104,43.700,43.700,7.000,0.140,8.018
2026-09-25T13:06:00Z,1.690,2.730,924.000,7527727104,29.710,29.710,5.000,0.070,11.047
2026-09-25T13:07:00Z,1.875,2.850,924.000,7527727104,49.330,49.330,9.000,0.100,7.525
2026-09-25T13:08:00Z,1.880,3.020,924.000,7527727104,29.390,29.390,,0.060,12.428
2026-09-25T13:09:00Z,1.690,2.650,924.000,7527727104,23.640,23.640,4.000,0.050,7.433
2026-09-25T13:10:00Z,1.655,2.540,924.000,7527727104,31.610,31.610,4.000,0.050,6.008
2026-09-25T13:11:00Z,1.635,2.590,924.000,7527727104,32.900,32.900,,0.060,8.158
2026-09-25T13:12:00Z,1.750,2.670,924.000,7526678528,33.060,33.060,7.000,0.210,8.352
2026-09-25T13:13:00Z,1.705,2.640,924.000,7524581376,37.230,37.230,6.000,0.070,8.555
2026-09-25T13:14:00Z,1.710,2.640,924.000,7527727104,30.320,30.320,7.000,0.060,9.412
2026-09-25T13:15:00Z,1.700,2.580,924.000,7525629952,39.450,39.450,5.000,0.380,7.683
2026-09-25T13:16:00Z,1.665,2.650,924.000,7524581376,29.070,29.070,5.000,0.050,9.977
2026-09-25T13:17:00Z,1.700,2.610,924.000,7523532800,42.390,42.390,8.000,0.150,7.370
2026-09-25T13:18:00Z,2.605,2.830,924.000,7504658432,61.650,61.650,,0.350,10.688
2026-09-25T13:19:00Z,1.960,3.100,924.000,7522484224,32.360,32.360,10.000,0.070,15.810
2026-09-25T13:20:00Z,1.720,2.660,924.000,7523532800,38.810,38.810,8.000,0.070,8.438
2026-09-25T13:21:00Z,1.775,2.700,924.000,7525629952,48.630,48.630,7.000,0.100,9.805
2026-09-25T13:22:00Z,1.870,2.790,924.000,7525629952,45.360,45.360,7.000,0.110,12.255
2026-09-25T13:23:00Z,1.735,2.670,924.000,7526678528,43.440,43.440,,0.140,11.637
2026-09-25T13:24:00Z,1.800,2.740,924.000,7526678528,36.760,36.760,8.000,0.090,10.965
2026-09-25T13:25:00Z,1.690,2.470,924.000,7526678528,51.640,51.640,9.000,0.240,9.300
2026-09-25T13:26:00Z,1.790,2.680,924.000,7526678528,60.070,60.070,11.000,0.520,13.000
2026-09-25T13:27:00Z,1.935,2.850,924.000,7525629952,61.850,61.850,9.000,0.210,15.102
2026-09-25T13:28:00Z,1.760,2.750,924.000,7526678528,55.090,55.090,10.000,0.150,15.560
2026-09-25T13:29:00Z,1.945,2.940,924.000,7523532800,79.060,79.060,14.000,2.390,13.865
2026-09-25T13:30:00Z,2.065,3.180,924.000,7522484224,62.920,62.920,11.000,0.260,19.880
2026-09-25T13:31:00Z,2.010,2.880,924.000,7523532800,132.110,132.110,37.000,9.260,15.828
2026-09-25T13:32:00Z,3.770,4.190,924.000,7521435648,366.290,366.290,58.000,17.040,33.125
2026-09-25T13:33:00Z,3.695,4.490,924.000,7522484224,294.170,294.170,51.000,4.300,91.858
2026-09-25T13:34:00Z,3.305,4.430,924.000,7519338496,216.910,216.910,38.000,1.000,73.653
2026-09-25T13:35:00Z,3.050,3.950,924.000,7519338496,199.550,199.550,34.000,2.280,54.355
2026-09-25T13:36:00Z,3.000,3.870,924.000,7521435648,213.540,213.540,40.000,2.760,49.998
2026-09-25T13:37:00Z,3.050,4.020,924.000,7520387072,239.560,239.560,,10.070,53.778
2026-09-25T13:38:00Z,2.910,4.000,924.000,7521435648,169.250,169.250,39.000,1.180,59.968
2026-09-25T13:39:00Z,2.730,3.650,924.000,7518289920,178.010,178.010,31.000,1.510,42.415
2026-09-25T13:40:00Z,2.575,3.600,924.000,7521435648,146.570,146.570,27.000,0.640,44.617
2026-09-25T13:41:00Z,2.690,3.510,924.000,7519338496,198.850,198.850,34.000,3.030,36.907
2026-09-25T13:42:00Z,2.795,3.860,924.000,7521435648,141.780,141.780,26.000,0.420,49.828
2026-09-25T13:43:00Z,2.715,3.380,924.000,7519338496,194.170,194.170,35.000,4.730,35.755
2026-09-25T13:44:00Z,2.640,3.540,924.000,7518289920,170.130,170.130,,2.010,48.653
2026-09-25T13:45:00Z,2.645,3.580,924.000,7520387072,179.630,179.630,32.000,1.590,42.642
2026-09-25T13:46:00Z,2.635,3.710,924.000,7522484224,169.040,169.040,33.000,0.880,45.040
2026-09-25T13:47:00Z,2.910,3.700,924.000,7518289920,204.190,204.190,33.000,2.050,42.395
2026-09-25T13:48:00Z,2.810,3.480,924.000,7520387072,207.490,207.490,35.000,2.130,51.150
2026-09-25T13:49:00Z,2.610,3.500,924.000,7517241344,147.260,147.260,25.000,0.910,51.970
2026-09-25T13:50:00Z,2.525,3.390,924.000,7518289920,170.520,170.520,33.000,0.680,36.920
2026-09-25T13:51:00Z,2.855,3.970,924.000,7519338496,169.690,169.690,29.000,0.690,42.745
2026-09-25T13:52:00Z,2.700,3.460,924.000,7516192768,161.220,161.220,28.000,0.790,42.538
2026-09-25T13:53:00Z,2.480,3.350,924.000,7516192768,151.210,151.210,26.000,0.890,40.610
2026-09-25T13:54:00Z,2.320,3.430,924.000,7517241344,133.290,133.290,22.000,1.030,37.920
2026-09-25T13:55:00Z,2.410,3.380,924.000,7519338496,126.780,126.780,22.000,1.250,33.432
2026-09-25T13:56:00Z,2.620,3.230,924.000,7519338496,193.790,193.790,,5.040,31.802
2026-09-25T13:57:00Z,2.565,3.530,924.000,7518289920,183.760,183.760,37.000,2.370,48.557
2026-09-25T13:58:00Z,2.710,3.730,924.000,7517241344,157.090,157.090,29.000,1.350,46.038
2026-09-25T13:59:00Z,2.670,3.570,924.000,7518289920,174.390,174.390,,2.110,39.383
2026-09-25T14:00:00Z,2.545,3.470,924.000,7514095616,131.370,131.370,28.000,0.820,43.712
2026-09-25T14:01:00Z,2.290,3.180,924.000,7517241344,130.220,130.220,25.000,0.950,32.932
2026-09-25T14:02:00Z,2.855,3.440,924.000,7516192768,227.740,227.740,43.000,2.560,32.648
2026-09-25T14:03:00Z,3.170,4.000,924.000,7516192768,258.440,258.440,,6.850,57.220
2026-09-25T14:04:00Z,3.280,4.090,924.000,7516192768,258.570,258.570,47.000,4.280,64.740
2026-09-25T14:05:00Z,3.220,4.150,924.000,7501512704,259.980,259.980,,5.880,64.760
2026-09-25T14:06:00Z,3.190,4.020,924.000,7506755584,271.280,271.280,44.000,5.710,65.105
2026-09-25T14:07:00Z,3.780,4.520,924.000,7503609856,377.950,377.950,54.000,14.710,67.918
2026-09-25T14:08:00Z,4.030,4.980,924.000,7505707008,328.380,328.380,66.000,5.980,94.603
2026-09-25T14:09:00Z,3.685,4.450,924.000,7505707008,305.880,305.880,52.000,4.550,82.198
2026-09-25T14:10:00Z,3.335,4.330,924.000,7503609856,233.780,233.780,44.000,3.060,76.580
2026-09-25T14:11:00Z,3.120,4.040,924.000,7502561280,222.890,222.890,39.000,3.100,58.718
2026-09-25T14:12:00Z,3.045,4.000,924.000,7502561280,228.230,228.230,40.000,1.780,55.825
2026-09-25T14:13:00Z,3.055,4.170,924.000,7504658432,223.590,223.590,35.000,2.080,57.373
2026-09-25T14:14:00Z,2.870,3.930,924.000,7502561280,170.750,170.750,31.000,2.100,55.990
2026-09-25T14:15:00Z,2.880,3.620,924.000,7501512704,194.480,194.480,34.000,2.970,42.805
2026-09-25T14:16:00Z,2.850,3.620,924.000,7503609856,235.740,235.740,50.000,3.610,48.718
2026-09-25T14:17:00Z,3.760,4.450,924.000,7501512704,347.910,347.910,57.000,12.860,59.028
2026-09-25T14:18:00Z,3.320,4.330,924.000,7501512704,260.620,260.620,44.000,3.540,87.075
2026-09-25T14:19:00Z,4.150,5.940,924.000,7505707008,233.880,233.880,,2.340,65.275
2026-09-25T14:20:00Z,3.110,3.980,924.000,7503609856,225.500,225.500,42.000,1.980,58.970
2026-09-25T14:21:00Z,2.895,3.820,924.000,7502561280,223.300,223.300,,1.800,56.515
2026-09-25T14:22:00Z,3.225,4.140,924.000,7501512704,229.920,229.920,40.000,2.750,55.928
2026-09-25T14:23:00Z,2.910,3.800,924.000,7501512704,199.300,199.300,36.000,1.700,57.765
2026-09-25T14:24:00Z,2.865,3.810,924.000,7500464128,179.960,179.960,32.000,1.000,49.940
2026-09-25T14:25:00Z,2.670,3.460,924.000,7500464128,175.130,175.130,28.000,0.930,45.100
2026-09-25T14:26:00Z,2.650,3.530,924.000,7499415552,166.130,166.130,,0.890,43.880
2026-09-25T14:27:00Z,2.615,3.590,924.000,7501512704,209.650,209.650,37.000,5.230,41.630
2026-09-25T14:28:00Z,3.015,4.160,924.000,7498366976,170.450,170.450,29.000,1.140,52.508
2026-09-25T14:29:00Z,2.660,3.380,924.000,7497318400,165.480,165.480,30.000,1.160,42.705
2026-09-25T14:30:00Z,2.660,3.260,924.000,7500464128,212.170,212.170,38.000,2.300,41.487
2026-09-25T14:31:00Z,2.855,3.840,924.000,7498366976,168.050,168.050,29.000,1.090,53.133
2026-09-25T14:32:00Z,2.585,3.360,924.000,7500464128,173.110,173.110,30.000,1.170,42.127
2026-09-25T14:33:00Z,2.635,3.560,924.000,7498366976,173.710,173.710,31.000,0.850,43.557
2026-09-25T14:34:00Z,2.695,3.640,924.000,7496269824,170.980,170.980,,0.810,43.542
2026-09-25T14:35:00Z,2.605,3.690,924.000,7499415552,146.890,146.890,31.000,0.830,42.860
2026-09-25T14:36:00Z,2.555,3.280,924.000,7497318400,179.570,179.570,33.000,1.990,36.812
2026-09-25T14:37:00Z,2.745,3.660,924.000,7496269824,168.950,168.950,28.000,2.250,45.133
2026-09-25T14:38:00Z,2.390,3.400,924.000,7498366976,134.460,134.460,22.000,0.790,42.347
2026-09-25T14:39:00Z,2.435,3.360,924.000,7496269824,156.970,156.970,,3.070,33.718
2026-09-25T14:40:00Z,2.775,3.750,924.000,7496269824,176.910,176.910,33.000,2.390,39.352
2026-09-25T14:41:00Z,2.370,3.410,924.000,7496269824,104.530,104.530,20.000,0.500,44.487
2026-09-25T14:42:00Z,2.455,3.130,924.000,7496269824,167.090,167.090,29.000,2.070,26.242
2026-09-25T14:43:00Z,2.555,3.410,924.000,7497318400,182.670,182.670,32.000,1.150,42.065
2026-09-25T14:44:00Z,2.735,3.770,924.000,7496269824,163.190,163.190,,0.640,45.778
2026-09-25T14:45:00Z,2.610,3.550,924.000,7496269824,159.090,159.090,29.000,0.770,40.900
2026-09-25T14:46:00Z,2.595,3.390,924.000,7495221248,178.700,178.700,30.000,1.270,39.907
2026-09-25T14:47:00Z,2.615,3.640,924.000,7497318400,151.830,151.830,,1.030,44.807
2026-09-25T14:48:00Z,3.120,3.390,924.000,7494172672,289.740,289.740,52.000,36.140,38.062
2026-09-25T14:49:00Z,2.570,3.660,924.000,7493124096,131.350,131.350,22.000,0.530,72.540
2026-09-25T14:50:00Z,2.380,3.360,924.000,7492075520,119.250,119.250,,0.790,32.930
2026-09-25T14:51:00Z,2.505,3.390,924.000,7492075520,154.080,154.080,26.000,1.110,29.933
2026-09-25T14:52:00Z,2.480,3.440,924.000,7492075520,118.160,118.160,20.000,0.520,38.635
2026-09-25T14:53:00Z,2.130,3.040,924.000,7492075520,140.280,140.280,25.000,0.730,29.843
2026-09-25T14:54:00Z,2.550,3.610,924.000,7491026944,131.830,131.830,24.000,0.470,35.172
2026-09-25T14:55:00Z,2.570,3.600,924.000,7493124096,121.870,121.870,20.000,1.240,33.072
2026-09-25T14:56:00Z,2.160,2.990,924.000,7493124096,113.520,113.520,20.000,0.620,30.775
2026-09-25T14:57:00Z,2.205,3.120,924.000,7493124096,134.620,134.620,25.000,1.660,28.470
2026-09-25T14:58:00Z,2.590,3.430,924.000,7493124096,158.680,158.680,27.000,1.720,33.765
2026-09-25T14:59:00Z,2.420,3.450,924.000,7492075520,116.500,116.500,21.000,0.440,39.767
2026-09-25T15:00:00Z,2.325,3.220,924.000,7493124096,125.460,125.460,20.000,0.540,29.242
2026-09-25T15:01:00Z,2.190,3.190,924.000,7493124096,127.430,127.430,25.000,0.990,31.468
2026-09-25T15:02:00Z,2.590,3.610,924.000,7494172672,144.600,144.600,,1.260,31.948
2026-09-25T15:03:00Z,2.615,3.320,924.000,7492075520,186.120,186.120,23.000,13.100,36.420
2026-09-25T15:04:00Z,2.585,3.340,924.000,7491026944,204.540,204.540,35.000,7.130,46.640
2026-09-25T15:05:00Z,2.500,3.690,924.000,7493124096,126.610,126.610,,0.840,51.225
2026-09-25T15:06:00Z,2.535,3.330,924.000,7489978368,151.900,151.900,28.000,6.280,31.758
2026-09-25T15:07:00Z,2.315,3.010,924.000,7493124096,142.380,142.380,,1.250,38.068
2026-09-25T15:08:00Z,2.345,3.220,924.000,7494172672,140.980,140.980,26.000,1.090,35.690
2026-09-25T15:09:00Z,2.370,3.230,924.000,7492075520,119.100,119.100,25.000,0.770,35.347
2026-09-25T15:10:00Z,2.305,3.050,924.000,7493124096,141.540,141.540,22.000,2.320,29.890
2026-09-25T15:11:00Z,2.310,3.030,924.000,7493124096,140.840,140.840,27.000,1.810,35.633
2026-09-25T15:12:00Z,2.745,3.280,924.000,7492075520,220.880,220.880,38.000,4.330,35.320
2026-09-25T15:13:00Z,2.600,3.580,924.000,7493124096,187.570,187.570,,4.150,55.517
2026-09-25T15:14:00Z,2.575,3.620,924.000,7491026944,160.290,160.290,33.000,2.950,47.008
2026-09-25T15:15:00Z,2.495,3.530,924.000,7488929792,151.800,151.800,,0.830,40.193
2026-09-25T15:16:00Z,2.395,3.230,924.000,7488929792,141.800,141.800,26.000,1.360,38.035
2026-09-25T15:17:00Z,2.415,3.280,924.000,7488929792,136.360,136.360,24.000,1.180,35.555
2026-09-25T15:18:00Z,2.215,3.140,924.000,7489978368,125.790,125.790,22.000,0.470,34.180
2026-09-25T15:19:00Z,3.180,3.850,924.000,7477395456,119.090,119.090,,0.660,31.565
2026-09-25T15:20:00Z,2.215,3.210,924.000,7492075520,111.410,111.410,22.000,0.430,30.312
2026-09-25T15:21:00Z,2.255,3.090,924.000,7492075520,140.990,140.990,27.000,1.630,27.983
2026-09-25T15:22:00Z,2.515,3.350,924.000,7491026944,157.650,157.650,26.000,1.380,35.352
2026-09-25T15:23:00Z,2.930,3.400,924.000,7486832640,244.890,244.890,42.000,27.580,39.722
2026-09-25T15:24:00Z,2.320,3.230,924.000,7486832640,111.920,111.920,20.000,0.300,61.325
2026-09-25T15:25:00Z,2.215,3.090,924.000,7484735488,102.710,102.710,18.000,2.380,28.090
2026-09-25T15:26:00Z,2.155,2.980,924.000,7485784064,107.510,107.510,18.000,0.390,25.780
2026-09-25T15:27:00Z,2.305,3.100,924.000,7487881216,126.570,126.570,,1.460,26.980
2026-09-25T15:28:00Z,2.280,3.150,924.000,7488929792,135.370,135.370,24.000,1.250,31.733
2026-09-25T15:29:00Z,2.310,3.350,924.000,7487881216,105.400,105.400,17.000,0.390,33.945
2026-09-25T15:30:00Z,2.070,3.020,924.000,7488929792,82.100,82.100,,0.380,26.457
2026-09-25T15:31:00Z,2.015,2.900,924.000,7488929792,119.600,119.600,14.000,2.530,20.628
2026-09-25T15:32:00Z,3.700,4.270,924.000,7482638336,403.870,403.870,57.000,69.630,29.990
2026-09-25T15:33:00Z,2.490,3.540,924.000,7480541184,181.340,181.340,36.000,5.570,101.302
2026-09-25T15:34:00Z,2.790,3.850,924.000,7481589760,163.700,163.700,24.000,4.380,45.432
2026-09-25T15:35:00Z,2.350,3.200,924.000,7483686912,117.330,117.330,20.000,0.680,41.002
2026-09-25T15:36:00Z,2.165,2.900,924.000,7483686912,217.120,217.120,40.000,22.630,29.448
2026-09-25T15:37:00Z,2.875,4.100,924.000,7481589760,163.690,163.690,,1.400,54.545
2026-09-25T15:38:00Z,2.500,3.480,924.000,7482638336,124.550,124.550,28.000,0.780,41.045
2026-09-25T15:39:00Z,2.305,3.190,924.000,7483686912,129.220,129.220,20.000,0.490,31.235
2026-09-25T15:40:00Z,2.340,3.170,924.000,7484735488,143.390,143.390,27.000,0.890,32.420
2026-09-25T15:41:00Z,2.325,3.270,924.000,7483686912,133.190,133.190,23.000,1.160,36.102
2026-09-25T15:42:00Z,2.430,3.370,924.000,7481589760,138.270,138.270,23.000,0.770,33.383
2026-09-25T15:43:00Z,2.370,3.300,924.000,7482638336,110.480,110.480,,0.610,34.858
2026-09-25T15:44:00Z,2.120,3.040,924.000,7480541184,103.780,103.780,19.000,1.090,27.730
2026-09-25T15:45:00Z,2.030,3.080,924.000,7483686912,82.820,82.820,16.000,0.310,26.065
2026-09-25T15:46:00Z,2.435,3.100,924.000,7466909696,142.330,142.330,,1.260,20.777
2026-09-25T15:47:00Z,2.250,3.050,924.000,7464812544,145.600,145.600,28.000,0.960,35.700
2026-09-25T15:48:00Z,2.550,3.480,924.000,7465861120,162.830,162.830,25.000,1.400,36.495
2026-09-25T15:49:00Z,2.255,3.130,924.000,7463763968,112.280,112.280,19.000,0.660,40.810
2026-09-25T15:50:00Z,2.180,3.030,924.000,7464812544,130.900,130.900,24.000,1.680,28.185
2026-09-25T15:51:00Z,2.205,3.240,924.000,7464812544,95.720,95.720,15.000,0.840,32.835
2026-09-25T15:52:00Z,2.070,2.870,924.000,7463763968,91.780,91.780,,0.490,24.040
2026-09-25T15:53:00Z,2.205,3.030,924.000,7465861120,126.010,126.010,21.000,0.650,23.235
2026-09-25T15:54:00Z,2.175,3.200,924.000,7465861120,94.800,94.800,17.000,0.470,31.605
2026-09-25T15:55:00Z,2.065,2.950,924.000,7465861120,103.850,103.850,26.000,1.140,23.802
2026-09-25T15:56:00Z,3.050,3.180,924.000,7463763968,406.080,406.080,72.000,59.910,26.058
2026-09-25T15:57:00Z,3.265,4.530,924.000,7462715392,213.870,213.870,30.000,4.310,101.612
2026-09-25T15:58:00Z,2.535,3.360,924.000,7463763968,167.000,167.000,32.000,1.110,53.560
2026-09-25T15:59:00Z,2.580,3.490,924.000,7461666816,156.250,156.250,28.000,1.860,41.847
2026-09-25T16:00:00Z,2.925,3.400,924.000,7461666816,278.370,278.370,48.000,10.130,39.172
2026-09-25T16:01:00Z,3.110,3.940,924.000,7461666816,284.790,284.790,54.000,9.420,69.707
2026-09-25T16:02:00Z,3.500,4.390,924.000,7462715392,320.930,320.930,57.000,10.500,71.300
2026-09-25T16:03:00Z,3.585,4.390,924.000,7461666816,317.140,317.140,,6.880,80.530
2026-09-25T16:04:00Z,3.660,4.250,924.000,7462715392,355.440,355.440,64.000,10.590,79.390
2026-09-25T16:05:00Z,3.600,4.510,924.000,7460618240,337.170,337.170,,14.210,88.983
2026-09-25T16:06:00Z,3.595,4.500,924.000,7464812544,329.720,329.720,58.000,8.960,84.395
2026-09-25T16:07:00Z,3.490,4.470,924.000,7459569664,296.530,296.530,58.000,9.200,82.528
2026-09-25T16:08:00Z,3.190,4.260,924.000,7463763968,254.120,254.120,42.000,3.240,74.235
2026-09-25T16:09:00Z,3.130,4.100,924.000,7464812544,228.010,228.010,40.000,2.830,63.633
2026-09-25T16:10:00Z,3.080,3.840,924.000,7460618240,284.880,284.880,49.000,15.620,57.138
2026-09-25T16:11:00Z,2.900,4.050,924.000,7459569664,190.200,190.200,34.000,1.020,71.468
2026-09-25T16:12:00Z,2.950,3.660,924.000,7461666816,235.870,235.870,,4.930,47.655
2026-09-25T16:13:00Z,2.845,3.940,924.000,7461666816,190.670,190.670,42.000,1.850,59.285
2026-09-25T16:14:00Z,2.670,3.700,924.000,7463763968,178.490,178.490,32.000,1.380,47.770
2026-09-25T16:15:00Z,2.590,3.730,924.000,7462715392,149.840,149.840,27.000,1.100,44.737
2026-09-25T16:16:00Z,2.605,3.360,924.000,7458521088,213.750,213.750,36.000,3.760,37.557
2026-09-25T16:17:00Z,2.750,3.710,924.000,7459569664,185.750,185.750,,2.040,53.535
2026-09-25T16:18:00Z,2.620,3.640,924.000,7460618240,175.570,175.570,34.000,2.200,46.530
2026-09-25T16:19:00Z,3.140,3.460,924.000,7438598144,161.860,161.860,,1.870,44.008
2026-09-25T16:20:00Z,2.950,4.100,924.000,7461666816,186.480,186.480,32.000,2.610,40.888
2026-09-25T16:21:00Z,2.545,3.510,924.000,7460618240,158.560,158.560,30.000,1.170,47.000
2026-09-25T16:22:00Z,2.775,3.530,924.000,7457472512,248.290,248.290,47.000,13.950,39.733
2026-09-25T16:23:00Z,2.935,4.070,924.000,7457472512,217.620,217.620,40.000,3.570,62.388
2026-09-25T16:24:00Z,2.880,4.020,924.000,7458521088,200.580,200.580,,8.940,54.508
2026-09-25T16:25:00Z,2.565,3.480,924.000,7457472512,242.390,242.390,29.000,21.670,50.263
2026-09-25T16:26:00Z,2.910,4.320,924.000,7455375360,153.120,153.120,45.000,4.630,60.690
2026-09-25T16:27:00Z,2.525,3.240,924.000,7456423936,161.070,161.070,28.000,1.810,38.370
2026-09-25T16:28:00Z,2.465,3.300,924.000,7457472512,190.830,190.830,36.000,1.310,40.358
2026-09-25T16:29:00Z,2.740,3.910,924.000,7457472512,174.280,174.280,29.000,2.230,47.785
2026-09-25T16:30:00Z,2.670,3.570,924.000,7456423936,179.340,179.340,,3.470,43.680
2026-09-25T16:31:00Z,2.475,3.370,924.000,7456423936,165.050,165.050,33.000,1.850,44.938
2026-09-25T16:32:00Z,2.390,3.320,924.000,7457472512,125.740,125.740,19.000,1.620,41.347
2026-09-25T16:33:00Z,2.045,3.010,924.000,7457472512,104.630,104.630,21.000,0.510,31.720
2026-09-25T16:34:00Z,2.315,3.140,924.000,7457472512,131.740,131.740,20.000,1.080,26.273
2026-09-25T16:35:00Z,2.055,2.900,924.000,7456423936,155.570,155.570,42.000,14.360,33.050
2026-09-25T16:36:00Z,4.010,4.340,924.000,7452229632,584.370,584.370,91.000,121.620,38.987
2026-09-25T16:37:00Z,3.185,4.730,924.000,7448035328,148.950,148.950,26.000,1.680,146.352
2026-09-25T16:38:00Z,2.495,3.290,924.000,7452229632,169.280,169.280,,3.490,37.335
2026-09-25T16:39:00Z,2.495,3.590,924.000,7448035328,137.340,137.340,32.000,3.060,42.438
2026-09-25T16:40:00Z,2.340,3.110,924.000,7449083904,149.610,149.610,26.000,2.400,34.458
2026-09-25T16:41:00Z,2.365,3.310,924.000,7449083904,144.130,144.130,26.000,1.510,37.650
2026-09-25T16:42:00Z,2.395,3.350,924.000,7450132480,126.090,126.090,20.000,0.840,36.135
2026-09-25T16:43:00Z,2.245,3.030,924.000,7446986752,175.370,175.370,33.000,13.490,31.825
2026-09-25T16:44:00Z,2.435,3.710,924.000,7449083904,94.880,94.880,14.000,4.020,43.945
2026-09-25T16:45:00Z,2.235,2.830,924.000,7448035328,125.340,125.340,23.000,1.170,23.835
2026-09-25T16:46:00Z,2.135,2.960,924.000,7448035328,118.520,118.520,18.000,0.950,31.445
2026-09-25T16:47:00Z,2.070,2.960,924.000,7446986752,95.750,95.750,17.000,1.080,29.758
2026-09-25T16:48:00Z,1.965,2.890,924.000,7446986752,82.340,82.340,13.000,0.450,24.027
2026-09-25T16:49:00Z,1.960,2.820,924.000,7448035328,91.890,91.890,,3.810,20.688
2026-09-25T16:50:00Z,2.045,2.960,924.000,7450132480,128.900,128.900,23.000,1.060,23.082
2026-09-25T16:51:00Z,2.360,3.430,924.000,7448035328,127.160,127.160,22.000,0.910,32.322
2026-09-25T16:52:00Z,2.155,3.070,924.000,7449083904,101.070,101.070,16.000,0.930,31.885
2026-09-25T16:53:00Z,1.975,2.990,924.000,7450132480,71.820,71.820,,0.270,25.565
2026-09-25T16:54:00Z,2.030,2.940,924.000,7450132480,78.400,78.400,12.000,0.410,18.065
2026-09-25T16:55:00Z,1.895,2.790,924.000,7449083904,72.900,72.900,14.000,0.300,19.703
2026-09-25T16:56:00Z,1.895,2.880,924.000,7450132480,71.290,71.290,10.000,0.210,18.345
2026-09-25T16:57:00Z,1.980,2.930,924.000,7446986752,73.940,73.940,14.000,0.950,17.913
2026-09-25T16:58:00Z,1.915,2.730,924.000,7446986752,80.860,80.860,13.000,0.450,18.788
2026-09-25T16:59:00Z,1.945,2.830,924.000,7449083904,71.310,71.310,12.000,0.460,20.308
2026-09-25T17:00:00Z,1.790,2.790,924.000,7450132480,62.430,62.430,,0.230,17.933
2026-09-25T17:01:00Z,2.565,2.870,924.000,7448035328,253.140,253.140,46.000,38.170,15.713
2026-09-25T17:02:00Z,2.400,3.350,924.000,7448035328,113.650,113.650,22.000,2.750,63.380
2026-09-25T17:03:00Z,2.545,3.030,924.000,7448035328,211.520,211.520,35.000,18.470,28.705
2026-09-25T17:04:00Z,2.290,3.150,924.000,7449083904,117.240,117.240,20.000,0.690,52.995
2026-09-25T17:05:00Z,2.030,3.030,924.000,7449083904,94.790,94.790,,0.780,29.433
2026-09-25T17:06:00Z,2.020,2.960,924.000,7450132480,83.650,83.650,15.000,2.850,23.790
2026-09-25T17:07:00Z,1.820,2.790,924.000,7448035328,68.110,68.110,12.000,0.310,21.010
2026-09-25T17:08:00Z,1.860,2.850,924.000,7448035328,60.170,60.170,10.000,0.190,17.122
2026-09-25T17:09:00Z,1.860,2.720,924.000,7448035328,93.420,93.420,20.000,3.250,15.133
2026-09-25T17:10:00Z,2.140,3.140,924.000,7448035328,92.820,92.820,,1.080,23.495
2026-09-25T17:11:00Z,1.875,2.830,924.000,7448035328,82.870,82.870,14.000,0.750,23.445
2026-09-25T17:12:00Z,3.720,5.970,924.000,7435452416,76.320,76.320,13.000,0.940,20.913
2026-09-25T17:13:00Z,2.085,3.180,924.000,7445938176,64.710,64.710,14.000,0.370,20.865
2026-09-25T17:14:00Z,1.835,2.730,924.000,7448035328,66.360,66.360,11.000,0.340,17.157
2026-09-25T17:15:00Z,1.860,2.780,924.000,7448035328,72.560,72.560,13.000,0.560,16.725
2026-09-25T17:16:00Z,1.825,2.770,924.000,7448035328,78.100,78.100,15.000,0.490,18.375
2026-09-25T17:17:00Z,2.180,3.250,924.000,7446986752,90.950,90.950,14.000,0.700,19.617
2026-09-25T17:18:00Z,1.850,2.860,924.000,7446986752,58.360,58.360,10.000,0.280,23.035
2026-09-25T17:19:00Z,1.840,2.720,924.000,7445938176,65.420,65.420,,1.470,14.682
2026-09-25T17:20:00Z,2.800,4.430,924.000,7444889600,79.320,79.320,13.000,0.410,16.870
2026-09-25T17:21:00Z,1.830,2.690,924.000,7446986752,61.630,61.630,,0.270,20.170
2026-09-25T17:22:00Z,1.865,2.810,924.000,7445938176,72.230,72.230,12.000,0.490,15.555
2026-09-25T17:23:00Z,1.895,2.880,924.000,7445938176,61.140,61.140,,0.230,18.363
2026-09-25T17:24:00Z,1.810,2.590,924.000,7448035328,61.450,61.450,11.000,0.560,15.400
2026-09-25T17:25:00Z,1.915,2.750,924.000,7449083904,71.120,71.120,13.000,0.610,15.455
2026-09-25T17:26:00Z,1.800,2.660,924.000,7449083904,54.980,54.980,9.000,0.390,17.890
2026-09-25T17:27:00Z,1.840,2.670,924.000,7445938176,68.090,68.090,12.000,0.490,13.842
2026-09-25T17:28:00Z,1.795,2.740,924.000,7444889600,56.310,56.310,,0.340,17.113
2026-09-25T17:29:00Z,1.720,2.640,924.000,7444889600,35.860,35.860,8.000,0.070,14.170
2026-09-25T17:30:00Z,1.725,2.600,924.000,7444889600,51.690,51.690,8.000,0.370,9.082
2026-09-25T17:31:00Z,1.775,2.590,924.000,7444889600,72.810,72.810,15.000,0.620,13.027
2026-09-25T17:32:00Z,2.145,3.020,924.000,7444889600,122.310,122.310,20.000,1.110,18.293
2026-09-25T17:33:00Z,2.130,3.160,924.000,7443841024,83.290,83.290,14.000,0.530,30.918
2026-09-25T17:34:00Z,1.855,2.820,924.000,7445938176,64.040,64.040,11.000,0.320,21.052
2026-09-25T17:35:00Z,1.915,2.850,924.000,7445938176,92.850,92.850,17.000,3.030,16.113
2026-09-25T17:36:00Z,2.190,2.940,924.000,7448035328,107.010,107.010,17.000,1.060,23.305
2026-09-25T17:37:00Z,1.925,2.830,924.000,7449083904,78.640,78.640,14.000,0.580,27.020
2026-09-25T17:38:00Z,1.960,2.800,924.000,7449083904,92.780,92.780,16.000,0.490,19.762
2026-09-25T17:39:00Z,2.035,2.920,924.000,7446986752,83.690,83.690,15.000,1.020,23.310
2026-09-25T17:40:00Z,1.925,2.840,924.000,7448035328,64.720,64.720,10.000,0.380,21.062
2026-09-25T17:41:00Z,1.695,2.540,924.000,7448035328,172.300,172.300,33.000,25.950,16.422
2026-09-25T17:42:00Z,2.770,3.910,924.000,7445938176,122.940,122.940,18.000,3.770,43.172
2026-09-25T17:43:00Z,2.090,2.750,924.000,7444889600,113.020,113.020,,2.350,31.052
2026-09-25T17:44:00Z,1.935,2.820,924.000,7444889600,79.180,79.180,19.000,1.240,28.352
2026-09-25T17:45:00Z,1.970,2.860,924.000,7446986752,75.410,75.410,13.000,0.440,19.910
2026-09-25T17:46:00Z,1.790,2.680,924.000,7446986752,79.620,79.620,14.000,0.540,18.957
2026-09-25T17:47:00Z,1.960,2.960,924.000,7444889600,69.890,69.890,11.000,0.800,20.027
2026-09-25T17:48:00Z,1.695,2.680,924.000,7442792448,41.880,41.880,6.000,0.110,17.562
2026-09-25T17:49:00Z,1.710,2.490,924.000,7442792448,62.300,62.300,,0.270,10.560
2026-09-25T17:50:00Z,1.805,2.760,924.000,7446986752,53.920,53.920,12.000,0.260,15.685
2026-09-25T17:51:00Z,1.780,2.580,924.000,7445938176,64.120,64.120,12.000,0.750,13.582
2026-09-25T17:52:00Z,1.745,2.680,924.000,7445938176,55.480,55.480,,0.370,16.128
2026-09-25T17:53:00Z,1.725,2.610,924.000,7445938176,47.010,47.010,9.000,0.360,14.185
2026-09-25T17:54:00Z,1.740,2.570,924.000,7444889600,64.860,64.860,10.000,0.430,11.848
2026-09-25T17:55:00Z,1.830,2.700,924.000,7443841024,63.430,63.430,15.000,0.790,16.310
2026-09-25T17:56:00Z,1.990,2.810,924.000,7445938176,89.110,89.110,12.000,1.180,15.953
2026-09-25T17:57:00Z,1.725,2.620,924.000,7446986752,51.210,51.210,9.000,0.400,22.367
2026-09-25T17:58:00Z,1.750,2.640,924.000,7443841024,55.110,55.110,8.000,0.320,12.895
2026-09-25T17:59:00Z,1.685,2.570,924.000,7444889600,41.670,41.670,7.000,0.180,13.867
2026-09-25T18:00:00Z,1.675,2.560,924.000,7444889600,38.510,38.510,7.000,0.180,10.502
2026-09-25T18:01:00Z,1.660,2.550,924.000,7446986752,56.970,56.970,10.000,0.460,9.725
2026-09-25T18:02:00Z,1.940,2.820,924.000,7446986752,94.380,94.380,16.000,0.980,14.332
2026-09-25T18:03:00Z,1.970,2.960,924.000,7443841024,62.160,62.160,10.000,0.340,23.892
2026-09-25T18:04:00Z,1.715,2.590,924.000,7443841024,49.230,49.230,7.000,0.200,15.658
2026-09-25T18:05:00Z,1.645,2.550,924.000,7443841024,38.050,38.050,7.000,0.190,12.418
2026-09-25T18:06:00Z,1.680,2.620,924.000,7443841024,44.820,44.820,8.000,0.130,9.610
2026-09-25T18:07:00Z,1.755,2.650,924.000,7442792448,65.590,65.590,11.000,1.110,11.303
2026-09-25T18:08:00Z,1.735,2.740,924.000,7444889600,41.790,41.790,6.000,0.220,16.495
2026-09-25T18:09:00Z,1.655,2.500,924.000,7445938176,60.010,60.010,,0.660,10.550
2026-09-25T18:10:00Z,1.865,2.770,924.000,7443841024,60.110,60.110,11.000,0.690,15.133
2026-09-25T18:11:00Z,1.655,2.650,924.000,7445938176,42.710,42.710,7.000,0.120,15.280
2026-09-25T18:12:00Z,1.715,2.600,924.000,7446986752,43.330,43.330,,0.210,10.775
2026-09-25T18:13:00Z,1.680,2.570,924.000,7444889600,41.720,41.720,7.000,0.180,11.143
2026-09-25T18:14:00Z,1.605,2.430,924.000,7444889600,50.380,50.380,9.000,0.300,10.525
2026-09-25T18:15:00Z,1.800,2.680,924.000,7446986752,55.330,55.330,10.000,0.560,12.710
2026-09-25T18:16:00Z,1.860,2.650,924.000,7446986752,92.050,92.050,16.000,0.990,13.925
2026-09-25T18:17:00Z,1.885,2.930,924.000,7445938176,57.390,57.390,,0.310,23.102
2026-09-25T18:18:00Z,1.790,2.650,924.000,7444889600,59.570,59.570,10.000,0.380,14.445
2026-09-25T18:19:00Z,1.645,2.510,924.000,7445938176,34.460,34.460,6.000,0.130,15.002
2026-09-25T18:20:00Z,2.495,2.890,924.000,7433355264,53.670,53.670,10.000,0.570,8.938
2026-09-25T18:21:00Z,1.765,2.660,924.000,7441743872,47.080,47.080,7.000,0.290,13.857
2026-09-25T18:22:00Z,1.675,2.470,924.000,7442792448,50.440,50.440,9.000,0.300,11.905
2026-09-25T18:23:00Z,1.610,2.570,924.000,7443841024,40.520,40.520,8.000,0.360,12.890
2026-09-25T18:24:00Z,1.670,2.610,924.000,7443841024,39.850,39.850,6.000,0.180,10.262
2026-09-25T18:25:00Z,1.650,2.560,924.000,7442792448,48.540,48.540,8.000,0.250,10.053
2026-09-25T18:26:00Z,1.685,2.620,924.000,7443841024,45.560,45.560,,0.210,12.227
2026-09-25T18:27:00Z,1.665,2.600,924.000,7442792448,40.250,40.250,8.000,0.420,11.488
2026-09-25T18:28:00Z,2.435,2.530,924.000,7444889600,295.270,295.270,,42.760,10.148
2026-09-25T18:29:00Z,2.720,3.920,924.000,7439646720,211.370,211.370,57.000,4.620,73.903
2026-09-25T18:30:00Z,2.945,4.120,924.000,7439646720,200.030,200.030,30.000,8.140,52.940
2026-09-25T18:31:00Z,2.360,3.140,924.000,7442792448,144.320,144.320,24.000,5.980,50.123
2026-09-25T18:32:00Z,2.205,3.010,924.000,7442792448,115.360,115.360,21.000,1.110,36.373
2026-09-25T18:33:00Z,2.110,2.980,924.000,7439646720,113.070,113.070,19.000,1.990,29.148
2026-09-25T18:34:00Z,2.015,3.040,924.000,7440695296,75.160,75.160,13.000,0.500,28.372
2026-09-25T18:35:00Z,1.925,2.750,924.000,7442792448,95.280,95.280,15.000,1.530,18.895
2026-09-25T18:36:00Z,1.830,2.740,924.000,7442792448,83.580,83.580,16.000,1.690,23.918
2026-09-25T18:37:00Z,1.940,2.950,924.000,7439646720,67.870,67.870,12.000,0.460,21.163
2026-09-25T18:38:00Z,1.805,2.760,924.000,7440695296,61.760,61.760,10.000,0.470,17.075
2026-09-25T18:39:00Z,1.995,2.670,924.000,7440695296,111.730,111.730,20.000,1.120,15.530
2026-09-25T18:40:00Z,2.010,3.020,924.000,7441743872,99.930,99.930,18.000,1.410,28.050
2026-09-25T18:41:00Z,2.040,3.050,924.000,7438598144,89.790,89.790,14.000,0.540,25.235
2026-09-25T18:42:00Z,2.010,2.790,924.000,7440695296,88.480,88.480,18.000,1.040,22.550
2026-09-25T18:43:00Z,1.925,2.760,924.000,7439646720,107.050,107.050,,2.020,22.410
2026-09-25T18:44:00Z,2.015,2.930,924.000,7439646720,83.000,83.000,17.000,2.240,26.872
2026-09-25T18:45:00Z,1.750,2.620,924.000,7442792448,58.300,58.300,13.000,0.530,20.852
2026-09-25T18:46:00Z,1.760,2.610,924.000,7442792448,51.610,51.610,,0.280,14.670
2026-09-25T18:47:00Z,1.820,2.650,924.000,7441743872,81.690,81.690,13.000,1.270,13.033
2026-09-25T18:48:00Z,1.795,2.710,924.000,7442792448,60.810,60.810,11.000,0.460,20.520
2026-09-25T18:49:00Z,1.835,2.690,924.000,7442792448,60.220,60.220,10.000,0.510,15.293
2026-09-25T18:50:00Z,1.700,2.560,924.000,7442792448,58.560,58.560,10.000,0.510,15.165
2026-09-25T18:51:00Z,1.660,2.580,924.000,7441743872,35.380,35.380,6.000,0.110,14.730
2026-09-25T18:52:00Z,1.705,2.510,924.000,7439646720,47.780,47.780,9.000,0.370,8.943
2026-09-25T18:53:00Z,1.645,2.520,924.000,7441743872,53.040,53.040,8.000,0.270,12.235
2026-09-25T18:54:00Z,1.700,2.650,924.000,7441743872,43.170,43.170,8.000,0.200,13.370
2026-09-25T18:55:00Z,1.650,2.610,924.000,7440695296,41.330,41.330,,0.170,10.887
2026-09-25T18:56:00Z,1.790,2.540,924.000,7438598144,69.950,69.950,13.000,2.880,10.443
2026-09-25T18:57:00Z,1.825,2.730,924.000,7441743872,58.410,58.410,9.000,0.370,17.593
2026-09-25T18:58:00Z,1.730,2.630,924.000,7441743872,53.070,53.070,9.000,0.280,14.700
2026-09-25T18:59:00Z,1.740,2.610,924.000,7441743872,48.090,48.090,,0.280,13.357
2026-09-25T19:00:00Z,1.695,2.620,924.000,7441743872,56.120,56.120,9.000,0.330,12.133
2026-09-25T19:01:00Z,1.775,2.700,924.000,7440695296,65.490,65.490,13.000,0.770,14.127
2026-09-25T19:02:00Z,1.980,2.890,924.000,7441743872,84.970,84.970,14.000,0.960,16.462
2026-09-25T19:03:00Z,1.860,2.880,924.000,7441743872,156.950,156.950,27.000,18.770,21.532
2026-09-25T19:04:00Z,2.260,3.620,924.000,7438598144,56.110,56.110,10.000,0.170,39.347
2026-09-25T19:05:00Z,1.910,2.790,924.000,7438598144,71.280,71.280,11.000,0.510,14.137
2026-09-25T19:06:00Z,1.765,2.620,924.000,7437549568,59.900,59.900,9.000,0.350,17.918
2026-09-25T19:07:00Z,1.735,2.570,924.000,7437549568,61.760,61.760,11.000,0.330,15.065
2026-09-25T19:08:00Z,1.860,2.740,924.000,7439646720,61.120,61.120,10.000,0.190,15.545
2026-09-25T19:09:00Z,1.760,2.550,924.000,7437549568,55.990,55.990,,0.480,15.365
2026-09-25T19:10:00Z,1.725,2.610,924.000,7438598144,53.340,53.340,11.000,0.310,14.120
2026-09-25T19:11:00Z,1.695,2.560,924.000,7439646720,51.220,51.220,9.000,0.350,13.575
2026-09-25T19:12:00Z,1.685,2.640,924.000,7439646720,44.410,44.410,8.000,0.220,12.902
2026-09-25T19:13:00Z,1.760,2.590,924.000,7439646720,62.340,62.340,11.000,0.500,11.412
2026-09-25T19:14:00Z,1.855,2.660,924.000,7439646720,86.010,86.010,15.000,1.060,15.670
2026-09-25T19:15:00Z,1.840,2.890,924.000,7437549568,57.440,57.440,8.000,1.010,21.620
2026-09-25T19:16:00Z,1.880,2.710,924.000,7436500992,90.720,90.720,18.000,1.730,14.465
2026-09-25T19:17:00Z,2.075,2.970,924.000,7438598144,96.460,96.460,,1.490,22.765
2026-09-25T19:18:00Z,1.795,2.670,924.000,7439646720,58.810,58.810,15.000,0.510,24.212
2026-09-25T19:19:00Z,1.720,2.580,924.000,7439646720,46.340,46.340,,0.220,14.820
2026-09-25T19:20:00Z,2.200,2.490,924.000,7415529472,49.290,49.290,9.000,0.560,11.875
2026-09-25T19:21:00Z,2.165,3.240,924.000,7440695296,73.680,73.680,13.000,0.780,12.693
2026-09-25T19:22:00Z,1.955,2.750,924.000,7440695296,101.860,101.860,,1.870,18.573
2026-09-25T19:23:00Z,1.880,2.870,924.000,7441743872,56.480,56.480,17.000,0.460,25.782
2026-09-25T19:24:00Z,1.720,2.610,924.000,7441743872,62.300,62.300,,0.600,14.223
2026-09-25T19:25:00Z,1.900,2.810,924.000,7441743872,55.750,55.750,11.000,0.310,15.685
2026-09-25T19:26:00Z,1.725,2.460,924.000,7441743872,65.460,65.460,12.000,0.560,14.030
2026-09-25T19:27:00Z,1.925,2.750,924.000,7440695296,78.630,78.630,14.000,0.840,16.468
2026-09-25T19:28:00Z,2.025,2.780,924.000,7438598144,103.660,103.660,19.000,1.480,19.755
2026-09-25T19:29:00Z,1.945,2.870,924.000,7441743872,81.820,81.820,17.000,1.160,26.012
2026-09-25T19:30:00Z,2.000,3.010,924.000,7440695296,98.150,98.150,12.000,2.500,20.573
2026-09-25T19:31:00Z,1.910,2.770,924.000,7441743872,99.320,99.320,18.000,1.390,24.633
2026-09-25T19:32:00Z,2.185,3.020,924.000,7439646720,110.430,110.430,,3.190,24.922
2026-09-25T19:33:00Z,2.055,2.890,924.000,7440695296,116.760,116.760,21.000,3.820,27.898
2026-09-25T19:34:00Z,1.890,2.840,924.000,7438598144,65.330,65.330,13.000,0.710,29.293
2026-09-25T19:35:00Z,1.775,2.770,924.000,7438598144,71.490,71.490,12.000,0.520,16.418
2026-09-25T19:36:00Z,1.875,2.880,924.000,7438598144,69.360,69.360,12.000,0.560,17.977
2026-09-25T19:37:00Z,1.905,2.870,924.000,7438598144,71.030,71.030,11.000,0.590,17.570
2026-09-25T19:38:00Z,1.870,2.830,924.000,7440695296,119.850,119.850,27.000,12.050,17.890
2026-09-25T19:39:00Z,2.705,3.500,924.000,7438598144,236.760,236.760,,28.960,30.270
2026-09-25T19:40:00Z,2.290,3.520,924.000,7438598144,94.460,94.460,37.000,0.920,59.312
2026-09-25T19:41:00Z,1.875,2.800,924.000,7438598144,65.350,65.350,14.000,0.690,23.860
2026-09-25T19:42:00Z,2.115,2.940,924.000,7438598144,105.290,105.290,18.000,1.150,16.453
2026-09-25T19:43:00Z,1.950,2.900,924.000,7438598144,81.020,81.020,12.000,0.800,26.633
2026-09-25T19:44:00Z,1.865,2.790,924.000,7437549568,70.370,70.370,12.000,0.980,20.350
2026-09-25T19:45:00Z,1.885,2.720,924.000,7435452416,103.780,103.780,18.000,1.320,17.695
2026-09-25T19:46:00Z,2.100,3.080,924.000,7434403840,153.320,153.320,40.000,16.650,26.043
2026-09-25T19:47:00Z,3.220,4.060,924.000,7437549568,302.800,302.800,43.000,30.590,38.460
2026-09-25T19:48:00Z,2.565,3.470,924.000,7436500992,179.540,179.540,31.000,2.390,75.795
2026-09-25T19:49:00Z,2.560,3.510,924.000,7434403840,152.990,152.990,27.000,2.350,44.990
2026-09-25T19:50:00Z,2.135,3.100,924.000,7433355264,134.510,134.510,25.000,1.940,38.362
2026-09-25T19:51:00Z,2.425,3.450,924.000,7432306688,199.360,199.360,39.000,17.100,33.720
2026-09-25T19:52:00Z,3.070,4.090,924.000,7431258112,236.420,236.420,38.000,9.130,49.950
2026-09-25T19:53:00Z,2.680,3.710,924.000,7436500992,168.170,168.170,29.000,1.620,59.428
2026-09-25T19:54:00Z,2.360,3.350,924.000,7435452416,139.640,139.640,24.000,1.530,42.157
2026-09-25T19:55:00Z,2.310,3.240,924.000,7436500992,143.340,143.340,26.000,3.390,34.995
2026-09-25T19:56:00Z,2.555,3.260,924.000,7433355264,255.230,255.230,44.000,23.820,35.945
2026-09-25T19:57:00Z,2.890,3.850,924.000,7434403840,239.210,239.210,45.000,9.550,63.910
2026-09-25T19:58:00Z,2.880,3.910,924.000,7433355264,197.750,197.750,31.000,4.530,59.907
2026-09-25T19:59:00Z,2.545,3.410,924.000,7434403840,178.010,178.010,30.000,3.250,49.530
2026-09-25T20:00:00Z,2.520,3.400,924.000,7431258112,237.370,237.370,51.000,19.140,44.593
2026-09-25T20:01:00Z,4.085,4.620,924.000,7431258112,550.270,550.270,100.000,97.350,59.453
2026-09-25T20:02:00Z,4.495,5.890,924.000,7419723776,572.390,572.390,90.000,121.140,137.665
2026-09-25T20:03:00Z,2.725,4.280,924.000,7420772352,89.680,89.680,15.000,0.480,143.363
2026-09-25T20:04:00Z,1.915,2.810,924.000,7420772352,74.920,74.920,12.000,0.530,22.527
2026-09-25T20:05:00Z,1.810,2.780,924.000,7420772352,60.500,60.500,11.000,0.720,18.845
2026-09-25T20:06:00Z,1.830,2.810,924.000,7420772352,68.780,68.780,11.000,1.080,15.227
2026-09-25T20:07:00Z,1.870,2.840,924.000,7419723776,53.830,53.830,8.000,0.380,17.293
2026-09-25T20:08:00Z,1.610,2.530,924.000,7420772352,31.290,31.290,5.000,0.340,13.547
2026-09-25T20:09:00Z,1.665,2.460,924.000,7420772352,37.540,37.540,6.000,0.260,7.912
2026-09-25T20:10:00Z,1.625,2.620,924.000,7419723776,26.920,26.920,4.000,0.220,9.515
2026-09-25T20:11:00Z,1.565,2.520,924.000,7418675200,27.360,27.360,5.000,0.090,7.098
2026-09-25T20:12:00Z,1.655,2.590,924.000,7417626624,28.020,28.020,5.000,0.060,6.955
2026-09-25T20:13:00Z,1.700,2.540,924.000,7417626624,38.710,38.710,,0.250,7.315
2026-09-25T20:14:00Z,1.550,2.450,924.000,7417626624,26.820,26.820,6.000,0.120,9.768
2026-09-25T20:15:00Z,1.530,2.420,924.000,7418675200,24.180,24.180,4.000,0.170,6.822
2026-09-25T20:16:00Z,1.570,2.430,924.000,7418675200,44.480,44.480,,0.220,6.135
2026-09-25T20:17:00Z,1.690,2.680,924.000,7418675200,24.470,24.470,7.000,0.040,11.223
2026-09-25T20:18:00Z,1.580,2.490,924.000,7419723776,30.740,30.740,5.000,0.150,6.232
2026-09-25T20:19:00Z,1.480,2.380,924.000,7420772352,17.060,17.060,3.000,0.050,7.775
2026-09-25T20:20:00Z,1.475,2.420,924.000,7420772352,13.090,13.090,2.000,0.030,4.550
2026-09-25T20:21:00Z,2.295,4.030,924.000,7420772352,11.060,11.060,2.000,0.020,3.365
2026-09-25T20:22:00Z,1.550,2.460,924.000,7420772352,14.730,14.730,,0.020,3.170
2026-09-25T20:23:00Z,1.425,2.350,924.000,7420772352,8.540,8.540,2.000,0.010,3.998
2026-09-25T20:24:00Z,1.450,2.330,924.000,7420772352,8.660,8.660,2.000,0.010,2.232
2026-09-25T20:25:00Z,1.455,2.390,924.000,7420772352,11.460,11.460,1.000,0.100,2.280
2026-09-25T20:26:00Z,1.405,2.290,924.000,7420772352,11.670,11.670,3.000,0.010,2.960
2026-09-25T20:27:00Z,1.520,2.510,924.000,7420772352,20.670,20.670,2.000,0.100,3.022
2026-09-25T20:28:00Z,1.510,2.430,924.000,7420772352,17.030,17.030,,0.040,5.265
2026-09-25T20:29:00Z,1.475,2.410,924.000,7420772352,6.560,6.560,3.000,0.010,4.355
2026-09-25T20:30:00Z,1.415,2.320,924.000,7419723776,11.830,11.830,1.000,0.020,1.760
2026-09-25T20:31:00Z,1.505,2.370,924.000,7419723776,18.820,18.820,3.000,0.140,3.055
2026-09-25T20:32:00Z,1.640,2.570,924.000,7419723776,19.190,19.190,3.000,0.030,4.803
2026-09-25T20:33:00Z,1.535,2.460,924.000,7419723776,19.260,19.260,3.000,0.070,5.082
2026-09-25T20:34:00Z,1.515,2.430,924.000,7419723776,16.030,16.030,,0.040,4.930
2026-09-25T20:35:00Z,1.465,2.420,924.000,7419723776,12.500,12.500,3.000,0.030,4.397
2026-09-25T20:36:00Z,1.470,2.380,924.000,7419723776,15.690,15.690,2.000,0.020,3.248
2026-09-25T20:37:00Z,1.520,2.500,924.000,7419723776,6.630,6.630,1.000,0.010,4.215
2026-09-25T20:38:00Z,1.475,2.390,924.000,7419723776,13.890,13.890,2.000,0.040,1.760
2026-09-25T20:39:00Z,1.435,2.300,924.000,7419723776,9.640,9.640,1.000,0.010,3.587
2026-09-25T20:40:00Z,1.415,2.360,924.000,7419723776,5.210,5.210,0.000,0.000,2.533
2026-09-25T20:41:00Z,1.385,2.250,924.000,7419723776,8.810,8.810,1.000,0.010,1.545
2026-09-25T20:42:00Z,1.400,2.250,924.000,7418675200,5.200,5.200,1.000,0.000,2.312
2026-09-25T20:43:00Z,1.425,2.280,924.000,7418675200,14.890,14.890,2.000,0.020,1.673
2026-09-25T20:44:00Z,1.420,2.320,924.000,7418675200,7.330,7.330,1.000,0.010,3.828
2026-09-25T20:45:00Z,1.435,2.320,924.000,7419723776,11.730,11.730,2.000,0.040,1.948
2026-09-25T20:46:00Z,1.455,2.340,924.000,7419723776,19.440,19.440,3.000,0.040,3.015
2026-09-25T20:47:00Z,1.525,2.470,924.000,7419723776,14.530,14.530,2.000,0.060,5.008
2026-09-25T20:48:00Z,1.480,2.460,924.000,7420772352,8.530,8.530,,0.010,3.730
2026-09-25T20:49:00Z,1.435,2.360,924.000,7419723776,7.180,7.180,1.000,0.010,2.205
2026-09-25T20:50:00Z,1.435,2.390,924.000,7419723776,6.310,6.310,1.000,0.010,1.885
2026-09-25T20:51:00Z,1.415,2.330,924.000,7418675200,11.220,11.220,,0.020,1.683
2026-09-25T20:52:00Z,1.495,2.380,924.000,7418675200,8.190,8.190,1.000,0.010,2.897
2026-09-25T20:53:00Z,1.380,2.220,924.000,7418675200,9.430,9.430,1.000,0.010,2.382
2026-09-25T20:54:00Z,1.395,2.240,924.000,7418675200,11.060,11.060,2.000,0.050,2.505
2026-09-25T20:55:00Z,1.355,2.210,924.000,7418675200,8.080,8.080,1.000,0.010,2.850
2026-09-25T20:56:00Z,1.395,2.230,924.000,7418675200,12.140,12.140,2.000,0.030,2.135
2026-09-25T20:57:00Z,1.415,2.290,924.000,7418675200,8.860,8.860,1.000,0.010,3.138
2026-09-25T20:58:00Z,1.400,2.290,924.000,7418675200,8.180,8.180,1.000,0.010,2.308
2026-09-25T20:59:00Z,1.440,2.300,924.000,7418675200,11.210,11.210,2.000,0.010,2.143
2026-09-25T21:00:00Z,1.475,2.350,924.000,7418675200,15.310,15.310,2.000,0.030,2.905
2026-09-25T21:01:00Z,1.510,2.400,924.000,7418675200,25.090,25.090,3.000,0.040,3.913
2026-09-25T21:02:00Z,7.060,13.680,924.000,7492075520,0.230,0.230,0.000,0.000,6.370
2026-09-25T21:03:00Z,1.295,2.220,924.000,7492075520,0.050,0.050,0.000,0.000,0.338
2026-09-25T21:04:00Z,1.275,2.160,924.000,7492075520,0.000,0.000,0.000,0.000,0.115
2026-09-25T21:05:00Z,1.315,2.260,924.000,7492075520,0.000,0.000,0.000,0.000,0.117
2026-09-25T21:06:00Z,1.315,2.270,924.000,7491026944,0.000,0.000,0.000,0.000,0.092
2026-09-25T21:07:00Z,1.310,2.230,924.000,7491026944,0.000,0.000,0.000,0.000,0.105
2026-09-25T21:08:00Z,1.275,2.200,924.000,7491026944,0.000,0.000,0.000,0.000,0.092
2026-09-25T21:09:00Z,1.230,2.060,924.000,7491026944,0.000,0.000,0.000,0.000,0.090
2026-09-25T21:10:00Z,1.265,2.160,924.000,7492075520,0.000,0.000,0.000,0.000,0.122
2026-09-25T21:11:00Z,1.280,2.190,924.000,7491026944,0.000,0.000,0.000,0.000,0.242
2026-09-25T21:12:00Z,1.375,2.380,924.000,7577010176,0.000,0.000,0.000,0.000,0.102
2026-09-25T21:13:00Z,1.280,2.200,924.000,7577010176,0.000,0.000,0.000,0.000,0.515
2026-09-25T21:14:00Z,1.295,2.210,924.000,7577010176,0.000,0.000,0.000,0.000,0.128
2026-09-25T21:15:00Z,1.260,2.160,924.000,7577010176,0.000,0.000,0.000,0.000,0.115
2026-09-25T21:16:00Z,1.260,2.170,924.000,7577010176,0.000,0.000,0.000,0.000,0.107
2026-09-25T21:17:00Z,1.270,2.180,924.000,7577010176,0.000,0.000,,0.000,0.085
2026-09-25T21:18:00Z,1.270,2.200,924.000,7577010176,0.000,0.000,0.000,0.000,0.090
2026-09-25T21:19:00Z,1.310,2.220,924.000,7575961600,0.000,0.000,0.000,0.000,0.092
2026-09-25T21:20:00Z,1.245,2.140,924.000,7575961600,0.000,0.000,0.000,0.000,0.352
2026-09-25T21:21:00Z,2.120,2.590,924.000,7569670144,0.000,0.000,0.000,0.000,0.105
2026-09-25T21:22:00Z,1.300,2.230,924.000,7584350208,0.000,0.000,0.000,0.000,0.667
2026-09-25T21:23:00Z,1.280,2.210,924.000,7584350208,0.000,0.000,0.000,0.000,0.345
2026-09-25T21:24:00Z,1.305,2.220,924.000,7584350208,0.000,0.000,0.000,0.000,0.115
2026-09-25T21:25:00Z,1.265,2.180,924.000,7584350208,0.000,0.000,0.000,0.000,0.090
2026-09-25T21:26:00Z,1.290,2.230,924.000,7584350208,0.000,0.000,0.000,0.000,0.115
2026-09-25T21:27:00Z,1.230,2.100,924.000,7584350208,0.000,0.000,0.000,0.000,0.098
2026-09-25T21:28:00Z,1.235,2.120,924.000,7584350208,0.000,0.000,0.000,0.000,0.090
2026-09-25T21:29:00Z,1.290,2.190,924.000,7584350208,0.000,0.000,0.000,0.000,0.070
2026-09-25T21:30:00Z,1.275,2.190,924.000,7584350208,0.000,0.000,0.000,0.000,0.115
2026-09-25T21:31:00Z,1.275,2.200,924.000,7584350208,0.000,0.000,0.000,0.000,0.098
2026-09-25T21:32:00Z,1.320,2.290,924.000,7584350208,0.000,0.000,0.000,0.000,0.090
2026-09-25T21:33:00Z,1.300,2.250,924.000,7584350208,0.000,0.000,0.000,0.000,0.280
2026-09-25T21:34:00Z,1.365,2.340,924.000,7582253056,0.000,0.000,0.000,0.000,0.098
2026-09-25T21:35:00Z,1.275,2.180,924.000,7582253056,0.000,0.000,0.000,0.000,0.320
2026-09-25T21:36:00Z,1.280,2.160,924.000,7582253056,0.000,0.000,0.000,0.000,0.092
2026-09-25T21:37:00Z,1.270,2.170,924.000,7582253056,0.000,0.000,0.000,0.000,0.268
2026-09-25T21:38:00Z,1.290,2.210,924.000,7582253056,0.000,0.000,0.000,0.000,0.102
2026-09-25T21:39:00Z,1.300,2.200,924.000,7582253056,0.000,0.000,0.000,0.000,0.110
2026-09-25T21:40:00Z,1.265,2.160,924.000,7582253056,0.000,0.000,0.000,0.000,0.117
2026-09-25T21:41:00Z,1.265,2.160,924.000,7582253056,0.000,0.000,0.000,0.000,0.240
2026-09-25T21:42:00Z,1.290,2.210,924.000,7582253056,0.000,0.000,0.000,0.000,0.092
2026-09-25T21:43:00Z,1.230,2.090,924.000,7582253056,0.000,0.000,0.000,0.000,0.305
2026-09-25T21:44:00Z,1.255,2.110,924.000,7582253056,0.000,0.000,0.000,0.000,0.098
2026-09-25T21:45:00Z,1.250,2.120,924.000,7582253056,0.000,0.000,0.000,0.000,0.115
2026-09-25T21:46:00Z,1.265,2.160,924.000,7582253056,0.000,0.000,0.000,0.000,0.095
2026-09-25T21:47:00Z,1.225,2.080,,7582253056,,,,,0.140
