timestamp_utc,Percentage CPU (average),Percentage CPU (maximum),CPU Credits Remaining (average),Available Memory Bytes (minimum),Data Disk Write Operations/Sec (average),Data Disk Write Operations/Sec (maximum),Data Disk IOPS Consumed Percentage (maximum),Data Disk Queue Depth (maximum),Disk Write Operations/Sec (average),Data Disk Read Operations/Sec (maximum)
2026-09-27T20:30:00Z,,,,,,,,,,
2026-09-27T20:31:00Z,,,,,,,,,,
2026-09-27T20:32:00Z,,,,0.000,,,,,,
2026-09-27T20:33:00Z,17.575,33.530,,0.000,,,0.000,,,
2026-09-27T20:34:00Z,1.340,2.330,60.470,7699693568.000,0.000,0.000,0.000,0.000,,0.000
2026-09-27T20:35:00Z,1.330,2.340,61.040,7699693568.000,0.000,0.000,0.000,0.000,1.897,0.000
2026-09-27T20:36:00Z,1.310,2.300,61.620,7699693568.000,0.000,0.000,0.000,0.000,0.338,0.000
2026-09-27T20:37:00Z,1.335,2.340,62.190,7699693568.000,0.000,0.000,0.000,0.000,0.102,0.000
2026-09-27T20:38:00Z,2.260,2.400,62.760,,0.000,0.000,0.000,0.000,0.090,0.000
2026-09-27T20:39:00Z,1.405,2.460,63.310,7699693568.000,0.000,0.000,0.000,0.000,0.105,0.000
2026-09-27T20:40:00Z,1.310,2.290,63.880,7734296576.000,0.000,0.000,0.000,0.000,0.690,0.000
2026-09-27T20:41:00Z,1.345,2.300,64.745,7734296576.000,0.000,0.000,0.000,0.000,0.107,0.000
2026-09-27T20:42:00Z,1.310,2.290,,7734296576.000,0.000,0.000,0.000,0.000,,0.000
2026-09-27T20:43:00Z,1.335,2.310,65.610,7734296576.000,0.000,0.000,0.000,0.000,0.280,0.000
2026-09-27T20:44:00Z,1.365,2.390,66.180,7734296576.000,0.000,0.000,0.000,0.000,0.102,0.000
2026-09-27T20:45:00Z,1.340,2.350,66.750,7734296576.000,0.000,0.000,0.000,0.000,0.102,0.000
2026-09-27T20:46:00Z,,,67.330,,0.000,0.000,0.000,0.000,0.117,0.000
2026-09-27T20:47:00Z,1.298,2.290,67.910,7734296576.000,0.000,0.000,0.000,0.000,0.102,0.000
2026-09-27T20:48:00Z,1.335,2.310,68.490,7735345152.000,0.000,0.000,0.000,0.000,0.085,0.000
2026-09-27T20:49:00Z,1.270,2.210,69.070,7735345152.000,0.000,0.000,0.000,0.000,0.102,0.000
2026-09-27T20:50:00Z,1.470,2.320,69.650,7732199424.000,0.000,0.000,0.000,0.000,0.360,0.000
2026-09-27T20:51:00Z,1.305,2.230,70.220,7732199424.000,0.000,0.000,0.000,0.000,0.347,0.000
2026-09-27T20:52:00Z,1.310,2.310,70.790,7732199424.000,0.000,0.000,0.000,0.000,0.465,0.000
2026-09-27T20:53:00Z,1.325,2.300,71.370,7732199424.000,0.000,0.000,0.000,0.000,0.307,0.000
2026-09-27T20:54:00Z,1.310,2.290,71.950,7732199424.000,0.000,0.000,0.000,0.000,0.110,0.000
2026-09-27T20:55:00Z,1.335,2.340,72.530,7732199424.000,0.000,0.000,0.000,0.000,0.128,0.000
2026-09-27T20:56:00Z,1.345,2.360,73.100,7732199424.000,0.000,0.000,0.000,0.000,0.133,0.000
2026-09-27T20:57:00Z,1.300,2.270,73.680,7732199424.000,0.000,0.000,0.000,0.000,0.102,0.000
2026-09-27T20:58:00Z,1.355,2.380,74.250,7732199424.000,0.000,0.000,0.000,0.000,0.098,0.000
2026-09-27T20:59:00Z,1.335,2.360,74.820,7732199424.000,0.000,0.000,0.000,0.000,0.102,0.000
2026-09-27T21:00:00Z,1.315,2.320,75.400,7732199424.000,0.000,0.000,0.000,0.000,0.122,0.000
2026-09-27T21:01:00Z,1.320,2.280,75.980,7732199424.000,0.000,0.000,0.000,0.000,0.117,0.000
2026-09-27T21:02:00Z,1.355,2.390,76.550,7732199424.000,0.000,0.000,0.000,0.000,0.122,0.000
2026-09-27T21:03:00Z,1.325,2.320,77.130,7732199424.000,0.000,0.000,0.000,0.000,0.305,0.000
2026-09-27T21:04:00Z,,,77.700,,0.000,0.000,0.000,0.000,0.092,0.000
2026-09-27T21:05:00Z,1.333,2.370,78.280,7732199424.000,0.000,0.000,0.000,0.000,0.230,0.000
2026-09-27T21:06:00Z,1.305,2.290,78.860,7732199424.000,0.000,0.000,0.000,0.000,0.128,0.000
2026-09-27T21:07:00Z,1.320,2.330,79.440,7732199424.000,0.000,0.000,0.000,0.000,0.110,0.000
2026-09-27T21:08:00Z,1.340,2.360,80.020,,0.000,0.000,0.000,0.000,0.085,0.000
2026-09-27T21:09:00Z,1.310,2.310,80.600,7732199424.000,0.000,0.000,0.000,0.000,0.102,0.000
2026-09-27T21:10:00Z,1.310,2.320,81.180,7732199424.000,0.000,0.000,0.000,0.000,0.115,0.000
2026-09-27T21:11:00Z,1.380,2.390,82.035,7732199424.000,0.000,0.000,0.000,0.000,0.114,0.000
2026-09-27T21:12:00Z,1.330,2.350,,7732199424.000,0.000,0.000,0.000,0.000,,0.000
2026-09-27T21:13:00Z,1.320,2.320,82.900,7732199424.000,0.000,0.000,0.000,0.000,0.318,0.000
2026-09-27T21:14:00Z,1.355,2.400,83.470,7732199424.000,0.000,0.000,0.000,0.000,0.080,0.000
2026-09-27T21:15:00Z,1.330,2.350,84.040,7732199424.000,0.000,0.000,0.000,0.000,0.117,0.000
2026-09-27T21:16:00Z,1.350,2.390,84.900,7732199424.000,0.000,0.000,0.000,0.000,0.120,0.000
2026-09-27T21:17:00Z,3.670,5.020,,7689207808.000,0.000,0.000,0.000,0.000,,0.000
2026-09-27T21:18:00Z,1.345,2.380,85.720,7688159232.000,0.000,0.000,0.000,0.000,0.163,0.000
2026-09-27T21:19:00Z,1.330,2.350,86.290,7689207808.000,0.000,0.000,0.000,0.000,0.848,0.000
2026-09-27T21:20:00Z,1.355,2.390,86.860,7689207808.000,0.000,0.000,0.000,0.000,0.302,0.000
2026-09-27T21:21:00Z,1.385,2.390,87.715,7689207808.000,0.000,0.000,0.000,0.000,0.115,0.000
2026-09-27T21:22:00Z,1.305,2.290,,7689207808.000,0.000,0.000,0.000,0.000,,0.000
2026-09-27T21:23:00Z,,,88.580,7689207808.000,0.000,0.000,0.000,0.000,0.315,0.000
2026-09-27T21:24:00Z,1.327,2.330,89.160,7689207808.000,0.000,0.000,0.000,0.000,0.058,0.000
2026-09-27T21:25:00Z,1.345,2.370,89.730,7689207808.000,0.000,0.000,0.000,0.000,0.140,0.000
2026-09-27T21:26:00Z,1.325,2.330,90.310,7689207808.000,0.000,0.000,0.000,0.000,0.130,0.000
2026-09-27T21:27:00Z,1.315,2.310,90.890,7689207808.000,0.000,0.000,0.000,0.000,0.095,0.000
2026-09-27T21:28:00Z,1.315,2.310,91.470,7689207808.000,0.000,0.000,0.000,0.000,0.090,0.000
2026-09-27T21:29:00Z,1.345,2.360,92.040,7689207808.000,0.000,0.000,0.000,0.000,0.090,0.000
2026-09-27T21:30:00Z,,,92.610,7689207808.000,0.000,0.000,0.000,0.000,0.115,0.000
2026-09-27T21:31:00Z,1.335,2.330,93.190,7688159232.000,0.000,0.000,0.000,0.000,0.117,0.000
2026-09-27T21:32:00Z,1.350,2.370,93.760,7688159232.000,0.000,0.000,0.000,0.000,0.110,0.000
2026-09-27T21:33:00Z,1.385,2.410,94.330,7688159232.000,0.000,0.000,0.000,0.000,0.315,0.000
2026-09-27T21:34:00Z,1.345,2.360,94.900,7688159232.000,0.000,0.000,0.000,0.000,0.080,0.000
2026-09-27T21:35:00Z,1.320,2.320,95.470,7688159232.000,0.000,0.000,0.000,0.000,0.268,0.000
2026-09-27T21:36:00Z,1.320,2.300,96.050,7688159232.000,0.000,0.000,0.000,0.000,0.170,0.000
2026-09-27T21:37:00Z,1.305,2.280,96.630,7689207808.000,0.000,0.000,0.000,0.000,0.110,0.000
2026-09-27T21:38:00Z,1.755,2.470,97.200,7688159232.000,0.000,0.000,0.000,0.000,0.098,0.000
2026-09-27T21:39:00Z,1.800,3.270,97.760,7698644992.000,0.000,0.000,0.000,0.000,0.110,0.000
2026-09-27T21:40:00Z,1.335,2.350,98.330,7698644992.000,0.000,0.000,0.000,0.000,0.443,0.000
2026-09-27T21:41:00Z,1.330,2.290,99.195,7698644992.000,0.000,0.000,0.000,0.000,0.120,0.000
2026-09-27T21:42:00Z,1.310,2.310,,7698644992.000,0.000,0.000,0.000,0.000,,0.000
2026-09-27T21:43:00Z,1.835,3.350,100.060,7702839296.000,0.000,0.000,0.000,0.000,0.302,0.000
2026-09-27T21:44:00Z,,,100.620,,0.000,0.000,0.000,0.000,0.098,0.000
2026-09-27T21:45:00Z,1.340,2.410,101.200,7702839296.000,0.000,0.000,0.000,0.000,0.743,0.000
2026-09-27T21:46:00Z,1.320,2.310,101.780,7702839296.000,0.000,0.000,0.000,0.000,0.117,0.000
2026-09-27T21:47:00Z,1.295,2.280,102.360,7702839296.000,0.000,0.000,0.000,0.000,0.092,0.000
2026-09-27T21:48:00Z,1.320,2.330,102.940,7702839296.000,0.000,0.000,0.000,0.000,0.085,0.000
2026-09-27T21:49:00Z,1.320,2.320,103.520,7702839296.000,0.000,0.000,0.000,0.000,0.090,0.000
2026-09-27T21:50:00Z,1.335,2.360,104.090,7702839296.000,0.000,0.000,0.000,0.000,0.115,0.000
2026-09-27T21:51:00Z,1.365,2.360,104.660,7702839296.000,0.000,0.000,0.000,0.000,0.117,0.000
2026-09-27T21:52:00Z,1.325,2.340,105.230,7702839296.000,0.000,0.000,0.000,0.000,0.105,0.000
2026-09-27T21:53:00Z,,,105.810,7702839296.000,0.000,0.000,0.000,0.000,0.315,0.000
2026-09-27T21:54:00Z,1.315,2.340,106.390,7702839296.000,0.000,0.000,0.000,0.000,0.077,0.000
2026-09-27T21:55:00Z,1.330,2.340,106.970,7702839296.000,0.000,0.000,0.000,0.000,0.115,0.000
2026-09-27T21:56:00Z,1.780,3.240,107.550,7693402112.000,0.000,0.000,0.000,0.000,0.122,0.060
2026-09-27T21:57:00Z,1.305,2.290,108.120,7693402112.000,0.000,0.000,0.000,0.000,0.480,0.000
2026-09-27T21:58:00Z,1.365,2.420,108.690,7693402112.000,0.000,0.000,0.000,0.000,0.165,0.000
2026-09-27T21:59:00Z,,,109.270,,0.000,0.000,0.000,0.000,0.090,0.000
2026-09-27T22:00:00Z,1.325,2.380,109.840,7694450688.000,0.000,0.000,0.000,0.000,0.117,0.000
2026-09-27T22:01:00Z,1.810,2.630,110.420,7694450688.000,12.590,12.590,0.000,0.030,0.117,1.360
2026-09-27T22:02:00Z,2.090,3.200,110.980,7695499264.000,56.960,56.960,9.000,0.100,3.257,0.000
2026-09-27T22:03:00Z,1.830,2.780,111.540,7695499264.000,38.990,38.990,8.000,0.070,14.575,0.000
2026-09-27T22:04:00Z,1.800,2.900,112.100,7695499264.000,42.850,42.850,7.000,0.080,9.832,0.000
2026-09-27T22:05:00Z,1.610,2.660,112.660,7695499264.000,24.110,24.110,4.000,0.040,10.977,0.000
2026-09-27T22:06:00Z,1.565,2.510,113.230,7694450688.000,15.830,15.830,2.000,0.020,6.143,0.000
2026-09-27T22:07:00Z,1.520,2.490,113.800,7694450688.000,15.760,15.760,3.000,0.030,4.032,0.000
2026-09-27T22:08:00Z,1.565,2.520,114.370,7694450688.000,16.310,16.310,2.000,0.030,4.043,0.000
2026-09-27T22:09:00Z,1.505,2.530,114.940,7694450688.000,12.610,12.610,3.000,0.020,4.195,0.000
2026-09-27T22:10:00Z,1.525,2.530,115.510,7693402112.000,13.800,13.800,2.000,0.020,3.283,0.000
2026-09-27T22:11:00Z,1.485,2.420,116.080,7693402112.000,7.890,7.890,1.000,0.010,3.545,0.000
2026-09-27T22:12:00Z,1.440,2.420,116.650,7691304960.000,8.710,8.710,1.000,0.020,2.065,0.000
2026-09-27T22:13:00Z,1.475,2.490,117.220,7691304960.000,6.780,6.780,1.000,0.010,2.482,0.000
2026-09-27T22:14:00Z,1.520,2.470,117.790,7692353536.000,6.280,6.280,1.000,0.010,1.780,0.000
2026-09-27T22:15:00Z,1.625,2.590,118.360,7693402112.000,18.310,18.310,2.000,0.030,1.688,0.000
2026-09-27T22:16:00Z,1.680,2.670,119.215,7693402112.000,28.130,28.130,4.000,0.050,5.906,0.000
2026-09-27T22:17:00Z,1.530,2.570,,7692353536.000,14.710,14.710,3.000,0.020,,0.000
2026-09-27T22:18:00Z,1.600,2.630,120.070,7692353536.000,8.880,8.880,1.000,0.010,3.755,0.000
2026-09-27T22:19:00Z,1.490,2.480,120.640,7692353536.000,12.810,12.810,2.000,0.020,2.330,0.000
2026-09-27T22:20:00Z,1.510,2.560,121.210,7692353536.000,10.790,10.790,1.000,0.020,3.482,0.000
2026-09-27T22:21:00Z,1.545,2.470,122.065,7691304960.000,6.560,6.560,1.000,0.010,2.270,0.000
2026-09-27T22:22:00Z,1.635,2.760,,7690256384.000,23.660,23.660,3.000,0.050,,0.000
2026-09-27T22:23:00Z,1.480,2.470,122.920,7691304960.000,8.040,8.040,2.000,0.010,6.225,0.000
2026-09-27T22:24:00Z,1.455,2.440,123.490,7690256384.000,8.140,8.140,1.000,0.010,2.115,0.000
2026-09-27T22:25:00Z,1.505,2.560,124.060,7690256384.000,12.020,12.020,1.000,0.020,2.158,0.000
2026-09-27T22:26:00Z,1.420,2.430,124.630,7690256384.000,5.760,5.760,1.000,0.010,3.107,0.000
2026-09-27T22:27:00Z,1.465,2.490,125.200,7689207808.000,2.460,2.460,0.000,0.000,1.525,0.000
2026-09-27T22:28:00Z,1.455,2.480,125.770,7690256384.000,5.280,5.280,0.000,0.000,0.705,0.000
2026-09-27T22:29:00Z,1.495,2.500,126.340,7690256384.000,10.010,10.010,1.000,0.010,1.430,0.000
2026-09-27T22:30:00Z,1.550,2.540,126.910,7691304960.000,11.960,11.960,2.000,0.020,2.630,0.000
2026-09-27T22:31:00Z,1.540,2.520,127.480,7690256384.000,15.980,15.980,2.000,0.030,3.080,0.000
2026-09-27T22:32:00Z,1.550,2.560,128.050,7690256384.000,10.120,10.120,1.000,0.010,4.110,0.000
2026-09-27T22:33:00Z,1.505,2.520,128.905,7691304960.000,11.710,11.710,2.000,0.020,2.917,0.000
2026-09-27T22:34:00Z,1.495,2.480,,7691304960.000,7.780,7.780,1.000,0.010,,0.000
2026-09-27T22:35:00Z,1.470,2.460,129.760,7690256384.000,10.360,10.360,1.000,0.010,2.205,0.000
2026-09-27T22:36:00Z,1.580,2.600,130.330,7691304960.000,16.770,16.770,2.000,0.030,2.750,0.000
2026-09-27T22:37:00Z,1.520,2.500,130.900,7690256384.000,13.480,13.480,2.000,0.020,4.303,0.000
2026-09-27T22:38:00Z,1.530,2.590,131.470,7690256384.000,12.540,12.540,2.000,0.020,3.467,0.000
2026-09-27T22:39:00Z,2.280,4.020,132.040,7664041984.000,7.680,7.680,1.000,0.010,3.245,0.000
2026-09-27T22:40:00Z,1.485,2.540,132.600,7664041984.000,7.810,7.810,1.000,0.010,2.018,0.000
2026-09-27T22:41:00Z,1.480,2.480,133.170,7665090560.000,4.390,4.390,1.000,0.000,2.362,0.000
2026-09-27T22:42:00Z,1.445,2.420,133.740,7665090560.000,5.380,5.380,0.000,0.000,1.225,0.000
2026-09-27T22:43:00Z,1.460,2.500,134.310,7666139136.000,6.730,6.730,1.000,0.010,1.660,0.000
2026-09-27T22:44:00Z,,,134.880,,4.490,4.490,0.000,0.000,1.772,0.000
2026-09-27T22:45:00Z,2.618,5.090,135.450,7649361920.000,4.360,4.360,0.000,0.000,1.240,0.000
2026-09-27T22:46:00Z,2.385,4.250,135.960,7651459072.000,7.010,7.010,0.000,0.010,1.325,0.030
2026-09-27T22:47:00Z,2.345,4.170,136.510,7653556224.000,4.080,4.080,1.000,0.000,5.305,0.000
2026-09-27T22:48:00Z,1.430,2.400,137.080,7654604800.000,5.460,5.460,1.000,0.010,1.498,0.000
2026-09-27T22:49:00Z,1.460,2.410,137.650,7654604800.000,7.510,7.510,1.000,0.010,2.712,0.000
2026-09-27T22:50:00Z,1.445,2.430,138.220,7654604800.000,5.380,5.380,1.000,0.000,1.985,0.000
2026-09-27T22:51:00Z,1.510,2.460,138.790,7655653376.000,8.180,8.180,0.000,0.010,1.465,0.000
2026-09-27T22:52:00Z,1.500,2.490,139.360,7656701952.000,9.010,9.010,2.000,0.010,2.167,0.000
2026-09-27T22:53:00Z,1.530,2.610,139.930,7657750528.000,8.190,8.190,1.000,0.010,2.550,0.000
2026-09-27T22:54:00Z,1.485,2.530,140.500,7657750528.000,9.050,9.050,1.000,0.030,2.150,0.000
2026-09-27T22:55:00Z,1.470,2.490,141.070,7658799104.000,6.690,6.690,1.000,0.010,2.590,0.000
2026-09-27T22:56:00Z,1.510,2.520,141.640,7658799104.000,6.660,6.660,1.000,0.010,1.800,0.000
2026-09-27T22:57:00Z,1.440,2.430,142.210,7659847680.000,7.930,7.930,1.000,0.010,1.775,0.000
2026-09-27T22:58:00Z,1.420,2.410,142.780,,3.940,3.940,0.000,0.000,2.062,0.000
2026-09-27T22:59:00Z,1.515,2.600,143.350,7659847680.000,2.780,2.780,0.000,0.000,1.075,0.000
2026-09-27T23:00:00Z,1.435,2.420,143.920,7658799104.000,3.900,3.900,0.000,0.000,0.810,0.000
2026-09-27T23:01:00Z,1.500,2.440,144.490,7657750528.000,6.360,6.360,0.000,0.010,1.090,0.000
2026-09-27T23:02:00Z,1.465,2.460,145.060,7657750528.000,7.440,7.440,1.000,0.010,1.700,0.000
2026-09-27T23:03:00Z,1.475,2.410,145.630,7658799104.000,8.140,8.140,0.000,0.010,2.158,0.000
2026-09-27T23:04:00Z,1.440,2.430,146.200,7659847680.000,6.240,6.240,1.000,0.010,2.132,0.000
2026-09-27T23:05:00Z,1.420,2.400,146.770,7659847680.000,3.930,3.930,0.000,0.000,1.815,0.000
2026-09-27T23:06:00Z,1.445,2.430,147.340,7659847680.000,4.930,4.930,0.000,0.010,1.110,0.000
2026-09-27T23:07:00Z,1.480,2.540,147.910,7660896256.000,5.760,5.760,0.000,0.010,1.337,0.000
2026-09-27T23:08:00Z,1.445,2.480,148.480,7660896256.000,2.100,2.100,0.000,0.000,1.520,0.000
2026-09-27T23:09:00Z,1.495,2.510,149.050,7660896256.000,2.580,2.580,0.000,0.000,0.627,0.000
2026-09-27T23:10:00Z,1.500,2.580,149.620,7661944832.000,9.830,9.830,1.000,0.020,0.762,0.000
2026-09-27T23:11:00Z,1.480,2.470,150.190,7661944832.000,5.130,5.130,1.000,0.000,2.575,0.000
2026-09-27T23:12:00Z,1.425,2.440,150.760,7661944832.000,3.560,3.560,0.000,0.000,1.403,0.000
2026-09-27T23:13:00Z,1.510,2.600,151.330,7661944832.000,6.460,6.460,0.000,0.010,1.205,0.000
2026-09-27T23:14:00Z,1.425,2.420,151.900,7662993408.000,4.430,4.430,1.000,0.000,1.725,0.000
2026-09-27T23:15:00Z,1.435,2.460,152.470,7662993408.000,3.140,3.140,0.000,0.000,1.222,0.000
2026-09-27T23:16:00Z,1.450,2.450,153.325,7662993408.000,2.690,2.690,0.000,0.000,0.820,0.000
2026-09-27T23:17:00Z,1.445,2.460,,7664041984.000,5.800,5.800,0.000,0.010,,0.000
2026-09-27T23:18:00Z,1.500,2.580,154.180,7664041984.000,3.660,3.660,0.000,0.000,1.540,0.000
2026-09-27T23:19:00Z,1.495,2.580,154.750,7664041984.000,3.280,3.280,0.000,0.000,1.008,0.000
2026-09-27T23:20:00Z,,,155.320,7664041984.000,2.300,2.300,0.000,0.000,1.115,0.000
2026-09-27T23:21:00Z,1.455,2.460,155.890,7664041984.000,4.390,4.390,0.000,0.000,0.685,0.000
2026-09-27T23:22:00Z,1.470,2.530,156.745,7665090560.000,10.080,10.080,1.000,0.020,2.013,0.000
2026-09-27T23:23:00Z,1.525,2.510,,7665090560.000,8.210,8.210,0.000,0.010,,0.000
2026-09-27T23:24:00Z,,,157.600,7665090560.000,10.510,10.510,2.000,0.020,2.143,0.000
2026-09-27T23:25:00Z,1.470,2.500,158.170,7665090560.000,4.510,4.510,1.000,0.000,2.750,0.000
2026-09-27T23:26:00Z,1.465,2.470,158.740,7665090560.000,6.440,6.440,0.000,0.010,1.250,0.000
2026-09-27T23:27:00Z,1.420,2.400,159.310,7665090560.000,6.730,6.730,1.000,0.010,1.702,0.000
2026-09-27T23:28:00Z,1.460,2.430,159.880,7665090560.000,2.930,2.930,0.000,0.000,1.780,0.000
2026-09-27T23:29:00Z,1.425,2.450,160.450,7665090560.000,6.900,6.900,1.000,0.010,0.818,0.000
2026-09-27T23:30:00Z,1.430,2.410,161.020,7665090560.000,3.860,3.860,0.000,0.000,1.845,0.000
2026-09-27T23:31:00Z,1.510,2.550,161.590,7664041984.000,6.890,6.890,0.000,0.010,1.080,0.000
2026-09-27T23:32:00Z,1.430,2.370,162.160,7664041984.000,4.790,4.790,1.000,0.000,1.827,0.000
2026-09-27T23:33:00Z,1.475,2.430,162.730,7665090560.000,6.000,6.000,1.000,0.010,1.458,0.000
2026-09-27T23:34:00Z,1.395,2.340,163.300,7664041984.000,5.310,5.310,1.000,0.010,1.590,0.000
2026-09-27T23:35:00Z,,,163.870,,3.630,3.630,0.000,0.000,1.613,0.000
2026-09-27T23:36:00Z,1.450,2.400,164.725,7662993408.000,12.210,12.210,2.000,0.030,2.123,0.000
2026-09-27T23:37:00Z,1.435,2.440,,7664041984.000,7.480,7.480,1.000,0.010,,0.000
2026-09-27T23:38:00Z,1.415,2.370,165.580,7662993408.000,5.880,5.880,0.000,0.000,1.948,0.000
2026-09-27T23:39:00Z,,,166.150,,7.250,7.250,1.000,0.010,1.560,0.000
2026-09-27T23:40:00Z,2.260,2.440,166.700,7642021888.000,6.040,6.040,1.000,0.010,1.940,0.000
2026-09-27T23:41:00Z,1.495,2.530,167.270,7643070464.000,4.110,4.110,0.000,0.000,1.975,0.000
2026-09-27T23:42:00Z,1.510,2.460,167.840,7644119040.000,8.300,8.300,1.000,0.010,1.137,0.000
2026-09-27T23:43:00Z,1.635,2.620,168.410,7645167616.000,17.380,17.380,2.000,0.030,2.357,0.000
2026-09-27T23:44:00Z,1.540,2.580,168.980,7647264768.000,21.110,21.110,4.000,0.040,4.435,0.000
2026-09-27T23:45:00Z,1.490,2.510,169.550,7648313344.000,9.280,9.280,1.000,0.010,5.393,0.000
2026-09-27T23:46:00Z,1.575,2.560,170.120,7648313344.000,13.930,13.930,1.000,0.020,2.438,0.000
2026-09-27T23:47:00Z,1.485,2.450,170.690,7650410496.000,13.420,13.420,3.000,0.020,3.572,0.000
2026-09-27T23:48:00Z,,,171.260,7651459072.000,12.960,12.960,2.000,0.020,3.447,0.000
2026-09-27T23:49:00Z,1.525,2.530,171.830,7652507648.000,11.960,11.960,2.000,0.020,3.330,0.000
2026-09-27T23:50:00Z,,,172.400,,16.610,16.610,2.000,0.020,3.110,0.000
2026-09-27T23:51:00Z,1.530,2.600,173.255,7653556224.000,10.960,10.960,2.000,0.010,3.550,0.000
2026-09-27T23:52:00Z,1.530,2.540,,7655653376.000,11.530,11.530,1.000,0.020,,0.000
2026-09-27T23:53:00Z,1.475,2.490,174.110,7656701952.000,11.830,11.830,3.000,0.020,3.192,0.000
2026-09-27T23:54:00Z,1.545,2.510,174.680,7657750528.000,8.360,8.360,1.000,0.010,3.080,0.000
2026-09-27T23:55:00Z,1.610,2.700,175.250,7659847680.000,24.570,24.570,3.000,0.040,2.163,0.000
2026-09-27T23:56:00Z,,,175.820,7660896256.000,12.080,12.080,2.000,0.020,6.272,0.000
2026-09-27T23:57:00Z,1.460,2.530,176.390,7660896256.000,5.260,5.260,1.000,0.000,3.138,0.000
2026-09-27T23:58:00Z,1.590,2.680,176.960,7661944832.000,13.410,13.410,2.000,0.020,1.393,0.000
2026-09-27T23:59:00Z,1.450,2.460,177.530,7662993408.000,14.420,14.420,2.000,0.020,3.455,0.000
2026-09-28T00:00:00Z,1.515,2.530,178.100,7664041984.000,8.980,8.980,1.000,0.010,3.933,0.000
2026-09-28T00:01:00Z,1.835,2.910,178.670,7666139136.000,28.830,28.830,3.000,0.250,2.355,0.000
2026-09-28T00:02:00Z,1.630,2.620,179.515,7667187712.000,29.400,29.400,7.000,0.050,7.535,0.000
2026-09-28T00:03:00Z,1.770,2.810,,7669284864.000,34.340,34.340,4.000,0.070,,0.000
2026-09-28T00:04:00Z,1.535,2.480,180.370,7671382016.000,20.690,20.690,5.000,0.030,8.703,0.000
2026-09-28T00:05:00Z,1.595,2.610,180.940,7673479168.000,19.660,19.660,3.000,0.030,5.425,0.000
2026-09-28T00:06:00Z,1.595,2.620,181.795,7675576320.000,25.240,25.240,4.000,0.050,5.720,0.000
2026-09-28T00:07:00Z,1.545,2.610,,7676624896.000,16.910,16.910,3.000,0.030,,0.000
2026-09-28T00:08:00Z,1.610,2.670,182.935,7677673472.000,17.470,17.470,2.000,0.030,4.420,0.000
2026-09-28T00:09:00Z,1.525,2.520,,7679770624.000,17.540,17.540,3.000,0.030,,0.000
2026-09-28T00:10:00Z,1.490,2.500,183.790,7679770624.000,13.910,13.910,2.000,0.020,4.688,0.000
2026-09-28T00:11:00Z,1.525,2.530,184.645,7678722048.000,11.230,11.230,1.000,0.010,3.255,0.000
2026-09-28T00:12:00Z,1.500,2.480,,7678722048.000,13.290,13.290,2.000,0.020,,0.000
2026-09-28T00:13:00Z,1.435,2.390,185.500,7679770624.000,8.930,8.930,1.000,0.010,3.638,0.000
2026-09-28T00:14:00Z,1.540,2.550,186.070,7676624896.000,17.660,17.660,1.000,0.030,2.325,0.000
2026-09-28T00:15:00Z,1.530,2.530,186.640,7676624896.000,18.410,18.410,3.000,0.030,4.543,0.000
2026-09-28T00:16:00Z,1.655,2.560,187.210,7676624896.000,16.880,16.880,2.000,0.030,4.692,0.000
2026-09-28T00:17:00Z,1.595,2.600,187.780,7677673472.000,30.510,30.510,5.000,0.060,4.317,0.000
2026-09-28T00:18:00Z,1.540,2.560,188.350,7676624896.000,15.980,15.980,3.000,0.020,7.720,0.000
2026-09-28T00:19:00Z,2.620,2.620,188.920,7675576320.000,17.410,17.410,3.000,0.030,4.085,0.000
2026-09-28T00:20:00Z,1.170,2.520,189.490,7676624896.000,9.290,9.290,1.000,0.010,4.625,0.000
2026-09-28T00:21:00Z,1.585,2.640,190.345,7675576320.000,16.690,16.690,2.000,0.030,3.351,0.000
2026-09-28T00:22:00Z,1.485,2.480,,7676624896.000,14.480,14.480,2.000,0.020,,0.000
2026-09-28T00:23:00Z,1.565,2.600,191.200,7676624896.000,11.990,11.990,2.000,0.020,3.922,0.000
2026-09-28T00:24:00Z,1.555,2.540,191.770,7676624896.000,16.160,16.160,2.000,0.040,3.087,0.000
2026-09-28T00:25:00Z,1.570,2.600,192.340,7674527744.000,15.790,15.790,3.000,0.020,4.162,0.000
2026-09-28T00:26:00Z,1.535,2.540,193.195,7674527744.000,14.940,14.940,2.000,0.020,3.947,0.000
2026-09-28T00:27:00Z,1.530,2.470,,7674527744.000,11.660,11.660,2.000,0.020,,0.000
2026-09-28T00:28:00Z,1.545,2.580,194.050,7674527744.000,19.560,19.560,3.000,0.030,3.005,0.000
2026-09-28T00:29:00Z,1.570,2.550,194.620,7673479168.000,10.030,10.030,2.000,0.010,4.980,0.000
2026-09-28T00:30:00Z,1.560,2.540,195.190,7673479168.000,15.880,15.880,2.000,0.030,2.627,0.000
2026-09-28T00:31:00Z,1.515,2.540,195.760,7673479168.000,14.180,14.180,2.000,0.030,4.085,0.000
2026-09-28T00:32:00Z,1.660,2.520,196.330,,12.330,12.330,1.000,0.020,3.647,0.000
2026-09-28T00:33:00Z,1.700,2.820,196.890,7673479168.000,29.410,29.410,5.000,0.050,3.397,0.000
2026-09-28T00:34:00Z,1.520,2.520,197.460,7673479168.000,12.520,12.520,2.000,0.020,7.438,0.000
2026-09-28T00:35:00Z,1.855,2.980,198.030,7673479168.000,25.920,25.920,3.000,0.080,3.408,0.000
2026-09-28T00:36:00Z,1.570,2.590,198.590,7672430592.000,24.710,24.710,5.000,0.040,6.660,0.000
2026-09-28T00:37:00Z,1.610,2.590,199.160,7674527744.000,17.160,17.160,3.000,0.030,6.508,0.000
2026-09-28T00:38:00Z,1.625,2.710,199.730,7673479168.000,27.270,27.270,4.000,0.040,4.383,0.000
2026-09-28T00:39:00Z,2.060,2.580,200.300,7651459072.000,16.160,16.160,3.000,0.030,6.928,0.000
2026-09-28T00:40:00Z,1.935,3.310,200.850,7649361920.000,22.330,22.330,3.000,0.040,4.135,0.000
2026-09-28T00:41:00Z,1.560,2.580,201.705,7650410496.000,14.690,14.690,2.000,0.020,4.905,0.000
2026-09-28T00:42:00Z,1.670,2.740,,7649361920.000,19.380,19.380,3.000,0.030,,0.000
2026-09-28T00:43:00Z,1.645,2.680,202.560,7650410496.000,22.810,22.810,3.000,0.040,5.143,0.000
2026-09-28T00:44:00Z,1.630,2.610,203.415,7650410496.000,23.560,23.560,4.000,0.060,6.034,0.000
2026-09-28T00:45:00Z,1.600,2.630,,7651459072.000,19.500,19.500,4.000,0.030,,0.000
2026-09-28T00:46:00Z,1.645,2.640,204.555,7652507648.000,24.070,24.070,3.000,0.040,5.562,0.000
2026-09-28T00:47:00Z,1.655,2.630,,7653556224.000,20.670,20.670,4.000,0.040,,0.000
2026-09-28T00:48:00Z,1.610,2.630,205.410,7655653376.000,24.620,24.620,4.000,0.040,5.258,0.000
2026-09-28T00:49:00Z,1.620,2.690,205.980,7656701952.000,18.000,18.000,3.000,0.030,6.245,0.000
2026-09-28T00:50:00Z,1.600,2.610,206.550,7658799104.000,17.260,17.260,2.000,0.030,4.622,0.000
2026-09-28T00:51:00Z,1.665,2.690,207.120,7657750528.000,22.680,22.680,3.000,0.040,4.425,0.000
2026-09-28T00:52:00Z,1.610,2.580,207.690,7656701952.000,22.620,22.620,3.000,0.040,5.793,0.000
2026-09-28T00:53:00Z,1.545,2.600,208.260,7656701952.000,21.930,21.930,4.000,0.040,5.978,0.000
2026-09-28T00:54:00Z,1.475,2.480,208.830,7657750528.000,10.680,10.680,2.000,0.020,5.567,0.000
2026-09-28T00:55:00Z,1.555,2.610,209.400,7658799104.000,10.540,10.540,1.000,0.010,2.805,0.000
2026-09-28T00:56:00Z,1.495,2.490,210.255,7659847680.000,12.430,12.430,2.000,0.020,2.978,0.000
2026-09-28T00:57:00Z,1.660,2.650,,7659847680.000,19.330,19.330,3.000,0.050,,0.000
2026-09-28T00:58:00Z,1.660,2.600,211.110,7661944832.000,27.370,27.370,4.000,0.060,4.910,0.000
2026-09-28T00:59:00Z,1.600,2.530,211.680,7662993408.000,23.160,23.160,4.000,0.040,6.920,0.000
2026-09-28T01:00:00Z,1.680,2.650,212.250,7662993408.000,27.660,27.660,3.000,0.050,5.907,0.000
2026-09-28T01:01:00Z,1.815,2.830,212.820,7666139136.000,35.450,35.450,4.000,0.090,7.045,0.000
2026-09-28T01:02:00Z,2.570,2.570,213.380,7667187712.000,26.760,26.760,7.000,0.050,8.992,0.000
2026-09-28T01:03:00Z,0.630,0.630,213.950,7668236288.000,23.290,23.290,3.000,0.040,7.000,0.000
2026-09-28T01:04:00Z,1.718,2.740,214.510,7669284864.000,40.390,40.390,7.000,0.540,5.907,0.000
2026-09-28T01:05:00Z,1.710,2.830,215.080,7671382016.000,24.790,24.790,3.000,0.040,10.220,0.000
2026-09-28T01:06:00Z,1.695,2.640,215.650,7670333440.000,21.830,21.830,4.000,0.040,6.463,0.000
2026-09-28T01:07:00Z,1.650,2.620,216.220,7671382016.000,26.800,26.800,4.000,0.040,5.567,0.000
2026-09-28T01:08:00Z,1.605,2.580,216.790,7670333440.000,23.270,23.270,4.000,0.040,6.777,0.000
2026-09-28T01:09:00Z,1.540,2.560,217.360,7670333440.000,18.530,18.530,3.000,0.030,5.910,0.000
2026-09-28T01:10:00Z,1.810,3.060,217.920,7669284864.000,44.550,44.550,2.000,0.090,4.747,0.330
2026-09-28T01:11:00Z,1.575,2.610,218.490,7669284864.000,13.290,13.290,2.000,0.020,14.023,0.000
2026-09-28T01:12:00Z,1.535,2.550,219.060,7670333440.000,14.460,14.460,2.000,0.020,3.665,0.000
2026-09-28T01:13:00Z,1.510,2.510,219.915,7669284864.000,9.750,9.750,1.000,0.010,3.231,0.000
2026-09-28T01:14:00Z,1.505,2.490,,7670333440.000,11.680,11.680,1.000,0.020,,0.000
2026-09-28T01:15:00Z,,,220.770,7670333440.000,11.590,11.590,2.000,0.020,3.035,0.000
2026-09-28T01:16:00Z,1.528,2.550,221.625,7670333440.000,12.850,12.850,1.000,0.020,3.165,0.000
2026-09-28T01:17:00Z,1.590,2.660,,7671382016.000,19.650,19.650,4.000,0.030,,0.000
2026-09-28T01:18:00Z,1.545,2.590,222.480,7670333440.000,12.830,12.830,2.000,0.020,5.003,0.000
2026-09-28T01:19:00Z,1.475,2.500,223.335,7671382016.000,11.260,11.260,1.000,0.020,3.220,0.000
2026-09-28T01:20:00Z,1.510,2.530,,7670333440.000,8.330,8.330,2.000,0.010,,0.000
2026-09-28T01:21:00Z,1.560,2.580,224.190,7669284864.000,12.960,12.960,1.000,0.030,2.192,0.000
2026-09-28T01:22:00Z,1.600,2.600,224.760,7668236288.000,12.160,12.160,2.000,0.020,3.333,0.000
2026-09-28T01:23:00Z,1.575,2.600,225.330,,20.480,20.480,3.000,0.030,3.380,0.000
2026-09-28T01:24:00Z,1.580,2.610,225.900,7669284864.000,17.340,17.340,3.000,0.030,5.418,0.000
2026-09-28T01:25:00Z,1.510,2.510,226.470,7670333440.000,13.670,13.670,2.000,0.020,4.463,0.000
2026-09-28T01:26:00Z,1.530,2.580,227.040,7670333440.000,13.770,13.770,2.000,0.020,3.558,0.000
2026-09-28T01:27:00Z,1.530,2.540,227.610,7669284864.000,12.790,12.790,2.000,0.020,3.635,0.000
2026-09-28T01:28:00Z,1.525,2.520,228.180,7670333440.000,14.390,14.390,2.000,0.020,3.303,0.000
2026-09-28T01:29:00Z,1.525,2.560,228.750,7669284864.000,12.930,12.930,2.000,0.020,3.688,0.000
2026-09-28T01:30:00Z,1.545,2.580,229.320,7669284864.000,12.540,12.540,1.000,0.020,3.342,0.000
2026-09-28T01:31:00Z,1.600,2.610,230.175,7667187712.000,13.530,13.530,2.000,0.020,3.384,0.000
2026-09-28T01:32:00Z,1.530,2.550,,7669284864.000,19.490,19.490,3.000,0.030,,0.000
2026-09-28T01:33:00Z,1.580,2.590,231.030,7669284864.000,12.030,12.030,2.000,0.020,5.195,0.000
2026-09-28T01:34:00Z,1.600,2.680,231.600,7669284864.000,19.660,19.660,3.000,0.040,3.080,0.000
2026-09-28T01:35:00Z,1.605,2.700,232.170,7669284864.000,21.970,21.970,3.000,0.110,5.183,0.000
2026-09-28T01:36:00Z,1.530,2.530,233.025,7670333440.000,12.020,12.020,2.000,0.020,4.381,0.000
2026-09-28T01:37:00Z,1.460,2.460,,7670333440.000,8.990,8.990,2.000,0.010,,0.000
2026-09-28T01:38:00Z,1.480,2.490,233.880,7670333440.000,8.030,8.030,1.000,0.010,2.325,0.000
2026-09-28T01:39:00Z,1.480,2.470,234.450,7669284864.000,6.210,6.210,1.000,0.010,2.100,0.000
2026-09-28T01:40:00Z,2.275,4.100,235.020,7644119040.000,8.840,8.840,1.000,0.010,1.670,0.000
2026-09-28T01:41:00Z,1.470,2.440,235.580,7644119040.000,5.760,5.760,1.000,0.000,2.328,0.000
2026-09-28T01:42:00Z,1.525,2.510,236.150,7645167616.000,12.000,12.000,1.000,0.040,1.843,0.000
2026-09-28T01:43:00Z,1.490,2.490,237.005,7646216192.000,10.750,10.750,2.000,0.010,3.079,0.000
2026-09-28T01:44:00Z,1.470,2.460,,7647264768.000,8.510,8.510,1.000,0.010,,0.000
2026-09-28T01:45:00Z,1.545,2.510,237.860,7648313344.000,9.010,9.010,1.000,0.010,2.243,0.000
2026-09-28T01:46:00Z,1.570,2.590,238.430,7649361920.000,18.780,18.780,2.000,0.030,2.350,0.000
2026-09-28T01:47:00Z,1.525,2.520,239.000,7650410496.000,13.310,13.310,2.000,0.020,4.785,0.000
2026-09-28T01:48:00Z,1.475,2.450,239.570,7650410496.000,11.890,11.890,2.000,0.020,3.417,0.000
2026-09-28T01:49:00Z,1.510,2.400,240.140,7651459072.000,8.440,8.440,1.000,0.010,3.058,0.000
2026-09-28T01:50:00Z,1.540,2.520,240.710,7652507648.000,19.190,19.190,3.000,0.030,2.220,0.000
2026-09-28T01:51:00Z,1.660,2.730,241.280,7654604800.000,24.360,24.360,3.000,0.050,4.890,0.000
2026-09-28T01:52:00Z,1.590,2.590,241.850,7654604800.000,20.220,20.220,3.000,0.040,6.195,0.000
2026-09-28T01:53:00Z,1.590,2.570,242.420,7654604800.000,17.910,17.910,3.000,0.030,5.357,0.000
2026-09-28T01:54:00Z,1.570,2.590,242.990,7655653376.000,23.370,23.370,3.000,0.060,4.567,0.000
2026-09-28T01:55:00Z,1.595,2.550,243.560,7657750528.000,14.950,14.950,3.000,0.020,5.957,0.000
2026-09-28T01:56:00Z,1.495,2.490,244.415,7658799104.000,19.210,19.210,3.000,0.040,4.364,0.000
2026-09-28T01:57:00Z,1.495,2.500,,7658799104.000,11.660,11.660,2.000,0.020,,0.000
2026-09-28T01:58:00Z,1.550,2.500,245.270,7658799104.000,11.340,11.340,1.000,0.020,2.987,0.000
2026-09-28T01:59:00Z,,,245.840,,18.010,18.010,3.000,0.030,2.933,0.000
2026-09-28T02:00:00Z,1.530,2.560,246.410,7658799104.000,10.910,10.910,1.000,0.010,4.630,0.000
2026-09-28T02:01:00Z,1.675,2.730,247.265,7657750528.000,20.290,20.290,1.000,0.050,4.008,0.000
2026-09-28T02:02:00Z,1.715,2.740,,7659847680.000,31.350,31.350,5.000,0.160,,0.000
2026-09-28T02:03:00Z,1.565,2.680,248.120,7662993408.000,27.700,27.700,6.000,0.050,8.135,0.000
2026-09-28T02:04:00Z,1.560,2.530,248.690,,8.610,8.610,1.000,0.010,7.008,0.000
2026-09-28T02:05:00Z,1.540,2.550,249.260,7662993408.000,14.280,14.280,2.000,0.030,2.270,0.000
2026-09-28T02:06:00Z,1.525,2.530,249.830,7664041984.000,12.090,12.090,1.000,0.020,3.817,0.000
2026-09-28T02:07:00Z,1.510,2.480,250.400,7662993408.000,13.560,13.560,2.000,0.020,3.138,0.000
2026-09-28T02:08:00Z,1.655,2.720,250.970,7664041984.000,23.740,23.740,3.000,0.040,3.470,0.000
2026-09-28T02:09:00Z,1.670,2.770,251.540,7666139136.000,29.620,29.620,4.000,0.060,6.025,0.000
2026-09-28T02:10:00Z,1.620,2.670,252.110,7667187712.000,20.090,20.090,4.000,0.030,7.515,0.000
2026-09-28T02:11:00Z,1.635,2.670,252.965,7666139136.000,19.940,19.940,3.000,0.030,5.105,0.000
2026-09-28T02:12:00Z,1.590,2.640,,7667187712.000,20.470,20.470,4.000,0.040,,0.000
2026-09-28T02:13:00Z,1.530,2.450,253.820,7668236288.000,11.580,11.580,2.000,0.020,5.428,0.000
2026-09-28T02:14:00Z,1.465,2.420,254.390,7666139136.000,17.670,17.670,3.000,0.030,3.005,0.000
2026-09-28T02:15:00Z,1.505,2.460,254.960,7666139136.000,10.870,10.870,1.000,0.020,4.520,0.000
2026-09-28T02:16:00Z,1.535,2.520,255.530,7667187712.000,15.700,15.700,2.000,0.030,2.808,0.000
2026-09-28T02:17:00Z,,,256.100,,16.320,16.320,2.000,0.030,4.020,0.000
2026-09-28T02:18:00Z,1.603,2.790,256.670,7666139136.000,14.430,14.430,2.000,0.020,4.165,0.000
2026-09-28T02:19:00Z,1.545,2.550,257.240,7667187712.000,12.390,12.390,2.000,0.020,3.710,0.000
2026-09-28T02:20:00Z,1.595,2.720,257.810,7666139136.000,17.280,17.280,2.000,0.030,3.390,0.000
2026-09-28T02:21:00Z,1.650,2.790,258.380,7664041984.000,12.480,12.480,2.000,0.020,4.415,0.000
2026-09-28T02:22:00Z,1.455,2.430,258.950,7665090560.000,11.880,11.880,2.000,0.020,3.210,0.000
2026-09-28T02:23:00Z,1.610,2.620,259.520,7664041984.000,13.680,13.680,1.000,0.020,3.330,0.000
2026-09-28T02:24:00Z,1.565,2.580,260.090,7664041984.000,16.210,16.210,3.000,0.030,3.493,0.000
2026-09-28T02:25:00Z,1.555,2.620,260.660,7665090560.000,14.480,14.480,2.000,0.020,4.170,0.000
2026-09-28T02:26:00Z,1.550,2.580,261.515,7666139136.000,16.390,16.390,2.000,0.030,3.958,0.000
2026-09-28T02:27:00Z,1.470,2.480,,7666139136.000,11.580,11.580,2.000,0.020,,0.000
2026-09-28T02:28:00Z,1.575,2.610,262.370,7665090560.000,14.380,14.380,2.000,0.020,2.985,0.000
2026-09-28T02:29:00Z,1.545,2.540,262.940,7666139136.000,17.560,17.560,3.000,0.030,3.680,0.000
2026-09-28T02:30:00Z,1.535,2.580,263.510,7666139136.000,13.150,13.150,2.000,0.020,4.505,0.000
2026-09-28T02:31:00Z,1.700,2.700,264.080,7665090560.000,17.090,17.090,2.000,0.030,3.373,0.000
2026-09-28T02:32:00Z,1.575,2.590,264.650,7665090560.000,28.700,28.700,5.000,0.070,4.388,0.000
2026-09-28T02:33:00Z,,,265.220,7666139136.000,17.110,17.110,3.000,0.030,7.503,0.000
2026-09-28T02:34:00Z,1.600,2.590,265.790,,20.040,20.040,2.000,0.040,4.362,0.000
2026-09-28T02:35:00Z,1.560,2.560,266.360,7666139136.000,17.730,17.730,3.000,0.030,5.312,0.000
2026-09-28T02:36:00Z,1.530,2.580,266.930,7666139136.000,13.340,13.340,2.000,0.020,4.610,0.000
2026-09-28T02:37:00Z,1.455,2.430,267.500,7666139136.000,8.830,8.830,2.000,0.010,3.453,0.000
2026-09-28T02:38:00Z,1.555,2.550,268.070,,13.930,13.930,2.000,0.020,2.285,0.000
2026-09-28T02:39:00Z,1.495,2.460,268.640,7666139136.000,12.240,12.240,2.000,0.020,3.567,0.000
2026-09-28T02:40:00Z,2.310,2.840,269.210,7640973312.000,11.090,11.090,1.000,0.020,3.178,0.000
2026-09-28T02:41:00Z,1.555,2.570,270.045,7642021888.000,9.230,9.230,1.000,0.010,2.812,0.000
2026-09-28T02:42:00Z,1.490,2.440,,7643070464.000,8.880,8.880,1.000,0.010,,0.000
2026-09-28T02:43:00Z,1.455,2.470,270.900,7643070464.000,10.540,10.540,2.000,0.020,2.550,0.000
2026-09-28T02:44:00Z,1.440,2.450,271.470,7643070464.000,7.260,7.260,0.000,0.010,2.737,0.000
2026-09-28T02:45:00Z,1.455,2.460,272.040,7643070464.000,6.180,6.180,1.000,0.010,1.930,0.000
2026-09-28T02:46:00Z,1.560,2.570,272.895,7643070464.000,10.570,10.570,1.000,0.010,2.185,0.000
2026-09-28T02:47:00Z,1.500,2.500,,7645167616.000,13.430,13.430,2.000,0.020,,0.000
2026-09-28T02:48:00Z,1.505,2.510,273.750,7645167616.000,10.090,10.090,1.000,0.010,3.453,0.000
2026-09-28T02:49:00Z,1.525,2.550,274.320,7647264768.000,14.990,14.990,2.000,0.020,2.612,0.000
2026-09-28T02:50:00Z,1.560,2.630,274.890,7648313344.000,18.120,18.120,3.000,0.040,3.865,0.000
2026-09-28T02:51:00Z,1.530,2.590,275.460,7649361920.000,12.080,12.080,1.000,0.020,4.620,0.000
2026-09-28T02:52:00Z,1.550,2.500,276.030,7649361920.000,10.960,10.960,2.000,0.020,3.112,0.000
2026-09-28T02:53:00Z,1.525,2.580,276.600,7651459072.000,22.680,22.680,4.000,0.070,3.050,0.000
2026-09-28T02:54:00Z,,,277.170,7651459072.000,10.380,10.380,1.000,0.010,5.768,0.000
2026-09-28T02:55:00Z,1.840,2.570,277.740,7651459072.000,13.060,13.060,2.000,0.020,2.710,0.000
2026-09-28T02:56:00Z,1.180,2.480,278.595,7651459072.000,7.640,7.640,1.000,0.010,2.685,0.000
2026-09-28T02:57:00Z,1.545,2.530,,7651459072.000,20.210,20.210,3.000,0.030,,0.000
2026-09-28T02:58:00Z,1.520,2.540,279.450,7650410496.000,15.840,15.840,2.000,0.030,5.147,0.000
2026-09-28T02:59:00Z,1.530,2.480,280.020,7651459072.000,12.180,12.180,2.000,0.020,4.070,0.000
2026-09-28T03:00:00Z,1.485,2.550,280.590,7652507648.000,14.960,14.960,2.000,0.020,3.147,0.000
2026-09-28T03:01:00Z,1.615,2.640,281.445,7653556224.000,14.230,14.230,1.000,0.030,3.745,0.000
2026-09-28T03:02:00Z,1.555,2.550,,7655653376.000,20.930,20.930,3.000,0.040,,0.000
2026-09-28T03:03:00Z,1.505,2.500,282.300,7656701952.000,13.220,13.220,2.000,0.020,5.530,0.000
2026-09-28T03:04:00Z,1.635,2.760,282.870,7657750528.000,16.920,16.920,2.000,0.030,3.402,0.000
2026-09-28T03:05:00Z,1.485,2.480,283.440,7658799104.000,10.010,10.010,2.000,0.010,4.322,0.000
2026-09-28T03:06:00Z,1.475,2.460,284.010,7659847680.000,9.080,9.080,1.000,0.010,2.755,0.000
2026-09-28T03:07:00Z,1.470,2.470,284.580,7659847680.000,12.150,12.150,2.000,0.020,2.365,0.000
2026-09-28T03:08:00Z,1.665,2.800,285.150,7657750528.000,8.140,8.140,1.000,0.010,3.115,0.000
2026-09-28T03:09:00Z,1.440,2.430,285.720,7657750528.000,13.500,13.500,2.000,0.020,2.703,0.000
2026-09-28T03:10:00Z,1.505,2.520,286.290,7656701952.000,10.480,10.480,1.000,0.020,3.757,0.000
2026-09-28T03:11:00Z,1.540,2.590,287.145,7655653376.000,14.630,14.630,1.000,0.030,3.230,0.000
2026-09-28T03:12:00Z,1.515,2.430,,7656701952.000,10.090,10.090,2.000,0.020,,0.000
2026-09-28T03:13:00Z,1.470,2.460,288.000,7657750528.000,15.690,15.690,3.000,0.030,2.953,0.000
2026-09-28T03:14:00Z,1.480,2.490,288.570,7657750528.000,10.610,10.610,1.000,0.020,4.018,0.000
2026-09-28T03:15:00Z,1.495,2.510,289.140,7657750528.000,6.810,6.810,1.000,0.010,2.775,0.000
2026-09-28T03:16:00Z,1.550,2.490,289.710,7657750528.000,8.630,8.630,1.000,0.010,1.805,0.000
2026-09-28T03:17:00Z,1.490,2.440,290.565,7658799104.000,15.490,15.490,2.000,0.080,3.100,0.000
2026-09-28T03:18:00Z,1.520,2.580,,7658799104.000,11.660,11.660,2.000,0.020,,0.000
2026-09-28T03:19:00Z,1.495,2.550,291.420,7659847680.000,6.680,6.680,1.000,0.010,3.018,0.000
2026-09-28T03:20:00Z,1.515,2.520,291.990,7659847680.000,6.200,6.200,0.000,0.010,1.955,0.000
2026-09-28T03:21:00Z,1.515,2.520,292.560,7658799104.000,10.740,10.740,2.000,0.010,1.657,0.000
2026-09-28T03:22:00Z,1.445,2.430,293.130,7658799104.000,10.810,10.810,2.000,0.020,2.777,0.000
2026-09-28T03:23:00Z,1.520,2.420,293.700,7659847680.000,7.580,7.580,1.000,0.010,3.000,0.000
2026-09-28T03:24:00Z,,,294.270,7659847680.000,18.360,18.360,3.000,0.030,2.002,0.000
2026-09-28T03:25:00Z,1.488,2.500,294.840,7660896256.000,12.440,12.440,2.000,0.020,4.718,0.000
2026-09-28T03:26:00Z,1.480,2.450,295.410,7660896256.000,10.810,10.810,1.000,0.020,3.212,0.000
2026-09-28T03:27:00Z,1.470,2.450,295.980,7661944832.000,10.210,10.210,2.000,0.010,2.792,0.000
2026-09-28T03:28:00Z,1.515,2.560,296.550,7662993408.000,11.880,11.880,1.000,0.020,2.647,0.000
2026-09-28T03:29:00Z,2.470,2.470,297.120,7661944832.000,8.730,8.730,1.000,0.010,3.060,0.000
2026-09-28T03:30:00Z,1.113,2.480,297.690,7661944832.000,5.480,5.480,1.000,0.010,2.288,0.000
2026-09-28T03:31:00Z,1.545,2.580,298.545,7660896256.000,8.930,8.930,0.000,0.010,1.904,0.000
2026-09-28T03:32:00Z,1.660,2.680,,7661944832.000,24.090,24.090,4.000,0.050,,0.000
2026-09-28T03:33:00Z,1.555,2.620,299.400,7662993408.000,22.690,22.690,4.000,0.040,6.325,0.000
2026-09-28T03:34:00Z,1.520,2.580,299.970,7661944832.000,13.160,13.160,1.000,0.020,5.765,0.000
2026-09-28T03:35:00Z,1.505,2.520,300.540,7661944832.000,8.430,8.430,2.000,0.010,3.550,0.000
2026-09-28T03:36:00Z,1.560,2.520,301.110,7661944832.000,13.990,13.990,1.000,0.020,2.277,0.000
2026-09-28T03:37:00Z,1.610,2.560,301.680,7661944832.000,20.430,20.430,3.000,0.040,3.603,0.000
2026-09-28T03:38:00Z,1.500,2.540,302.250,7661944832.000,23.750,23.750,4.000,0.050,5.205,0.000
2026-09-28T03:39:00Z,1.495,2.510,302.820,7660896256.000,12.490,12.490,2.000,0.030,6.058,0.000
2026-09-28T03:40:00Z,2.045,2.460,303.390,7638876160.000,10.600,10.600,2.000,0.010,3.208,0.000
2026-09-28T03:41:00Z,1.765,3.040,304.225,7636779008.000,10.140,10.140,1.000,0.020,2.830,0.000
2026-09-28T03:42:00Z,1.565,2.650,,7637827584.000,19.350,19.350,2.000,0.070,,0.000
2026-09-28T03:43:00Z,1.425,2.390,305.080,7637827584.000,7.470,7.470,2.000,0.010,5.190,0.000
2026-09-28T03:44:00Z,1.420,2.390,305.650,7638876160.000,9.280,9.280,1.000,0.010,1.975,0.000
2026-09-28T03:45:00Z,1.490,2.540,306.220,7638876160.000,6.310,6.310,1.000,0.010,2.435,0.000
2026-09-28T03:46:00Z,1.450,2.460,307.075,7638876160.000,8.710,8.710,1.000,0.010,1.976,0.000
2026-09-28T03:47:00Z,1.475,2.470,,7639924736.000,7.780,7.780,1.000,0.010,,0.000
2026-09-28T03:48:00Z,1.490,2.530,307.930,7639924736.000,11.760,11.760,2.000,0.020,2.035,0.000
2026-09-28T03:49:00Z,1.505,2.550,308.500,7639924736.000,9.530,9.530,1.000,0.010,3.025,0.000
2026-09-28T03:50:00Z,1.500,2.500,309.070,7639924736.000,8.040,8.040,1.000,0.010,2.480,0.000
2026-09-28T03:51:00Z,1.565,2.630,309.925,7639924736.000,14.690,14.690,2.000,0.020,2.946,0.000
2026-09-28T03:52:00Z,1.505,2.500,,7640973312.000,14.650,14.650,2.000,0.030,,0.000
2026-09-28T03:53:00Z,1.490,2.490,310.780,7640973312.000,11.960,11.960,2.000,0.020,3.967,0.000
2026-09-28T03:54:00Z,1.440,2.460,311.350,7642021888.000,8.230,8.230,1.000,0.010,3.120,0.000
2026-09-28T03:55:00Z,,,311.920,,5.130,5.130,0.000,0.000,2.143,0.000
2026-09-28T03:56:00Z,1.450,2.480,312.490,7642021888.000,6.440,6.440,0.000,0.010,1.377,0.000
2026-09-28T03:57:00Z,1.540,2.430,313.060,7642021888.000,7.660,7.660,1.000,0.010,1.702,0.000
2026-09-28T03:58:00Z,1.485,2.480,313.630,7643070464.000,9.960,9.960,1.000,0.020,2.005,0.000
2026-09-28T03:59:00Z,1.475,2.450,314.200,7643070464.000,9.930,9.930,1.000,0.010,2.788,0.000
2026-09-28T04:00:00Z,1.525,2.540,314.770,7644119040.000,11.960,11.960,2.000,0.020,2.618,0.000
2026-09-28T04:01:00Z,1.545,2.550,315.625,7644119040.000,12.060,12.060,1.000,0.030,3.104,0.000
2026-09-28T04:02:00Z,1.540,2.580,,7645167616.000,17.360,17.360,3.000,0.030,,0.000
2026-09-28T04:03:00Z,1.520,2.560,316.480,7644119040.000,10.490,10.490,2.000,0.020,4.643,0.000
2026-09-28T04:04:00Z,1.480,2.490,317.050,7644119040.000,10.160,10.160,1.000,0.020,2.720,0.000
2026-09-28T04:05:00Z,1.470,2.470,317.620,7644119040.000,7.230,7.230,1.000,0.010,2.670,0.000
2026-09-28T04:06:00Z,1.485,2.530,318.190,7644119040.000,10.520,10.520,1.000,0.020,2.075,0.000
2026-09-28T04:07:00Z,1.485,2.460,318.760,7643070464.000,5.440,5.440,1.000,0.010,2.715,0.000
2026-09-28T04:08:00Z,1.495,2.500,319.330,7643070464.000,11.460,11.460,1.000,0.020,1.452,0.000
2026-09-28T04:09:00Z,1.430,2.420,319.900,7643070464.000,8.210,8.210,1.000,0.010,2.950,0.000
2026-09-28T04:10:00Z,1.490,2.440,320.470,7644119040.000,4.810,4.810,0.000,0.000,2.175,0.000
2026-09-28T04:11:00Z,1.515,2.520,321.040,7642021888.000,14.090,14.090,2.000,0.030,1.295,0.000
2026-09-28T04:12:00Z,,,321.610,,10.810,10.810,2.000,0.020,3.625,0.000
2026-09-28T04:13:00Z,1.478,2.500,322.180,7643070464.000,8.260,8.260,1.000,0.010,3.013,0.000
2026-09-28T04:14:00Z,1.460,2.480,322.750,7643070464.000,8.260,8.260,1.000,0.010,2.183,0.000
2026-09-28T04:15:00Z,1.500,2.530,323.605,7644119040.000,8.080,8.080,1.000,0.010,2.149,0.000
2026-09-28T04:16:00Z,1.530,2.580,,7645167616.000,11.080,11.080,1.000,0.020,,0.000
2026-09-28T04:17:00Z,1.470,2.480,324.460,7645167616.000,9.740,9.740,1.000,0.010,2.860,0.000
2026-09-28T04:18:00Z,1.475,2.490,325.030,7646216192.000,6.930,6.930,1.000,0.010,2.540,0.000
2026-09-28T04:19:00Z,1.495,2.500,325.600,7646216192.000,8.690,8.690,1.000,0.010,1.823,0.000
2026-09-28T04:20:00Z,1.520,2.590,326.170,7647264768.000,8.610,8.610,2.000,0.010,2.462,0.000
2026-09-28T04:21:00Z,1.520,2.560,326.740,7647264768.000,11.880,11.880,0.000,0.020,2.462,0.000
2026-09-28T04:22:00Z,1.485,2.500,327.310,7648313344.000,10.610,10.610,2.000,0.020,3.067,0.000
2026-09-28T04:23:00Z,1.480,2.500,327.880,7648313344.000,9.580,9.580,1.000,0.010,2.962,0.000
2026-09-28T04:24:00Z,1.440,2.450,328.450,7649361920.000,6.800,6.800,1.000,0.010,2.485,0.000
2026-09-28T04:25:00Z,,,329.020,,6.380,6.380,1.000,0.010,1.815,0.000
2026-09-28T04:26:00Z,1.510,2.510,329.875,7649361920.000,9.790,9.790,1.000,0.010,2.118,0.000
2026-09-28T04:27:00Z,1.490,2.440,,7650410496.000,15.960,15.960,2.000,0.080,,0.000
2026-09-28T04:28:00Z,1.490,2.530,330.730,7650410496.000,12.840,12.840,2.000,0.020,4.088,0.000
2026-09-28T04:29:00Z,1.455,2.470,331.300,7650410496.000,5.580,5.580,1.000,0.010,3.325,0.000
2026-09-28T04:30:00Z,1.465,2.480,331.870,7651459072.000,7.230,7.230,1.000,0.010,1.488,0.000
2026-09-28T04:31:00Z,1.475,2.500,332.725,7651459072.000,7.940,7.940,1.000,0.010,2.004,0.000
2026-09-28T04:32:00Z,1.445,2.410,,7651459072.000,7.220,7.220,1.000,0.010,,0.000
2026-09-28T04:33:00Z,1.545,2.510,333.580,7651459072.000,10.570,10.570,1.000,0.020,2.087,0.000
2026-09-28T04:34:00Z,1.475,2.480,334.150,7652507648.000,12.140,12.140,1.000,0.020,2.725,0.000
2026-09-28T04:35:00Z,1.525,2.530,334.720,7652507648.000,10.380,10.380,1.000,0.020,3.290,0.000
2026-09-28T04:36:00Z,1.495,2.540,335.575,7653556224.000,9.340,9.340,1.000,0.020,2.665,0.000
2026-09-28T04:37:00Z,1.430,2.430,,7653556224.000,6.830,6.830,1.000,0.010,,0.000
2026-09-28T04:38:00Z,1.465,2.460,336.430,7653556224.000,5.630,5.630,0.000,0.010,1.810,0.000
2026-09-28T04:39:00Z,1.445,2.460,337.000,7654604800.000,9.180,9.180,1.000,0.010,1.492,0.000
2026-09-28T04:40:00Z,1.430,2.430,337.570,,5.780,5.780,1.000,0.010,2.410,0.000
2026-09-28T04:41:00Z,2.305,4.070,338.140,7630487552.000,5.660,5.660,0.000,0.010,1.538,0.000
2026-09-28T04:42:00Z,1.415,2.390,338.700,7631536128.000,13.230,13.230,2.000,0.040,1.508,0.000
2026-09-28T04:43:00Z,1.460,2.470,339.270,7631536128.000,7.260,7.260,1.000,0.010,3.750,0.000
2026-09-28T04:44:00Z,,,339.840,7631536128.000,4.040,4.040,1.000,0.000,1.955,0.000
2026-09-28T04:45:00Z,1.440,2.480,340.410,7631536128.000,6.230,6.230,0.000,0.010,1.127,0.000
2026-09-28T04:46:00Z,1.435,2.380,341.265,7631536128.000,4.310,4.310,0.000,0.000,1.416,0.000
2026-09-28T04:47:00Z,1.510,2.500,,7630487552.000,12.430,12.430,1.000,0.020,,0.000
2026-09-28T04:48:00Z,1.445,2.450,342.405,7631536128.000,6.540,6.540,1.000,0.010,2.465,0.000
2026-09-28T04:49:00Z,1.460,2.470,,7631536128.000,6.840,6.840,0.000,0.010,,0.000
2026-09-28T04:50:00Z,1.470,2.480,343.260,,4.660,4.660,1.000,0.000,1.825,0.000
2026-09-28T04:51:00Z,1.505,2.520,343.830,7631536128.000,7.390,7.390,1.000,0.010,1.258,0.000
2026-09-28T04:52:00Z,1.475,2.450,344.400,7631536128.000,9.700,9.700,1.000,0.010,1.962,0.000
2026-09-28T04:53:00Z,1.445,2.450,344.970,7631536128.000,8.390,8.390,1.000,0.010,2.717,0.000
2026-09-28T04:54:00Z,1.395,2.350,345.540,7631536128.000,4.780,4.780,0.000,0.000,2.230,0.000
2026-09-28T04:55:00Z,1.480,2.520,346.110,7631536128.000,8.940,8.940,1.000,0.030,1.298,0.000
2026-09-28T04:56:00Z,1.460,2.480,346.680,7632584704.000,5.410,5.410,1.000,0.000,2.325,0.000
2026-09-28T04:57:00Z,1.540,2.610,347.250,7632584704.000,9.760,9.760,1.000,0.010,1.450,0.000
2026-09-28T04:58:00Z,1.470,2.540,347.820,7633633280.000,11.690,11.690,1.000,0.020,2.538,0.000
2026-09-28T04:59:00Z,1.440,2.440,348.390,7633633280.000,5.140,5.140,1.000,0.000,3.013,0.000
2026-09-28T05:00:00Z,,,348.960,7633633280.000,6.640,6.640,1.000,0.010,1.395,0.000
2026-09-28T05:01:00Z,1.573,2.630,349.815,7634681856.000,15.660,15.660,2.000,0.070,2.879,0.000
2026-09-28T05:02:00Z,1.585,2.590,,7635730432.000,20.670,20.670,4.000,0.180,,0.000
2026-09-28T05:03:00Z,,,350.670,,18.490,18.490,3.000,0.040,5.478,0.000
2026-09-28T05:04:00Z,1.525,2.630,351.240,7636779008.000,9.160,9.160,2.000,0.020,4.730,0.000
2026-09-28T05:05:00Z,1.560,2.600,351.810,7636779008.000,15.390,15.390,2.000,0.030,2.405,0.000
2026-09-28T05:06:00Z,1.455,2.420,352.380,7636779008.000,11.330,11.330,2.000,0.020,4.095,0.000
2026-09-28T05:07:00Z,1.535,2.550,352.950,7636779008.000,15.340,15.340,2.000,0.030,2.942,0.000
2026-09-28T05:08:00Z,1.570,2.580,353.520,7634681856.000,13.190,13.190,2.000,0.020,3.933,0.000
2026-09-28T05:09:00Z,1.530,2.560,354.090,7634681856.000,16.740,16.740,2.000,0.030,3.415,0.000
2026-09-28T05:10:00Z,1.505,2.520,354.660,7634681856.000,12.130,12.130,2.000,0.020,4.482,0.000
2026-09-28T05:11:00Z,1.560,2.560,355.230,7634681856.000,12.410,12.410,2.000,0.020,3.127,0.000
2026-09-28T05:12:00Z,1.600,2.690,355.800,7635730432.000,16.070,16.070,2.000,0.030,3.208,0.000
2026-09-28T05:13:00Z,1.610,2.700,356.370,7635730432.000,15.180,15.180,2.000,0.040,4.315,0.000
2026-09-28T05:14:00Z,1.525,2.610,356.940,7636779008.000,11.260,11.260,2.000,0.020,3.917,0.000
2026-09-28T05:15:00Z,1.585,2.590,357.795,7636779008.000,10.180,10.180,1.000,0.010,2.760,0.000
2026-09-28T05:16:00Z,1.520,2.480,,7636779008.000,16.630,16.630,2.000,0.040,,0.000
2026-09-28T05:17:00Z,1.625,2.730,358.650,7636779008.000,16.110,16.110,2.000,0.030,4.242,0.000
2026-09-28T05:18:00Z,1.555,2.600,359.220,7636779008.000,7.340,7.340,1.000,0.010,4.112,0.000
2026-09-28T05:19:00Z,1.515,2.500,359.790,7636779008.000,12.580,12.580,1.000,0.020,1.927,0.000
2026-09-28T05:20:00Z,,,360.360,,11.580,11.580,2.000,0.020,3.422,0.000
2026-09-28T05:21:00Z,1.532,2.590,360.930,7637827584.000,10.460,10.460,1.000,0.020,2.998,0.000
2026-09-28T05:22:00Z,1.520,2.520,361.500,7638876160.000,15.490,15.490,3.000,0.030,2.705,0.000
2026-09-28T05:23:00Z,,,362.070,7639924736.000,11.840,11.840,2.000,0.020,4.183,0.000
2026-09-28T05:24:00Z,1.508,2.530,362.640,7640973312.000,10.130,10.130,1.000,0.020,3.070,0.000
2026-09-28T05:25:00Z,1.535,2.550,363.210,7640973312.000,13.090,13.090,2.000,0.020,2.655,0.000
2026-09-28T05:26:00Z,1.515,2.500,363.780,7640973312.000,12.620,12.620,1.000,0.020,3.357,0.000
2026-09-28T05:27:00Z,1.510,2.490,364.350,7642021888.000,12.260,12.260,2.000,0.020,3.245,0.000
2026-09-28T05:28:00Z,,,364.920,7643070464.000,9.840,9.840,2.000,0.010,3.155,0.000
2026-09-28T05:29:00Z,1.490,2.500,365.490,7643070464.000,5.580,5.580,1.000,0.010,2.550,0.000
2026-09-28T05:30:00Z,1.510,2.500,366.060,7643070464.000,12.340,12.340,1.000,0.020,1.500,0.000
2026-09-28T05:31:00Z,1.740,2.710,366.910,7642021888.000,23.690,23.690,3.000,0.050,4.601,0.000
2026-09-28T05:32:00Z,1.530,2.540,,7643070464.000,25.010,25.010,5.000,0.060,,0.000
2026-09-28T05:33:00Z,1.605,2.630,367.760,7644119040.000,13.750,13.750,1.000,0.020,6.550,0.000
2026-09-28T05:34:00Z,1.590,2.560,368.330,7645167616.000,13.960,13.960,2.000,0.020,3.527,0.000
2026-09-28T05:35:00Z,1.620,2.730,368.900,7646216192.000,29.570,29.570,5.000,0.400,3.750,0.000
2026-09-28T05:36:00Z,1.540,2.570,369.470,7646216192.000,9.910,9.910,2.000,0.010,7.673,0.000
2026-09-28T05:37:00Z,1.490,2.470,370.040,7647264768.000,11.910,11.910,2.000,0.020,2.585,0.000
2026-09-28T05:38:00Z,1.490,2.500,370.610,7647264768.000,10.540,10.540,2.000,0.020,3.072,0.000
2026-09-28T05:39:00Z,1.495,2.520,371.180,7647264768.000,13.010,13.010,1.000,0.020,2.752,0.000
2026-09-28T05:40:00Z,1.515,2.580,371.750,7647264768.000,12.460,12.460,2.000,0.020,3.337,0.000
2026-09-28T05:41:00Z,2.465,3.330,372.595,7625244672.000,17.880,17.880,2.000,0.030,3.889,0.000
2026-09-28T05:42:00Z,1.495,2.490,,7625244672.000,9.630,9.630,2.000,0.010,,0.000
2026-09-28T05:43:00Z,1.535,2.550,373.440,7625244672.000,11.840,11.840,2.000,0.020,2.880,0.000
2026-09-28T05:44:00Z,1.570,2.590,374.010,7626293248.000,17.270,17.270,2.000,0.030,3.107,0.000
2026-09-28T05:45:00Z,1.580,2.700,374.580,7627341824.000,21.570,21.570,4.000,0.040,4.428,0.000
2026-09-28T05:46:00Z,1.550,2.570,375.435,7628390400.000,13.160,13.160,2.000,0.020,4.439,0.000
2026-09-28T05:47:00Z,1.485,2.450,,7628390400.000,12.360,12.360,2.000,0.020,,0.000
2026-09-28T05:48:00Z,1.510,2.480,376.290,7628390400.000,12.480,12.480,2.000,0.020,3.197,0.000
2026-09-28T05:49:00Z,1.500,2.500,376.860,7629438976.000,14.260,14.260,2.000,0.020,3.243,0.000
2026-09-28T05:50:00Z,1.475,2.490,377.430,7629438976.000,8.860,8.860,1.000,0.010,3.658,0.000
2026-09-28T05:51:00Z,1.580,2.600,378.000,7629438976.000,10.110,10.110,1.000,0.010,2.317,0.000
2026-09-28T05:52:00Z,1.520,2.510,378.570,7630487552.000,13.720,13.720,2.000,0.020,2.618,0.000
2026-09-28T05:53:00Z,1.525,2.550,379.140,7630487552.000,13.190,13.190,2.000,0.020,3.720,0.000
2026-09-28T05:54:00Z,1.470,2.490,379.710,7631536128.000,10.580,10.580,1.000,0.020,3.420,0.000
2026-09-28T05:55:00Z,1.485,2.490,380.280,7632584704.000,7.330,7.330,1.000,0.010,2.752,0.000
2026-09-28T05:56:00Z,1.500,2.490,380.850,7632584704.000,11.840,11.840,2.000,0.020,1.948,0.000
2026-09-28T05:57:00Z,1.465,2.450,381.420,7633633280.000,10.890,10.890,2.000,0.020,3.065,0.000
2026-09-28T05:58:00Z,1.475,2.460,381.990,7633633280.000,11.490,11.490,2.000,0.020,2.828,0.000
2026-09-28T05:59:00Z,1.550,2.560,382.560,7633633280.000,13.950,13.950,1.000,0.020,2.942,0.000
2026-09-28T06:00:00Z,1.550,2.550,383.130,7632584704.000,16.390,16.390,2.000,0.030,3.607,0.000
2026-09-28T06:01:00Z,1.775,2.660,383.700,7632584704.000,20.580,20.580,2.000,0.060,4.190,0.000
2026-09-28T06:02:00Z,1.630,2.620,384.260,7634681856.000,37.710,37.710,7.000,0.080,5.237,0.000
2026-09-28T06:03:00Z,1.675,2.690,384.830,7634681856.000,27.180,27.180,4.000,0.050,9.725,0.000
2026-09-28T06:04:00Z,1.705,2.700,385.400,7634681856.000,29.380,29.380,4.000,0.080,6.888,0.000
2026-09-28T06:05:00Z,1.685,2.690,385.970,7633633280.000,27.090,27.090,5.000,0.060,7.452,0.000
2026-09-28T06:06:00Z,1.645,2.710,386.825,7632584704.000,30.790,30.790,4.000,0.060,7.415,0.000
2026-09-28T06:07:00Z,1.830,2.780,,7633633280.000,29.520,29.520,5.000,0.080,,0.000
2026-09-28T06:08:00Z,2.710,2.710,387.670,7634681856.000,37.200,37.200,7.000,0.080,7.478,0.000
2026-09-28T06:09:00Z,1.293,2.610,388.240,7636779008.000,26.360,26.360,4.000,0.050,9.410,0.000
2026-09-28T06:10:00Z,1.765,2.790,388.810,7637827584.000,29.460,29.460,4.000,0.060,6.683,0.000
2026-09-28T06:11:00Z,1.765,2.890,389.655,7638876160.000,34.870,34.870,6.000,0.070,8.137,0.000
2026-09-28T06:12:00Z,1.635,2.630,,7639924736.000,28.060,28.060,4.000,0.060,,0.000
2026-09-28T06:13:00Z,1.710,2.710,390.510,7642021888.000,28.220,28.220,5.000,0.080,7.312,0.000
2026-09-28T06:14:00Z,1.675,2.710,391.080,7644119040.000,33.670,33.670,6.000,0.070,7.160,0.000
2026-09-28T06:15:00Z,1.740,2.790,391.650,7645167616.000,35.810,35.810,5.000,0.080,8.537,0.000
2026-09-28T06:16:00Z,1.720,2.710,392.495,7646216192.000,29.620,29.620,5.000,0.070,8.285,0.000
2026-09-28T06:17:00Z,1.685,2.670,,7646216192.000,32.730,32.730,6.000,0.080,,0.000
2026-09-28T06:18:00Z,1.660,2.710,393.635,7645167616.000,25.730,25.730,5.000,0.060,7.404,0.000
2026-09-28T06:19:00Z,1.700,2.760,,7645167616.000,29.800,29.800,4.000,0.060,,0.000
2026-09-28T06:20:00Z,1.655,2.640,394.490,7645167616.000,24.710,24.710,4.000,0.040,7.758,0.000
2026-09-28T06:21:00Z,1.735,2.740,395.060,7644119040.000,33.580,33.580,4.000,0.090,6.275,0.000
2026-09-28T06:22:00Z,1.790,2.820,395.620,7645167616.000,34.140,34.140,7.000,0.150,8.485,0.000
2026-09-28T06:23:00Z,1.595,2.620,396.190,7646216192.000,32.490,32.490,5.000,0.060,8.838,0.000
2026-09-28T06:24:00Z,1.640,2.580,396.760,7646216192.000,16.640,16.640,3.000,0.030,8.232,0.000
2026-09-28T06:25:00Z,1.595,2.600,397.330,7646216192.000,25.660,25.660,4.000,0.050,4.287,0.000
2026-09-28T06:26:00Z,1.760,2.780,398.180,7645167616.000,29.800,29.800,3.000,0.060,7.025,0.000
2026-09-28T06:27:00Z,1.790,2.780,,7644119040.000,43.260,43.260,8.000,0.170,,0.000
2026-09-28T06:28:00Z,1.675,2.750,399.305,7643070464.000,39.880,39.880,8.000,0.080,10.601,0.000
2026-09-28T06:29:00Z,,,,7642021888.000,24.640,24.640,4.000,0.050,,0.000
2026-09-28T06:30:00Z,1.627,2.750,400.160,7643070464.000,24.010,24.010,4.000,0.050,6.250,0.000
2026-09-28T06:31:00Z,1.725,2.760,401.010,7642021888.000,23.600,23.600,3.000,0.040,6.049,0.000
2026-09-28T06:32:00Z,1.635,2.660,,7643070464.000,28.560,28.560,5.000,0.060,,0.000
2026-09-28T06:33:00Z,1.675,2.770,401.860,7644119040.000,27.220,27.220,4.000,0.060,7.457,0.000
2026-09-28T06:34:00Z,1.615,2.610,402.430,7644119040.000,22.180,22.180,3.000,0.040,6.915,0.000
2026-09-28T06:35:00Z,1.605,2.660,403.000,7644119040.000,19.020,19.020,4.000,0.040,5.803,0.000
2026-09-28T06:36:00Z,1.660,2.720,403.855,7643070464.000,24.070,24.070,3.000,0.090,5.574,0.000
2026-09-28T06:37:00Z,1.625,2.630,,7643070464.000,23.640,23.640,4.000,0.050,,0.000
2026-09-28T06:38:00Z,1.590,2.680,404.710,7643070464.000,24.330,24.330,4.000,0.050,5.995,0.000
2026-09-28T06:39:00Z,1.510,2.540,405.280,7644119040.000,13.750,13.750,2.000,0.030,6.192,0.000
2026-09-28T06:40:00Z,,,405.850,,13.610,13.610,2.000,0.020,3.533,0.000
2026-09-28T06:41:00Z,1.955,2.700,406.695,7618953216.000,14.270,14.270,2.000,0.030,3.565,0.000
2026-09-28T06:42:00Z,1.600,2.690,,7631536128.000,15.060,15.060,2.000,0.030,,0.000
2026-09-28T06:43:00Z,1.515,2.500,407.540,7631536128.000,12.920,12.920,1.000,0.020,4.155,0.000
2026-09-28T06:44:00Z,1.485,2.490,408.110,7632584704.000,15.570,15.570,2.000,0.050,3.598,0.000
2026-09-28T06:45:00Z,1.570,2.440,408.680,7632584704.000,8.780,8.780,2.000,0.010,4.000,0.000
2026-09-28T06:46:00Z,1.510,2.500,409.250,7633633280.000,16.460,16.460,2.000,0.030,2.292,0.000
2026-09-28T06:47:00Z,1.505,2.500,409.820,7633633280.000,12.330,12.330,2.000,0.020,4.433,0.000
2026-09-28T06:48:00Z,1.465,2.470,410.390,7634681856.000,9.250,9.250,1.000,0.010,3.167,0.000
2026-09-28T06:49:00Z,1.480,2.430,411.245,7634681856.000,6.710,6.710,1.000,0.010,2.095,0.000
2026-09-28T06:50:00Z,,,,7635730432.000,11.490,11.490,2.000,0.020,,0.000
2026-09-28T06:51:00Z,1.518,2.600,412.385,7633633280.000,7.250,7.250,1.000,0.010,2.439,0.000
2026-09-28T06:52:00Z,1.515,2.500,,7634681856.000,10.410,10.410,1.000,0.010,,0.000
2026-09-28T06:53:00Z,1.545,2.600,413.240,7633633280.000,14.240,14.240,2.000,0.020,2.922,0.000
2026-09-28T06:54:00Z,1.540,2.480,413.810,7633633280.000,8.680,8.680,1.000,0.010,3.650,0.000
2026-09-28T06:55:00Z,1.560,2.570,414.380,7633633280.000,15.790,15.790,2.000,0.030,2.285,0.000
2026-09-28T06:56:00Z,1.525,2.570,415.235,7633633280.000,16.080,16.080,2.000,0.030,4.089,0.000
2026-09-28T06:57:00Z,1.495,2.470,,7632584704.000,9.360,9.360,1.000,0.020,,0.000
2026-09-28T06:58:00Z,1.520,2.530,416.090,7633633280.000,11.570,11.570,1.000,0.020,2.450,0.000
2026-09-28T06:59:00Z,1.560,2.580,416.660,7633633280.000,14.240,14.240,2.000,0.020,2.998,0.000
2026-09-28T07:00:00Z,1.545,2.560,417.230,7634681856.000,12.370,12.370,2.000,0.020,3.652,0.000
2026-09-28T07:01:00Z,1.870,2.990,417.800,7633633280.000,30.750,30.750,2.000,0.190,3.178,0.000
2026-09-28T07:02:00Z,1.715,2.730,418.360,7635730432.000,35.540,35.540,8.000,0.080,7.777,0.000
2026-09-28T07:03:00Z,,,418.930,7635730432.000,30.320,30.320,6.000,0.060,9.182,0.000
2026-09-28T07:04:00Z,1.623,2.680,419.500,7635730432.000,22.900,22.900,4.000,0.040,7.678,0.000
2026-09-28T07:05:00Z,1.765,2.810,420.070,7634681856.000,25.480,25.480,3.000,0.050,5.840,0.000
2026-09-28T07:06:00Z,1.665,2.660,420.640,7635730432.000,28.840,28.840,5.000,0.060,6.640,0.000
2026-09-28T07:07:00Z,1.655,2.690,421.210,7637827584.000,27.090,27.090,4.000,0.050,7.320,0.000
2026-09-28T07:08:00Z,1.640,2.680,421.780,7638876160.000,23.130,23.130,4.000,0.040,6.883,0.000
2026-09-28T07:09:00Z,1.550,2.580,422.350,7640973312.000,18.130,18.130,3.000,0.030,5.893,0.000
2026-09-28T07:10:00Z,1.655,2.680,422.920,7642021888.000,16.920,16.920,2.000,0.030,4.617,0.000
2026-09-28T07:11:00Z,1.680,2.720,423.775,7639924736.000,26.800,26.800,4.000,0.050,5.569,0.000
2026-09-28T07:12:00Z,1.610,2.630,,7640973312.000,22.990,22.990,4.000,0.040,,0.000
2026-09-28T07:13:00Z,1.610,2.660,424.630,7640973312.000,19.200,19.200,3.000,0.040,6.045,0.000
2026-09-28T07:14:00Z,1.595,2.610,425.200,7642021888.000,18.740,18.740,3.000,0.030,4.928,0.000
2026-09-28T07:15:00Z,1.700,2.730,425.770,7640973312.000,27.750,27.750,3.000,0.050,4.787,0.000
2026-09-28T07:16:00Z,,,426.340,,28.370,28.370,6.000,0.060,7.022,0.000
2026-09-28T07:17:00Z,1.665,2.760,426.910,7639924736.000,30.090,30.090,4.000,0.060,7.185,0.000
2026-09-28T07:18:00Z,1.625,2.700,427.480,7639924736.000,20.310,20.310,4.000,0.040,7.615,0.000
2026-09-28T07:19:00Z,1.660,2.710,428.050,7640973312.000,22.550,22.550,3.000,0.050,5.168,0.000
2026-09-28T07:20:00Z,2.750,2.750,428.620,7640973312.000,27.170,27.170,4.000,0.050,5.933,0.000
2026-09-28T07:21:00Z,1.257,2.620,429.475,7638876160.000,21.380,21.380,4.000,0.040,6.166,0.000
2026-09-28T07:22:00Z,1.680,2.580,,7637827584.000,15.430,15.430,3.000,0.030,,0.000
2026-09-28T07:23:00Z,1.640,2.710,430.330,7637827584.000,29.170,29.170,5.000,0.050,4.162,0.000
2026-09-28T07:24:00Z,1.790,2.730,430.900,7638876160.000,20.520,20.520,3.000,0.040,7.397,0.000
2026-09-28T07:25:00Z,1.730,2.790,431.470,7638876160.000,45.800,45.800,7.000,0.360,5.213,0.000
2026-09-28T07:26:00Z,1.665,2.660,432.325,7638876160.000,22.560,22.560,4.000,0.040,8.643,0.000
2026-09-28T07:27:00Z,1.645,2.600,,7638876160.000,23.110,23.110,4.000,0.040,,0.000
2026-09-28T07:28:00Z,1.605,2.640,433.180,7637827584.000,25.540,25.540,4.000,0.050,5.875,0.000
2026-09-28T07:29:00Z,,,433.750,,19.660,19.660,3.000,0.050,6.482,0.000
2026-09-28T07:30:00Z,1.650,2.710,434.320,7637827584.000,24.560,24.560,4.000,0.040,5.020,0.000
2026-09-28T07:31:00Z,1.655,2.740,435.175,7638876160.000,25.210,25.210,4.000,0.050,6.319,0.000
2026-09-28T07:32:00Z,1.605,2.620,,7638876160.000,19.690,19.690,4.000,0.030,,0.000
2026-09-28T07:33:00Z,1.615,2.640,436.030,7637827584.000,17.200,17.200,3.000,0.030,5.258,0.000
2026-09-28T07:34:00Z,1.720,2.670,436.600,7636779008.000,25.470,25.470,2.000,0.120,4.415,0.000
2026-09-28T07:35:00Z,1.520,2.510,437.170,7637827584.000,29.280,29.280,6.000,0.740,6.633,0.000
2026-09-28T07:36:00Z,1.495,2.450,437.740,7638876160.000,13.390,13.390,2.000,0.020,7.605,0.000
2026-09-28T07:37:00Z,1.570,2.520,438.310,7638876160.000,13.140,13.140,2.000,0.020,3.445,0.000
2026-09-28T07:38:00Z,1.490,2.430,438.880,7637827584.000,17.510,17.510,3.000,0.030,3.375,0.000
2026-09-28T07:39:00Z,1.610,2.500,439.450,7637827584.000,19.170,19.170,2.000,0.050,4.492,0.000
2026-09-28T07:40:00Z,2.750,2.750,440.020,7637827584.000,33.730,33.730,6.000,0.250,4.883,0.000
2026-09-28T07:41:00Z,1.277,2.570,440.870,7635730432.000,18.610,18.610,3.000,0.030,6.643,0.000
2026-09-28T07:42:00Z,2.485,4.270,,7630487552.000,29.590,29.590,4.000,0.050,,0.000
2026-09-28T07:43:00Z,,,441.700,7632584704.000,26.480,26.480,5.000,0.050,7.732,0.000
2026-09-28T07:44:00Z,1.595,2.610,442.270,7633633280.000,21.770,21.770,4.000,0.040,7.037,0.000
2026-09-28T07:45:00Z,1.665,2.620,442.840,7634681856.000,15.760,15.760,2.000,0.030,5.558,0.000
2026-09-28T07:46:00Z,1.580,2.600,443.695,7635730432.000,29.270,29.270,5.000,0.230,5.721,0.000
2026-09-28T07:47:00Z,1.585,2.560,,7635730432.000,16.430,16.430,3.000,0.030,,0.000
2026-09-28T07:48:00Z,1.530,2.560,444.550,7635730432.000,19.670,19.670,3.000,0.030,4.213,0.000
2026-09-28T07:49:00Z,1.660,2.690,445.405,7635730432.000,19.060,19.060,2.000,0.030,4.949,0.000
2026-09-28T07:50:00Z,1.545,2.450,,7636779008.000,16.140,16.140,4.000,0.030,,0.000
2026-09-28T07:51:00Z,1.555,2.610,446.545,7635730432.000,23.210,23.210,3.000,0.040,5.009,0.000
2026-09-28T07:52:00Z,1.530,2.580,,7636779008.000,12.630,12.630,2.000,0.020,,0.000
2026-09-28T07:53:00Z,1.515,2.520,447.400,,11.110,11.110,1.000,0.020,3.455,0.000
2026-09-28T07:54:00Z,1.535,2.570,447.970,7636779008.000,16.710,16.710,2.000,0.030,2.905,0.000
2026-09-28T07:55:00Z,1.540,2.530,448.540,7636779008.000,11.210,11.210,1.000,0.020,4.270,0.000
2026-09-28T07:56:00Z,1.665,2.690,449.110,7636779008.000,25.230,25.230,3.000,0.060,2.893,0.000
2026-09-28T07:57:00Z,1.665,2.750,449.680,7637827584.000,30.070,30.070,5.000,0.060,6.400,0.000
2026-09-28T07:58:00Z,1.620,2.730,450.250,7634681856.000,17.440,17.440,4.000,0.030,7.622,0.000
2026-09-28T07:59:00Z,1.635,2.680,450.820,7635730432.000,21.880,21.880,2.000,0.040,4.487,0.000
2026-09-28T08:00:00Z,1.535,2.540,451.390,7635730432.000,17.080,17.080,3.000,0.030,5.768,0.000
2026-09-28T08:01:00Z,1.820,2.840,452.240,7634681856.000,29.370,29.370,2.000,0.700,5.904,0.000
2026-09-28T08:02:00Z,1.730,2.710,,7635730432.000,40.220,40.220,8.000,0.080,,0.000
2026-09-28T08:03:00Z,,,453.080,,36.840,36.840,6.000,0.080,10.335,0.000
2026-09-28T08:04:00Z,1.692,2.790,453.650,7635730432.000,24.120,24.120,4.000,0.040,9.312,0.000
2026-09-28T08:05:00Z,1.705,2.760,454.220,7635730432.000,29.640,29.640,4.000,0.050,6.152,0.000
2026-09-28T08:06:00Z,1.580,2.600,454.790,7636779008.000,23.400,23.400,4.000,0.050,7.670,0.000
2026-09-28T08:07:00Z,1.590,2.510,455.360,7635730432.000,15.120,15.120,2.000,0.030,5.970,0.000
2026-09-28T08:08:00Z,1.585,2.540,455.930,7635730432.000,22.170,22.170,3.000,0.040,3.850,0.000
2026-09-28T08:09:00Z,1.580,2.500,456.500,7635730432.000,20.070,20.070,3.000,0.040,5.633,0.000
2026-09-28T08:10:00Z,1.575,2.650,457.070,7636779008.000,21.190,21.190,4.000,0.040,5.128,0.000
2026-09-28T08:11:00Z,1.630,2.650,457.640,7633633280.000,12.350,12.350,2.000,0.020,5.407,0.000
2026-09-28T08:12:00Z,1.540,2.550,458.210,7633633280.000,22.130,22.130,3.000,0.040,3.195,0.000
2026-09-28T08:13:00Z,1.680,2.660,458.780,7633633280.000,19.940,19.940,3.000,0.040,5.830,0.000
2026-09-28T08:14:00Z,1.575,2.580,459.635,7632584704.000,24.290,24.290,4.000,0.190,5.645,0.000
2026-09-28T08:15:00Z,,,,,19.310,19.310,3.000,0.040,,0.000
2026-09-28T08:16:00Z,1.677,2.790,460.775,7633633280.000,34.960,34.960,4.000,0.080,6.875,0.000
2026-09-28T08:17:00Z,1.615,2.590,,7634681856.000,20.170,20.170,5.000,0.040,,0.000
2026-09-28T08:18:00Z,1.550,2.600,461.630,7634681856.000,21.390,21.390,3.000,0.040,5.145,0.000
2026-09-28T08:19:00Z,1.665,2.740,462.200,7632584704.000,26.010,26.010,3.000,0.080,5.438,0.000
2026-09-28T08:20:00Z,1.660,2.700,462.760,7633633280.000,18.090,18.090,4.000,0.030,6.787,0.000
2026-09-28T08:21:00Z,1.715,2.810,463.615,7633633280.000,20.690,20.690,3.000,0.030,4.939,0.000
2026-09-28T08:22:00Z,1.620,2.540,,7633633280.000,18.160,18.160,3.000,0.030,,0.000
2026-09-28T08:23:00Z,1.645,2.690,464.470,7633633280.000,30.380,30.380,4.000,0.070,4.862,0.000
2026-09-28T08:24:00Z,1.595,2.640,465.040,7633633280.000,21.630,21.630,4.000,0.110,7.702,0.000
2026-09-28T08:25:00Z,1.710,2.720,465.610,7633633280.000,24.610,24.610,3.000,0.050,5.518,0.000
2026-09-28T08:26:00Z,1.620,2.610,466.180,7633633280.000,28.170,28.170,5.000,0.090,6.255,0.000
2026-09-28T08:27:00Z,1.635,2.510,466.750,7633633280.000,20.770,20.770,3.000,0.040,7.135,0.000
2026-09-28T08:28:00Z,1.630,2.630,467.320,7632584704.000,28.540,28.540,5.000,0.060,5.285,0.000
2026-09-28T08:29:00Z,1.545,2.580,468.175,7632584704.000,21.890,21.890,3.000,0.040,6.495,0.000
2026-09-28T08:30:00Z,1.620,2.570,,7632584704.000,12.210,12.210,2.000,0.020,,0.000
2026-09-28T08:31:00Z,1.710,2.740,469.310,7633633280.000,28.200,28.200,4.000,0.060,5.145,0.000
2026-09-28T08:32:00Z,1.620,2.680,,7632584704.000,29.270,29.270,5.000,0.060,,0.000
2026-09-28T08:33:00Z,1.740,2.770,470.160,7632584704.000,18.010,18.010,2.000,0.030,7.628,0.000
2026-09-28T08:34:00Z,1.565,2.590,470.730,7632584704.000,24.220,24.220,4.000,0.040,4.605,0.000
2026-09-28T08:35:00Z,1.565,2.590,471.300,7632584704.000,12.960,12.960,2.000,0.020,6.322,0.000
2026-09-28T08:36:00Z,1.535,2.540,471.870,7633633280.000,12.930,12.930,2.000,0.020,3.518,0.000
2026-09-28T08:37:00Z,1.480,2.470,472.440,7633633280.000,13.610,13.610,2.000,0.020,3.340,0.000
2026-09-28T08:38:00Z,1.615,2.580,473.010,7633633280.000,12.510,12.510,1.000,0.020,3.500,0.000
2026-09-28T08:39:00Z,1.645,2.640,473.580,7632584704.000,27.790,27.790,4.000,0.060,3.225,0.000
2026-09-28T08:40:00Z,1.680,2.670,474.150,7630487552.000,28.980,28.980,4.000,0.060,7.062,0.000
2026-09-28T08:41:00Z,1.710,2.710,474.720,7631536128.000,34.110,34.110,5.000,0.150,7.340,0.000
2026-09-28T08:42:00Z,2.360,3.430,475.290,7610564608.000,32.620,32.620,6.000,0.140,8.637,0.000
2026-09-28T08:43:00Z,,,475.840,,11.130,11.130,2.000,0.010,8.445,0.000
2026-09-28T08:44:00Z,1.548,2.590,476.410,7618953216.000,17.760,17.760,2.000,0.030,3.223,0.000
2026-09-28T08:45:00Z,1.560,2.540,476.980,7620001792.000,17.940,17.940,3.000,0.030,4.558,0.000
2026-09-28T08:46:00Z,1.535,2.590,477.550,7621050368.000,19.310,19.310,2.000,0.030,4.577,0.000
2026-09-28T08:47:00Z,1.790,2.750,478.120,7622098944.000,21.550,21.550,2.000,0.060,4.933,0.000
2026-09-28T08:48:00Z,1.595,2.690,478.680,7622098944.000,29.710,29.710,6.000,0.100,5.492,0.000
2026-09-28T08:49:00Z,1.515,2.560,479.535,7622098944.000,16.030,16.030,3.000,0.040,5.930,0.000
2026-09-28T08:50:00Z,1.500,2.520,,7622098944.000,9.690,9.690,2.000,0.010,,0.000
2026-09-28T08:51:00Z,1.590,2.710,480.390,7623147520.000,12.240,12.240,1.000,0.020,2.493,0.000
2026-09-28T08:52:00Z,1.525,2.570,480.960,7622098944.000,12.890,12.890,2.000,0.020,3.165,0.000
2026-09-28T08:53:00Z,1.535,2.470,481.530,7622098944.000,8.760,8.760,1.000,0.010,3.515,0.000
2026-09-28T08:54:00Z,1.550,2.570,482.100,7621050368.000,16.640,16.640,2.000,0.030,2.288,0.000
2026-09-28T08:55:00Z,1.580,2.590,482.670,7621050368.000,15.080,15.080,2.000,0.030,4.275,0.000
2026-09-28T08:56:00Z,1.525,2.550,483.240,7622098944.000,16.240,16.240,2.000,0.030,3.862,0.000
2026-09-28T08:57:00Z,1.510,2.500,483.810,7622098944.000,10.370,10.370,2.000,0.010,4.150,0.000
2026-09-28T08:58:00Z,1.535,2.540,484.380,7621050368.000,11.680,11.680,2.000,0.020,2.683,0.000
2026-09-28T08:59:00Z,1.415,2.370,484.950,7622098944.000,9.940,9.940,1.000,0.010,3.010,0.000
2026-09-28T09:00:00Z,1.475,2.420,485.520,7621050368.000,7.060,7.060,1.000,0.010,2.603,0.000
2026-09-28T09:01:00Z,1.965,3.040,486.370,7622098944.000,48.290,48.290,2.000,2.220,7.011,0.000
2026-09-28T09:02:00Z,1.655,2.580,,7623147520.000,37.870,37.870,12.000,0.150,,0.000
2026-09-28T09:03:00Z,,,487.220,,22.910,22.910,4.000,0.040,9.795,0.000
2026-09-28T09:04:00Z,1.700,2.780,487.790,7623147520.000,28.880,28.880,3.000,0.070,5.832,0.000
2026-09-28T09:05:00Z,1.760,2.780,488.350,7626293248.000,23.180,23.180,5.000,0.040,7.338,0.000
2026-09-28T09:06:00Z,1.635,2.590,489.205,7627341824.000,30.210,30.210,5.000,0.070,6.855,0.000
2026-09-28T09:07:00Z,1.605,2.520,,7627341824.000,24.280,24.280,4.000,0.060,,0.000
2026-09-28T09:08:00Z,1.625,2.600,490.060,7628390400.000,23.650,23.650,3.000,0.060,6.168,0.000
2026-09-28T09:09:00Z,1.585,2.600,490.630,7629438976.000,19.670,19.670,4.000,0.040,6.135,0.000
2026-09-28T09:10:00Z,1.755,2.760,491.200,7629438976.000,27.610,27.610,4.000,0.070,5.060,0.000
2026-09-28T09:11:00Z,1.730,2.800,491.760,7629438976.000,38.070,38.070,6.000,0.120,6.995,0.000
2026-09-28T09:12:00Z,1.660,2.680,492.320,7628390400.000,25.080,25.080,5.000,0.050,9.627,0.000
2026-09-28T09:13:00Z,1.625,2.710,492.890,7629438976.000,32.240,32.240,5.000,0.130,6.560,0.000
2026-09-28T09:14:00Z,1.525,2.510,493.460,7629438976.000,14.060,14.060,3.000,0.030,8.152,0.000
2026-09-28T09:15:00Z,1.660,2.720,494.030,,21.820,21.820,3.000,0.150,3.625,0.000
2026-09-28T09:16:00Z,1.645,2.640,494.885,7629438976.000,25.790,25.790,4.000,0.070,6.046,0.000
2026-09-28T09:17:00Z,1.600,2.600,,7628390400.000,24.800,24.800,4.000,0.050,,0.000
2026-09-28T09:18:00Z,1.585,2.590,495.740,7628390400.000,17.690,17.690,3.000,0.030,6.303,0.000
2026-09-28T09:19:00Z,1.545,2.560,496.310,7629438976.000,18.540,18.540,3.000,0.030,4.515,0.000
2026-09-28T09:20:00Z,1.760,2.780,496.880,7626293248.000,25.750,25.750,3.000,0.080,4.925,0.000
2026-09-28T09:21:00Z,1.770,2.690,497.730,7626293248.000,33.770,33.770,7.000,0.110,7.537,0.000
2026-09-28T09:22:00Z,1.665,2.670,,7625244672.000,37.720,37.720,7.000,0.080,,0.000
2026-09-28T09:23:00Z,1.580,2.570,498.580,7625244672.000,24.940,24.940,4.000,0.050,9.727,0.000
2026-09-28T09:24:00Z,1.520,2.520,499.150,7626293248.000,20.410,20.410,3.000,0.040,6.332,0.000
2026-09-28T09:25:00Z,1.600,2.630,499.720,7627341824.000,15.580,15.580,2.000,0.020,5.218,0.000
2026-09-28T09:26:00Z,1.620,2.580,500.290,7627341824.000,17.660,17.660,3.000,0.090,3.985,0.000
2026-09-28T09:27:00Z,1.655,2.630,500.860,7624196096.000,25.900,25.900,4.000,0.050,4.505,0.000
2026-09-28T09:28:00Z,1.640,2.630,501.430,7624196096.000,27.480,27.480,4.000,0.050,6.560,0.000
2026-09-28T09:29:00Z,1.615,2.660,502.000,7625244672.000,27.970,27.970,4.000,0.060,6.985,0.000
2026-09-28T09:30:00Z,1.600,2.570,502.570,7624196096.000,22.740,22.740,4.000,0.120,7.090,0.000
2026-09-28T09:31:00Z,1.650,2.570,503.425,7624196096.000,22.620,22.620,4.000,0.060,5.758,0.000
2026-09-28T09:32:00Z,1.545,2.530,,7624196096.000,24.520,24.520,4.000,0.040,,0.000
2026-09-28T09:33:00Z,1.635,2.600,504.280,7625244672.000,20.810,20.810,3.000,0.040,6.428,0.000
2026-09-28T09:34:00Z,1.560,2.500,504.850,7625244672.000,22.830,22.830,3.000,0.040,5.300,0.000
2026-09-28T09:35:00Z,1.565,2.580,505.420,7626293248.000,21.590,21.590,3.000,0.050,5.973,0.000
2026-09-28T09:36:00Z,1.620,2.690,505.990,7627341824.000,25.460,25.460,3.000,0.060,5.678,0.000
2026-09-28T09:37:00Z,1.585,2.520,506.560,7627341824.000,14.060,14.060,3.000,0.030,6.463,0.000
2026-09-28T09:38:00Z,1.545,2.570,507.130,7627341824.000,21.830,21.830,3.000,0.040,3.605,0.000
2026-09-28T09:39:00Z,1.520,2.500,507.700,7627341824.000,12.340,12.340,2.000,0.020,5.572,0.000
2026-09-28T09:40:00Z,1.620,2.690,508.270,7626293248.000,15.230,15.230,2.000,0.030,3.158,0.000
2026-09-28T09:41:00Z,1.545,2.470,508.840,7624196096.000,14.760,14.760,2.000,0.030,3.910,0.000
2026-09-28T09:42:00Z,2.460,2.680,509.410,7603224576.000,27.560,27.560,4.000,0.060,3.817,0.000
2026-09-28T09:43:00Z,1.570,2.570,509.960,7618953216.000,17.780,17.780,3.000,0.030,7.183,0.000
2026-09-28T09:44:00Z,1.555,2.550,510.530,7620001792.000,16.930,16.930,2.000,0.030,4.875,0.000
2026-09-28T09:45:00Z,1.525,2.560,511.100,7620001792.000,15.090,15.090,2.000,0.020,4.327,0.000
2026-09-28T09:46:00Z,1.640,2.640,511.955,7621050368.000,16.810,16.810,2.000,0.030,4.077,0.000
2026-09-28T09:47:00Z,1.595,2.640,,7621050368.000,25.830,25.830,4.000,0.050,,0.000
2026-09-28T09:48:00Z,1.550,2.590,512.810,7621050368.000,18.010,18.010,4.000,0.030,6.553,0.000
2026-09-28T09:49:00Z,,,513.380,,17.030,17.030,2.000,0.030,4.612,0.000
2026-09-28T09:50:00Z,1.522,2.550,513.950,7621050368.000,10.330,10.330,2.000,0.020,4.350,0.000
2026-09-28T09:51:00Z,1.645,2.680,514.520,7621050368.000,19.040,19.040,2.000,0.040,2.672,0.000
2026-09-28T09:52:00Z,1.590,2.620,515.090,7622098944.000,17.060,17.060,4.000,0.030,4.850,0.000
2026-09-28T09:53:00Z,1.565,2.570,515.660,7622098944.000,19.660,19.660,3.000,0.040,4.570,0.000
2026-09-28T09:54:00Z,1.530,2.550,516.230,7623147520.000,15.780,15.780,3.000,0.030,5.025,0.000
2026-09-28T09:55:00Z,2.640,2.640,516.800,7623147520.000,17.480,17.480,2.000,0.030,4.035,0.000
2026-09-28T09:56:00Z,1.220,2.590,517.655,7624196096.000,19.460,19.460,3.000,0.040,4.713,0.000
2026-09-28T09:57:00Z,1.535,2.520,,7624196096.000,13.950,13.950,3.000,0.030,,0.000
2026-09-28T09:58:00Z,1.660,2.790,518.510,7624196096.000,23.440,23.440,2.000,0.090,3.590,0.000
2026-09-28T09:59:00Z,1.650,2.730,519.080,7623147520.000,18.920,18.920,3.000,0.040,5.945,0.000
2026-09-28T10:00:00Z,1.505,2.530,519.650,7624196096.000,16.880,16.880,3.000,0.040,4.845,0.000
2026-09-28T10:01:00Z,1.730,2.760,520.220,7623147520.000,21.230,21.230,2.000,0.050,4.530,0.000
2026-09-28T10:02:00Z,1.535,2.510,520.790,7622098944.000,26.560,26.560,5.000,0.060,5.405,0.000
2026-09-28T10:03:00Z,1.570,2.590,521.360,7621050368.000,16.680,16.680,3.000,0.030,6.945,0.000
2026-09-28T10:04:00Z,,,521.930,,15.060,15.060,2.000,0.030,4.263,0.000
2026-09-28T10:05:00Z,1.565,2.630,522.500,7621050368.000,12.160,12.160,2.000,0.020,3.885,0.000
2026-09-28T10:06:00Z,1.560,2.600,523.070,7622098944.000,12.540,12.540,2.000,0.020,3.308,0.000
2026-09-28T10:07:00Z,1.635,2.540,523.640,7622098944.000,18.830,18.830,3.000,0.040,3.228,0.000
2026-09-28T10:08:00Z,1.675,2.750,524.210,7623147520.000,31.610,31.610,5.000,0.090,4.798,0.000
2026-09-28T10:09:00Z,1.625,2.580,524.780,7624196096.000,23.140,23.140,3.000,0.050,8.018,0.000
2026-09-28T10:10:00Z,1.665,2.680,525.350,7624196096.000,24.940,24.940,4.000,0.070,5.878,0.000
2026-09-28T10:11:00Z,1.580,2.670,526.205,7623147520.000,27.990,27.990,4.000,0.520,6.710,0.000
2026-09-28T10:12:00Z,1.740,2.670,,7622098944.000,21.630,21.630,2.000,0.280,,0.000
2026-09-28T10:13:00Z,1.815,2.620,527.050,7621050368.000,31.890,31.890,7.000,0.660,5.702,0.000
2026-09-28T10:14:00Z,1.665,2.770,527.610,7620001792.000,61.280,61.280,9.000,4.290,8.065,0.000
2026-09-28T10:15:00Z,1.615,2.640,528.180,7620001792.000,18.640,18.640,3.000,0.040,15.430,0.000
2026-09-28T10:16:00Z,1.710,2.810,528.750,7620001792.000,29.290,29.290,3.000,0.200,4.758,0.000
2026-09-28T10:17:00Z,1.545,2.520,529.320,7621050368.000,18.980,18.980,5.000,0.030,7.400,0.000
2026-09-28T10:18:00Z,1.535,2.550,529.890,7620001792.000,11.140,11.140,2.000,0.020,4.843,0.000
2026-09-28T10:19:00Z,,,530.460,,16.090,16.090,2.000,0.030,2.888,0.000
2026-09-28T10:20:00Z,1.508,2.490,531.030,7621050368.000,13.330,13.330,2.000,0.020,4.325,0.000
2026-09-28T10:21:00Z,1.575,2.590,531.885,7621050368.000,16.860,16.860,2.000,0.030,3.868,0.000
2026-09-28T10:22:00Z,1.550,2.550,,7621050368.000,13.180,13.180,2.000,0.020,,0.000
2026-09-28T10:23:00Z,1.505,2.480,532.740,7620001792.000,15.010,15.010,2.000,0.030,3.592,0.000
2026-09-28T10:24:00Z,1.505,2.480,533.310,7620001792.000,12.710,12.710,2.000,0.020,3.870,0.000
2026-09-28T10:25:00Z,1.585,2.520,533.880,7618953216.000,13.700,13.700,2.000,0.030,3.285,0.000
2026-09-28T10:26:00Z,1.505,2.500,534.735,7618953216.000,19.660,19.660,3.000,0.040,4.263,0.000
2026-09-28T10:27:00Z,1.530,2.470,,7617904640.000,11.700,11.700,2.000,0.020,,0.000
2026-09-28T10:28:00Z,1.620,2.630,535.590,7617904640.000,18.590,18.590,2.000,0.030,3.015,0.000
2026-09-28T10:29:00Z,1.560,2.570,536.160,7615807488.000,22.010,22.010,4.000,0.040,4.758,0.000
2026-09-28T10:30:00Z,1.520,2.540,536.730,7616856064.000,15.840,15.840,2.000,0.030,5.595,0.000
2026-09-28T10:31:00Z,1.585,2.580,537.585,7614758912.000,14.030,14.030,2.000,0.020,3.825,0.000
2026-09-28T10:32:00Z,1.560,2.560,,7615807488.000,20.850,20.850,3.000,0.040,,0.000
2026-09-28T10:33:00Z,1.535,2.560,538.440,7615807488.000,14.500,14.500,2.000,0.030,5.515,0.000
2026-09-28T10:34:00Z,1.475,2.470,539.010,7616856064.000,6.410,6.410,1.000,0.010,3.723,0.000
2026-09-28T10:35:00Z,1.520,2.530,539.580,7615807488.000,11.510,11.510,2.000,0.020,1.830,0.000
2026-09-28T10:36:00Z,1.530,2.480,540.435,7615807488.000,10.190,10.190,1.000,0.020,2.899,0.000
2026-09-28T10:37:00Z,1.660,2.700,,7615807488.000,10.480,10.480,2.000,0.020,,0.000
2026-09-28T10:38:00Z,,,541.290,7615807488.000,13.760,13.760,1.000,0.020,2.725,0.000
2026-09-28T10:39:00Z,1.605,2.740,542.145,7615807488.000,18.100,18.100,3.000,0.070,4.082,0.000
2026-09-28T10:40:00Z,1.660,2.770,,7615807488.000,11.830,11.830,2.000,0.020,,0.000
2026-09-28T10:41:00Z,1.575,2.590,543.000,7615807488.000,12.290,12.290,2.000,0.020,3.042,0.000
2026-09-28T10:42:00Z,1.715,2.610,543.570,7614758912.000,7.980,7.980,1.000,0.010,3.175,0.000
2026-09-28T10:43:00Z,2.320,4.050,544.130,,12.190,12.190,1.000,0.020,2.288,0.000
2026-09-28T10:44:00Z,1.525,2.400,544.690,7600078848.000,9.240,9.240,1.000,0.010,3.215,0.000
2026-09-28T10:45:00Z,1.595,2.460,545.260,7601127424.000,11.910,11.910,2.000,0.020,2.708,0.000
2026-09-28T10:46:00Z,1.480,2.260,546.115,7601127424.000,9.880,9.880,1.000,0.010,2.817,0.000
2026-09-28T10:47:00Z,1.575,2.380,,7602176000.000,12.140,12.140,2.000,0.020,,0.000
2026-09-28T10:48:00Z,1.555,2.390,546.970,7602176000.000,14.260,14.260,2.000,0.030,3.127,0.000
2026-09-28T10:49:00Z,1.520,2.280,547.540,7603224576.000,11.660,11.660,1.000,0.050,3.683,0.000
2026-09-28T10:50:00Z,1.565,2.320,548.110,7603224576.000,11.810,11.810,2.000,0.020,3.013,0.000
2026-09-28T10:51:00Z,2.510,2.510,548.680,7604273152.000,12.980,12.980,2.000,0.020,3.042,0.000
2026-09-28T10:52:00Z,1.450,2.530,549.250,7604273152.000,20.950,20.950,3.000,0.080,3.335,0.000
2026-09-28T10:53:00Z,,,549.820,,16.630,16.630,3.000,0.030,5.543,0.000
2026-09-28T10:54:00Z,1.817,2.770,550.380,7605321728.000,66.650,66.650,10.000,5.460,4.268,0.000
2026-09-28T10:55:00Z,1.590,2.300,550.940,7608467456.000,27.430,27.430,6.000,0.050,16.773,0.000
2026-09-28T10:56:00Z,1.615,2.240,551.795,7608467456.000,14.800,14.800,2.000,0.020,5.371,0.000
2026-09-28T10:57:00Z,1.680,2.290,,7609516032.000,29.820,29.820,4.000,0.070,,0.000
2026-09-28T10:58:00Z,1.530,2.130,552.935,7609516032.000,11.380,11.380,3.000,0.020,5.366,0.000
2026-09-28T10:59:00Z,1.505,2.080,,7609516032.000,11.920,11.920,1.000,0.020,,0.000
2026-09-28T11:00:00Z,1.660,2.140,553.790,7610564608.000,15.360,15.360,1.000,0.120,3.070,0.000
2026-09-28T11:01:00Z,2.865,3.740,554.360,7609516032.000,137.410,137.410,7.000,13.760,3.938,0.000
2026-09-28T11:02:00Z,2.065,2.620,554.900,7609516032.000,109.810,109.810,33.000,0.500,34.450,0.000
2026-09-28T11:03:00Z,1.935,2.590,555.460,7604273152.000,64.270,64.270,13.000,0.310,27.762,0.000
2026-09-28T11:04:00Z,1.760,2.220,556.020,7605321728.000,38.150,38.150,7.000,0.080,16.165,0.000
2026-09-28T11:05:00Z,1.765,2.320,556.580,7606370304.000,38.420,38.420,6.000,0.110,9.655,0.000
2026-09-28T11:06:00Z,1.805,2.310,557.430,7607418880.000,31.290,31.290,5.000,0.120,8.896,0.000
2026-09-28T11:07:00Z,1.675,2.150,,7608467456.000,33.620,33.620,6.000,0.080,,0.000
2026-09-28T11:08:00Z,1.665,2.160,558.280,7609516032.000,26.150,26.150,3.000,0.050,8.510,0.000
2026-09-28T11:09:00Z,1.705,2.170,558.850,7610564608.000,30.300,30.300,5.000,0.060,6.633,0.000
2026-09-28T11:10:00Z,1.615,2.010,559.420,7611613184.000,24.350,24.350,5.000,0.060,7.673,0.000
2026-09-28T11:11:00Z,1.605,2.070,559.990,,23.700,23.700,3.000,0.050,6.185,0.000
2026-09-28T11:12:00Z,1.530,2.000,560.560,7610564608.000,16.650,16.650,3.000,0.030,6.040,0.000
2026-09-28T11:13:00Z,1.680,2.140,561.130,7611613184.000,18.740,18.740,3.000,0.030,4.447,0.000
2026-09-28T11:14:00Z,1.610,1.950,561.700,7610564608.000,16.280,16.280,3.000,0.030,4.812,0.000
2026-09-28T11:15:00Z,1.680,2.030,562.555,7610564608.000,22.090,22.090,3.000,0.040,4.889,0.000
2026-09-28T11:16:00Z,1.760,2.230,,7611613184.000,25.200,25.200,4.000,0.050,,0.000
2026-09-28T11:17:00Z,2.240,2.400,563.410,7602176000.000,21.880,21.880,4.000,0.050,6.390,0.000
2026-09-28T11:18:00Z,2.105,2.700,563.960,7603224576.000,139.070,139.070,20.000,12.680,5.577,0.000
2026-09-28T11:19:00Z,2.000,2.450,564.510,7604273152.000,46.200,46.200,11.000,0.110,34.858,0.000
2026-09-28T11:20:00Z,1.805,2.190,565.070,7605321728.000,42.930,42.930,7.000,0.100,11.842,0.000
2026-09-28T11:21:00Z,1.695,1.990,565.915,7604273152.000,22.650,22.650,4.000,0.040,8.290,0.000
2026-09-28T11:22:00Z,1.640,1.940,,7604273152.000,19.640,19.640,3.000,0.150,,0.000
2026-09-28T11:23:00Z,1.765,2.080,567.050,7605321728.000,21.870,21.870,2.000,0.040,5.401,0.000
2026-09-28T11:24:00Z,1.805,2.070,,,28.610,28.610,5.000,0.050,,0.000
2026-09-28T11:25:00Z,1.685,1.930,567.890,7606370304.000,27.760,27.760,5.000,0.050,7.263,0.000
2026-09-28T11:26:00Z,1.700,1.950,568.460,7607418880.000,19.990,19.990,3.000,0.040,7.032,0.000
2026-09-28T11:27:00Z,1.595,1.750,569.030,7605321728.000,17.610,17.610,3.000,0.030,5.090,0.000
2026-09-28T11:28:00Z,1.630,1.890,569.600,7605321728.000,22.710,22.710,3.000,0.100,4.492,0.000
2026-09-28T11:29:00Z,1.565,1.710,570.170,7605321728.000,9.290,9.290,2.000,0.010,5.770,0.000
2026-09-28T11:30:00Z,1.700,1.920,570.740,7605321728.000,14.430,14.430,2.000,0.030,2.433,0.000
2026-09-28T11:31:00Z,1.950,2.230,571.310,7605321728.000,22.050,22.050,3.000,0.040,3.703,0.000
2026-09-28T11:32:00Z,1.750,1.970,571.870,7606370304.000,28.380,28.380,5.000,0.080,5.603,0.000
2026-09-28T11:33:00Z,1.700,1.880,572.440,7605321728.000,19.560,19.560,3.000,0.040,7.388,0.000
2026-09-28T11:34:00Z,1.680,1.910,573.010,7605321728.000,24.560,24.560,4.000,0.050,5.013,0.000
2026-09-28T11:35:00Z,1.710,1.730,573.580,7605321728.000,19.050,19.050,4.000,0.040,6.367,0.000
2026-09-28T11:36:00Z,1.700,1.770,574.435,7604273152.000,20.470,20.470,3.000,0.080,5.244,0.000
2026-09-28T11:37:00Z,,,,7605321728.000,24.200,24.200,3.000,0.050,,0.000
2026-09-28T11:38:00Z,1.698,1.920,575.290,7605321728.000,14.430,14.430,3.000,0.020,6.165,0.000
2026-09-28T11:39:00Z,1.535,1.570,575.860,7604273152.000,17.520,17.520,3.000,0.030,3.697,0.000
2026-09-28T11:40:00Z,1.655,1.740,576.430,7605321728.000,17.670,17.670,3.000,0.030,4.495,0.000
2026-09-28T11:41:00Z,1.600,1.650,577.000,7603224576.000,14.370,14.370,2.000,0.030,4.508,0.000
2026-09-28T11:42:00Z,1.695,1.710,577.855,7604273152.000,19.880,19.880,3.000,0.030,4.490,0.000
2026-09-28T11:43:00Z,,,,7584350208.000,21.290,21.290,4.000,0.190,,0.000
2026-09-28T11:44:00Z,2.152,2.800,578.690,7591690240.000,31.030,31.030,4.000,0.090,5.407,0.000
2026-09-28T11:45:00Z,1.620,1.690,579.260,7592738816.000,17.320,17.320,4.000,0.040,8.210,0.000
2026-09-28T11:46:00Z,1.670,1.810,579.830,7591690240.000,15.800,15.800,2.000,0.070,4.445,0.000
2026-09-28T11:47:00Z,1.605,1.770,580.400,7591690240.000,19.290,19.290,4.000,0.120,4.048,0.000
2026-09-28T11:48:00Z,1.605,1.700,580.970,7591690240.000,15.110,15.110,2.000,0.040,4.915,0.000
2026-09-28T11:49:00Z,,,581.540,7592738816.000,10.510,10.510,1.000,0.010,3.862,0.000
2026-09-28T11:50:00Z,1.593,1.740,582.110,7592738816.000,12.060,12.060,2.000,0.030,2.750,0.000
2026-09-28T11:51:00Z,1.665,1.950,582.965,7591690240.000,13.030,13.030,1.000,0.020,3.234,0.000
2026-09-28T11:52:00Z,1.570,1.810,,7592738816.000,17.840,17.840,3.000,0.030,,0.000
2026-09-28T11:53:00Z,1.595,1.870,583.820,7593787392.000,13.080,13.080,2.000,0.020,4.775,0.000
2026-09-28T11:54:00Z,1.610,1.930,584.390,7591690240.000,14.850,14.850,2.000,0.020,3.393,0.000
2026-09-28T11:55:00Z,1.665,1.900,585.245,7591690240.000,18.270,18.270,2.000,0.040,4.229,0.000
2026-09-28T11:56:00Z,1.710,1.960,,7591690240.000,11.460,11.460,2.000,0.020,,0.000
2026-09-28T11:57:00Z,1.580,1.960,586.100,7592738816.000,15.580,15.580,2.000,0.030,2.958,0.000
2026-09-28T11:58:00Z,1.715,2.100,586.670,7592738816.000,12.860,12.860,2.000,0.020,3.987,0.000
2026-09-28T11:59:00Z,1.620,2.040,587.240,7593787392.000,17.730,17.730,2.000,0.290,3.300,0.000
2026-09-28T12:00:00Z,1.590,2.100,587.810,7594835968.000,13.160,13.160,2.000,0.020,4.553,0.000
2026-09-28T12:01:00Z,1.860,2.350,588.660,7593787392.000,26.570,26.570,3.000,0.150,5.058,0.000
2026-09-28T12:02:00Z,1.800,2.300,,7592738816.000,40.960,40.960,7.000,0.090,,0.000
2026-09-28T12:03:00Z,,,589.500,7593787392.000,33.380,33.380,7.000,0.090,10.535,0.000
2026-09-28T12:04:00Z,1.673,2.140,590.070,7594835968.000,24.580,24.580,4.000,0.070,8.447,0.000
2026-09-28T12:05:00Z,2.925,3.420,590.640,7594835968.000,90.890,90.890,3.000,13.610,6.260,0.000
2026-09-28T12:06:00Z,2.175,2.560,591.455,7594835968.000,163.380,163.380,37.000,10.930,31.964,0.000
2026-09-28T12:07:00Z,2.200,2.700,,7595884544.000,72.970,72.970,13.000,0.180,,0.000
2026-09-28T12:08:00Z,2.010,2.600,592.290,7594835968.000,67.690,67.690,12.000,0.210,18.350,0.000
2026-09-28T12:09:00Z,1.870,2.580,592.850,7595884544.000,55.480,55.480,10.000,0.440,17.038,0.000
2026-09-28T12:10:00Z,,,593.410,7596933120.000,56.400,56.400,10.000,0.120,13.967,0.000
2026-09-28T12:11:00Z,1.837,2.540,594.250,7595884544.000,31.160,31.160,6.000,0.060,11.039,0.000
2026-09-28T12:12:00Z,1.910,2.630,,7595884544.000,40.340,40.340,6.000,0.080,,0.000
2026-09-28T12:13:00Z,1.825,2.510,595.090,7595884544.000,48.510,48.510,8.000,0.100,10.375,0.000
2026-09-28T12:14:00Z,1.940,2.400,595.650,7595884544.000,48.330,48.330,8.000,0.140,12.232,0.000
2026-09-28T12:15:00Z,1.795,2.440,596.210,7595884544.000,30.460,30.460,6.000,0.070,12.193,0.000
2026-09-28T12:16:00Z,1.650,2.350,597.065,7594835968.000,27.740,27.740,4.000,0.060,7.367,0.000
2026-09-28T12:17:00Z,,,,,26.550,26.550,4.000,0.060,,0.000
2026-09-28T12:18:00Z,1.817,2.540,598.190,7593787392.000,33.210,33.210,4.000,0.370,7.564,0.000
2026-09-28T12:19:00Z,1.700,2.470,,7593787392.000,33.730,33.730,7.000,0.230,,0.000
2026-09-28T12:20:00Z,1.770,2.550,599.320,7594835968.000,25.360,25.360,4.000,0.050,7.579,0.000
2026-09-28T12:21:00Z,1.915,2.550,,7593787392.000,49.310,49.310,6.000,0.590,,0.000
2026-09-28T12:22:00Z,1.830,2.570,600.160,7593787392.000,34.410,34.410,7.000,0.080,12.420,0.000
2026-09-28T12:23:00Z,1.970,2.650,600.720,7593787392.000,37.120,37.120,6.000,0.080,8.908,0.000
2026-09-28T12:24:00Z,1.950,2.750,601.560,7593787392.000,57.030,57.030,7.000,0.510,12.000,0.000
2026-09-28T12:25:00Z,1.665,2.630,,7594835968.000,32.920,32.920,9.000,0.070,,0.000
2026-09-28T12:26:00Z,1.700,2.610,602.690,7594835968.000,29.340,29.340,4.000,0.060,7.866,0.000
2026-09-28T12:27:00Z,2.195,3.440,,7590641664.000,26.590,26.590,5.000,0.050,,0.000
2026-09-28T12:28:00Z,0.990,0.990,603.530,7591690240.000,82.150,82.150,13.000,2.020,6.732,0.000
2026-09-28T12:29:00Z,2.047,2.820,604.090,7591690240.000,27.850,27.850,5.000,0.060,20.640,0.000
2026-09-28T12:30:00Z,,,604.660,,20.560,20.560,3.000,0.040,7.080,0.000
2026-09-28T12:31:00Z,1.645,2.560,605.230,7592738816.000,24.010,24.010,3.000,0.050,5.225,0.000
2026-09-28T12:32:00Z,1.742,2.840,605.800,7591690240.000,26.530,26.530,5.000,0.060,6.100,0.000
2026-09-28T12:33:00Z,1.770,2.770,606.645,7591690240.000,30.320,30.320,5.000,0.120,7.316,0.000
2026-09-28T12:34:00Z,1.715,2.650,,7592738816.000,36.330,36.330,4.000,0.090,,0.000
2026-09-28T12:35:00Z,1.765,2.750,607.490,7592738816.000,23.320,23.320,5.000,0.060,9.185,0.000
2026-09-28T12:36:00Z,1.785,2.780,608.340,7591690240.000,30.820,30.820,4.000,0.320,7.032,0.000
2026-09-28T12:37:00Z,1.670,2.740,,7591690240.000,19.760,19.760,5.000,0.040,,0.000
2026-09-28T12:38:00Z,1.840,2.850,609.190,7591690240.000,19.940,19.940,3.000,0.030,5.037,0.000
2026-09-28T12:39:00Z,1.765,2.820,609.750,7591690240.000,38.530,38.530,6.000,0.120,5.070,0.000
2026-09-28T12:40:00Z,1.690,2.710,610.310,7591690240.000,26.300,26.300,5.000,0.060,9.742,0.000
2026-09-28T12:41:00Z,1.695,2.750,610.880,7591690240.000,19.640,19.640,3.000,0.040,6.673,0.000
2026-09-28T12:42:00Z,1.645,2.680,611.450,7592738816.000,30.040,30.040,5.000,0.480,5.013,0.000
2026-09-28T12:43:00Z,2.605,4.460,612.020,7592738816.000,34.590,34.590,4.000,0.100,7.808,0.000
2026-09-28T12:44:00Z,1.725,2.770,612.570,7592738816.000,27.830,27.830,5.000,0.060,8.775,0.000
2026-09-28T12:45:00Z,1.650,2.690,613.140,,21.590,21.590,5.000,0.120,7.365,0.000
2026-09-28T12:46:00Z,1.745,2.780,613.990,7591690240.000,30.730,30.730,4.000,0.080,6.633,0.000
2026-09-28T12:47:00Z,1.745,2.740,,7589593088.000,36.820,36.820,6.000,0.080,,0.000
2026-09-28T12:48:00Z,1.700,2.710,615.115,7588544512.000,31.690,31.690,6.000,0.070,8.674,0.000
2026-09-28T12:49:00Z,1.745,2.740,,7589593088.000,42.390,42.390,6.000,0.220,,0.000
2026-09-28T12:50:00Z,1.640,2.710,615.970,7589593088.000,24.830,24.830,5.000,0.050,10.695,0.000
2026-09-28T12:51:00Z,1.755,2.700,616.820,7589593088.000,28.710,28.710,4.000,0.060,6.782,0.000
2026-09-28T12:52:00Z,1.675,2.620,,7588544512.000,33.490,33.490,7.000,0.530,,0.000
2026-09-28T12:53:00Z,1.810,2.720,617.670,7589593088.000,36.930,36.930,3.000,0.230,8.675,0.000
2026-09-28T12:54:00Z,1.615,2.670,618.230,7589593088.000,24.000,24.000,7.000,0.040,9.342,0.000
2026-09-28T12:55:00Z,,,618.800,7590641664.000,27.520,27.520,3.000,0.060,6.098,0.000
2026-09-28T12:56:00Z,1.760,2.820,619.360,7590641664.000,41.130,41.130,7.000,0.140,6.970,0.000
2026-09-28T12:57:00Z,1.715,2.700,620.205,7590641664.000,38.240,38.240,7.000,0.100,10.015,0.000
2026-09-28T12:58:00Z,1.780,2.680,,7587495936.000,39.490,39.490,6.000,0.090,,0.000
2026-09-28T12:59:00Z,1.725,2.760,621.050,7587495936.000,36.270,36.270,6.000,0.100,9.982,0.000
2026-09-28T13:00:00Z,1.675,2.660,621.620,7587495936.000,34.020,34.020,6.000,0.080,9.158,0.000
2026-09-28T13:01:00Z,1.990,2.980,622.470,7588544512.000,45.060,45.060,4.000,0.200,9.976,0.000
2026-09-28T13:02:00Z,1.835,2.820,,7588544512.000,59.370,59.370,12.000,0.210,,0.000
2026-09-28T13:03:00Z,,,623.310,,50.550,50.550,8.000,0.150,15.135,0.000
2026-09-28T13:04:00Z,1.855,2.940,623.870,7589593088.000,39.590,39.590,8.000,0.120,12.770,0.000
2026-09-28T13:05:00Z,1.760,2.770,624.715,7589593088.000,29.710,29.710,4.000,0.090,8.751,0.000
2026-09-28T13:06:00Z,,,,,28.260,28.260,5.000,0.070,,0.000
2026-09-28T13:07:00Z,1.708,2.720,625.570,7589593088.000,35.710,35.710,5.000,0.080,7.317,0.000
2026-09-28T13:08:00Z,1.675,2.650,626.140,7590641664.000,29.780,29.780,6.000,0.060,9.033,0.000
2026-09-28T13:09:00Z,1.695,2.680,626.710,7589593088.000,31.970,31.970,5.000,0.080,7.543,0.000
2026-09-28T13:10:00Z,1.605,2.660,627.280,7590641664.000,22.160,22.160,4.000,0.070,8.098,0.000
2026-09-28T13:11:00Z,1.660,2.690,627.850,7590641664.000,23.570,23.570,3.000,0.070,5.625,0.000
2026-09-28T13:12:00Z,1.755,2.710,628.700,7590641664.000,39.440,39.440,5.000,0.160,8.070,0.000
2026-09-28T13:13:00Z,1.710,2.740,,7589593088.000,32.170,32.170,7.000,0.090,,0.000
2026-09-28T13:14:00Z,1.725,2.890,629.835,7590641664.000,25.260,25.260,5.000,0.060,7.289,0.000
2026-09-28T13:15:00Z,1.705,2.750,,7589593088.000,25.320,25.320,3.000,0.060,,0.000
2026-09-28T13:16:00Z,1.745,2.820,630.690,7589593088.000,28.340,28.340,5.000,0.060,6.423,0.000
2026-09-28T13:17:00Z,1.845,2.980,631.250,7588544512.000,31.770,31.770,5.000,0.070,7.178,0.000
2026-09-28T13:18:00Z,1.805,3.000,631.810,7589593088.000,39.320,39.320,7.000,0.110,8.027,0.000
2026-09-28T13:19:00Z,2.275,3.270,632.370,7585398784.000,76.610,76.610,6.000,6.760,9.920,0.000
2026-09-28T13:20:00Z,1.945,3.060,632.920,7586447360.000,62.190,62.190,15.000,0.580,19.445,0.000
2026-09-28T13:21:00Z,1.810,2.830,633.480,7585398784.000,43.090,43.090,9.000,1.280,15.645,0.000
2026-09-28T13:22:00Z,1.705,2.740,634.325,7586447360.000,38.750,38.750,6.000,0.130,10.430,0.000
2026-09-28T13:23:00Z,,,,,32.590,32.590,4.000,0.080,,0.000
2026-09-28T13:24:00Z,1.450,2.890,635.170,7586447360.000,41.970,41.970,8.000,0.150,8.240,0.000
2026-09-28T13:25:00Z,2.053,2.750,636.025,7586447360.000,32.940,32.940,5.000,0.110,9.467,0.000
2026-09-28T13:26:00Z,,,,,47.890,47.890,5.000,0.340,,0.000
2026-09-28T13:27:00Z,1.998,3.200,636.870,7583301632.000,63.050,63.050,12.000,0.270,12.065,0.000
2026-09-28T13:28:00Z,,,637.430,,53.530,53.530,10.000,0.430,15.860,0.000
2026-09-28T13:29:00Z,2.025,3.200,637.990,7583301632.000,81.150,81.150,10.000,1.520,13.485,0.000
2026-09-28T13:30:00Z,,,638.550,7583301632.000,63.190,63.190,12.000,0.150,20.398,0.000
2026-09-28T13:31:00Z,2.880,4.550,639.110,7579107328.000,190.730,190.730,12.000,21.940,15.890,0.000
2026-09-28T13:32:00Z,3.420,4.540,639.630,7579107328.000,258.550,258.550,57.000,2.960,47.773,0.000
2026-09-28T13:33:00Z,3.145,4.060,640.160,7578058752.000,244.160,244.160,44.000,1.720,64.965,0.000
2026-09-28T13:34:00Z,3.120,4.130,640.690,7580155904.000,209.610,209.610,39.000,0.990,61.145,0.000
2026-09-28T13:35:00Z,2.815,3.770,641.220,7579107328.000,198.050,198.050,36.000,0.890,52.532,0.000
2026-09-28T13:36:00Z,3.025,3.910,641.760,7579107328.000,213.470,213.470,31.000,10.560,49.770,0.000
2026-09-28T13:37:00Z,3.040,4.040,642.300,7577010176.000,198.390,198.390,40.000,1.560,53.638,0.000
2026-09-28T13:38:00Z,3.155,4.160,642.840,7578058752.000,217.790,217.790,38.000,1.770,49.703,0.000
2026-09-28T13:39:00Z,3.010,4.090,643.370,7581204480.000,196.040,196.040,37.000,4.360,54.557,0.000
2026-09-28T13:40:00Z,2.665,3.550,643.910,7582253056.000,174.530,174.530,30.000,0.710,49.100,0.000
2026-09-28T13:41:00Z,2.730,3.570,644.450,7582253056.000,155.500,155.500,26.000,3.670,43.727,0.000
2026-09-28T13:42:00Z,2.555,3.570,644.990,7581204480.000,142.490,142.490,29.000,0.440,38.965,0.000
2026-09-28T13:43:00Z,2.850,3.970,645.540,7572815872.000,160.340,160.340,26.000,0.700,35.925,0.000
2026-09-28T13:44:00Z,3.305,3.640,646.080,7578058752.000,159.910,159.910,30.000,1.090,40.220,0.000
2026-09-28T13:45:00Z,2.680,3.790,646.610,7580155904.000,150.780,150.780,27.000,0.750,40.383,0.000
2026-09-28T13:46:00Z,2.995,3.920,647.420,7578058752.000,191.470,191.470,28.000,1.140,42.910,0.000
2026-09-28T13:47:00Z,2.670,3.690,,7579107328.000,164.920,164.920,33.000,1.520,,0.000
2026-09-28T13:48:00Z,2.845,4.040,648.230,7578058752.000,166.710,166.710,29.000,1.720,41.335,0.000
2026-09-28T13:49:00Z,3.055,3.810,648.770,7575961600.000,239.760,239.760,39.000,14.070,41.807,0.000
2026-09-28T13:50:00Z,2.990,4.260,649.310,7580155904.000,168.500,168.500,33.000,0.700,60.025,0.000
2026-09-28T13:51:00Z,2.840,3.900,650.120,7579107328.000,213.450,213.450,37.000,7.690,47.829,0.000
2026-09-28T13:52:00Z,2.780,3.790,,7573864448.000,186.350,186.350,32.000,0.920,,0.000
2026-09-28T13:53:00Z,2.660,3.570,650.930,7573864448.000,174.750,174.750,34.000,5.530,46.892,0.000
2026-09-28T13:54:00Z,2.745,3.780,651.470,7565475840.000,153.660,153.660,25.000,1.000,43.790,0.000
2026-09-28T13:55:00Z,2.795,3.930,652.010,7568621568.000,166.580,166.580,31.000,0.840,38.530,0.000
2026-09-28T13:56:00Z,3.075,4.600,652.550,7568621568.000,177.510,177.510,32.000,9.090,41.737,0.000
2026-09-28T13:57:00Z,2.605,3.700,653.080,7567572992.000,233.390,233.390,41.000,23.670,44.475,0.000
2026-09-28T13:58:00Z,,,653.630,,144.480,144.480,25.000,0.960,58.657,0.000
2026-09-28T13:59:00Z,2.465,3.460,654.180,7564427264.000,143.860,143.860,24.000,2.720,36.230,0.000
2026-09-28T14:00:00Z,2.540,3.480,654.730,7567572992.000,148.430,148.430,27.000,0.800,36.083,0.000
2026-09-28T14:01:00Z,2.765,3.550,655.550,7564427264.000,183.920,183.920,29.000,1.890,41.641,0.000
2026-09-28T14:02:00Z,2.410,3.460,,7562330112.000,139.840,139.840,31.000,0.510,,0.000
2026-09-28T14:03:00Z,2.585,3.690,656.370,7562330112.000,131.450,131.450,22.000,0.520,35.282,0.000
2026-09-28T14:04:00Z,2.475,3.560,656.920,7566524416.000,147.790,147.790,27.000,1.570,33.160,0.000
2026-09-28T14:05:00Z,2.390,3.430,657.745,7563378688.000,132.690,132.690,23.000,0.510,35.188,0.000
2026-09-28T14:06:00Z,2.690,3.700,,7561281536.000,149.730,149.730,24.000,0.770,,0.000
2026-09-28T14:07:00Z,2.560,3.360,658.560,7563378688.000,182.740,182.740,31.000,2.690,37.672,0.000
2026-09-28T14:08:00Z,2.480,3.390,659.110,7561281536.000,137.150,137.150,26.000,0.530,45.782,0.000
2026-09-28T14:09:00Z,2.360,3.420,659.660,7561281536.000,121.110,121.110,24.000,0.940,34.383,0.000
2026-09-28T14:10:00Z,2.430,3.500,660.210,7562330112.000,122.840,122.840,20.000,0.620,30.398,0.000
2026-09-28T14:11:00Z,2.465,3.280,660.760,7561281536.000,144.970,144.970,22.000,1.110,30.812,0.000
2026-09-28T14:12:00Z,2.440,3.520,661.310,7561281536.000,117.550,117.550,24.000,0.580,36.335,0.000
2026-09-28T14:13:00Z,1.320,1.320,661.860,7562330112.000,138.440,138.440,24.000,0.750,29.677,0.000
2026-09-28T14:14:00Z,2.903,3.720,662.410,7563378688.000,172.400,172.400,28.000,9.340,34.715,0.000
2026-09-28T14:15:00Z,2.610,3.980,663.230,7562330112.000,122.590,122.590,24.000,0.720,36.979,0.000
2026-09-28T14:16:00Z,2.880,3.900,,7560232960.000,205.300,205.300,30.000,2.250,,0.000
2026-09-28T14:17:00Z,2.885,3.920,664.040,7564427264.000,186.240,186.240,32.000,1.540,51.428,0.000
2026-09-28T14:18:00Z,2.410,3.350,664.580,7562330112.000,148.650,148.650,30.000,1.020,46.657,0.000
2026-09-28T14:19:00Z,,,665.130,7562330112.000,135.460,135.460,23.000,0.870,37.255,0.000
2026-09-28T14:20:00Z,2.595,3.580,665.680,,150.400,150.400,27.000,2.980,34.163,0.000
2026-09-28T14:21:00Z,2.473,3.500,666.505,7557087232.000,140.510,140.510,23.000,0.630,36.466,0.000
2026-09-28T14:22:00Z,2.220,3.170,,7563378688.000,112.570,112.570,23.000,0.410,,0.000
2026-09-28T14:23:00Z,2.460,3.590,667.330,7564427264.000,112.800,112.800,19.000,0.410,28.440,0.000
2026-09-28T14:24:00Z,2.455,3.320,667.880,7562330112.000,163.360,163.360,26.000,3.030,28.317,0.000
2026-09-28T14:25:00Z,2.315,3.300,668.430,7561281536.000,110.740,110.740,22.000,0.400,40.950,0.000
2026-09-28T14:26:00Z,2.390,3.440,668.980,7560232960.000,120.980,120.980,19.000,0.780,27.777,0.000
2026-09-28T14:27:00Z,2.430,3.470,669.530,7560232960.000,125.570,125.570,23.000,0.650,30.335,0.000
2026-09-28T14:28:00Z,2.245,3.190,670.080,7563378688.000,130.790,130.790,23.000,0.550,31.485,0.000
2026-09-28T14:29:00Z,2.420,3.560,670.630,7559184384.000,104.140,104.140,18.000,0.400,32.807,0.000
2026-09-28T14:30:00Z,2.550,3.810,671.180,7558135808.000,123.460,123.460,21.000,0.560,26.128,0.000
2026-09-28T14:31:00Z,2.715,3.680,672.000,7558135808.000,142.220,142.220,22.000,0.940,33.300,0.000
2026-09-28T14:32:00Z,2.535,3.550,,7560232960.000,142.500,142.500,25.000,0.930,,0.000
2026-09-28T14:33:00Z,2.475,3.650,672.820,7560232960.000,114.900,114.900,23.000,0.480,35.985,0.000
2026-09-28T14:34:00Z,2.510,3.670,673.370,7560232960.000,118.500,118.500,19.000,0.740,28.858,0.000
2026-09-28T14:35:00Z,2.330,3.410,674.195,7556038656.000,124.620,124.620,24.000,2.070,30.576,0.000
2026-09-28T14:36:00Z,2.340,3.350,,7561281536.000,107.010,107.010,16.000,0.740,,0.000
2026-09-28T14:37:00Z,2.420,3.410,675.020,7562330112.000,129.990,129.990,21.000,3.030,27.017,0.000
2026-09-28T14:38:00Z,2.295,3.350,675.570,7562330112.000,107.210,107.210,22.000,0.460,32.608,0.000
2026-09-28T14:39:00Z,,,676.120,,189.180,189.180,24.000,4.640,27.055,0.000
2026-09-28T14:40:00Z,3.018,4.160,676.650,7559184384.000,223.060,223.060,45.000,5.250,47.388,0.000
2026-09-28T14:41:00Z,3.130,4.170,677.190,7558135808.000,198.600,198.600,31.000,3.830,55.873,0.000
2026-09-28T14:42:00Z,2.890,3.890,677.720,7556038656.000,214.550,214.550,39.000,4.670,49.755,0.000
2026-09-28T14:43:00Z,2.725,3.490,678.260,7560232960.000,205.430,205.430,36.000,4.290,53.947,0.000
2026-09-28T14:44:00Z,,,678.800,,168.490,168.490,30.000,3.030,51.475,0.000
2026-09-28T14:45:00Z,3.515,4.310,679.320,7539261440.000,252.180,252.180,39.000,19.710,42.225,0.000
2026-09-28T14:46:00Z,3.465,4.530,680.115,7553941504.000,272.070,272.070,48.000,4.340,65.802,0.000
2026-09-28T14:47:00Z,3.400,4.480,,7553941504.000,288.100,288.100,54.000,3.640,,0.000
2026-09-28T14:48:00Z,3.580,4.400,680.910,7556038656.000,306.170,306.170,48.000,15.210,72.123,0.000
2026-09-28T14:49:00Z,3.255,4.320,681.430,7552892928.000,262.200,262.200,53.000,7.890,76.660,0.000
2026-09-28T14:50:00Z,3.155,4.220,681.960,7551844352.000,251.460,251.460,43.000,3.420,65.655,0.000
2026-09-28T14:51:00Z,3.395,4.620,682.490,7553941504.000,239.210,239.210,42.000,3.220,62.958,0.000
2026-09-28T14:52:00Z,3.300,4.250,683.020,7556038656.000,310.290,310.290,55.000,15.480,59.900,0.000
2026-09-28T14:53:00Z,3.005,3.980,683.550,7553941504.000,223.260,223.260,42.000,2.220,77.877,0.000
2026-09-28T14:54:00Z,2.695,3.760,684.090,7551844352.000,181.280,181.280,35.000,1.410,55.930,0.000
2026-09-28T14:55:00Z,3.130,4.040,684.630,7552892928.000,227.540,227.540,34.000,4.630,45.422,0.000
2026-09-28T14:56:00Z,3.285,4.160,685.425,7553941504.000,253.380,253.380,43.000,3.910,60.218,0.000
2026-09-28T14:57:00Z,3.090,3.960,,7553941504.000,266.280,266.280,50.000,7.050,,0.000
2026-09-28T14:58:00Z,2.775,3.690,686.220,7550795776.000,212.270,212.270,41.000,2.730,66.660,0.000
2026-09-28T14:59:00Z,,,686.760,7549747200.000,190.700,190.700,32.000,1.660,53.208,0.000
2026-09-28T15:00:00Z,2.930,3.930,687.300,,194.390,194.390,36.000,5.140,47.810,0.000
2026-09-28T15:01:00Z,2.792,3.890,688.110,7550795776.000,180.360,180.360,28.000,1.980,46.955,0.000
2026-09-28T15:02:00Z,2.950,4.220,,7548698624.000,187.890,187.890,37.000,1.010,,0.000
2026-09-28T15:03:00Z,2.645,3.550,688.920,7550795776.000,223.010,223.010,38.000,6.990,47.295,0.000
2026-09-28T15:04:00Z,2.890,4.160,689.460,7553941504.000,152.570,152.570,28.000,1.940,55.865,0.000
2026-09-28T15:05:00Z,,,690.000,,219.690,219.690,35.000,4.070,38.273,0.000
2026-09-28T15:06:00Z,2.815,3.890,690.810,7548698624.000,178.660,178.660,33.000,4.660,49.974,0.000
2026-09-28T15:07:00Z,2.745,3.790,,7549747200.000,168.020,168.020,30.000,4.660,,0.000
2026-09-28T15:08:00Z,3.200,4.520,691.620,7547650048.000,188.090,188.090,31.000,3.990,42.135,0.000
2026-09-28T15:09:00Z,2.690,3.670,692.150,7547650048.000,216.520,216.520,38.000,4.130,47.117,0.000
2026-09-28T15:10:00Z,2.865,3.960,692.690,7547650048.000,172.370,172.370,31.000,1.270,54.240,0.000
2026-09-28T15:11:00Z,3.115,4.160,693.495,7549747200.000,219.110,219.110,37.000,5.130,49.026,0.000
2026-09-28T15:12:00Z,2.650,3.610,,7546601472.000,205.200,205.200,38.000,8.250,,0.000
2026-09-28T15:13:00Z,2.555,3.560,694.300,7547650048.000,162.010,162.010,29.000,1.970,51.590,0.000
2026-09-28T15:14:00Z,2.485,3.450,694.850,7550795776.000,148.090,148.090,27.000,1.830,40.630,0.000
2026-09-28T15:15:00Z,2.640,3.810,695.670,7547650048.000,140.210,140.210,25.000,1.100,36.131,0.000
2026-09-28T15:16:00Z,2.725,3.760,,7545552896.000,178.690,178.690,32.000,4.310,,0.000
2026-09-28T15:17:00Z,2.645,3.790,696.480,7545552896.000,156.770,156.770,27.000,2.200,44.775,0.000
2026-09-28T15:18:00Z,2.520,3.740,697.295,7547650048.000,138.560,138.560,27.000,1.120,37.004,0.000
2026-09-28T15:19:00Z,2.555,3.670,,7547650048.000,162.090,162.090,26.000,1.570,,0.000
2026-09-28T15:20:00Z,3.025,4.350,698.390,7546601472.000,172.140,172.140,27.000,2.210,41.983,0.000
2026-09-28T15:21:00Z,2.505,3.310,,7543455744.000,153.230,153.230,29.000,1.610,,0.000
2026-09-28T15:22:00Z,2.405,3.550,699.210,7542407168.000,117.360,117.360,23.000,1.330,38.400,0.000
2026-09-28T15:23:00Z,2.410,3.480,699.760,,147.090,147.090,25.000,1.250,29.650,0.000
2026-09-28T15:24:00Z,2.265,3.300,700.310,7546601472.000,106.880,106.880,20.000,0.430,36.867,0.000
2026-09-28T15:25:00Z,2.340,3.470,700.860,7545552896.000,112.250,112.250,18.000,1.080,26.830,0.000
2026-09-28T15:26:00Z,3.035,4.620,701.680,7544504320.000,137.930,137.930,21.000,3.470,31.375,0.000
2026-09-28T15:27:00Z,2.445,3.570,,7543455744.000,251.020,251.020,46.000,35.250,,0.000
2026-09-28T15:28:00Z,2.350,3.390,702.500,7544504320.000,127.940,127.940,22.000,1.440,62.847,0.000
2026-09-28T15:29:00Z,2.275,3.400,703.050,7542407168.000,102.510,102.510,20.000,0.430,32.090,0.000
2026-09-28T15:30:00Z,2.235,3.380,703.600,7545552896.000,103.820,103.820,19.000,0.950,25.720,0.000
2026-09-28T15:31:00Z,,,704.150,7543455744.000,165.630,165.630,22.000,2.760,26.045,0.000
2026-09-28T15:32:00Z,2.453,3.460,704.700,7541358592.000,122.090,122.090,26.000,2.670,41.510,0.000
2026-09-28T15:33:00Z,2.295,3.410,705.250,,118.500,118.500,20.000,0.720,30.815,0.000
2026-09-28T15:34:00Z,2.450,3.590,705.800,7540310016.000,116.710,116.710,20.000,0.740,29.758,0.000
2026-09-28T15:35:00Z,2.500,3.680,706.350,7524581376.000,135.430,135.430,23.000,1.080,29.312,0.000
2026-09-28T15:36:00Z,2.400,3.220,707.175,7529824256.000,149.180,149.180,24.000,1.210,35.830,0.000
2026-09-28T15:37:00Z,2.530,3.540,,7527727104.000,136.160,136.160,22.000,2.220,,0.000
2026-09-28T15:38:00Z,2.715,3.750,708.000,7529824256.000,165.910,165.910,31.000,4.100,34.130,0.000
2026-09-28T15:39:00Z,2.435,3.490,708.540,7525629952.000,126.670,126.670,24.000,1.180,41.593,0.000
2026-09-28T15:40:00Z,2.340,3.470,709.090,7525629952.000,118.360,118.360,21.000,0.770,31.773,0.000
2026-09-28T15:41:00Z,2.690,3.730,709.910,7522484224.000,137.350,137.350,21.000,1.960,32.061,0.000
2026-09-28T15:42:00Z,2.495,3.630,,7524581376.000,161.290,161.290,31.000,2.040,,0.000
2026-09-28T15:43:00Z,2.435,3.530,710.730,7525629952.000,144.970,144.970,25.000,2.290,40.653,0.000
2026-09-28T15:44:00Z,3.025,4.880,711.280,7522484224.000,122.060,122.060,21.000,1.910,36.373,0.000
2026-09-28T15:45:00Z,2.115,3.110,711.820,7523532800.000,106.670,106.670,20.000,0.640,30.600,0.000
2026-09-28T15:46:00Z,2.410,3.430,712.380,7525629952.000,107.310,107.310,16.000,2.020,27.073,0.000
2026-09-28T15:47:00Z,2.250,3.470,712.930,7523532800.000,88.840,88.840,20.000,0.470,26.980,0.000
2026-09-28T15:48:00Z,2.080,3.030,713.480,7523532800.000,116.590,116.590,19.000,1.140,22.308,0.000
2026-09-28T15:49:00Z,,,714.040,,88.310,88.310,15.000,0.580,29.240,0.000
2026-09-28T15:50:00Z,2.083,3.140,714.600,7526678528.000,72.760,72.760,13.000,0.410,22.192,0.000
2026-09-28T15:51:00Z,2.305,3.480,715.435,7529824256.000,82.340,82.340,14.000,0.440,19.484,0.000
2026-09-28T15:52:00Z,2.040,3.040,,7528775680.000,105.570,105.570,18.000,0.960,,0.000
2026-09-28T15:53:00Z,2.110,3.240,716.550,7528775680.000,79.390,79.390,16.000,0.440,23.320,0.000
2026-09-28T15:54:00Z,2.205,3.300,,7525629952.000,88.510,88.510,13.000,0.360,,0.000
2026-09-28T15:55:00Z,,,717.390,7522484224.000,92.560,92.560,16.000,0.410,22.250,0.000
2026-09-28T15:56:00Z,2.375,3.440,717.940,7527727104.000,147.010,147.010,21.000,1.840,23.242,0.000
2026-09-28T15:57:00Z,2.430,3.540,718.490,7527727104.000,129.140,129.140,25.000,0.920,36.855,0.000
2026-09-28T15:58:00Z,2.120,3.100,719.040,7523532800.000,98.250,98.250,19.000,0.450,32.383,0.000
2026-09-28T15:59:00Z,2.190,3.260,719.875,7522484224.000,97.070,97.070,15.000,0.620,24.515,0.000
2026-09-28T16:00:00Z,2.120,3.210,,7522484224.000,85.240,85.240,17.000,0.710,,0.000
2026-09-28T16:01:00Z,2.675,3.630,720.710,7523532800.000,146.340,146.340,16.000,8.080,21.407,0.000
2026-09-28T16:02:00Z,2.290,3.420,721.250,7522484224.000,123.870,123.870,28.000,2.360,36.675,0.000
2026-09-28T16:03:00Z,0.910,0.910,721.800,7521435648.000,87.820,87.820,17.000,0.600,31.265,0.000
2026-09-28T16:04:00Z,2.607,3.470,722.635,7521435648.000,79.050,79.050,13.000,0.760,20.971,0.000
2026-09-28T16:05:00Z,,,,7522484224.000,101.940,101.940,18.000,0.660,,0.000
2026-09-28T16:06:00Z,2.085,3.120,723.470,7523532800.000,90.000,90.000,15.000,0.800,25.575,0.000
2026-09-28T16:07:00Z,2.225,3.110,724.030,7522484224.000,109.440,109.440,16.000,2.050,22.767,0.000
2026-09-28T16:08:00Z,0.950,0.950,724.580,7524581376.000,79.950,79.950,18.000,0.610,27.475,0.000
2026-09-28T16:09:00Z,2.463,3.190,725.420,7523532800.000,88.410,88.410,14.000,0.550,21.152,0.000
2026-09-28T16:10:00Z,2.120,3.270,,7523532800.000,95.310,95.310,17.000,0.960,,0.000
2026-09-28T16:11:00Z,2.230,3.290,726.535,7521435648.000,87.840,87.840,14.000,0.710,22.991,0.000
2026-09-28T16:12:00Z,2.115,3.230,,7520387072.000,103.260,103.260,18.000,0.980,,0.000
2026-09-28T16:13:00Z,0.970,0.970,727.370,7524581376.000,71.690,71.690,14.000,0.310,26.105,0.000
2026-09-28T16:14:00Z,2.593,3.490,727.920,7526678528.000,99.060,99.060,17.000,0.480,18.058,0.000
2026-09-28T16:15:00Z,1.935,2.960,728.480,7527727104.000,62.700,62.700,11.000,0.190,24.867,0.000
2026-09-28T16:16:00Z,2.065,3.090,729.320,7524581376.000,76.070,76.070,11.000,0.470,17.441,0.000
2026-09-28T16:17:00Z,3.205,4.390,,7521435648.000,180.640,180.640,14.000,24.580,,0.000
2026-09-28T16:18:00Z,3.935,4.310,730.130,7518289920.000,410.260,410.260,60.000,80.550,45.250,0.000
2026-09-28T16:19:00Z,3.090,4.030,730.650,7517241344.000,256.450,256.450,67.000,9.870,102.655,0.000
2026-09-28T16:20:00Z,2.760,3.800,731.180,7516192768.000,185.640,185.640,36.000,1.130,64.433,0.000
2026-09-28T16:21:00Z,,,731.720,7523532800.000,202.870,202.870,32.000,4.160,46.502,0.000
2026-09-28T16:22:00Z,3.500,4.710,732.510,7518289920.000,358.210,358.210,56.000,17.250,70.332,0.000
2026-09-28T16:23:00Z,3.175,4.060,,7515144192.000,286.100,286.100,56.000,4.630,,0.000
2026-09-28T16:24:00Z,2.910,3.770,733.300,7519338496.000,219.420,219.420,43.000,6.360,71.618,0.000
2026-09-28T16:25:00Z,3.310,4.830,733.840,7517241344.000,204.680,204.680,38.000,5.840,54.965,0.000
2026-09-28T16:26:00Z,3.495,4.920,734.370,7521435648.000,300.300,300.300,49.000,32.030,51.273,0.000
2026-09-28T16:27:00Z,3.805,5.540,735.160,7520387072.000,250.340,250.340,43.000,5.880,68.930,0.000
2026-09-28T16:28:00Z,4.420,5.370,,7514095616.000,486.780,486.780,68.000,86.170,,0.000
2026-09-28T16:29:00Z,3.800,4.870,735.930,7515144192.000,392.620,392.620,82.000,27.970,121.805,0.000
2026-09-28T16:30:00Z,3.335,4.370,736.450,7516192768.000,294.760,294.760,56.000,4.810,98.275,0.000
2026-09-28T16:31:00Z,3.285,4.360,736.980,7519338496.000,235.020,235.020,43.000,2.810,73.782,0.000
2026-09-28T16:32:00Z,3.115,4.180,737.510,7516192768.000,244.900,244.900,45.000,4.160,58.845,0.000
2026-09-28T16:33:00Z,3.115,4.600,738.040,7515144192.000,195.920,195.920,38.000,1.630,61.528,0.000
2026-09-28T16:34:00Z,3.575,4.040,738.580,7513047040.000,371.990,371.990,47.000,46.400,49.097,0.000
2026-09-28T16:35:00Z,2.575,3.440,739.100,7513047040.000,202.460,202.460,53.000,1.330,93.150,0.000
2026-09-28T16:36:00Z,2.540,3.550,739.925,7516192768.000,138.900,138.900,27.000,0.440,42.917,0.000
2026-09-28T16:37:00Z,2.580,3.820,,7518289920.000,133.050,133.050,25.000,2.060,,0.000
2026-09-28T16:38:00Z,2.505,3.430,740.750,7518289920.000,162.350,162.350,25.000,2.210,33.380,0.000
2026-09-28T16:39:00Z,,,741.300,,123.460,123.460,24.000,0.620,40.705,0.000
2026-09-28T16:40:00Z,2.460,3.600,741.850,7513047040.000,150.930,150.930,26.000,1.650,30.968,0.000
2026-09-28T16:41:00Z,2.485,3.470,742.675,7515144192.000,121.850,121.850,21.000,0.670,34.185,0.000
2026-09-28T16:42:00Z,2.460,3.490,,7516192768.000,123.560,123.560,24.000,1.120,,0.000
2026-09-28T16:43:00Z,2.570,3.520,743.775,7515144192.000,133.810,133.810,21.000,0.700,32.484,0.000
2026-09-28T16:44:00Z,2.875,4.020,,7502561280.000,151.140,151.140,24.000,1.690,,0.000
2026-09-28T16:45:00Z,3.050,3.540,744.590,7513047040.000,126.360,126.360,26.000,0.580,37.892,0.000
2026-09-28T16:46:00Z,2.795,3.930,745.130,7513047040.000,141.950,141.950,23.000,0.560,31.988,0.000
2026-09-28T16:47:00Z,2.470,3.510,745.670,7511998464.000,188.240,188.240,34.000,10.630,35.635,0.000
2026-09-28T16:48:00Z,2.375,3.450,746.220,7510949888.000,126.230,126.230,24.000,1.310,47.157,0.000
2026-09-28T16:49:00Z,2.330,3.470,747.045,7510949888.000,113.870,113.870,21.000,4.340,30.122,0.000
2026-09-28T16:50:00Z,2.300,3.360,,7514095616.000,105.750,105.750,18.000,0.490,,0.000
2026-09-28T16:51:00Z,2.415,3.560,747.870,7516192768.000,98.350,98.350,16.000,0.640,26.530,0.000
2026-09-28T16:52:00Z,2.480,3.620,748.420,7513047040.000,122.800,122.800,20.000,1.520,24.692,0.000
2026-09-28T16:53:00Z,2.415,3.620,748.970,7513047040.000,120.290,120.290,23.000,0.800,31.003,0.000
2026-09-28T16:54:00Z,2.400,3.660,749.520,7509901312.000,100.330,100.330,19.000,0.360,30.163,0.000
2026-09-28T16:55:00Z,2.265,3.240,750.070,7510949888.000,122.050,122.050,19.000,0.480,25.192,0.000
2026-09-28T16:56:00Z,,,750.620,,89.450,89.450,19.000,0.840,30.605,0.000
2026-09-28T16:57:00Z,2.130,3.290,751.460,7515144192.000,77.080,77.080,13.000,0.220,20.911,0.000
2026-09-28T16:58:00Z,2.200,3.350,,7514095616.000,86.070,86.070,14.000,0.420,,0.000
2026-09-28T16:59:00Z,2.110,3.290,752.290,7514095616.000,86.520,86.520,17.000,0.470,21.635,0.000
2026-09-28T17:00:00Z,2.165,3.240,752.850,7515144192.000,78.280,78.280,11.000,0.280,21.723,0.000
2026-09-28T17:01:00Z,2.710,3.710,753.410,7515144192.000,135.720,135.720,18.000,1.430,19.655,0.000
2026-09-28T17:02:00Z,2.330,3.450,754.225,7511998464.000,124.240,124.240,27.000,0.870,32.690,0.000
2026-09-28T17:03:00Z,2.265,3.210,,7513047040.000,107.200,107.200,18.000,0.730,,0.000
2026-09-28T17:04:00Z,2.190,3.270,755.050,7511998464.000,110.000,110.000,20.000,0.840,26.933,0.000
2026-09-28T17:05:00Z,2.150,3.020,755.610,7514095616.000,96.260,96.260,15.000,0.740,27.602,0.000
2026-09-28T17:06:00Z,1.060,1.060,756.170,7515144192.000,80.730,80.730,15.000,0.500,24.175,0.000
2026-09-28T17:07:00Z,2.720,3.420,756.720,7513047040.000,100.930,100.930,16.000,0.500,20.438,0.000
2026-09-28T17:08:00Z,2.055,3.150,757.270,7511998464.000,101.920,101.920,22.000,0.680,25.535,0.000
2026-09-28T17:09:00Z,2.260,3.190,757.830,7510949888.000,105.650,105.650,15.000,0.750,25.585,0.000
2026-09-28T17:10:00Z,2.160,3.130,758.380,7509901312.000,106.120,106.120,20.000,0.780,26.527,0.000
2026-09-28T17:11:00Z,2.105,3.060,758.940,7509901312.000,88.410,88.410,17.000,0.830,26.628,0.000
2026-09-28T17:12:00Z,3.620,6.190,759.500,7506755584.000,87.250,87.250,15.000,0.430,22.192,0.000
2026-09-28T17:13:00Z,4.850,5.820,760.280,7501512704.000,550.120,550.120,66.000,116.610,79.870,0.000
2026-09-28T17:14:00Z,4.210,5.050,,7501512704.000,602.170,602.170,100.000,129.740,,0.000
2026-09-28T17:15:00Z,3.490,4.460,761.040,7502561280.000,346.780,346.780,81.000,20.080,150.670,0.000
2026-09-28T17:16:00Z,3.485,4.370,761.570,7499415552.000,304.940,304.940,51.000,7.620,86.800,0.000
2026-09-28T17:17:00Z,,,762.090,,219.510,219.510,46.000,2.510,76.332,0.000
2026-09-28T17:18:00Z,3.010,4.590,762.630,7499415552.000,179.520,179.520,32.000,3.380,54.980,0.000
2026-09-28T17:19:00Z,2.735,3.680,763.160,7499415552.000,269.630,269.630,48.000,28.450,44.983,0.000
2026-09-28T17:20:00Z,,,763.700,,162.790,162.790,31.000,1.330,67.718,0.000
2026-09-28T17:21:00Z,2.723,3.970,764.520,7497318400.000,151.990,151.990,25.000,1.310,39.445,0.000
2026-09-28T17:22:00Z,2.655,3.920,,7499415552.000,141.670,141.670,27.000,0.900,,0.000
2026-09-28T17:23:00Z,2.315,3.210,765.330,7502561280.000,132.720,132.720,24.000,0.560,35.752,0.000
2026-09-28T17:24:00Z,2.185,3.110,765.880,7501512704.000,108.570,108.570,21.000,0.370,33.278,0.000
2026-09-28T17:25:00Z,2.255,3.290,766.440,7501512704.000,99.230,99.230,17.000,0.360,27.247,0.000
2026-09-28T17:26:00Z,2.405,3.340,766.990,7501512704.000,105.190,105.190,16.000,0.410,24.880,0.000
2026-09-28T17:27:00Z,2.450,3.500,767.815,7499415552.000,117.560,117.560,20.000,0.500,27.938,0.000
2026-09-28T17:28:00Z,2.380,3.300,,7501512704.000,142.200,142.200,24.000,1.760,,0.000
2026-09-28T17:29:00Z,,,768.640,,94.500,94.500,20.000,0.590,35.642,0.000
2026-09-28T17:30:00Z,2.230,3.250,769.200,7500464128.000,98.080,98.080,14.000,0.910,23.735,0.000
2026-09-28T17:31:00Z,2.315,3.230,770.025,7498366976.000,105.690,105.690,18.000,0.710,25.569,0.000
2026-09-28T17:32:00Z,2.390,3.570,,7497318400.000,94.550,94.550,18.000,0.710,,0.000
2026-09-28T17:33:00Z,2.080,3.050,770.850,,106.840,106.840,20.000,2.140,23.935,0.000
2026-09-28T17:34:00Z,2.010,3.040,771.410,7500464128.000,76.190,76.190,15.000,0.470,26.837,0.000
2026-09-28T17:35:00Z,2.170,3.200,771.970,7498366976.000,84.140,84.140,12.000,0.370,19.140,0.000
2026-09-28T17:36:00Z,1.970,3.000,772.520,7499415552.000,86.100,86.100,17.000,0.350,21.300,0.000
2026-09-28T17:37:00Z,1.915,2.900,773.080,7500464128.000,71.860,71.860,11.000,0.340,21.815,0.000
2026-09-28T17:38:00Z,2.135,3.400,773.640,7498366976.000,60.670,60.670,12.000,0.290,18.100,0.000
2026-09-28T17:39:00Z,1.950,3.000,774.200,7498366976.000,96.200,96.200,16.000,2.620,15.277,0.000
2026-09-28T17:40:00Z,1.905,2.860,775.040,7498366976.000,70.990,70.990,12.000,0.400,20.995,0.000
2026-09-28T17:41:00Z,1.980,2.990,,7501512704.000,57.620,57.620,10.000,0.230,,0.000
2026-09-28T17:42:00Z,,,775.880,7500464128.000,62.390,62.390,11.000,0.340,14.495,0.000
2026-09-28T17:43:00Z,1.985,3.110,776.440,7500464128.000,63.790,63.790,11.000,0.370,15.908,0.000
2026-09-28T17:44:00Z,2.030,3.100,777.000,7498366976.000,82.830,82.830,13.000,1.260,16.040,0.000
2026-09-28T17:45:00Z,,,777.560,7473201152.000,61.330,61.330,13.000,0.190,20.823,0.000
2026-09-28T17:46:00Z,2.365,3.120,778.100,7498366976.000,60.760,60.760,8.000,1.150,15.430,0.000
2026-09-28T17:47:00Z,1.920,2.980,778.940,7498366976.000,68.320,68.320,14.000,0.370,16.418,0.000
2026-09-28T17:48:00Z,1.905,2.990,,7498366976.000,56.780,56.780,10.000,0.270,,0.000
2026-09-28T17:49:00Z,2.035,2.940,779.780,7497318400.000,81.790,81.790,10.000,1.360,14.300,0.000
2026-09-28T17:50:00Z,,,780.340,7497318400.000,63.070,63.070,14.000,0.350,20.552,0.000
2026-09-28T17:51:00Z,1.975,3.050,781.180,7498366976.000,74.910,74.910,13.000,1.010,17.337,0.000
2026-09-28T17:52:00Z,1.855,2.910,,7498366976.000,57.000,57.000,10.000,0.270,,0.000
2026-09-28T17:53:00Z,1.905,2.920,782.020,7497318400.000,61.680,61.680,10.000,0.450,14.565,0.000
2026-09-28T17:54:00Z,1.905,2.970,782.580,7497318400.000,59.180,59.180,10.000,0.400,15.525,0.000
2026-09-28T17:55:00Z,,,783.140,,55.200,55.200,9.000,0.220,14.900,0.000
2026-09-28T17:56:00Z,2.320,3.650,783.700,7498366976.000,113.570,113.570,14.000,3.460,13.890,0.000
2026-09-28T17:57:00Z,2.030,3.160,784.250,7500464128.000,117.790,117.790,28.000,8.850,28.485,0.000
2026-09-28T17:58:00Z,1.980,2.940,785.090,7499415552.000,98.880,98.880,14.000,1.710,27.190,0.000
2026-09-28T17:59:00Z,2.060,3.270,,,60.180,60.180,12.000,0.290,,0.000
2026-09-28T18:00:00Z,1.750,2.750,785.930,7499415552.000,77.160,77.160,13.000,0.760,15.130,0.000
2026-09-28T18:01:00Z,,,786.490,,68.920,68.920,7.000,0.560,19.380,0.000
2026-09-28T18:02:00Z,2.212,3.540,787.050,7500464128.000,90.610,90.610,18.000,1.040,17.320,0.000
2026-09-28T18:03:00Z,,,787.600,,86.230,86.230,17.000,0.550,22.955,0.000
2026-09-28T18:04:00Z,1.958,2.970,788.160,7499415552.000,77.350,77.350,11.000,0.490,21.680,0.000
2026-09-28T18:05:00Z,1.955,3.040,788.720,7497318400.000,62.320,62.320,13.000,0.320,19.440,0.000
2026-09-28T18:06:00Z,1.030,1.030,789.280,7496269824.000,79.500,79.500,12.000,0.350,15.670,0.000
2026-09-28T18:07:00Z,2.327,3.170,789.840,7499415552.000,61.590,61.590,13.000,0.470,20.135,0.000
2026-09-28T18:08:00Z,1.905,2.960,790.400,7500464128.000,62.350,62.350,10.000,0.300,15.495,0.000
2026-09-28T18:09:00Z,1.845,2.840,790.960,7499415552.000,55.120,55.120,9.000,0.370,15.678,0.000
2026-09-28T18:10:00Z,1.780,2.800,791.520,7499415552.000,48.370,48.370,9.000,0.200,13.887,0.000
2026-09-28T18:11:00Z,1.965,3.050,792.080,7497318400.000,68.450,68.450,11.000,0.530,12.178,0.000
2026-09-28T18:12:00Z,1.825,2.780,792.640,7499415552.000,75.630,75.630,13.000,0.590,17.207,0.000
2026-09-28T18:13:00Z,1.985,3.010,793.200,7497318400.000,63.050,63.050,10.000,0.600,19.198,0.000
2026-09-28T18:14:00Z,1.835,2.870,793.760,7498366976.000,68.110,68.110,13.000,0.450,15.898,0.000
2026-09-28T18:15:00Z,,,794.320,7499415552.000,42.280,42.280,8.000,0.130,17.120,0.000
2026-09-28T18:16:00Z,1.883,3.030,795.160,7499415552.000,54.270,54.270,8.000,0.280,12.162,0.000
2026-09-28T18:17:00Z,1.910,2.910,,7499415552.000,80.840,80.840,12.000,0.890,,0.000
2026-09-28T18:18:00Z,1.820,2.940,796.000,7498366976.000,40.280,40.280,10.000,0.310,20.315,0.000
2026-09-28T18:19:00Z,2.005,2.950,796.840,7498366976.000,71.690,71.690,8.000,0.900,14.188,0.000
2026-09-28T18:20:00Z,1.815,2.940,,7497318400.000,59.710,59.710,15.000,0.440,,0.000
2026-09-28T18:21:00Z,1.795,2.800,797.960,7498366976.000,53.720,53.720,9.000,0.270,14.270,0.000
2026-09-28T18:22:00Z,,,,,41.320,41.320,7.000,0.140,,0.000
2026-09-28T18:23:00Z,1.893,3.190,798.800,7499415552.000,45.840,45.840,7.000,0.150,10.627,0.000
2026-09-28T18:24:00Z,2.195,3.600,799.360,7497318400.000,56.670,56.670,8.000,0.300,11.562,0.000
2026-09-28T18:25:00Z,2.225,3.410,799.920,7496269824.000,98.700,98.700,15.000,0.800,14.283,0.000
2026-09-28T18:26:00Z,2.080,3.090,800.470,7500464128.000,79.270,79.270,15.000,0.430,24.780,0.000
2026-09-28T18:27:00Z,1.835,2.870,801.030,7497318400.000,67.070,67.070,15.000,0.400,20.133,0.000
2026-09-28T18:28:00Z,1.885,2.840,801.870,7497318400.000,66.410,66.410,9.000,0.430,16.790,0.000
2026-09-28T18:29:00Z,,,,7500464128.000,62.390,62.390,10.000,0.440,,0.000
2026-09-28T18:30:00Z,1.913,3.100,802.710,7499415552.000,53.860,53.860,12.000,0.290,15.713,0.000
2026-09-28T18:31:00Z,2.350,3.500,803.270,7497318400.000,83.570,83.570,10.000,0.700,13.557,0.000
2026-09-28T18:32:00Z,2.395,3.480,803.820,7499415552.000,156.110,156.110,29.000,15.010,21.195,0.000
2026-09-28T18:33:00Z,1.955,2.930,804.370,7500464128.000,105.190,105.190,20.000,0.980,39.157,0.000
2026-09-28T18:34:00Z,1.985,2.950,804.930,7500464128.000,76.640,76.640,12.000,0.760,26.387,0.000
2026-09-28T18:35:00Z,1.855,2.830,805.490,7499415552.000,70.230,70.230,14.000,2.910,19.277,0.000
2026-09-28T18:36:00Z,1.995,3.210,806.050,7498366976.000,56.140,56.140,10.000,0.860,17.823,0.000
2026-09-28T18:37:00Z,1.865,2.900,806.610,7496269824.000,66.200,66.200,10.000,0.600,14.307,0.000
2026-09-28T18:38:00Z,1.785,2.710,807.170,7497318400.000,61.050,61.050,10.000,0.530,16.670,0.000
2026-09-28T18:39:00Z,2.050,3.130,807.730,7497318400.000,53.800,53.800,8.000,0.560,15.380,0.000
2026-09-28T18:40:00Z,2.190,3.470,808.290,7498366976.000,92.700,92.700,16.000,2.560,13.543,0.000
2026-09-28T18:41:00Z,2.360,3.250,809.125,7497318400.000,157.060,157.060,23.000,7.250,31.311,0.000
2026-09-28T18:42:00Z,2.070,3.030,,7497318400.000,102.370,102.370,20.000,1.560,,0.000
2026-09-28T18:43:00Z,1.885,2.840,809.960,7497318400.000,67.690,67.690,14.000,0.590,25.922,0.000
2026-09-28T18:44:00Z,2.060,3.090,810.520,7496269824.000,69.820,69.820,11.000,0.560,17.012,0.000
2026-09-28T18:45:00Z,2.970,4.820,811.080,7496269824.000,88.580,88.580,13.000,1.950,17.570,0.000
2026-09-28T18:46:00Z,2.125,3.000,811.620,7497318400.000,111.570,111.570,19.000,1.390,22.247,0.000
2026-09-28T18:47:00Z,1.950,2.940,812.180,7497318400.000,84.380,84.380,16.000,0.890,28.282,0.000
2026-09-28T18:48:00Z,1.850,2.900,812.740,7496269824.000,47.560,47.560,11.000,0.170,21.255,0.000
2026-09-28T18:49:00Z,2.155,3.510,813.300,7496269824.000,56.290,56.290,9.000,0.250,12.012,0.000
2026-09-28T18:50:00Z,2.250,3.220,814.135,7498366976.000,136.000,136.000,20.000,18.460,24.133,0.000
2026-09-28T18:51:00Z,2.130,3.040,,7496269824.000,116.420,116.420,19.000,2.540,,0.000
2026-09-28T18:52:00Z,2.040,3.100,814.970,7499415552.000,71.290,71.290,16.000,0.490,29.180,0.000
2026-09-28T18:53:00Z,1.865,2.860,815.530,7498366976.000,68.380,68.380,13.000,0.320,18.152,0.000
2026-09-28T18:54:00Z,2.430,3.130,816.090,7495221248.000,96.130,96.130,8.000,9.980,17.212,0.000
2026-09-28T18:55:00Z,2.105,3.370,816.640,7495221248.000,118.740,118.740,29.000,14.510,24.122,0.000
2026-09-28T18:56:00Z,2.145,3.110,817.200,7495221248.000,112.290,112.290,18.000,2.800,29.793,0.000
2026-09-28T18:57:00Z,1.880,2.910,817.760,7494172672.000,81.900,81.900,16.000,2.170,28.165,0.000
2026-09-28T18:58:00Z,1.905,2.980,818.600,7496269824.000,66.080,66.080,10.000,0.960,18.586,0.000
2026-09-28T18:59:00Z,,,,,61.590,61.590,11.000,0.410,,0.000
2026-09-28T19:00:00Z,1.980,3.230,819.440,7495221248.000,76.720,76.720,12.000,0.450,15.512,0.000
2026-09-28T19:01:00Z,2.425,3.560,820.000,7495221248.000,89.990,89.990,11.000,1.790,19.277,0.000
2026-09-28T19:02:00Z,2.255,3.220,820.550,7494172672.000,126.440,126.440,24.000,0.740,22.595,0.000
2026-09-28T19:03:00Z,2.590,3.710,821.100,7495221248.000,108.340,108.340,16.000,0.820,31.920,0.000
2026-09-28T19:04:00Z,2.295,3.360,821.650,7495221248.000,139.480,139.480,27.000,8.560,27.207,0.000
2026-09-28T19:05:00Z,1.930,2.970,822.200,7495221248.000,97.880,97.880,20.000,1.250,34.962,0.000
2026-09-28T19:06:00Z,1.955,3.020,822.760,7495221248.000,64.670,64.670,10.000,0.270,24.555,0.000
2026-09-28T19:07:00Z,2.070,3.180,823.320,7495221248.000,58.580,58.580,9.000,0.600,16.433,0.000
2026-09-28T19:08:00Z,2.215,3.320,823.880,7494172672.000,96.320,96.320,16.000,0.640,14.730,0.000
2026-09-28T19:09:00Z,2.010,3.080,824.430,7495221248.000,83.330,83.330,15.000,0.620,24.172,0.000
2026-09-28T19:10:00Z,1.930,2.980,824.990,7494172672.000,68.380,68.380,13.000,0.580,20.953,0.000
2026-09-28T19:11:00Z,2.365,3.380,825.550,7495221248.000,80.430,80.430,10.000,0.470,17.190,0.000
2026-09-28T19:12:00Z,2.095,3.120,826.100,7495221248.000,116.400,116.400,23.000,1.630,20.200,0.000
2026-09-28T19:13:00Z,2.150,2.950,826.660,7495221248.000,104.780,104.780,15.000,1.430,29.415,0.000
2026-09-28T19:14:00Z,2.470,3.590,827.210,7494172672.000,106.710,106.710,17.000,2.860,26.325,0.000
2026-09-28T19:15:00Z,2.215,3.160,827.760,7495221248.000,123.920,123.920,25.000,1.650,26.780,0.000
2026-09-28T19:16:00Z,2.630,3.610,828.585,7494172672.000,129.340,129.340,17.000,2.190,31.747,0.000
2026-09-28T19:17:00Z,2.485,3.500,,7495221248.000,141.620,141.620,29.000,1.890,,0.000
2026-09-28T19:18:00Z,2.290,3.460,829.410,7495221248.000,122.650,122.650,24.000,1.820,35.498,0.000
2026-09-28T19:19:00Z,2.180,3.170,829.960,7494172672.000,110.670,110.670,18.000,2.350,30.753,0.000
2026-09-28T19:20:00Z,2.055,3.140,830.510,7493124096.000,94.160,94.160,18.000,1.160,27.973,0.000
2026-09-28T19:21:00Z,2.110,3.090,831.070,7495221248.000,94.180,94.180,15.000,0.770,23.637,0.000
2026-09-28T19:22:00Z,1.930,2.900,831.630,7495221248.000,94.270,94.270,18.000,1.080,23.630,0.000
2026-09-28T19:23:00Z,2.065,2.970,832.190,7496269824.000,87.040,87.040,14.000,0.780,23.895,0.000
2026-09-28T19:24:00Z,1.875,2.960,832.750,7494172672.000,73.520,73.520,15.000,0.500,21.863,0.000
2026-09-28T19:25:00Z,1.875,2.940,833.310,7494172672.000,60.030,60.030,10.000,0.380,18.490,0.000
2026-09-28T19:26:00Z,2.490,3.290,833.870,7494172672.000,143.770,143.770,9.000,16.100,15.100,0.000
2026-09-28T19:27:00Z,2.375,3.530,834.420,7494172672.000,100.130,100.130,30.000,0.850,36.040,0.000
2026-09-28T19:28:00Z,2.245,3.610,834.970,7493124096.000,74.000,74.000,17.000,0.520,25.117,0.000
2026-09-28T19:29:00Z,,,835.520,7493124096.000,74.520,74.520,12.000,0.650,18.602,0.000
2026-09-28T19:30:00Z,2.255,3.530,836.070,7493124096.000,106.700,106.700,19.000,8.690,18.740,0.000
2026-09-28T19:31:00Z,2.135,3.410,836.630,7493124096.000,91.580,91.580,13.000,0.620,26.765,0.000
2026-09-28T19:32:00Z,2.170,3.130,837.180,7493124096.000,121.900,121.900,20.000,1.090,22.988,0.000
2026-09-28T19:33:00Z,2.260,3.430,837.730,,81.250,81.250,15.000,0.960,30.782,0.000
2026-09-28T19:34:00Z,2.140,2.140,838.290,7492075520.000,208.240,208.240,27.000,18.360,20.442,0.000
2026-09-28T19:35:00Z,2.550,3.280,838.830,7491026944.000,124.300,124.300,31.000,1.420,52.135,0.000
2026-09-28T19:36:00Z,2.175,3.210,839.390,7492075520.000,109.240,109.240,17.000,2.750,31.348,0.000
2026-09-28T19:37:00Z,2.020,3.000,839.950,7493124096.000,79.370,79.370,18.000,1.090,27.595,0.000
2026-09-28T19:38:00Z,2.415,3.630,840.510,7493124096.000,85.250,85.250,13.000,0.800,19.935,0.000
2026-09-28T19:39:00Z,2.410,3.800,841.060,7492075520.000,98.150,98.150,19.000,1.470,21.427,0.000
2026-09-28T19:40:00Z,2.585,3.560,841.610,7493124096.000,155.430,155.430,20.000,2.440,24.635,0.000
2026-09-28T19:41:00Z,2.260,3.000,842.150,7493124096.000,135.780,135.780,24.000,2.200,38.943,0.000
2026-09-28T19:42:00Z,2.290,3.450,842.700,7492075520.000,93.530,93.530,19.000,0.950,34.035,0.000
2026-09-28T19:43:00Z,2.180,3.280,843.250,7491026944.000,114.750,114.750,23.000,2.140,23.688,0.000
2026-09-28T19:44:00Z,2.135,3.200,843.810,7492075520.000,115.340,115.340,19.000,2.500,28.817,0.000
2026-09-28T19:45:00Z,2.395,3.720,844.370,7475298304.000,105.280,105.280,18.000,2.350,28.925,0.000
2026-09-28T19:46:00Z,2.660,3.150,844.920,7497318400.000,104.370,104.370,14.000,2.100,26.418,0.000
2026-09-28T19:47:00Z,2.350,3.590,845.460,7497318400.000,103.610,103.610,20.000,1.510,26.645,0.000
2026-09-28T19:48:00Z,2.010,3.090,846.010,7497318400.000,84.850,84.850,18.000,0.580,26.070,0.000
2026-09-28T19:49:00Z,2.325,3.240,846.570,7496269824.000,103.310,103.310,12.000,4.550,21.328,0.000
2026-09-28T19:50:00Z,2.390,3.640,847.120,7495221248.000,100.710,100.710,21.000,1.230,25.945,0.000
2026-09-28T19:51:00Z,3.370,4.510,847.670,7492075520.000,202.570,202.570,22.000,13.160,25.280,0.000
2026-09-28T19:52:00Z,2.440,3.490,848.475,7493124096.000,202.120,202.120,49.000,10.790,50.903,0.000
2026-09-28T19:53:00Z,2.365,3.300,,7492075520.000,138.240,138.240,22.000,2.480,,0.000
2026-09-28T19:54:00Z,2.180,3.170,849.300,7491026944.000,106.200,106.200,22.000,1.830,34.680,0.000
2026-09-28T19:55:00Z,2.830,3.990,849.860,7488929792.000,126.240,126.240,16.000,3.020,26.640,0.000
2026-09-28T19:56:00Z,2.905,3.730,850.400,7489978368.000,249.610,249.610,38.000,14.780,31.645,0.000
2026-09-28T19:57:00Z,2.825,3.830,850.940,7489978368.000,194.780,194.780,40.000,7.520,62.492,0.000
2026-09-28T19:58:00Z,2.920,3.980,851.480,7489978368.000,201.840,201.840,35.000,3.740,48.797,0.000
2026-09-28T19:59:00Z,3.555,4.890,852.020,7485784064.000,239.340,239.340,36.000,10.830,50.555,0.000
2026-09-28T20:00:00Z,5.040,6.480,852.550,7478444032.000,413.470,413.470,58.000,54.640,59.953,0.000
2026-09-28T20:01:00Z,4.460,5.060,853.050,7469006848.000,602.170,602.170,100.000,129.480,103.465,0.000
2026-09-28T20:02:00Z,3.365,3.660,853.550,7465861120.000,602.850,602.850,100.000,129.700,150.632,0.000
2026-09-28T20:03:00Z,2.045,3.070,854.080,7464812544.000,168.110,168.110,65.000,22.670,151.018,0.000
2026-09-28T20:04:00Z,1.800,2.770,854.640,7465861120.000,53.710,53.710,9.000,0.250,42.155,0.000
2026-09-28T20:05:00Z,1.980,3.070,855.200,7465861120.000,43.960,43.960,8.000,0.410,13.520,0.000
2026-09-28T20:06:00Z,2.200,2.880,855.760,7464812544.000,104.240,104.240,10.000,2.480,11.088,0.000
2026-09-28T20:07:00Z,1.900,3.040,856.590,7465861120.000,65.230,65.230,19.000,0.380,21.358,0.000
2026-09-28T20:08:00Z,,,,7465861120.000,35.930,35.930,6.000,0.140,,0.000
2026-09-28T20:09:00Z,1.833,3.040,857.440,7464812544.000,29.270,29.270,5.000,0.070,9.092,0.000
2026-09-28T20:10:00Z,1.840,2.810,858.280,7464812544.000,48.010,48.010,7.000,0.230,9.752,0.000
2026-09-28T20:11:00Z,1.710,2.650,,7466909696.000,42.870,42.870,8.000,0.690,,0.000
2026-09-28T20:12:00Z,1.690,2.710,859.130,7467958272.000,28.060,28.060,5.000,0.140,10.810,0.000
2026-09-28T20:13:00Z,1.750,2.800,859.700,7467958272.000,28.480,28.480,4.000,0.080,7.312,0.000
2026-09-28T20:14:00Z,1.750,2.820,860.270,7466909696.000,34.720,34.720,5.000,0.160,7.260,0.000
2026-09-28T20:15:00Z,1.830,2.980,860.840,7466909696.000,33.870,33.870,6.000,0.190,8.783,0.000
2026-09-28T20:16:00Z,1.830,2.920,861.400,7466909696.000,39.920,39.920,7.000,0.360,8.572,0.000
2026-09-28T20:17:00Z,1.735,2.830,861.960,7467958272.000,28.860,28.860,6.000,0.070,10.078,0.000
2026-09-28T20:18:00Z,1.540,2.500,862.530,7467958272.000,22.120,22.120,4.000,0.060,7.298,0.000
2026-09-28T20:19:00Z,1.595,2.740,863.100,7467958272.000,6.860,6.860,1.000,0.010,5.633,0.000
2026-09-28T20:20:00Z,1.615,2.720,863.670,7466909696.000,10.460,10.460,1.000,0.030,2.007,0.000
2026-09-28T20:21:00Z,1.685,2.800,864.240,7465861120.000,11.880,11.880,2.000,0.020,2.710,0.000
2026-09-28T20:22:00Z,1.650,2.710,864.810,7466909696.000,10.980,10.980,1.000,0.020,3.065,0.000
2026-09-28T20:23:00Z,1.605,2.650,865.380,7466909696.000,20.520,20.520,3.000,0.060,3.072,0.000
2026-09-28T20:24:00Z,1.605,2.720,865.950,,10.640,10.640,1.000,0.020,5.223,0.000
2026-09-28T20:25:00Z,1.600,2.680,866.805,7466909696.000,6.480,6.480,1.000,0.010,2.239,0.000
2026-09-28T20:26:00Z,1.625,2.780,,7467958272.000,9.000,9.000,1.000,0.020,,0.000
2026-09-28T20:27:00Z,1.655,2.790,867.660,7467958272.000,10.460,10.460,1.000,0.020,2.335,0.000
2026-09-28T20:28:00Z,1.700,2.820,868.230,7467958272.000,12.590,12.590,1.000,0.020,2.712,0.000
2026-09-28T20:29:00Z,1.600,2.690,868.800,7467958272.000,12.140,12.140,2.000,0.020,3.245,0.000
2026-09-28T20:30:00Z,1.725,2.940,869.370,7403995136.000,9.360,9.360,1.000,0.010,3.150,0.000
2026-09-28T20:31:00Z,1.660,2.700,870.225,7432306688.000,16.010,16.010,2.000,0.040,3.396,0.000
2026-09-28T20:32:00Z,1.585,2.670,,7432306688.000,9.230,9.230,1.000,0.010,,0.000
2026-09-28T20:33:00Z,1.640,2.680,871.080,7432306688.000,11.290,11.290,1.000,0.030,2.428,0.000
2026-09-28T20:34:00Z,1.815,3.100,871.650,7432306688.000,9.810,9.810,1.000,0.010,3.058,0.000
2026-09-28T20:35:00Z,1.625,2.700,872.210,7433355264.000,11.900,11.900,1.000,0.020,2.717,0.000
2026-09-28T20:36:00Z,1.525,2.590,872.780,7433355264.000,2.890,2.890,1.000,0.000,3.260,0.000
2026-09-28T20:37:00Z,1.560,2.630,873.350,,6.260,6.260,0.000,0.010,0.988,0.000
2026-09-28T20:38:00Z,1.690,2.800,873.920,7433355264.000,8.580,8.580,0.000,0.010,1.675,0.000
2026-09-28T20:39:00Z,2.120,3.700,874.490,7431258112.000,10.540,10.540,1.000,0.030,2.240,0.000
2026-09-28T20:40:00Z,1.590,2.690,875.050,7432306688.000,6.260,6.260,1.000,0.010,2.750,0.000
2026-09-28T20:41:00Z,1.630,2.690,875.620,7432306688.000,9.940,9.940,1.000,0.030,1.667,0.000
2026-09-28T20:42:00Z,1.530,2.550,876.190,7432306688.000,9.930,9.930,1.000,0.020,2.777,0.000
2026-09-28T20:43:00Z,1.600,2.650,876.760,7432306688.000,9.660,9.660,2.000,0.020,2.660,0.000
2026-09-28T20:44:00Z,1.570,2.640,877.615,7432306688.000,13.940,13.940,2.000,0.050,3.058,0.000
2026-09-28T20:45:00Z,1.540,2.620,,7432306688.000,10.640,10.640,2.000,0.020,,0.000
2026-09-28T20:46:00Z,2.435,2.550,878.470,7410286592.000,15.600,15.600,0.000,0.090,2.765,0.000
2026-09-28T20:47:00Z,1.560,2.590,879.020,7431258112.000,8.950,8.950,3.000,0.010,4.008,0.000
2026-09-28T20:48:00Z,,,879.590,7431258112.000,10.690,10.690,1.000,0.020,2.915,0.000
2026-09-28T20:49:00Z,1.660,2.830,880.160,,12.380,12.380,1.000,0.030,2.783,0.000
2026-09-28T20:50:00Z,1.600,2.670,880.730,7431258112.000,12.140,12.140,2.000,0.030,3.575,0.000
2026-09-28T20:51:00Z,1.625,2.670,881.300,7430209536.000,11.850,11.850,2.000,0.020,3.125,0.000
2026-09-28T20:52:00Z,1.650,2.690,881.870,7431258112.000,18.260,18.260,1.000,0.060,3.283,0.000
2026-09-28T20:53:00Z,0.540,0.540,882.440,7431258112.000,11.490,11.490,3.000,0.020,4.662,0.000
2026-09-28T20:54:00Z,1.940,2.630,883.010,7431258112.000,14.640,14.640,2.000,0.030,2.982,0.000
2026-09-28T20:55:00Z,1.710,2.830,883.580,7431258112.000,13.460,13.460,2.000,0.020,3.750,0.000
2026-09-28T20:56:00Z,1.845,2.810,884.150,7431258112.000,40.530,40.530,4.000,0.250,3.462,0.000
2026-09-28T20:57:00Z,1.855,3.030,884.710,7431258112.000,41.850,41.850,8.000,0.260,10.217,0.000
2026-09-28T20:58:00Z,1.735,2.880,885.270,7431258112.000,29.400,29.400,6.000,0.070,10.560,0.000
2026-09-28T20:59:00Z,1.680,2.810,886.125,7432306688.000,34.950,34.950,6.000,1.080,8.145,0.000
2026-09-28T21:00:00Z,,,,,28.820,28.820,3.000,0.430,,0.000
2026-09-28T21:01:00Z,4.503,12.220,887.205,7433355264.000,17.720,17.720,5.000,0.070,5.902,0.000
2026-09-28T21:02:00Z,1.410,2.460,,7545552896.000,0.140,0.140,0.000,0.000,,0.000
2026-09-28T21:03:00Z,1.430,2.470,888.000,7545552896.000,0.000,0.000,0.000,0.000,0.357,0.000
2026-09-28T21:04:00Z,1.390,2.450,888.570,7545552896.000,0.000,0.000,0.000,0.000,0.117,0.000
2026-09-28T21:05:00Z,1.445,2.550,889.140,7545552896.000,0.000,0.000,0.000,0.000,0.092,0.000
2026-09-28T21:06:00Z,,,889.710,,0.000,0.000,0.000,0.000,0.090,0.000
2026-09-28T21:07:00Z,1.385,2.430,890.280,7545552896.000,0.000,0.000,0.000,0.000,0.223,0.000
2026-09-28T21:08:00Z,1.505,2.630,890.850,7543455744.000,0.000,0.000,0.000,0.000,0.135,0.000
2026-09-28T21:09:00Z,1.390,2.440,891.420,7543455744.000,0.000,0.000,0.000,0.000,0.115,0.000
2026-09-28T21:10:00Z,1.370,2.410,891.990,7543455744.000,0.000,0.000,0.000,0.000,0.290,0.000
2026-09-28T21:11:00Z,1.530,2.530,892.560,7634681856.000,0.000,0.000,0.000,0.000,0.115,0.000
2026-09-28T21:12:00Z,1.400,2.470,893.130,7634681856.000,0.000,0.000,0.000,0.000,0.092,0.000
2026-09-28T21:13:00Z,1.440,2.510,893.700,7633633280.000,0.000,0.000,0.000,0.000,0.505,0.000
2026-09-28T21:14:00Z,1.545,2.750,894.270,7633633280.000,0.000,0.000,0.000,0.000,0.135,0.000
2026-09-28T21:15:00Z,1.415,2.510,895.130,7633633280.000,0.000,0.000,0.000,0.000,0.101,0.000
2026-09-28T21:16:00Z,1.530,2.730,,7633633280.000,0.000,0.000,0.000,0.000,,0.000
2026-09-28T21:17:00Z,1.370,2.410,896.000,7634681856.000,0.000,0.000,0.000,0.000,0.105,0.000
2026-09-28T21:18:00Z,1.365,2.370,896.560,7634681856.000,0.000,0.000,0.000,0.000,0.090,0.000
2026-09-28T21:19:00Z,1.410,2.490,897.150,7634681856.000,0.000,0.000,0.000,0.000,0.095,0.000
2026-09-28T21:20:00Z,1.375,2.420,897.710,7634681856.000,0.000,0.000,0.000,0.000,0.340,0.000
2026-09-28T21:21:00Z,1.455,2.520,898.280,7634681856.000,0.000,0.000,0.000,0.000,0.090,0.000
2026-09-28T21:22:00Z,1.380,2.430,898.850,7634681856.000,0.000,0.000,0.000,0.000,0.102,0.000
2026-09-28T21:23:00Z,1.390,2.390,899.440,7634681856.000,0.000,0.000,0.000,0.000,0.315,0.000
2026-09-28T21:24:00Z,1.355,2.380,900.000,7634681856.000,0.000,0.000,0.000,0.000,0.092,0.000
2026-09-28T21:25:00Z,,,900.570,,0.000,0.000,0.000,0.000,0.110,0.000
2026-09-28T21:26:00Z,1.350,2.380,901.140,7634681856.000,0.000,0.000,0.000,0.000,0.092,0.000
2026-09-28T21:27:00Z,1.460,2.570,901.740,7634681856.000,0.000,0.000,0.000,0.000,0.098,0.000
2026-09-28T21:28:00Z,1.420,2.470,902.590,7634681856.000,0.000,0.000,0.000,0.000,0.087,0.000
2026-09-28T21:29:00Z,1.370,2.370,,7634681856.000,0.000,0.000,0.000,0.000,,0.000
2026-09-28T21:30:00Z,,,903.460,,0.000,0.000,0.000,0.000,0.102,0.000
2026-09-28T21:31:00Z,1.403,2.480,904.010,7634681856.000,0.000,0.000,0.000,0.000,0.102,0.000
2026-09-28T21:32:00Z,1.605,2.870,904.580,7635730432.000,0.000,0.000,0.000,0.000,0.105,0.000
2026-09-28T21:33:00Z,1.400,2.400,905.150,7635730432.000,0.000,0.000,0.000,0.000,0.328,0.000
2026-09-28T21:34:00Z,1.415,2.440,905.720,7635730432.000,0.000,0.000,0.000,0.000,0.090,0.000
2026-09-28T21:35:00Z,1.475,2.600,906.290,7635730432.000,0.000,0.000,0.000,0.000,0.130,0.000
2026-09-28T21:36:00Z,1.400,2.440,906.860,7635730432.000,0.000,0.000,0.000,0.000,0.328,0.000
2026-09-28T21:37:00Z,1.400,2.440,907.430,7635730432.000,0.000,0.000,0.000,0.000,0.255,0.000
2026-09-28T21:38:00Z,1.445,2.500,908.000,7635730432.000,0.000,0.000,0.000,0.000,0.147,0.000
2026-09-28T21:39:00Z,1.390,2.420,908.570,7635730432.000,0.000,0.000,0.000,0.000,0.110,0.000
2026-09-28T21:40:00Z,1.385,2.430,909.140,7635730432.000,0.000,0.000,0.000,0.000,0.098,0.000
2026-09-28T21:41:00Z,1.395,2.400,909.710,7635730432.000,0.000,0.000,0.000,0.000,0.107,0.000
2026-09-28T21:42:00Z,1.355,2.380,910.280,7635730432.000,0.000,0.000,0.000,0.000,0.090,0.000
2026-09-28T21:43:00Z,1.790,2.430,910.850,7635730432.000,0.000,0.000,0.000,0.000,0.315,0.000
2026-09-28T21:44:00Z,1.360,2.380,911.420,7635730432.000,0.000,0.000,0.000,0.000,0.182,0.000
2026-09-28T21:45:00Z,1.350,2.360,911.990,7635730432.000,0.000,0.000,0.000,0.000,0.435,0.000
2026-09-28T21:46:00Z,2.235,4.010,912.840,7635730432.000,0.000,0.000,0.000,0.000,0.115,0.000
2026-09-28T21:47:00Z,1.435,2.510,,7635730432.000,0.000,0.000,0.000,0.000,,0.000
2026-09-28T21:48:00Z,1.370,2.390,913.990,7635730432.000,0.000,0.000,0.000,0.000,0.350,0.000
2026-09-28T21:49:00Z,1.340,2.360,,7635730432.000,0.000,0.000,0.000,0.000,,0.000
2026-09-28T21:50:00Z,0.330,0.340,914.860,7635730432.000,0.000,0.000,0.000,0.000,0.110,0.000
2026-09-28T21:51:00Z,2.365,2.430,915.430,7635730432.000,0.000,0.000,0.000,0.000,0.095,0.000
2026-09-28T21:52:00Z,1.335,2.350,916.000,7635730432.000,0.000,0.000,0.000,0.000,0.090,0.000
2026-09-28T21:53:00Z,1.335,2.310,916.560,7635730432.000,0.000,0.000,0.000,0.000,0.330,0.000
2026-09-28T21:54:00Z,,,917.130,,0.000,0.000,0.000,0.000,0.098,0.000
2026-09-28T21:55:00Z,1.357,2.400,917.700,7635730432.000,0.000,0.000,0.000,0.000,0.105,0.000
2026-09-28T21:56:00Z,1.810,2.350,918.270,7593787392.000,0.000,0.000,0.000,0.000,0.110,0.000
2026-09-28T21:57:00Z,1.385,2.450,918.840,7593787392.000,0.000,0.000,0.000,0.000,0.115,0.000
2026-09-28T21:58:00Z,1.350,2.350,919.410,7593787392.000,0.000,0.000,0.000,0.000,0.705,0.000
2026-09-28T21:59:00Z,1.460,2.600,920.010,7593787392.000,0.000,0.000,0.000,0.000,0.095,0.000
2026-09-28T22:00:00Z,1.400,2.480,920.560,7593787392.000,0.000,0.000,0.000,0.000,0.110,0.000
2026-09-28T22:01:00Z,1.775,2.750,921.130,7593787392.000,12.460,12.460,0.000,0.030,0.098,0.000
2026-09-28T22:02:00Z,1.740,2.760,921.700,7593787392.000,22.680,22.680,4.000,0.040,3.225,0.000
2026-09-28T22:03:00Z,1.510,2.490,922.260,7593787392.000,11.690,11.690,3.000,0.020,5.985,0.000
2026-09-28T22:04:00Z,1.490,2.490,922.830,7593787392.000,7.180,7.180,0.000,0.010,3.050,0.000
2026-09-28T22:05:00Z,1.590,2.580,923.400,7594835968.000,11.660,11.660,1.000,0.020,1.897,0.000
2026-09-28T22:06:00Z,1.555,2.650,923.985,7594835968.000,9.190,9.190,2.000,0.020,2.765,0.000
2026-09-28T22:07:00Z,1.655,2.640,,7594835968.000,18.790,18.790,1.000,0.030,,0.000
2026-09-28T22:08:00Z,,,924.000,7594835968.000,16.830,16.830,3.000,0.030,4.840,0.000
2026-09-28T22:09:00Z,1.558,2.580,924.000,7593787392.000,11.160,11.160,2.000,0.020,4.325,0.000
2026-09-28T22:10:00Z,1.585,2.620,924.000,7593787392.000,11.910,11.910,2.000,0.020,2.885,0.000
2026-09-28T22:11:00Z,1.600,2.520,924.000,7593787392.000,16.140,16.140,2.000,0.030,3.075,0.000
2026-09-28T22:12:00Z,1.470,2.470,924.000,7593787392.000,6.540,6.540,1.000,0.010,4.128,0.000
2026-09-28T22:13:00Z,1.520,2.510,924.000,7593787392.000,7.230,7.230,1.000,0.010,1.940,0.000
2026-09-28T22:14:00Z,1.525,2.540,,7593787392.000,7.030,7.030,1.000,0.010,,0.000
2026-09-28T22:15:00Z,1.625,2.610,924.000,7593787392.000,14.630,14.630,1.000,0.020,1.855,0.000
2026-09-28T22:16:00Z,1.505,2.480,924.000,7593787392.000,11.760,11.760,2.000,0.020,3.390,0.000
2026-09-28T22:17:00Z,1.580,2.670,,7593787392.000,5.930,5.930,1.000,0.010,,0.000
2026-09-28T22:18:00Z,1.660,2.760,924.000,7593787392.000,10.690,10.690,1.000,0.020,1.573,0.000
2026-09-28T22:19:00Z,1.500,2.540,924.000,7594835968.000,15.290,15.290,2.000,0.030,3.442,0.000
2026-09-28T22:20:00Z,1.450,2.460,,7594835968.000,5.080,5.080,1.000,0.010,,0.000
2026-09-28T22:21:00Z,1.485,2.420,924.000,7594835968.000,5.530,5.530,0.000,0.010,1.373,0.000
2026-09-28T22:22:00Z,1.425,2.410,924.000,7594835968.000,2.450,2.450,0.000,0.000,1.201,0.000
2026-09-28T22:23:00Z,1.505,2.540,,7593787392.000,1.640,1.640,0.000,0.000,,0.000
2026-09-28T22:24:00Z,1.490,2.500,924.000,7594835968.000,4.340,4.340,0.000,0.000,0.502,0.000
2026-09-28T22:25:00Z,1.435,2.420,924.000,7594835968.000,4.430,4.430,1.000,0.000,1.212,0.000
2026-09-28T22:26:00Z,1.455,2.460,924.000,7594835968.000,2.430,2.430,0.000,0.000,1.205,0.000
2026-09-28T22:27:00Z,1.470,2.470,924.000,7594835968.000,4.760,4.760,0.000,0.000,0.980,0.000
2026-09-28T22:28:00Z,1.455,2.430,,7594835968.000,6.490,6.490,1.000,0.010,,0.000
2026-09-28T22:29:00Z,1.475,2.480,924.000,7594835968.000,3.010,3.010,0.000,0.000,1.708,0.000
2026-09-28T22:30:00Z,1.460,2.480,924.000,7594835968.000,3.310,3.310,0.000,0.000,0.873,0.000
2026-09-28T22:31:00Z,1.495,2.410,924.000,7594835968.000,7.910,7.910,0.000,0.010,0.920,0.000
2026-09-28T22:32:00Z,1.495,2.520,924.000,7594835968.000,5.880,5.880,1.000,0.010,2.067,0.000
2026-09-28T22:33:00Z,1.445,2.440,924.000,7594835968.000,2.440,2.440,0.000,0.000,1.847,0.000
2026-09-28T22:34:00Z,1.495,2.510,924.000,7594835968.000,5.310,5.310,0.000,0.010,0.715,0.000
2026-09-28T22:35:00Z,1.460,2.500,924.000,7594835968.000,2.580,2.580,0.000,0.000,1.442,0.000
2026-09-28T22:36:00Z,,,924.000,,2.260,2.260,0.000,0.000,0.917,0.000
2026-09-28T22:37:00Z,1.478,2.540,924.000,7594835968.000,3.660,3.660,0.000,0.000,0.718,0.000
2026-09-28T22:38:00Z,1.475,2.490,924.000,7594835968.000,2.100,2.100,0.000,0.000,1.188,0.000
2026-09-28T22:39:00Z,0.420,0.420,924.000,7594835968.000,4.980,4.980,0.000,0.000,0.620,0.000
2026-09-28T22:40:00Z,1.817,2.570,924.000,7593787392.000,2.930,2.930,0.000,0.000,1.360,0.000
2026-09-28T22:41:00Z,1.465,2.450,924.000,7593787392.000,2.210,2.210,0.000,0.000,0.825,0.000
2026-09-28T22:42:00Z,1.460,2.510,924.000,7593787392.000,1.390,1.390,0.000,0.000,0.662,0.000
2026-09-28T22:43:00Z,1.445,2.440,924.000,7593787392.000,2.460,2.460,0.000,0.000,0.675,0.000
2026-09-28T22:44:00Z,1.480,2.500,924.000,7593787392.000,3.550,3.550,0.000,0.000,0.855,0.000
2026-09-28T22:45:00Z,1.425,2.440,,,1.510,1.510,0.000,0.000,,0.000
2026-09-28T22:46:00Z,1.940,3.450,924.000,7571767296.000,3.080,3.080,0.000,0.000,0.472,0.000
2026-09-28T22:47:00Z,1.835,2.540,924.000,7595884544.000,2.650,2.650,0.000,0.000,0.863,0.000
2026-09-28T22:48:00Z,1.460,2.470,924.000,7595884544.000,1.890,1.890,0.000,0.000,0.836,0.000
2026-09-28T22:49:00Z,1.475,2.550,,7595884544.000,2.890,2.890,0.000,0.000,,0.000
2026-09-28T22:50:00Z,1.455,2.450,924.000,7595884544.000,3.640,3.640,0.000,0.000,0.845,0.000
2026-09-28T22:51:00Z,1.485,2.490,924.000,7594835968.000,3.610,3.610,0.000,0.000,1.008,0.000
2026-09-28T22:52:00Z,1.440,2.440,924.000,7594835968.000,4.210,4.210,0.000,0.000,1.005,0.000
2026-09-28T22:53:00Z,1.435,2.400,924.000,7594835968.000,3.290,3.290,0.000,0.000,1.367,0.000
2026-09-28T22:54:00Z,1.460,2.480,924.000,7594835968.000,3.290,3.290,0.000,0.000,0.915,0.000
2026-09-28T22:55:00Z,3.010,3.530,924.000,7589593088.000,2.240,2.240,0.000,0.000,0.932,0.000
2026-09-28T22:56:00Z,1.440,2.410,924.000,7589593088.000,2.580,2.580,0.000,0.000,0.815,0.000
2026-09-28T22:57:00Z,1.460,2.500,924.000,7589593088.000,1.710,1.710,0.000,0.000,1.030,0.000
2026-09-28T22:58:00Z,1.425,2.390,924.000,7589593088.000,2.440,2.440,0.000,0.000,0.525,0.000
2026-09-28T22:59:00Z,1.475,2.520,924.000,7589593088.000,2.460,2.460,0.000,0.000,0.700,0.000
2026-09-28T23:00:00Z,1.475,2.500,924.000,7589593088.000,2.580,2.580,0.000,0.000,0.730,0.000
2026-09-28T23:01:00Z,1.500,2.480,924.000,7588544512.000,4.610,4.610,0.000,0.000,0.743,0.000
2026-09-28T23:02:00Z,1.490,2.490,924.000,7589593088.000,5.110,5.110,0.000,0.010,1.245,0.000
2026-09-28T23:03:00Z,1.480,2.470,924.000,7589593088.000,2.210,2.210,0.000,0.000,1.575,0.000
2026-09-28T23:04:00Z,1.470,2.520,924.000,7589593088.000,2.840,2.840,0.000,0.000,0.680,0.000
2026-09-28T23:05:00Z,1.475,2.530,924.000,7589593088.000,1.360,1.360,0.000,0.000,0.800,0.000
2026-09-28T23:06:00Z,1.460,2.450,924.000,7589593088.000,3.030,3.030,0.000,0.000,0.432,0.000
2026-09-28T23:07:00Z,1.515,2.610,924.000,7588544512.000,1.540,1.540,0.000,0.000,1.005,0.000
2026-09-28T23:08:00Z,1.475,2.470,924.000,,1.500,1.500,0.000,0.000,0.487,0.000
2026-09-28T23:09:00Z,1.465,2.500,924.000,7588544512.000,1.440,1.440,0.000,0.000,0.490,0.000
2026-09-28T23:10:00Z,1.490,2.530,924.000,7588544512.000,3.440,3.440,0.000,0.000,0.430,0.000
2026-09-28T23:11:00Z,1.485,2.470,924.000,7589593088.000,2.980,2.980,0.000,0.000,0.950,0.000
2026-09-28T23:12:00Z,1.425,2.420,924.000,7589593088.000,3.860,3.860,0.000,0.000,1.064,0.000
2026-09-28T23:13:00Z,1.435,2.400,,7589593088.000,1.130,1.130,0.000,0.000,,0.000
2026-09-28T23:14:00Z,1.485,2.540,924.000,7589593088.000,1.940,1.940,0.000,0.000,0.393,0.000
2026-09-28T23:15:00Z,1.515,2.570,924.000,7589593088.000,4.980,4.980,0.000,0.010,0.578,0.000
2026-09-28T23:16:00Z,,,924.000,7589593088.000,3.280,3.280,0.000,0.000,1.347,0.000
2026-09-28T23:17:00Z,1.465,2.530,924.000,7589593088.000,1.710,1.710,0.000,0.000,0.915,0.000
2026-09-28T23:18:00Z,1.475,2.460,924.000,7590641664.000,2.360,2.360,0.000,0.000,0.517,0.000
2026-09-28T23:19:00Z,1.455,2.510,924.000,7590641664.000,2.980,2.980,0.000,0.000,0.680,0.000
2026-09-28T23:20:00Z,1.490,2.520,924.000,7590641664.000,4.030,4.030,0.000,0.000,1.055,0.000
2026-09-28T23:21:00Z,1.495,2.530,924.000,7590641664.000,2.960,2.960,0.000,0.000,1.105,0.000
2026-09-28T23:22:00Z,1.440,2.470,924.000,7590641664.000,2.080,2.080,0.000,0.000,0.843,0.000
2026-09-28T23:23:00Z,1.505,2.570,,7590641664.000,1.440,1.440,0.000,0.000,,0.000
2026-09-28T23:24:00Z,1.520,2.530,924.000,7590641664.000,7.580,7.580,0.000,0.010,0.465,0.000
2026-09-28T23:25:00Z,1.460,2.500,924.000,7590641664.000,3.330,3.330,1.000,0.000,2.010,0.000
2026-09-28T23:26:00Z,,,924.000,,5.130,5.130,0.000,0.010,0.925,0.000
2026-09-28T23:27:00Z,1.470,2.550,924.000,7590641664.000,3.260,3.260,0.000,0.000,1.375,0.000
2026-09-28T23:28:00Z,1.465,2.490,924.000,7590641664.000,2.060,2.060,0.000,0.000,0.910,0.000
2026-09-28T23:29:00Z,1.480,2.520,924.000,7590641664.000,3.810,3.810,0.000,0.000,0.613,0.000
2026-09-28T23:30:00Z,1.435,2.450,924.000,7590641664.000,2.200,2.200,0.000,0.000,0.854,0.000
2026-09-28T23:31:00Z,1.525,2.530,,7590641664.000,4.840,4.840,0.000,0.000,,0.000
2026-09-28T23:32:00Z,1.560,2.650,924.000,7591690240.000,4.030,4.030,1.000,0.000,1.315,0.000
2026-09-28T23:33:00Z,1.490,2.480,924.000,7590641664.000,9.660,9.660,1.000,0.010,1.323,0.000
2026-09-28T23:34:00Z,,,924.000,7590641664.000,1.860,1.860,0.000,0.000,2.538,0.000
2026-09-28T23:35:00Z,1.107,2.460,924.000,7590641664.000,4.180,4.180,0.000,0.000,0.557,0.000
2026-09-28T23:36:00Z,1.760,2.480,924.000,7591690240.000,4.840,4.840,1.000,0.000,1.406,0.000
2026-09-28T23:37:00Z,1.495,2.570,,7590641664.000,1.690,1.690,0.000,0.000,,0.000
2026-09-28T23:38:00Z,1.420,2.360,924.000,7590641664.000,6.780,6.780,0.000,0.010,0.552,0.000
2026-09-28T23:39:00Z,,,924.000,,2.510,2.510,0.000,0.000,1.810,0.000
2026-09-28T23:40:00Z,1.470,2.480,924.000,7591690240.000,3.800,3.800,0.000,0.000,0.725,0.000
2026-09-28T23:41:00Z,1.455,2.450,924.000,7591690240.000,3.750,3.750,0.000,0.000,1.045,0.000
2026-09-28T23:42:00Z,1.460,2.490,924.000,7592738816.000,4.030,4.030,0.000,0.000,1.180,0.000
2026-09-28T23:43:00Z,1.450,2.420,,7592738816.000,3.480,3.480,0.000,0.000,,0.000
2026-09-28T23:44:00Z,1.415,2.410,924.000,7592738816.000,1.860,1.860,0.000,0.000,0.988,0.000
2026-09-28T23:45:00Z,1.415,2.400,924.000,7592738816.000,2.160,2.160,0.000,0.000,0.557,0.000
2026-09-28T23:46:00Z,1.540,2.570,924.000,7592738816.000,4.230,4.230,0.000,0.000,0.630,0.000
2026-09-28T23:47:00Z,2.425,2.590,924.000,7591690240.000,19.140,19.140,2.000,0.030,1.160,0.000
2026-09-28T23:48:00Z,1.575,2.580,924.000,7592738816.000,10.830,10.830,2.000,0.020,4.878,0.000
2026-09-28T23:49:00Z,1.550,2.600,924.000,7591690240.000,8.380,8.380,1.000,0.010,3.160,0.000
2026-09-28T23:50:00Z,1.500,2.460,924.000,7591690240.000,11.240,11.240,1.000,0.020,2.197,0.000
2026-09-28T23:51:00Z,1.570,2.530,924.000,7591690240.000,11.010,11.010,1.000,0.020,2.900,0.000
2026-09-28T23:52:00Z,1.625,2.730,924.000,7591690240.000,7.490,7.490,1.000,0.010,2.855,0.000
2026-09-28T23:53:00Z,1.535,2.490,924.000,7591690240.000,13.440,13.440,2.000,0.020,2.163,0.000
2026-09-28T23:54:00Z,,,924.000,,7.590,7.590,1.000,0.010,3.658,0.000
2026-09-28T23:55:00Z,1.522,2.630,924.000,7591690240.000,4.080,4.080,0.000,0.000,2.033,0.000
2026-09-28T23:56:00Z,1.505,2.460,924.000,7591690240.000,18.410,18.410,2.000,0.030,2.906,0.000
2026-09-28T23:57:00Z,1.495,2.530,,7591690240.000,4.990,4.990,1.000,0.000,,0.000
2026-09-28T23:58:00Z,1.475,2.500,924.000,7591690240.000,3.880,3.880,0.000,0.000,1.333,0.000
2026-09-28T23:59:00Z,1.510,2.560,924.000,7591690240.000,6.410,6.410,0.000,0.010,1.067,0.000
2026-09-29T00:00:00Z,1.570,2.590,924.000,7590641664.000,10.910,10.910,1.000,0.020,1.718,0.000
2026-09-29T00:01:00Z,1.950,2.810,924.000,7591690240.000,34.580,34.580,2.000,0.210,2.820,0.000
2026-09-29T00:02:00Z,1.760,2.820,924.000,7590641664.000,34.430,34.430,8.000,0.060,8.738,0.000
2026-09-29T00:03:00Z,1.710,2.690,924.000,7590641664.000,25.760,25.760,5.000,0.050,7.805,0.000
2026-09-29T00:04:00Z,1.625,2.660,,7591690240.000,24.840,24.840,4.000,0.050,,0.000
2026-09-29T00:05:00Z,1.575,2.570,924.000,7591690240.000,19.810,19.810,3.000,0.030,6.312,0.000
2026-09-29T00:06:00Z,1.580,2.620,924.000,7591690240.000,13.670,13.670,3.000,0.020,5.045,0.000
2026-09-29T00:07:00Z,1.720,2.810,924.000,7591690240.000,21.630,21.630,3.000,0.040,4.609,0.000
2026-09-29T00:08:00Z,1.700,2.550,,7592738816.000,21.140,21.140,4.000,0.040,,0.000
2026-09-29T00:09:00Z,1.535,2.580,924.000,7592738816.000,11.740,11.740,2.000,0.020,5.503,0.000
2026-09-29T00:10:00Z,1.545,2.580,924.000,,10.180,10.180,1.000,0.020,3.245,0.000
2026-09-29T00:11:00Z,1.725,2.760,924.000,7590641664.000,15.560,15.560,2.000,0.020,2.635,0.000
2026-09-29T00:12:00Z,1.545,2.460,924.000,7590641664.000,30.460,30.460,5.000,0.060,4.192,0.000
2026-09-29T00:13:00Z,1.645,2.670,924.000,7590641664.000,13.730,13.730,3.000,0.020,5.638,0.000
2026-09-29T00:14:00Z,1.655,2.690,,7590641664.000,20.700,20.700,3.000,0.030,,0.000
2026-09-29T00:15:00Z,1.495,2.490,924.000,7590641664.000,16.060,16.060,3.000,0.030,5.290,0.000
2026-09-29T00:16:00Z,1.770,2.840,924.000,7590641664.000,21.200,21.200,1.000,0.040,4.107,0.000
2026-09-29T00:17:00Z,1.650,2.540,924.000,7590641664.000,37.190,37.190,6.000,0.080,7.393,0.000
2026-09-29T00:18:00Z,1.810,2.810,,7592738816.000,30.250,30.250,4.000,0.060,,0.000
2026-09-29T00:19:00Z,1.845,2.940,924.000,7592738816.000,36.020,36.020,6.000,0.080,7.665,0.000
2026-09-29T00:20:00Z,1.750,2.880,924.000,7592738816.000,29.450,29.450,6.000,0.050,9.297,0.000
2026-09-29T00:21:00Z,1.755,2.770,924.000,7590641664.000,31.670,31.670,5.000,0.060,7.468,0.000
2026-09-29T00:22:00Z,1.630,2.630,924.000,7590641664.000,27.120,27.120,5.000,0.100,8.020,0.000
2026-09-29T00:23:00Z,1.620,2.630,924.000,7590641664.000,19.380,19.380,3.000,0.030,7.107,0.000
2026-09-29T00:24:00Z,1.655,2.730,924.000,7589593088.000,18.390,18.390,3.000,0.030,4.947,0.000
2026-09-29T00:25:00Z,1.665,2.660,924.000,7590641664.000,27.770,27.770,3.000,0.050,4.715,0.000
2026-09-29T00:26:00Z,,,924.000,,21.340,21.340,4.000,0.040,7.040,0.000
2026-09-29T00:27:00Z,1.587,2.680,924.000,7590641664.000,14.020,14.020,2.000,0.020,4.505,0.000
2026-09-29T00:28:00Z,1.575,2.560,,7589593088.000,15.240,15.240,2.000,0.030,,0.000
2026-09-29T00:29:00Z,1.615,2.690,924.000,7589593088.000,14.380,14.380,2.000,0.020,3.902,0.000
2026-09-29T00:30:00Z,1.555,2.540,924.000,7589593088.000,20.390,20.390,3.000,0.030,3.705,0.000
2026-09-29T00:31:00Z,1.600,2.570,924.000,7588544512.000,13.320,13.320,2.000,0.020,5.190,0.000
2026-09-29T00:32:00Z,1.810,2.880,924.000,7588544512.000,13.070,13.070,2.000,0.020,3.433,0.000
2026-09-29T00:33:00Z,1.690,2.660,924.000,7590641664.000,31.760,31.760,4.000,0.200,3.560,0.000
2026-09-29T00:34:00Z,1.630,2.650,924.000,7591690240.000,22.010,22.010,4.000,0.040,8.258,0.000
2026-09-29T00:35:00Z,1.635,2.600,924.000,7591690240.000,19.690,19.690,2.000,0.030,5.588,0.000
2026-09-29T00:36:00Z,1.650,2.670,924.000,7590641664.000,22.680,22.680,4.000,0.040,5.162,0.000
2026-09-29T00:37:00Z,1.565,2.520,924.000,7590641664.000,18.990,18.990,3.000,0.030,5.817,0.000
2026-09-29T00:38:00Z,1.550,2.500,924.000,7590641664.000,13.710,13.710,2.000,0.020,5.037,0.000
2026-09-29T00:39:00Z,1.565,2.610,924.000,7589593088.000,11.210,11.210,2.000,0.020,3.542,0.000
2026-09-29T00:40:00Z,1.545,2.590,924.000,7589593088.000,10.930,10.930,1.000,0.020,2.900,0.000
2026-09-29T00:41:00Z,1.580,2.560,924.000,7588544512.000,9.250,9.250,1.000,0.010,2.822,0.000
2026-09-29T00:42:00Z,3.460,6.390,924.000,7583301632.000,16.320,16.320,2.000,0.030,2.610,0.000
2026-09-29T00:43:00Z,16.430,30.490,924.000,7581204480.000,11.060,11.060,2.000,0.020,4.495,0.000
2026-09-29T00:44:00Z,6.475,10.310,,7588544512.000,11.780,11.780,1.000,0.020,,0.000
2026-09-29T00:45:00Z,1.490,2.480,924.000,7588544512.000,10.150,10.150,1.000,0.010,5.598,0.000
2026-09-29T00:46:00Z,1.620,2.600,924.000,7588544512.000,13.100,13.100,1.000,0.020,3.285,0.000
2026-09-29T00:47:00Z,2.440,4.060,924.000,7584350208.000,20.510,20.510,3.000,0.040,3.397,0.000
2026-09-29T00:48:00Z,1.545,2.490,924.000,7595884544.000,17.540,17.540,2.000,0.030,5.367,0.000
2026-09-29T00:49:00Z,1.585,2.670,924.000,7595884544.000,10.820,10.820,2.000,0.020,4.990,0.000
2026-09-29T00:50:00Z,1.690,2.850,924.000,,10.740,10.740,1.000,0.020,2.853,0.000
2026-09-29T00:51:00Z,1.610,2.590,924.000,7595884544.000,28.700,28.700,4.000,0.060,2.775,0.000
2026-09-29T00:52:00Z,1.680,2.800,924.000,7595884544.000,16.660,16.660,3.000,0.030,7.282,0.000
2026-09-29T00:53:00Z,1.585,2.590,924.000,7595884544.000,16.210,16.210,3.000,0.030,4.495,0.000
2026-09-29T00:54:00Z,0.580,0.580,924.000,7595884544.000,15.360,15.360,2.000,0.020,4.145,0.000
2026-09-29T00:55:00Z,1.560,2.480,924.000,7595884544.000,13.360,13.360,2.000,0.020,3.950,0.000
2026-09-29T00:56:00Z,1.535,2.500,924.000,7595884544.000,15.430,15.430,2.000,0.020,3.462,0.000
2026-09-29T00:57:00Z,1.515,2.530,924.000,7595884544.000,11.260,11.260,2.000,0.020,3.574,0.000
2026-09-29T00:58:00Z,1.585,2.660,,7595884544.000,10.680,10.680,2.000,0.010,,0.000
2026-09-29T00:59:00Z,1.550,2.490,924.000,7595884544.000,17.890,17.890,1.000,0.030,2.780,0.000
2026-09-29T01:00:00Z,1.580,2.630,924.000,7592738816.000,15.670,15.670,3.000,0.030,4.570,0.000
2026-09-29T01:01:00Z,1.790,2.650,924.000,7592738816.000,32.150,32.150,2.000,0.070,4.020,0.000
2026-09-29T01:02:00Z,1.720,2.770,924.000,7592738816.000,29.790,29.790,7.000,0.060,8.135,0.000
2026-09-29T01:03:00Z,1.685,2.640,924.000,7591690240.000,25.000,25.000,4.000,0.040,7.753,0.000
2026-09-29T01:04:00Z,1.685,2.710,924.000,7591690240.000,23.590,23.590,4.000,0.050,6.348,0.000
2026-09-29T01:05:00Z,,,924.000,,19.060,19.060,3.000,0.030,6.013,0.000
2026-09-29T01:06:00Z,1.607,2.620,924.000,7592738816.000,20.640,20.640,3.000,0.040,4.857,0.000
2026-09-29T01:07:00Z,1.625,2.670,924.000,7592738816.000,15.060,15.060,3.000,0.020,5.270,0.000
2026-09-29T01:08:00Z,1.665,2.560,924.000,7591690240.000,26.700,26.700,2.000,0.050,4.045,0.000
2026-09-29T01:09:00Z,1.675,2.710,924.000,7591690240.000,30.680,30.680,6.000,0.070,6.790,0.000
2026-09-29T01:10:00Z,1.690,2.680,924.000,7591690240.000,28.880,28.880,5.000,0.080,7.763,0.000
2026-09-29T01:11:00Z,1.625,2.650,924.000,7590641664.000,20.410,20.410,4.000,0.040,7.322,0.000
2026-09-29T01:12:00Z,,,924.000,7590641664.000,13.180,13.180,2.000,0.020,5.425,0.000
2026-09-29T01:13:00Z,1.620,2.690,924.000,7590641664.000,32.070,32.070,4.000,0.070,5.770,0.000
2026-09-29T01:14:00Z,1.715,2.790,,7590641664.000,25.380,25.380,5.000,0.050,,0.000
2026-09-29T01:15:00Z,1.570,2.610,924.000,7590641664.000,18.510,18.510,3.000,0.030,6.440,0.000
2026-09-29T01:16:00Z,1.560,2.510,924.000,7591690240.000,15.880,15.880,2.000,0.020,4.389,0.000
2026-09-29T01:17:00Z,1.600,2.610,,7591690240.000,15.390,15.390,3.000,0.020,,0.000
2026-09-29T01:18:00Z,1.605,2.530,924.000,7589593088.000,13.970,13.970,2.000,0.020,3.756,0.000
2026-09-29T01:19:00Z,1.580,2.550,,7589593088.000,22.490,22.490,3.000,0.040,,0.000
2026-09-29T01:20:00Z,1.925,2.840,924.000,7590641664.000,43.850,43.850,4.000,0.510,5.940,0.000
2026-09-29T01:21:00Z,1.830,2.790,924.000,7590641664.000,48.830,48.830,10.000,0.190,11.688,0.000
2026-09-29T01:22:00Z,1.750,2.790,,7593787392.000,38.490,38.490,8.000,0.070,,0.000
2026-09-29T01:23:00Z,1.715,2.680,924.000,7593787392.000,33.300,33.300,5.000,0.070,9.950,0.000
2026-09-29T01:24:00Z,,,924.000,,16.780,16.780,4.000,0.030,8.418,0.000
2026-09-29T01:25:00Z,1.580,2.620,924.000,7593787392.000,19.260,19.260,3.000,0.090,4.310,0.000
2026-09-29T01:26:00Z,1.630,2.620,924.000,7593787392.000,15.860,15.860,2.000,0.030,4.910,0.000
2026-09-29T01:27:00Z,1.550,2.540,924.000,7594835968.000,18.830,18.830,3.000,0.040,4.055,0.000
2026-09-29T01:28:00Z,,,924.000,7594835968.000,10.830,10.830,2.000,0.020,4.798,0.000
2026-09-29T01:29:00Z,1.528,2.570,924.000,7594835968.000,9.860,9.860,1.000,0.010,2.797,0.000
2026-09-29T01:30:00Z,,,924.000,7594835968.000,14.410,14.410,2.000,0.020,2.575,0.000
2026-09-29T01:31:00Z,1.597,2.600,924.000,7595884544.000,20.130,20.130,2.000,0.040,4.421,0.000
2026-09-29T01:32:00Z,1.840,2.940,,7594835968.000,34.400,34.400,5.000,0.060,,0.000
2026-09-29T01:33:00Z,1.685,2.680,924.000,7594835968.000,27.810,27.810,5.000,0.050,8.922,0.000
2026-09-29T01:34:00Z,1.625,2.650,924.000,7594835968.000,20.810,20.810,4.000,0.040,6.184,0.000
2026-09-29T01:35:00Z,1.550,2.550,,7594835968.000,13.740,13.740,2.000,0.020,,0.000
2026-09-29T01:36:00Z,2.930,2.930,924.000,7592738816.000,13.160,13.160,2.000,0.020,3.700,0.000
2026-09-29T01:37:00Z,1.250,2.640,924.000,7593787392.000,15.280,15.280,3.000,0.020,4.200,0.000
2026-09-29T01:38:00Z,1.655,2.730,924.000,7593787392.000,13.690,13.690,2.000,0.020,4.150,0.000
2026-09-29T01:39:00Z,1.565,2.620,924.000,7592738816.000,18.210,18.210,2.000,0.030,3.533,0.000
2026-09-29T01:40:00Z,1.515,2.510,924.000,7592738816.000,11.660,11.660,2.000,0.020,4.645,0.000
2026-09-29T01:41:00Z,1.605,2.590,924.000,7590641664.000,13.880,13.880,2.000,0.020,3.005,0.000
2026-09-29T01:42:00Z,1.525,2.580,924.000,7589593088.000,13.590,13.590,2.000,0.020,3.763,0.000
2026-09-29T01:43:00Z,,,924.000,7589593088.000,14.550,14.550,2.000,0.020,3.538,0.000
2026-09-29T01:44:00Z,1.585,2.730,924.000,7588544512.000,13.190,13.190,2.000,0.020,3.752,0.000
2026-09-29T01:45:00Z,1.585,2.530,924.000,7587495936.000,13.080,13.080,2.000,0.020,3.390,0.000
2026-09-29T01:46:00Z,1.500,2.520,924.000,7587495936.000,11.900,11.900,2.000,0.020,3.225,0.000
2026-09-29T01:47:00Z,,,,7587495936.000,11.310,11.310,1.000,0.020,,0.000
2026-09-29T01:48:00Z,1.515,2.520,924.000,7583301632.000,15.860,15.860,2.000,0.030,2.917,0.000
2026-09-29T01:49:00Z,1.960,3.670,924.000,7602176000.000,12.620,12.620,2.000,0.020,4.330,0.000
2026-09-29T01:50:00Z,1.675,2.830,924.000,7602176000.000,11.310,11.310,2.000,0.020,3.333,0.000
2026-09-29T01:51:00Z,1.565,2.570,924.000,,9.340,9.340,1.000,0.010,3.155,0.000
2026-09-29T01:52:00Z,1.530,2.570,924.000,7602176000.000,13.060,13.060,2.000,0.020,3.009,0.000
2026-09-29T01:53:00Z,1.535,2.540,,7602176000.000,10.440,10.440,2.000,0.010,,0.000
2026-09-29T01:54:00Z,1.565,2.600,924.000,7602176000.000,13.080,13.080,1.000,0.020,2.708,0.000
2026-09-29T01:55:00Z,1.465,2.430,924.000,7602176000.000,7.110,7.110,1.000,0.010,3.388,0.000
2026-09-29T01:56:00Z,1.505,2.520,924.000,7602176000.000,5.830,5.830,1.000,0.010,1.875,0.000
2026-09-29T01:57:00Z,1.535,2.540,924.000,7602176000.000,7.030,7.030,1.000,0.010,1.548,0.000
2026-09-29T01:58:00Z,1.475,2.450,924.000,7601127424.000,8.700,8.700,1.000,0.010,1.860,0.000
2026-09-29T01:59:00Z,1.480,2.460,924.000,7601127424.000,7.590,7.590,1.000,0.010,2.265,0.000
2026-09-29T02:00:00Z,1.490,2.480,924.000,7602176000.000,7.890,7.890,1.000,0.010,2.007,0.000
2026-09-29T02:01:00Z,1.605,2.580,924.000,7602176000.000,10.900,10.900,1.000,0.030,2.065,0.000
2026-09-29T02:02:00Z,1.545,2.540,924.000,7602176000.000,12.080,12.080,2.000,0.020,2.795,0.000
2026-09-29T02:03:00Z,1.585,2.590,924.000,7602176000.000,16.910,16.910,2.000,0.080,3.330,0.000
2026-09-29T02:04:00Z,1.505,2.510,924.000,7602176000.000,10.590,10.590,2.000,0.020,4.355,0.000
2026-09-29T02:05:00Z,1.490,2.430,924.000,7602176000.000,11.110,11.110,1.000,0.020,2.740,0.000
2026-09-29T02:06:00Z,1.505,2.500,924.000,7602176000.000,10.480,10.480,2.000,0.020,2.805,0.000
2026-09-29T02:07:00Z,1.505,2.480,,7602176000.000,8.700,8.700,1.000,0.010,,0.000
2026-09-29T02:08:00Z,1.565,2.600,924.000,7601127424.000,15.730,15.730,2.000,0.030,2.428,0.000
2026-09-29T02:09:00Z,1.500,2.520,924.000,7601127424.000,10.430,10.430,2.000,0.020,3.374,0.000
2026-09-29T02:10:00Z,1.550,2.630,,7602176000.000,12.210,12.210,2.000,0.020,,0.000
2026-09-29T02:11:00Z,1.590,2.600,924.000,7600078848.000,13.560,13.560,2.000,0.020,3.150,0.000
2026-09-29T02:12:00Z,1.445,2.450,924.000,7600078848.000,6.600,6.600,1.000,0.010,2.721,0.000
2026-09-29T02:13:00Z,1.535,2.580,,7600078848.000,7.810,7.810,1.000,0.010,,0.000
2026-09-29T02:14:00Z,1.615,2.700,924.000,7600078848.000,22.530,22.530,3.000,0.090,2.058,0.000
2026-09-29T02:15:00Z,,,924.000,,23.200,23.200,3.000,0.050,5.755,0.000
2026-09-29T02:16:00Z,1.673,2.700,924.000,7600078848.000,23.390,23.390,3.000,0.080,6.036,0.000
2026-09-29T02:17:00Z,1.600,2.680,,7600078848.000,17.300,17.300,4.000,0.040,,0.000
2026-09-29T02:18:00Z,1.590,2.580,924.000,7600078848.000,16.640,16.640,2.000,0.040,4.415,0.000
2026-09-29T02:19:00Z,1.625,2.670,924.000,7599030272.000,20.410,20.410,3.000,0.050,4.300,0.000
2026-09-29T02:20:00Z,1.800,2.980,924.000,7599030272.000,36.840,36.840,5.000,0.080,5.362,0.000
2026-09-29T02:21:00Z,1.605,2.600,924.000,7599030272.000,19.890,19.890,4.000,0.040,9.315,0.000
2026-09-29T02:22:00Z,,,924.000,7599030272.000,14.380,14.380,3.000,0.020,5.070,0.000
2026-09-29T02:23:00Z,1.615,2.590,924.000,7597981696.000,29.060,29.060,4.000,0.190,3.897,0.000
2026-09-29T02:24:00Z,1.620,2.670,924.000,7597981696.000,21.230,21.230,4.000,0.040,7.372,0.000
2026-09-29T02:25:00Z,1.500,2.500,924.000,7597981696.000,10.730,10.730,2.000,0.020,5.425,0.000
2026-09-29T02:26:00Z,1.550,2.590,924.000,7595884544.000,14.670,14.670,2.000,0.020,3.269,0.000
2026-09-29T02:27:00Z,1.575,2.570,,7595884544.000,17.650,17.650,2.000,0.030,,0.000
2026-09-29T02:28:00Z,1.545,2.540,924.000,7595884544.000,12.690,12.690,2.000,0.020,4.510,0.000
2026-09-29T02:29:00Z,,,924.000,,13.690,13.690,2.000,0.020,3.288,0.000
2026-09-29T02:30:00Z,1.560,2.620,924.000,7594835968.000,10.300,10.300,2.000,0.010,3.515,0.000
2026-09-29T02:31:00Z,1.560,2.520,924.000,7594835968.000,11.690,11.690,2.000,0.020,2.665,0.000
2026-09-29T02:32:00Z,,,924.000,7594835968.000,17.100,17.100,2.000,0.030,3.013,0.000
2026-09-29T02:33:00Z,1.667,2.720,924.000,7594835968.000,22.970,22.970,3.000,0.050,4.585,0.000
2026-09-29T02:34:00Z,,,924.000,,20.460,20.460,4.000,0.040,5.827,0.000
2026-09-29T02:35:00Z,1.538,2.590,924.000,7594835968.000,6.460,6.460,2.000,0.010,5.230,0.000
2026-09-29T02:36:00Z,1.505,2.520,924.000,7594835968.000,7.180,7.180,1.000,0.010,1.880,0.000
2026-09-29T02:37:00Z,1.500,2.480,924.000,7594835968.000,9.480,9.480,1.000,0.010,1.913,0.000
2026-09-29T02:38:00Z,1.605,2.710,924.000,7594835968.000,11.580,11.580,2.000,0.020,2.829,0.000
2026-09-29T02:39:00Z,1.520,2.520,,7594835968.000,11.280,11.280,1.000,0.020,,0.000
2026-09-29T02:40:00Z,1.510,2.500,924.000,7594835968.000,10.210,10.210,1.000,0.010,2.935,0.000
2026-09-29T02:41:00Z,1.525,2.520,924.000,7593787392.000,10.090,10.090,2.000,0.020,2.629,0.000
2026-09-29T02:42:00Z,1.535,2.540,,7593787392.000,10.390,10.390,1.000,0.020,,0.000
2026-09-29T02:43:00Z,1.495,2.460,924.000,7593787392.000,10.270,10.270,2.000,0.020,2.933,0.000
2026-09-29T02:44:00Z,1.595,2.710,924.000,7593787392.000,11.530,11.530,2.000,0.020,2.650,0.000
2026-09-29T02:45:00Z,1.530,2.540,924.000,7593787392.000,9.390,9.390,1.000,0.020,2.723,0.000
2026-09-29T02:46:00Z,,,,7594835968.000,8.930,8.930,1.000,0.010,,0.000
2026-09-29T02:47:00Z,1.548,2.580,924.000,7594835968.000,10.910,10.910,2.000,0.020,2.330,0.000
2026-09-29T02:48:00Z,2.390,2.540,924.000,7590641664.000,9.490,9.490,1.000,0.010,2.812,0.000
2026-09-29T02:49:00Z,1.475,2.430,924.000,7590641664.000,7.190,7.190,1.000,0.010,2.475,0.000
2026-09-29T02:50:00Z,1.550,2.600,924.000,7590641664.000,11.190,11.190,1.000,0.020,2.195,0.000
2026-09-29T02:51:00Z,2.620,2.620,924.000,7590641664.000,9.060,9.060,2.000,0.010,2.933,0.000
2026-09-29T02:52:00Z,1.247,2.580,924.000,7590641664.000,13.640,13.640,1.000,0.020,2.370,0.000
2026-09-29T02:53:00Z,1.780,2.900,924.000,7590641664.000,41.520,41.520,7.000,0.300,3.703,0.000
2026-09-29T02:54:00Z,1.715,2.820,924.000,7590641664.000,27.840,27.840,4.000,0.070,10.500,0.000
2026-09-29T02:55:00Z,1.655,2.730,924.000,7591690240.000,22.540,22.540,4.000,0.040,6.385,0.000
2026-09-29T02:56:00Z,1.560,2.580,,7591690240.000,16.990,16.990,2.000,0.030,,0.000
2026-09-29T02:57:00Z,1.545,2.590,924.000,7590641664.000,11.710,11.710,2.000,0.010,4.345,0.000
2026-09-29T02:58:00Z,1.730,2.730,924.000,7589593088.000,22.220,22.220,2.000,0.030,3.018,0.000
2026-09-29T02:59:00Z,,,924.000,7590641664.000,16.240,16.240,4.000,0.020,5.647,0.000
2026-09-29T03:00:00Z,1.937,2.660,924.000,7590641664.000,12.410,12.410,2.000,0.010,4.175,0.000
2026-09-29T03:01:00Z,1.197,2.540,924.000,7590641664.000,11.990,11.990,1.000,0.010,3.197,0.000
2026-09-29T03:02:00Z,1.755,2.910,924.000,7590641664.000,16.710,16.710,2.000,0.020,3.090,0.000
2026-09-29T03:03:00Z,1.610,2.720,924.000,7590641664.000,13.890,13.890,3.000,0.020,4.470,0.000
2026-09-29T03:04:00Z,1.560,2.620,924.000,7590641664.000,11.460,11.460,1.000,0.010,3.565,0.000
2026-09-29T03:05:00Z,1.600,2.640,924.000,7590641664.000,20.490,20.490,2.000,0.030,2.975,0.000
2026-09-29T03:06:00Z,1.590,2.640,924.000,7590641664.000,16.590,16.590,3.000,0.020,5.215,0.000
2026-09-29T03:07:00Z,1.520,2.500,924.000,7590641664.000,14.060,14.060,2.000,0.020,4.250,0.000
2026-09-29T03:08:00Z,1.530,2.550,924.000,7590641664.000,11.580,11.580,2.000,0.010,3.770,0.000
2026-09-29T03:09:00Z,1.515,2.540,924.000,7590641664.000,11.920,11.920,1.000,0.010,3.025,0.000
2026-09-29T03:10:00Z,,,924.000,,15.990,15.990,1.000,0.020,3.095,0.000
2026-09-29T03:11:00Z,1.540,2.520,924.000,7587495936.000,14.250,14.250,3.000,0.020,3.873,0.000
2026-09-29T03:12:00Z,,,,,10.330,10.330,2.000,0.010,,0.000
2026-09-29T03:13:00Z,1.528,2.560,924.000,7587495936.000,10.540,10.540,1.000,0.010,3.025,0.000
2026-09-29T03:14:00Z,1.555,2.580,924.000,7587495936.000,11.410,11.410,1.000,0.010,2.850,0.000
2026-09-29T03:15:00Z,,,,7587495936.000,29.260,29.260,2.000,0.450,,0.000
2026-09-29T03:16:00Z,1.607,2.600,924.000,7587495936.000,19.220,19.220,5.000,0.030,7.418,0.000
2026-09-29T03:17:00Z,1.510,2.510,924.000,7587495936.000,13.910,13.910,2.000,0.020,4.897,0.000
2026-09-29T03:18:00Z,1.585,2.670,924.000,7587495936.000,10.960,10.960,2.000,0.010,3.580,0.000
2026-09-29T03:19:00Z,1.725,2.750,924.000,,19.910,19.910,1.000,0.030,2.830,0.000
2026-09-29T03:20:00Z,1.585,2.650,924.000,7587495936.000,19.260,19.260,4.000,0.030,5.463,0.000
2026-09-29T03:21:00Z,1.580,2.540,924.000,7587495936.000,16.510,16.510,2.000,0.020,4.920,0.000
2026-09-29T03:22:00Z,1.600,2.620,924.000,7587495936.000,21.890,21.890,3.000,0.030,4.225,0.000
2026-09-29T03:23:00Z,1.630,2.720,924.000,7588544512.000,24.960,24.960,4.000,0.040,5.800,0.000
2026-09-29T03:24:00Z,1.540,2.510,924.000,7588544512.000,11.440,11.440,3.000,0.010,6.343,0.000
2026-09-29T03:25:00Z,1.600,2.650,924.000,7587495936.000,19.310,19.310,3.000,0.020,2.970,0.000
2026-09-29T03:26:00Z,1.535,2.550,924.000,7587495936.000,9.960,9.960,2.000,0.010,4.930,0.000
2026-09-29T03:27:00Z,1.495,2.410,924.000,7587495936.000,12.830,12.830,2.000,0.010,2.562,0.000
2026-09-29T03:28:00Z,1.510,2.480,924.000,7587495936.000,6.480,6.480,2.000,0.000,2.505,0.000
2026-09-29T03:29:00Z,,,,7587495936.000,10.630,10.630,1.000,0.010,,0.000
2026-09-29T03:30:00Z,1.482,2.560,924.000,7587495936.000,7.710,7.710,1.000,0.010,2.768,0.000
2026-09-29T03:31:00Z,1.655,2.500,924.000,7587495936.000,21.160,21.160,1.000,0.030,2.020,0.000
2026-09-29T03:32:00Z,1.625,2.700,924.000,7586447360.000,18.240,18.240,4.000,0.020,5.383,0.000
2026-09-29T03:33:00Z,,,924.000,,16.480,16.480,3.000,0.020,4.878,0.000
2026-09-29T03:34:00Z,1.552,2.680,924.000,7586447360.000,8.430,8.430,1.000,0.010,4.253,0.000
2026-09-29T03:35:00Z,1.585,2.590,924.000,7587495936.000,14.340,14.340,1.000,0.130,2.205,0.000
2026-09-29T03:36:00Z,,,924.000,,19.540,19.540,3.000,0.160,3.845,0.000
2026-09-29T03:37:00Z,1.530,2.600,924.000,7586447360.000,9.360,9.360,2.000,0.010,4.990,0.000
2026-09-29T03:38:00Z,1.670,2.720,924.000,7586447360.000,18.200,18.200,2.000,0.030,2.625,0.000
2026-09-29T03:39:00Z,1.545,2.590,924.000,7586447360.000,12.590,12.590,2.000,0.020,4.678,0.000
2026-09-29T03:40:00Z,1.445,2.440,924.000,7586447360.000,8.450,8.450,1.000,0.010,2.726,0.000
2026-09-29T03:41:00Z,1.480,2.430,,7586447360.000,6.140,6.140,1.000,0.000,,0.000
2026-09-29T03:42:00Z,1.530,2.510,924.000,7586447360.000,10.840,10.840,1.000,0.010,1.637,0.000
2026-09-29T03:43:00Z,1.590,2.540,924.000,7586447360.000,19.060,19.060,2.000,0.030,3.015,0.000
2026-09-29T03:44:00Z,1.540,2.560,924.000,7586447360.000,12.940,12.940,3.000,0.020,4.110,0.000
2026-09-29T03:45:00Z,1.530,2.570,,7587495936.000,11.030,11.030,1.000,0.010,,0.000
2026-09-29T03:46:00Z,1.560,2.590,924.000,7587495936.000,14.810,14.810,2.000,0.020,2.853,0.000
2026-09-29T03:47:00Z,1.550,2.590,924.000,7588544512.000,15.240,15.240,2.000,0.020,3.800,0.000
2026-09-29T03:48:00Z,1.745,2.550,924.000,7573864448.000,12.290,12.290,2.000,0.010,3.908,0.000
2026-09-29T03:49:00Z,2.085,3.650,924.000,7592738816.000,10.010,10.010,1.000,0.010,3.165,0.000
2026-09-29T03:50:00Z,1.515,2.570,924.000,7592738816.000,11.810,11.810,1.000,0.010,2.855,0.000
2026-09-29T03:51:00Z,1.580,2.540,924.000,7593787392.000,11.790,11.790,1.000,0.010,3.095,0.000
2026-09-29T03:52:00Z,1.590,2.610,924.000,7594835968.000,22.940,22.940,3.000,0.030,3.040,0.000
2026-09-29T03:53:00Z,1.540,2.560,924.000,7595884544.000,12.580,12.580,3.000,0.020,6.082,0.000
2026-09-29T03:54:00Z,2.590,2.590,924.000,7595884544.000,15.210,15.210,1.000,0.020,3.230,0.000
2026-09-29T03:55:00Z,1.203,2.530,924.000,7596933120.000,14.310,14.310,3.000,0.020,3.917,0.000
2026-09-29T03:56:00Z,1.510,2.530,924.000,7596933120.000,9.180,9.180,1.000,0.010,3.670,0.000
2026-09-29T03:57:00Z,1.650,2.630,924.000,7596933120.000,29.270,29.270,3.000,0.270,2.380,0.000
2026-09-29T03:58:00Z,1.545,2.490,924.000,7596933120.000,16.310,16.310,4.000,0.030,7.402,0.000
2026-09-29T03:59:00Z,1.685,2.630,924.000,7596933120.000,22.860,22.860,2.000,0.040,4.168,0.000
2026-09-29T04:00:00Z,1.540,2.470,924.000,7596933120.000,18.060,18.060,4.000,0.020,5.825,0.000
2026-09-29T04:01:00Z,1.655,2.550,924.000,,18.160,18.160,2.000,0.030,4.607,0.000
2026-09-29T04:02:00Z,1.605,2.630,924.000,7596933120.000,29.600,29.600,5.000,0.250,4.643,0.000
2026-09-29T04:03:00Z,1.555,2.570,924.000,7596933120.000,9.960,9.960,2.000,0.010,7.715,0.000
2026-09-29T04:04:00Z,1.505,2.480,924.000,7595884544.000,9.590,9.590,1.000,0.010,2.595,0.000
2026-09-29T04:05:00Z,1.495,2.530,924.000,7595884544.000,11.860,11.860,2.000,0.010,2.507,0.000
2026-09-29T04:06:00Z,1.510,2.480,924.000,7595884544.000,10.210,10.210,1.000,0.010,3.058,0.000
2026-09-29T04:07:00Z,1.590,2.540,924.000,7594835968.000,8.280,8.280,2.000,0.010,2.647,0.000
2026-09-29T04:08:00Z,1.590,2.530,924.000,7594835968.000,11.810,11.810,1.000,0.010,2.467,0.000
2026-09-29T04:09:00Z,1.495,2.510,924.000,7594835968.000,10.290,10.290,2.000,0.010,3.045,0.000
2026-09-29T04:10:00Z,1.460,2.450,924.000,7594835968.000,8.010,8.010,1.000,0.010,2.384,0.000
2026-09-29T04:11:00Z,1.550,2.540,,7594835968.000,9.690,9.690,1.000,0.010,,0.000
2026-09-29T04:12:00Z,1.480,2.490,924.000,7594835968.000,8.260,8.260,1.000,0.010,2.515,0.000
2026-09-29T04:13:00Z,2.470,2.470,924.000,7594835968.000,10.240,10.240,1.000,0.010,2.408,0.000
2026-09-29T04:14:00Z,1.167,2.490,924.000,7594835968.000,4.760,4.760,1.000,0.000,1.979,0.000
2026-09-29T04:15:00Z,1.520,2.560,,7594835968.000,9.970,9.970,1.000,0.010,,0.000
2026-09-29T04:16:00Z,1.500,2.470,924.000,7594835968.000,7.130,7.130,1.000,0.010,2.229,0.000
2026-09-29T04:17:00Z,1.480,2.500,,7595884544.000,9.610,9.610,1.000,0.010,,0.000
2026-09-29T04:18:00Z,1.525,2.570,924.000,7595884544.000,8.660,8.660,1.000,0.010,2.493,0.000
2026-09-29T04:19:00Z,1.465,2.460,924.000,7595884544.000,5.480,5.480,1.000,0.000,2.257,0.000
2026-09-29T04:20:00Z,1.540,2.550,924.000,7595884544.000,12.110,12.110,1.000,0.010,1.685,0.000
2026-09-29T04:21:00Z,1.530,2.530,924.000,7595884544.000,8.430,8.430,2.000,0.010,3.125,0.000
2026-09-29T04:22:00Z,1.485,2.520,924.000,7596933120.000,9.990,9.990,1.000,0.010,2.200,0.000
2026-09-29T04:23:00Z,1.550,2.610,924.000,7595884544.000,8.460,8.460,1.000,0.010,2.820,0.000
2026-09-29T04:24:00Z,1.480,2.520,924.000,7594835968.000,8.480,8.480,1.000,0.010,2.212,0.000
2026-09-29T04:25:00Z,1.485,2.490,924.000,7594835968.000,10.010,10.010,1.000,0.010,2.413,0.000
2026-09-29T04:26:00Z,1.500,2.430,,7594835968.000,10.740,10.740,1.000,0.010,,0.000
2026-09-29T04:27:00Z,1.490,2.520,924.000,7594835968.000,7.510,7.510,2.000,0.010,2.777,0.000
2026-09-29T04:28:00Z,1.460,2.420,924.000,7594835968.000,5.360,5.360,1.000,0.000,1.968,0.000
2026-09-29T04:29:00Z,1.390,2.340,924.000,7594835968.000,6.130,6.130,1.000,0.000,1.541,0.000
2026-09-29T04:30:00Z,1.485,2.500,,7594835968.000,6.890,6.890,0.000,0.010,,0.000
2026-09-29T04:31:00Z,1.660,2.540,924.000,7594835968.000,18.940,18.940,1.000,0.030,1.820,0.000
2026-09-29T04:32:00Z,1.675,2.680,924.000,7594835968.000,24.690,24.690,4.000,0.040,4.838,0.000
2026-09-29T04:33:00Z,,,924.000,7594835968.000,15.110,15.110,4.000,0.020,6.482,0.000
2026-09-29T04:34:00Z,1.535,2.610,924.000,7594835968.000,10.930,10.930,1.000,0.010,3.917,0.000
2026-09-29T04:35:00Z,1.535,2.580,924.000,7594835968.000,7.610,7.610,1.000,0.010,2.822,0.000
2026-09-29T04:36:00Z,1.495,2.530,924.000,7595884544.000,9.340,9.340,1.000,0.010,2.167,0.000
2026-09-29T04:37:00Z,1.565,2.610,924.000,7595884544.000,12.200,12.200,2.000,0.010,2.425,0.000
2026-09-29T04:38:00Z,1.560,2.630,924.000,7595884544.000,8.210,8.210,1.000,0.010,3.322,0.000
2026-09-29T04:39:00Z,1.430,2.400,924.000,7595884544.000,5.530,5.530,1.000,0.000,2.172,0.000
2026-09-29T04:40:00Z,1.445,2.390,924.000,7594835968.000,5.930,5.930,0.000,0.000,1.541,0.000
2026-09-29T04:41:00Z,1.540,2.550,,7594835968.000,8.730,8.730,1.000,0.010,,0.000
2026-09-29T04:42:00Z,1.485,2.510,924.000,7594835968.000,5.930,5.930,1.000,0.000,2.272,0.000
2026-09-29T04:43:00Z,1.505,2.510,924.000,7594835968.000,5.850,5.850,1.000,0.000,1.792,0.000
2026-09-29T04:44:00Z,1.530,2.600,924.000,7594835968.000,9.610,9.610,1.000,0.010,1.552,0.000
2026-09-29T04:45:00Z,1.435,2.410,924.000,7594835968.000,6.830,6.830,1.000,0.000,2.518,0.000
2026-09-29T04:46:00Z,1.490,2.480,924.000,7594835968.000,5.880,5.880,1.000,0.000,1.683,0.000
2026-09-29T04:47:00Z,1.470,2.480,,7594835968.000,8.590,8.590,1.000,0.010,,0.000
2026-09-29T04:48:00Z,1.500,2.480,924.000,7594835968.000,6.510,6.510,0.000,0.010,2.240,0.000
2026-09-29T04:49:00Z,2.315,3.750,924.000,7573864448.000,8.680,8.680,1.000,0.010,2.138,0.000
2026-09-29T04:50:00Z,2.500,2.500,,7593787392.000,12.280,12.280,2.000,0.020,,0.000
2026-09-29T04:51:00Z,1.167,2.470,924.000,7593787392.000,8.130,8.130,1.000,0.010,3.248,0.000
2026-09-29T04:52:00Z,1.475,2.500,924.000,7592738816.000,4.610,4.610,0.000,0.000,2.160,0.000
2026-09-29T04:53:00Z,1.530,2.510,924.000,7593787392.000,12.160,12.160,1.000,0.010,1.460,0.000
2026-09-29T04:54:00Z,1.535,2.590,924.000,7592738816.000,12.630,12.630,2.000,0.010,3.138,0.000
2026-09-29T04:55:00Z,1.485,2.520,924.000,7592738816.000,6.030,6.030,1.000,0.000,3.277,0.000
2026-09-29T04:56:00Z,1.550,2.610,924.000,7593787392.000,14.510,14.510,2.000,0.020,1.610,0.000
2026-09-29T04:57:00Z,1.455,2.450,924.000,7593787392.000,6.080,6.080,1.000,0.000,3.717,0.000
2026-09-29T04:58:00Z,1.490,2.460,924.000,7593787392.000,6.980,6.980,0.000,0.010,1.623,0.000
2026-09-29T04:59:00Z,,,924.000,7593787392.000,6.190,6.190,1.000,0.000,1.835,0.000
2026-09-29T05:00:00Z,1.490,2.550,924.000,7593787392.000,7.100,7.100,1.000,0.010,1.670,0.000
2026-09-29T05:01:00Z,1.590,2.510,924.000,7593787392.000,13.080,13.080,1.000,0.010,2.625,0.000
2026-09-29T05:02:00Z,1.650,2.790,,7594835968.000,18.960,18.960,4.000,0.030,,0.000
2026-09-29T05:03:00Z,1.520,2.530,924.000,7593787392.000,10.830,10.830,1.000,0.010,5.070,0.000
2026-09-29T05:04:00Z,1.505,2.560,924.000,7593787392.000,7.130,7.130,1.000,0.010,2.355,0.000
2026-09-29T05:05:00Z,1.545,2.550,,7594835968.000,13.910,13.910,1.000,0.020,,0.000
2026-09-29T05:06:00Z,1.540,2.550,924.000,7594835968.000,13.300,13.300,2.000,0.010,3.567,0.000
2026-09-29T05:07:00Z,1.505,2.480,924.000,7594835968.000,10.730,10.730,2.000,0.010,3.420,0.000
2026-09-29T05:08:00Z,1.565,2.600,924.000,7593787392.000,13.960,13.960,2.000,0.020,2.917,0.000
2026-09-29T05:09:00Z,1.500,2.540,924.000,7593787392.000,10.780,10.780,2.000,0.010,3.610,0.000
2026-09-29T05:10:00Z,1.490,2.530,924.000,7593787392.000,9.580,9.580,1.000,0.010,2.817,0.000
2026-09-29T05:11:00Z,1.655,2.700,924.000,7593787392.000,13.240,13.240,1.000,0.020,2.944,0.000
2026-09-29T05:12:00Z,1.705,2.900,,7593787392.000,32.970,32.970,5.000,0.090,,0.000
2026-09-29T05:13:00Z,2.530,2.530,924.000,7593787392.000,9.490,9.490,2.000,0.010,8.565,0.000
2026-09-29T05:14:00Z,1.283,2.810,924.000,7592738816.000,11.830,11.830,2.000,0.010,2.462,0.000
2026-09-29T05:15:00Z,1.540,2.610,924.000,7592738816.000,9.980,9.980,1.000,0.010,3.268,0.000
2026-09-29T05:16:00Z,1.505,2.520,924.000,7592738816.000,10.580,10.580,1.000,0.010,2.666,0.000
2026-09-29T05:17:00Z,1.500,2.520,,7592738816.000,15.280,15.280,2.000,0.020,,0.000
2026-09-29T05:18:00Z,1.485,2.500,924.000,7592738816.000,6.680,6.680,1.000,0.010,3.905,0.000
2026-09-29T05:19:00Z,1.510,2.510,924.000,7593787392.000,13.980,13.980,1.000,0.020,1.760,0.000
2026-09-29T05:20:00Z,1.510,2.540,924.000,7593787392.000,10.760,10.760,2.000,0.010,3.785,0.000
2026-09-29T05:21:00Z,1.570,2.550,924.000,7593787392.000,16.640,16.640,2.000,0.020,2.780,0.000
2026-09-29T05:22:00Z,1.470,2.440,924.000,7594835968.000,10.450,10.450,2.000,0.010,4.263,0.000
2026-09-29T05:23:00Z,1.495,2.470,924.000,7593787392.000,9.710,9.710,2.000,0.010,2.933,0.000
2026-09-29T05:24:00Z,1.400,2.370,924.000,7593787392.000,5.530,5.530,1.000,0.000,2.525,0.000
2026-09-29T05:25:00Z,1.410,2.370,924.000,7593787392.000,2.940,2.940,0.000,0.000,1.488,0.000
2026-09-29T05:26:00Z,1.465,2.450,924.000,7593787392.000,9.280,9.280,1.000,0.010,0.828,0.000
2026-09-29T05:27:00Z,1.500,2.450,924.000,7593787392.000,7.760,7.760,1.000,0.010,2.413,0.000
2026-09-29T05:28:00Z,1.540,2.500,924.000,7593787392.000,13.120,13.120,1.000,0.020,2.033,0.000
2026-09-29T05:29:00Z,1.570,2.590,924.000,7593787392.000,17.890,17.890,3.000,0.030,3.395,0.000
2026-09-29T05:30:00Z,1.490,2.470,924.000,7593787392.000,11.710,11.710,2.000,0.010,3.789,0.000
2026-09-29T05:31:00Z,1.660,2.500,,7593787392.000,26.610,26.610,2.000,0.160,,0.000
2026-09-29T05:32:00Z,,,924.000,,21.520,21.520,5.000,0.060,6.755,0.000
2026-09-29T05:33:00Z,1.690,2.840,924.000,7593787392.000,46.150,46.150,6.000,1.210,8.670,0.000
2026-09-29T05:34:00Z,1.695,2.630,,7593787392.000,41.770,41.770,7.000,0.140,,0.000
2026-09-29T05:35:00Z,,,924.000,7594835968.000,31.660,31.660,7.000,0.050,10.565,0.000
2026-09-29T05:36:00Z,1.790,2.750,924.000,7594835968.000,52.900,52.900,5.000,0.130,8.130,0.000
2026-09-29T05:37:00Z,1.675,2.560,924.000,7594835968.000,26.100,26.100,7.000,0.040,13.352,0.000
2026-09-29T05:38:00Z,1.625,2.680,924.000,7594835968.000,25.010,25.010,5.000,0.040,6.655,0.000
2026-09-29T05:39:00Z,1.550,2.550,924.000,7594835968.000,18.560,18.560,3.000,0.030,6.495,0.000
2026-09-29T05:40:00Z,1.740,2.660,924.000,7593787392.000,32.480,32.480,3.000,0.050,4.763,0.000
2026-09-29T05:41:00Z,1.775,2.770,924.000,7592738816.000,33.550,33.550,6.000,0.050,8.223,0.000
2026-09-29T05:42:00Z,2.540,2.540,924.000,7592738816.000,22.940,22.940,5.000,0.030,8.495,0.000
2026-09-29T05:43:00Z,0.620,0.620,924.000,7591690240.000,21.690,21.690,4.000,0.030,6.053,0.000
2026-09-29T05:44:00Z,1.615,2.690,924.000,7591690240.000,15.010,15.010,2.000,0.020,5.513,0.000
2026-09-29T05:45:00Z,1.910,3.110,924.000,7588544512.000,36.870,36.870,4.000,0.060,3.873,0.000
2026-09-29T05:46:00Z,1.640,2.740,924.000,7587495936.000,25.760,25.760,6.000,0.040,9.307,0.000
2026-09-29T05:47:00Z,1.530,2.540,924.000,7587495936.000,13.880,13.880,2.000,0.020,5.049,0.000
2026-09-29T05:48:00Z,1.645,2.680,,7586447360.000,15.790,15.790,2.000,0.020,,0.000
2026-09-29T05:49:00Z,2.510,2.660,924.000,7586447360.000,27.060,27.060,4.000,0.050,4.037,0.000
2026-09-29T05:50:00Z,1.705,2.730,924.000,7586447360.000,27.650,27.650,4.000,0.100,6.895,0.000
2026-09-29T05:51:00Z,1.710,2.770,924.000,7585398784.000,28.120,28.120,5.000,0.060,7.348,0.000
2026-09-29T05:52:00Z,1.605,2.650,924.000,7585398784.000,16.030,16.030,3.000,0.020,7.190,0.000
2026-09-29T05:53:00Z,1.595,2.630,924.000,7585398784.000,16.020,16.020,2.000,0.020,4.303,0.000
2026-09-29T05:54:00Z,,,924.000,,24.380,24.380,3.000,0.200,4.120,0.000
2026-09-29T05:55:00Z,1.623,2.740,924.000,7585398784.000,24.000,24.000,4.000,0.330,6.192,0.000
2026-09-29T05:56:00Z,1.555,2.580,924.000,7585398784.000,14.940,14.940,2.000,0.020,6.090,0.000
2026-09-29T05:57:00Z,1.590,2.600,924.000,7585398784.000,22.230,22.230,3.000,0.030,3.825,0.000
2026-09-29T05:58:00Z,1.610,2.660,924.000,7585398784.000,19.310,19.310,3.000,0.030,5.647,0.000
2026-09-29T05:59:00Z,1.540,2.610,924.000,7585398784.000,15.520,15.520,3.000,0.040,4.945,0.000
2026-09-29T06:00:00Z,1.525,2.540,924.000,7585398784.000,12.810,12.810,1.000,0.020,3.970,0.000
2026-09-29T06:01:00Z,1.710,2.650,924.000,7587495936.000,27.370,27.370,3.000,0.110,3.288,0.000
2026-09-29T06:02:00Z,,,924.000,,33.550,33.550,5.000,0.110,6.933,0.000
2026-09-29T06:03:00Z,1.728,2.690,924.000,7583301632.000,39.380,39.380,5.000,0.400,8.690,0.000
2026-09-29T06:04:00Z,1.720,2.680,924.000,7583301632.000,33.600,33.600,6.000,0.190,9.980,0.000
2026-09-29T06:05:00Z,1.665,2.640,924.000,7583301632.000,33.770,33.770,7.000,0.060,8.510,0.000
2026-09-29T06:06:00Z,1.605,2.630,924.000,7583301632.000,22.990,22.990,4.000,0.040,8.545,0.000
2026-09-29T06:07:00Z,1.615,2.640,924.000,7583301632.000,23.280,23.280,4.000,0.050,5.838,0.000
2026-09-29T06:08:00Z,1.625,2.610,924.000,7583301632.000,25.230,25.230,3.000,0.070,5.923,0.000
2026-09-29T06:09:00Z,1.625,2.690,924.000,7583301632.000,27.990,27.990,4.000,0.310,6.555,0.000
2026-09-29T06:10:00Z,1.750,2.760,924.000,7585398784.000,37.680,37.680,5.000,0.300,8.310,0.000
2026-09-29T06:11:00Z,1.715,2.680,,7585398784.000,32.450,32.450,6.000,0.060,,0.000
2026-09-29T06:12:00Z,1.605,2.630,924.000,7586447360.000,25.230,25.230,5.000,0.040,7.416,0.000
2026-09-29T06:13:00Z,1.600,2.620,,7586447360.000,19.770,19.770,3.000,0.030,,0.000
2026-09-29T06:14:00Z,1.600,2.600,924.000,7586447360.000,19.000,19.000,3.000,0.030,5.035,0.000
2026-09-29T06:15:00Z,1.625,2.640,924.000,7586447360.000,20.260,20.260,3.000,0.030,4.860,0.000
2026-09-29T06:16:00Z,1.685,2.710,924.000,7586447360.000,28.020,28.020,4.000,0.140,6.126,0.000
2026-09-29T06:17:00Z,1.705,2.710,,7586447360.000,33.850,33.850,4.000,0.130,,0.000
2026-09-29T06:18:00Z,2.750,2.750,924.000,7587495936.000,24.360,24.360,5.000,0.040,8.555,0.000
2026-09-29T06:19:00Z,1.353,2.630,924.000,7587495936.000,27.540,27.540,4.000,0.040,6.173,0.000
2026-09-29T06:20:00Z,1.680,2.650,924.000,7585398784.000,32.800,32.800,5.000,0.060,7.178,0.000
2026-09-29T06:21:00Z,1.635,2.660,924.000,7585398784.000,25.540,25.540,5.000,0.040,8.295,0.000
2026-09-29T06:22:00Z,1.590,2.560,924.000,7586447360.000,19.110,19.110,3.000,0.030,6.478,0.000
2026-09-29T06:23:00Z,,,924.000,7586447360.000,23.970,23.970,4.000,0.040,5.100,0.000
2026-09-29T06:24:00Z,1.647,2.790,924.000,7589593088.000,18.220,18.220,3.000,0.030,6.095,0.000
2026-09-29T06:25:00Z,1.605,2.560,924.000,7589593088.000,20.690,20.690,2.000,0.040,5.077,0.000
2026-09-29T06:26:00Z,1.620,2.650,,7589593088.000,21.510,21.510,4.000,0.040,,0.000
2026-09-29T06:27:00Z,1.595,2.630,924.000,7588544512.000,20.380,20.380,3.000,0.030,5.468,0.000
2026-09-29T06:28:00Z,1.540,2.490,924.000,7588544512.000,14.010,14.010,2.000,0.030,5.405,0.000
2026-09-29T06:29:00Z,,,924.000,,20.720,20.720,3.000,0.040,3.595,0.000
2026-09-29T06:30:00Z,1.625,2.590,924.000,7588544512.000,25.150,25.150,3.000,0.050,5.303,0.000
2026-09-29T06:31:00Z,1.935,3.000,924.000,7587495936.000,53.260,53.260,6.000,0.130,6.390,0.000
2026-09-29T06:32:00Z,1.760,2.830,924.000,7587495936.000,34.790,34.790,10.000,0.060,13.418,0.000
2026-09-29T06:33:00Z,,,924.000,7588544512.000,36.730,36.730,5.000,0.140,9.027,0.000
2026-09-29T06:34:00Z,1.655,2.720,924.000,7588544512.000,22.760,22.760,5.000,0.040,9.300,0.000
2026-09-29T06:35:00Z,1.535,2.540,924.000,7588544512.000,18.580,18.580,3.000,0.030,5.785,0.000
2026-09-29T06:36:00Z,2.630,2.630,924.000,7588544512.000,22.620,22.620,3.000,0.040,4.905,0.000
2026-09-29T06:37:00Z,1.233,2.580,924.000,7588544512.000,20.640,20.640,4.000,0.040,5.765,0.000
2026-09-29T06:38:00Z,,,924.000,,22.290,22.290,3.000,0.050,5.295,0.000
2026-09-29T06:39:00Z,1.627,2.680,924.000,7587495936.000,21.080,21.080,4.000,0.040,5.790,0.000
2026-09-29T06:40:00Z,1.565,2.650,924.000,7587495936.000,20.190,20.190,4.000,0.040,5.375,0.000
2026-09-29T06:41:00Z,1.610,2.720,924.000,7586447360.000,19.590,19.590,3.000,0.040,5.140,0.000
2026-09-29T06:42:00Z,1.530,2.590,924.000,7585398784.000,15.960,15.960,3.000,0.020,4.995,0.000
2026-09-29T06:43:00Z,1.540,2.500,924.000,7585398784.000,13.530,13.530,1.000,0.020,4.330,0.000
2026-09-29T06:44:00Z,1.505,2.540,924.000,7585398784.000,12.210,12.210,3.000,0.020,3.324,0.000
2026-09-29T06:45:00Z,1.610,2.720,,7585398784.000,19.540,19.540,2.000,0.030,,0.000
2026-09-29T06:46:00Z,,,924.000,7585398784.000,16.990,16.990,3.000,0.030,4.975,0.000
2026-09-29T06:47:00Z,1.562,2.650,924.000,7586447360.000,15.220,15.220,2.000,0.020,4.340,0.000
2026-09-29T06:48:00Z,1.535,2.560,924.000,7586447360.000,14.290,14.290,2.000,0.020,3.895,0.000
2026-09-29T06:49:00Z,1.840,2.500,924.000,7570718720.000,13.240,13.240,2.000,0.020,3.688,0.000
2026-09-29T06:50:00Z,,,924.000,,9.030,9.030,1.000,0.010,3.395,0.000
2026-09-29T06:51:00Z,1.765,3.470,924.000,7581204480.000,11.660,11.660,2.000,0.020,2.846,0.000
2026-09-29T06:52:00Z,1.565,2.600,,7581204480.000,15.270,15.270,2.000,0.020,,0.000
2026-09-29T06:53:00Z,1.630,2.660,924.000,7581204480.000,14.640,14.640,2.000,0.020,4.133,0.000
2026-09-29T06:54:00Z,1.535,2.500,924.000,7581204480.000,18.370,18.370,2.000,0.030,3.752,0.000
2026-09-29T06:55:00Z,1.475,2.470,924.000,7582253056.000,10.760,10.760,2.000,0.020,4.707,0.000
2026-09-29T06:56:00Z,1.510,2.520,924.000,7582253056.000,13.380,13.380,2.000,0.020,2.800,0.000
2026-09-29T06:57:00Z,,,924.000,7582253056.000,12.810,12.810,2.000,0.020,3.447,0.000
2026-09-29T06:58:00Z,1.558,2.600,924.000,7582253056.000,16.460,16.460,2.000,0.030,3.292,0.000
2026-09-29T06:59:00Z,1.520,2.520,924.000,7582253056.000,14.550,14.550,2.000,0.020,3.982,0.000
2026-09-29T07:00:00Z,1.570,2.510,,7582253056.000,22.960,22.960,2.000,0.040,,0.000
2026-09-29T07:01:00Z,1.865,2.800,924.000,7582253056.000,47.140,47.140,4.000,0.160,5.830,0.000
2026-09-29T07:02:00Z,1.695,2.670,924.000,7582253056.000,33.250,33.250,9.000,0.060,11.867,0.000
2026-09-29T07:03:00Z,,,924.000,7582253056.000,36.330,36.330,7.000,0.070,8.623,0.000
2026-09-29T07:04:00Z,1.680,2.680,924.000,,27.230,27.230,4.000,0.050,9.172,0.000
2026-09-29T07:05:00Z,1.595,2.650,924.000,7582253056.000,20.410,20.410,4.000,0.030,6.923,0.000
2026-09-29T07:06:00Z,1.590,2.550,924.000,7583301632.000,21.720,21.720,3.000,0.040,5.197,0.000
2026-09-29T07:07:00Z,1.545,2.550,924.000,7583301632.000,18.140,18.140,4.000,0.030,5.522,0.000
2026-09-29T07:08:00Z,1.540,2.520,924.000,7583301632.000,15.910,15.910,2.000,0.020,4.425,0.000
2026-09-29T07:09:00Z,1.585,2.560,,7583301632.000,21.410,21.410,3.000,0.030,,0.000
2026-09-29T07:10:00Z,1.580,2.560,924.000,7583301632.000,17.080,17.080,3.000,0.030,5.480,0.000
2026-09-29T07:11:00Z,,,924.000,,28.750,28.750,4.000,0.050,4.362,0.000
2026-09-29T07:12:00Z,1.643,2.740,924.000,7583301632.000,22.740,22.740,4.000,0.030,7.277,0.000
2026-09-29T07:13:00Z,1.720,2.730,924.000,7583301632.000,31.180,31.180,4.000,0.060,6.013,0.000
2026-09-29T07:14:00Z,1.585,2.640,924.000,7583301632.000,25.370,25.370,6.000,0.040,7.910,0.000
2026-09-29T07:15:00Z,1.580,2.600,924.000,7583301632.000,18.570,18.570,3.000,0.030,5.581,0.000
2026-09-29T07:16:00Z,1.620,2.650,,7582253056.000,23.960,23.960,3.000,0.040,,0.000
2026-09-29T07:17:00Z,1.665,2.740,924.000,7581204480.000,24.760,24.760,4.000,0.040,6.080,0.000
2026-09-29T07:18:00Z,,,924.000,,17.990,17.990,3.000,0.030,6.287,0.000
2026-09-29T07:19:00Z,1.580,2.730,924.000,7581204480.000,17.960,17.960,2.000,0.030,4.588,0.000
2026-09-29T07:20:00Z,1.525,2.600,924.000,7581204480.000,11.680,11.680,2.000,0.020,4.775,0.000
2026-09-29T07:21:00Z,1.630,2.660,924.000,7581204480.000,19.260,19.260,2.000,0.030,3.015,0.000
2026-09-29T07:22:00Z,1.605,2.640,924.000,7581204480.000,21.290,21.290,4.000,0.030,4.905,0.000
2026-09-29T07:23:00Z,1.635,2.610,924.000,7581204480.000,18.080,18.080,3.000,0.030,5.628,0.000
2026-09-29T07:24:00Z,1.565,2.620,924.000,7581204480.000,19.710,19.710,3.000,0.030,4.612,0.000
2026-09-29T07:25:00Z,1.650,2.710,924.000,7581204480.000,24.160,24.160,3.000,0.040,5.035,0.000
2026-09-29T07:26:00Z,1.650,2.710,924.000,7582253056.000,23.290,23.290,3.000,0.040,6.133,0.000
2026-09-29T07:27:00Z,1.690,2.800,924.000,7582253056.000,26.820,26.820,4.000,0.040,5.907,0.000
2026-09-29T07:28:00Z,1.605,2.620,924.000,7582253056.000,17.130,17.130,3.000,0.020,6.795,0.000
2026-09-29T07:29:00Z,1.790,2.920,924.000,7583301632.000,35.010,35.010,5.000,0.070,4.372,0.000
2026-09-29T07:30:00Z,1.615,2.680,924.000,,27.160,27.160,5.000,0.040,8.863,0.000
2026-09-29T07:31:00Z,1.670,2.700,924.000,7583301632.000,20.690,20.690,2.000,0.040,6.883,0.000
2026-09-29T07:32:00Z,1.615,2.640,924.000,7583301632.000,25.930,25.930,5.000,0.040,5.265,0.000
2026-09-29T07:33:00Z,1.625,2.600,924.000,7583301632.000,18.060,18.060,3.000,0.030,6.785,0.000
2026-09-29T07:34:00Z,1.600,2.670,924.000,7584350208.000,27.400,27.400,4.000,0.050,5.799,0.000
2026-09-29T07:35:00Z,1.580,2.630,,,23.170,23.170,3.000,0.040,,0.000
2026-09-29T07:36:00Z,1.610,2.630,924.000,7583301632.000,18.710,18.710,3.000,0.030,6.058,0.000
2026-09-29T07:37:00Z,1.550,2.560,924.000,7583301632.000,18.540,18.540,4.000,0.050,4.780,0.000
2026-09-29T07:38:00Z,1.675,2.690,924.000,7581204480.000,22.880,22.880,2.000,0.060,4.808,0.000
2026-09-29T07:39:00Z,1.545,2.520,924.000,7581204480.000,19.440,19.440,4.000,0.040,5.534,0.000
2026-09-29T07:40:00Z,1.925,2.660,,7580155904.000,27.410,27.410,4.000,0.070,,0.000
2026-09-29T07:41:00Z,1.905,3.090,924.000,7579107328.000,101.260,101.260,14.000,7.270,6.950,0.000
2026-09-29T07:42:00Z,1.555,2.590,924.000,7579107328.000,19.130,19.130,7.000,0.060,25.400,0.000
2026-09-29T07:43:00Z,1.610,2.630,924.000,7579107328.000,18.450,18.450,3.000,0.030,5.090,0.000
2026-09-29T07:44:00Z,1.555,2.620,924.000,7579107328.000,21.370,21.370,3.000,0.040,4.735,0.000
2026-09-29T07:45:00Z,1.565,2.550,924.000,7578058752.000,15.160,15.160,2.000,0.020,5.407,0.000
2026-09-29T07:46:00Z,1.615,2.610,924.000,7577010176.000,20.570,20.570,3.000,0.030,3.882,0.000
2026-09-29T07:47:00Z,1.550,2.560,924.000,7577010176.000,19.820,19.820,3.000,0.030,5.232,0.000
2026-09-29T07:48:00Z,1.655,2.740,924.000,7577010176.000,21.210,21.210,3.000,0.030,5.045,0.000
2026-09-29T07:49:00Z,1.575,2.610,924.000,7577010176.000,13.390,13.390,2.000,0.020,5.395,0.000
2026-09-29T07:50:00Z,4.050,4.050,924.000,7562330112.000,14.510,14.510,2.000,0.020,3.458,0.000
2026-09-29T07:51:00Z,1.310,2.620,924.000,7583301632.000,20.420,20.420,2.000,0.040,4.662,0.000
2026-09-29T07:52:00Z,1.525,2.590,,7585398784.000,16.980,16.980,4.000,0.030,,0.000
2026-09-29T07:53:00Z,1.500,2.520,924.000,7585398784.000,10.060,10.060,2.000,0.010,4.567,0.000
2026-09-29T07:54:00Z,1.450,2.470,924.000,7585398784.000,6.660,6.660,1.000,0.010,2.632,0.000
2026-09-29T07:55:00Z,,,924.000,7585398784.000,8.500,8.500,0.000,0.010,1.762,0.000
2026-09-29T07:56:00Z,1.522,2.600,924.000,7585398784.000,10.870,10.870,1.000,0.010,2.223,0.000
2026-09-29T07:57:00Z,1.525,2.540,924.000,7586447360.000,14.230,14.230,2.000,0.030,2.810,0.000
2026-09-29T07:58:00Z,,,924.000,7586447360.000,8.630,8.630,2.000,0.010,3.647,0.000
2026-09-29T07:59:00Z,1.502,2.500,924.000,7585398784.000,11.040,11.040,1.000,0.010,2.248,0.000
2026-09-29T08:00:00Z,1.485,2.510,924.000,7586447360.000,11.990,11.990,2.000,0.010,2.870,0.000
2026-09-29T08:01:00Z,1.790,2.850,924.000,7585398784.000,26.300,26.300,2.000,0.050,3.090,0.000
2026-09-29T08:02:00Z,1.695,2.740,924.000,7585398784.000,32.530,32.530,6.000,0.060,6.673,0.000
2026-09-29T08:03:00Z,1.755,2.780,924.000,7584350208.000,34.520,34.520,5.000,0.060,8.465,0.000
2026-09-29T08:04:00Z,1.635,2.670,924.000,7583301632.000,30.820,30.820,6.000,0.060,8.720,0.000
2026-09-29T08:05:00Z,1.600,2.590,924.000,7583301632.000,21.380,21.380,4.000,0.040,7.820,0.000
2026-09-29T08:06:00Z,1.525,2.520,924.000,7583301632.000,19.490,19.490,3.000,0.030,5.440,0.000
2026-09-29T08:07:00Z,1.730,2.830,924.000,7584350208.000,26.920,26.920,4.000,1.190,5.896,0.000
2026-09-29T08:08:00Z,1.615,2.640,,7586447360.000,30.140,30.140,4.000,0.220,,0.000
2026-09-29T08:09:00Z,1.590,2.680,924.000,7586447360.000,17.300,17.300,3.000,0.020,7.782,0.000
2026-09-29T08:10:00Z,1.510,2.550,924.000,7586447360.000,12.990,12.990,2.000,0.020,4.445,0.000
2026-09-29T08:11:00Z,1.590,2.630,924.000,7585398784.000,15.010,15.010,2.000,0.020,3.340,0.000
2026-09-29T08:12:00Z,1.590,2.660,924.000,7585398784.000,16.420,16.420,3.000,0.030,3.842,0.000
2026-09-29T08:13:00Z,,,924.000,7585398784.000,14.080,14.080,2.000,0.020,4.433,0.000
2026-09-29T08:14:00Z,1.610,2.670,924.000,7585398784.000,21.590,21.590,3.000,0.050,4.566,0.000
2026-09-29T08:15:00Z,,,,7585398784.000,19.730,19.730,3.000,0.030,,0.000
2026-09-29T08:16:00Z,1.580,2.640,924.000,7585398784.000,19.640,19.640,3.000,0.030,5.022,0.000
2026-09-29T08:17:00Z,1.545,2.580,924.000,7586447360.000,21.620,21.620,4.000,0.030,5.000,0.000
2026-09-29T08:18:00Z,1.615,2.620,924.000,7586447360.000,10.580,10.580,2.000,0.020,5.503,0.000
2026-09-29T08:19:00Z,1.675,2.790,924.000,7585398784.000,28.430,28.430,4.000,0.050,2.743,0.000
2026-09-29T08:20:00Z,1.650,2.610,924.000,7585398784.000,25.160,25.160,3.000,0.100,7.397,0.000
2026-09-29T08:21:00Z,1.585,2.560,924.000,7586447360.000,17.540,17.540,4.000,0.030,6.388,0.000
2026-09-29T08:22:00Z,1.715,2.640,924.000,7585398784.000,32.160,32.160,3.000,0.060,4.478,0.000
2026-09-29T08:23:00Z,1.635,2.640,924.000,,29.210,29.210,6.000,0.050,8.350,0.000
2026-09-29T08:24:00Z,1.640,2.630,924.000,7585398784.000,33.890,33.890,4.000,0.070,7.405,0.000
2026-09-29T08:25:00Z,1.660,2.710,924.000,7585398784.000,24.070,24.070,5.000,0.040,8.588,0.000
2026-09-29T08:26:00Z,,,924.000,,18.060,18.060,4.000,0.030,6.120,0.000
2026-09-29T08:27:00Z,1.562,2.580,924.000,7585398784.000,23.890,23.890,4.000,0.040,4.605,0.000
2026-09-29T08:28:00Z,1.595,2.540,924.000,,16.330,16.330,2.000,0.020,6.043,0.000
2026-09-29T08:29:00Z,1.560,2.570,924.000,7585398784.000,21.820,21.820,3.000,0.030,4.173,0.000
2026-09-29T08:30:00Z,1.540,2.470,924.000,7585398784.000,18.190,18.190,3.000,0.030,5.572,0.000
2026-09-29T08:31:00Z,1.670,2.730,924.000,7585398784.000,24.740,24.740,4.000,0.040,4.640,0.000
2026-09-29T08:32:00Z,1.560,2.550,924.000,7585398784.000,24.700,24.700,4.000,0.040,6.282,0.000
2026-09-29T08:33:00Z,1.565,2.590,924.000,7585398784.000,12.660,12.660,3.000,0.020,4.883,0.000
2026-09-29T08:34:00Z,1.605,2.660,,7586447360.000,22.460,22.460,3.000,0.070,,0.000
2026-09-29T08:35:00Z,,,924.000,,19.060,19.060,3.000,0.030,5.705,0.000
2026-09-29T08:36:00Z,1.595,2.740,924.000,7585398784.000,17.780,17.780,3.000,0.030,4.893,0.000
2026-09-29T08:37:00Z,1.495,2.440,,7585398784.000,9.680,9.680,2.000,0.010,,0.000
2026-09-29T08:38:00Z,1.520,2.530,924.000,7584350208.000,13.890,13.890,2.000,0.020,2.560,0.000
2026-09-29T08:39:00Z,1.500,2.500,924.000,7584350208.000,10.950,10.950,2.000,0.010,3.728,0.000
2026-09-29T08:40:00Z,1.645,2.670,924.000,7584350208.000,19.260,19.260,2.000,0.030,2.848,0.000
2026-09-29T08:41:00Z,1.630,2.700,924.000,7584350208.000,19.390,19.390,4.000,0.030,4.918,0.000
2026-09-29T08:42:00Z,1.525,2.500,924.000,7584350208.000,18.310,18.310,3.000,0.030,4.952,0.000
2026-09-29T08:43:00Z,,,924.000,,15.680,15.680,3.000,0.020,4.900,0.000
2026-09-29T08:44:00Z,1.525,2.650,924.000,7584350208.000,12.090,12.090,1.000,0.020,4.035,0.000
2026-09-29T08:45:00Z,1.560,2.500,924.000,7584350208.000,19.200,19.200,2.000,0.040,3.107,0.000
2026-09-29T08:46:00Z,1.570,2.540,924.000,7584350208.000,26.530,26.530,4.000,0.100,4.895,0.000
2026-09-29T08:47:00Z,1.495,2.510,924.000,7585398784.000,15.960,15.960,4.000,0.020,6.730,0.000
2026-09-29T08:48:00Z,1.615,2.710,924.000,7584350208.000,23.840,23.840,3.000,0.160,4.080,0.000
2026-09-29T08:49:00Z,1.570,2.680,924.000,7584350208.000,7.730,7.730,1.000,0.010,6.062,0.000
2026-09-29T08:50:00Z,2.400,2.630,924.000,7584350208.000,14.810,14.810,2.000,0.020,2.060,0.000
2026-09-29T08:51:00Z,,,924.000,,15.940,15.940,2.000,0.030,3.810,0.000
2026-09-29T08:52:00Z,1.623,2.680,924.000,7584350208.000,21.970,21.970,4.000,0.030,4.438,0.000
2026-09-29T08:53:00Z,2.640,2.640,924.000,,26.910,26.910,4.000,0.040,5.853,0.000
2026-09-29T08:54:00Z,0.600,0.600,924.000,7584350208.000,19.140,19.140,4.000,0.030,6.843,0.000
2026-09-29T08:55:00Z,1.585,2.640,924.000,7584350208.000,21.130,21.130,3.000,0.040,4.878,0.000
2026-09-29T08:56:00Z,1.560,2.550,924.000,7585398784.000,19.270,19.270,2.000,0.030,5.378,0.000
2026-09-29T08:57:00Z,1.530,2.580,924.000,7585398784.000,13.830,13.830,3.000,0.020,4.902,0.000
2026-09-29T08:58:00Z,1.545,2.550,924.000,7585398784.000,12.380,12.380,1.000,0.020,3.547,0.000
2026-09-29T08:59:00Z,1.565,2.600,924.000,7585398784.000,18.060,18.060,3.000,0.040,3.205,0.000
2026-09-29T09:00:00Z,1.595,2.570,924.000,7585398784.000,14.140,14.140,2.000,0.020,4.607,0.000
2026-09-29T09:01:00Z,1.780,2.890,924.000,7585398784.000,28.010,28.010,4.000,0.050,3.625,0.000
2026-09-29T09:02:00Z,1.825,3.000,924.000,7585398784.000,52.700,52.700,8.000,0.200,7.088,0.000
2026-09-29T09:03:00Z,1.810,2.950,924.000,7585398784.000,21.610,21.610,4.000,0.040,9.518,0.000
2026-09-29T09:04:00Z,1.870,3.100,,7584350208.000,31.370,31.370,5.000,0.060,,0.000
2026-09-29T09:05:00Z,1.600,2.670,924.000,7584350208.000,19.030,19.030,4.000,0.030,7.957,0.000
2026-09-29T09:06:00Z,1.580,2.560,924.000,7584350208.000,14.850,14.850,2.000,0.020,5.048,0.000
2026-09-29T09:07:00Z,1.595,2.660,924.000,7585398784.000,11.630,11.630,2.000,0.010,3.808,0.000
2026-09-29T09:08:00Z,2.580,2.580,924.000,7585398784.000,18.220,18.220,2.000,0.030,3.025,0.000
2026-09-29T09:09:00Z,1.190,2.440,924.000,7585398784.000,10.430,10.430,3.000,0.010,4.808,0.000
2026-09-29T09:10:00Z,1.460,2.460,924.000,7585398784.000,7.050,7.050,1.000,0.010,2.275,0.000
2026-09-29T09:11:00Z,1.565,2.570,,7585398784.000,12.510,12.510,1.000,0.020,,0.000
2026-09-29T09:12:00Z,1.495,2.480,924.000,7585398784.000,10.230,10.230,2.000,0.010,3.212,0.000
2026-09-29T09:13:00Z,1.615,2.700,924.000,7584350208.000,11.850,11.850,1.000,0.060,2.885,0.000
2026-09-29T09:14:00Z,,,924.000,,17.140,17.140,2.000,0.040,3.058,0.000
2026-09-29T09:15:00Z,1.593,2.650,924.000,7584350208.000,15.110,15.110,3.000,0.050,4.135,0.000
2026-09-29T09:16:00Z,,,,,15.830,15.830,2.000,0.030,,0.000
2026-09-29T09:17:00Z,1.607,2.610,924.000,7585398784.000,21.380,21.380,3.000,0.030,4.053,0.000
2026-09-29T09:18:00Z,1.535,2.620,924.000,7585398784.000,17.220,17.220,4.000,0.030,5.553,0.000
2026-09-29T09:19:00Z,,,924.000,,6.930,6.930,1.000,0.010,4.397,0.000
2026-09-29T09:20:00Z,1.530,2.630,924.000,7585398784.000,16.340,16.340,2.000,0.030,2.025,0.000
2026-09-29T09:21:00Z,1.625,2.670,924.000,7584350208.000,15.860,15.860,2.000,0.020,4.134,0.000
2026-09-29T09:22:00Z,1.495,2.490,,7584350208.000,9.510,9.510,2.000,0.010,,0.000
2026-09-29T09:23:00Z,1.555,2.620,924.000,7584350208.000,13.910,13.910,2.000,0.030,2.683,0.000
2026-09-29T09:24:00Z,1.570,2.500,924.000,7583301632.000,21.260,21.260,1.000,0.040,3.575,0.000
2026-09-29T09:25:00Z,1.645,2.700,924.000,7583301632.000,16.780,16.780,4.000,0.020,5.435,0.000
2026-09-29T09:26:00Z,1.550,2.560,924.000,7583301632.000,13.980,13.980,3.000,0.020,4.293,0.000
2026-09-29T09:27:00Z,1.590,2.620,924.000,7583301632.000,20.230,20.230,3.000,0.070,3.598,0.000
2026-09-29T09:28:00Z,1.520,2.590,924.000,7584350208.000,12.460,12.460,2.000,0.020,5.165,0.000
2026-09-29T09:29:00Z,1.480,2.460,924.000,7584350208.000,10.500,10.500,1.000,0.010,3.225,0.000
2026-09-29T09:30:00Z,1.485,2.470,924.000,7584350208.000,9.080,9.080,1.000,0.010,2.732,0.000
2026-09-29T09:31:00Z,1.695,2.710,924.000,7583301632.000,16.590,16.590,2.000,0.020,2.360,0.000
2026-09-29T09:32:00Z,1.620,2.630,924.000,7583301632.000,28.240,28.240,4.000,0.050,4.237,0.000
2026-09-29T09:33:00Z,1.625,2.690,924.000,7583301632.000,19.030,19.030,3.000,0.030,7.365,0.000
2026-09-29T09:34:00Z,1.555,2.550,924.000,7583301632.000,18.110,18.110,3.000,0.030,4.848,0.000
2026-09-29T09:35:00Z,1.545,2.610,924.000,7583301632.000,14.190,14.190,3.000,0.020,4.633,0.000
2026-09-29T09:36:00Z,1.505,2.500,924.000,7583301632.000,13.680,13.680,2.000,0.020,3.775,0.000
2026-09-29T09:37:00Z,1.550,2.600,924.000,7583301632.000,14.760,14.760,2.000,0.020,3.547,0.000
2026-09-29T09:38:00Z,1.550,2.630,924.000,7583301632.000,14.010,14.010,2.000,0.020,3.817,0.000
2026-09-29T09:39:00Z,1.470,2.480,924.000,7584350208.000,8.480,8.480,1.000,0.010,3.800,0.000
2026-09-29T09:40:00Z,1.555,2.580,924.000,7583301632.000,13.130,13.130,2.000,0.020,2.205,0.000
2026-09-29T09:41:00Z,1.565,2.620,924.000,7584350208.000,17.630,17.630,3.000,0.040,3.373,0.000
2026-09-29T09:42:00Z,2.660,2.660,924.000,7584350208.000,16.820,16.820,2.000,0.030,4.497,0.000
2026-09-29T09:43:00Z,1.203,2.550,924.000,7584350208.000,11.310,11.310,2.000,0.010,4.535,0.000
2026-09-29T09:44:00Z,1.665,2.750,924.000,7584350208.000,23.210,23.210,2.000,0.040,2.935,0.000
2026-09-29T09:45:00Z,1.740,2.890,924.000,7584350208.000,27.150,27.150,5.000,0.040,5.920,0.000
2026-09-29T09:46:00Z,1.625,2.670,924.000,7584350208.000,25.870,25.870,4.000,0.050,6.885,0.000
2026-09-29T09:47:00Z,1.590,2.630,924.000,7584350208.000,18.640,18.640,4.000,0.030,6.553,0.000
2026-09-29T09:48:00Z,1.530,2.540,924.000,7584350208.000,11.280,11.280,2.000,0.010,4.750,0.000
2026-09-29T09:49:00Z,1.920,3.210,924.000,7581204480.000,60.170,60.170,7.000,3.070,2.910,0.000
2026-09-29T09:50:00Z,,,924.000,,22.240,22.240,5.000,0.470,15.152,0.000
2026-09-29T09:51:00Z,2.072,3.410,924.000,7565475840.000,24.230,24.230,3.000,0.060,5.670,0.000
2026-09-29T09:52:00Z,,,924.000,7583301632.000,21.590,21.590,5.000,0.030,6.487,0.000
2026-09-29T09:53:00Z,1.627,2.730,924.000,7583301632.000,26.320,26.320,3.000,0.050,5.750,0.000
2026-09-29T09:54:00Z,,,924.000,7582253056.000,18.800,18.800,4.000,0.030,6.665,0.000
2026-09-29T09:55:00Z,1.742,3.040,924.000,7582253056.000,49.350,49.350,4.000,0.090,4.810,0.000
2026-09-29T09:56:00Z,1.690,2.620,924.000,7583301632.000,25.300,25.300,8.000,0.230,12.432,0.000
2026-09-29T09:57:00Z,1.780,2.950,924.000,7581204480.000,48.970,48.970,9.000,0.990,6.420,0.000
2026-09-29T09:58:00Z,1.590,2.620,924.000,7581204480.000,21.280,21.280,4.000,0.090,8.875,0.000
2026-09-29T09:59:00Z,1.605,2.610,,7581204480.000,21.210,21.210,2.000,0.030,,0.000
2026-09-29T10:00:00Z,1.620,2.710,924.000,7581204480.000,19.780,19.780,4.000,0.030,5.410,0.000
2026-09-29T10:01:00Z,1.720,2.820,924.000,,13.710,13.710,2.000,0.020,5.048,0.000
2026-09-29T10:02:00Z,1.605,2.670,924.000,7581204480.000,21.820,21.820,3.000,0.050,3.530,0.000
2026-09-29T10:03:00Z,1.615,2.600,924.000,7582253056.000,20.220,20.220,3.000,0.030,5.758,0.000
2026-09-29T10:04:00Z,1.555,2.600,924.000,7581204480.000,21.540,21.540,4.000,0.080,5.195,0.000
2026-09-29T10:05:00Z,1.665,2.780,924.000,7581204480.000,19.360,19.360,2.000,0.030,5.478,0.000
2026-09-29T10:06:00Z,,,924.000,7582253056.000,13.740,13.740,3.000,0.020,4.930,0.000
2026-09-29T10:07:00Z,1.625,2.770,924.000,7582253056.000,20.460,20.460,3.000,0.030,3.527,0.000
2026-09-29T10:08:00Z,1.615,2.680,924.000,7582253056.000,18.370,18.370,3.000,0.030,5.207,0.000
2026-09-29T10:09:00Z,1.565,2.540,924.000,7582253056.000,12.530,12.530,2.000,0.020,4.845,0.000
2026-09-29T10:10:00Z,1.625,2.620,924.000,7582253056.000,20.750,20.750,3.000,0.180,4.266,0.000
2026-09-29T10:11:00Z,1.765,2.910,,7581204480.000,28.750,28.750,4.000,0.060,,0.000
2026-09-29T10:12:00Z,1.625,2.680,924.000,7582253056.000,24.200,24.200,4.000,0.040,7.290,0.000
2026-09-29T10:13:00Z,1.525,2.550,924.000,7582253056.000,10.330,10.330,3.000,0.010,6.360,0.000
2026-09-29T10:14:00Z,,,924.000,,17.580,17.580,1.000,0.030,2.675,0.000
2026-09-29T10:15:00Z,1.587,2.710,924.000,7582253056.000,12.250,12.250,3.000,0.020,4.505,0.000
2026-09-29T10:16:00Z,1.665,2.640,924.000,7582253056.000,19.140,19.140,2.000,0.030,3.158,0.000
2026-09-29T10:17:00Z,1.585,2.640,924.000,7582253056.000,19.280,19.280,4.000,0.030,4.878,0.000
2026-09-29T10:18:00Z,1.650,2.670,924.000,7582253056.000,20.380,20.380,3.000,0.040,4.923,0.000
2026-09-29T10:19:00Z,1.565,2.590,924.000,7582253056.000,13.190,13.190,3.000,0.020,5.210,0.000
2026-09-29T10:20:00Z,1.585,2.650,924.000,7581204480.000,15.740,15.740,2.000,0.020,3.590,0.000
2026-09-29T10:21:00Z,1.540,2.610,924.000,7580155904.000,10.750,10.750,2.000,0.020,4.032,0.000
2026-09-29T10:22:00Z,1.535,2.570,924.000,7580155904.000,9.630,9.630,1.000,0.010,2.783,0.000
2026-09-29T10:23:00Z,1.595,2.580,924.000,7580155904.000,20.730,20.730,2.000,0.320,2.728,0.000
2026-09-29T10:24:00Z,1.500,2.540,924.000,7580155904.000,8.380,8.380,3.000,0.010,5.277,0.000
2026-09-29T10:25:00Z,1.485,2.520,924.000,7580155904.000,7.290,7.290,1.000,0.010,2.210,0.000
2026-09-29T10:26:00Z,1.515,2.480,924.000,7580155904.000,9.990,9.990,1.000,0.010,1.920,0.000
2026-09-29T10:27:00Z,1.600,2.590,924.000,7580155904.000,15.310,15.310,3.000,0.020,2.595,0.000
2026-09-29T10:28:00Z,1.505,2.540,924.000,7580155904.000,18.610,18.610,3.000,0.260,3.920,0.000
2026-09-29T10:29:00Z,1.470,2.490,924.000,7580155904.000,5.480,5.480,1.000,0.000,4.742,0.000
2026-09-29T10:30:00Z,1.530,2.450,924.000,7581204480.000,13.260,13.260,1.000,0.020,1.485,0.000
2026-09-29T10:31:00Z,1.615,2.620,924.000,7580155904.000,17.780,17.780,2.000,0.030,3.405,0.000
2026-09-29T10:32:00Z,1.545,2.540,924.000,7581204480.000,18.570,18.570,4.000,0.030,4.754,0.000
2026-09-29T10:33:00Z,1.940,2.910,,7581204480.000,12.880,12.880,2.000,0.020,,0.000
2026-09-29T10:34:00Z,1.770,2.980,924.000,7581204480.000,50.800,50.800,9.000,3.140,3.315,0.000
2026-09-29T10:35:00Z,1.540,2.590,924.000,7581204480.000,9.710,9.710,2.000,0.010,12.815,0.000
2026-09-29T10:36:00Z,1.580,2.570,924.000,7581204480.000,9.940,9.940,1.000,0.010,2.705,0.000
2026-09-29T10:37:00Z,1.530,2.570,924.000,7581204480.000,12.660,12.660,2.000,0.020,2.567,0.000
2026-09-29T10:38:00Z,1.640,2.720,924.000,7581204480.000,10.680,10.680,1.000,0.020,3.109,0.000
2026-09-29T10:39:00Z,1.675,2.840,,7581204480.000,13.710,13.710,2.000,0.020,,0.000
2026-09-29T10:40:00Z,,,924.000,,12.290,12.290,2.000,0.020,3.547,0.000
2026-09-29T10:41:00Z,1.605,2.700,924.000,7581204480.000,13.840,13.840,2.000,0.020,3.170,0.000
2026-09-29T10:42:00Z,1.480,2.500,924.000,7581204480.000,7.160,7.160,1.000,0.010,3.550,0.000
2026-09-29T10:43:00Z,1.500,2.550,924.000,7581204480.000,6.810,6.810,0.000,0.010,1.950,0.000
2026-09-29T10:44:00Z,1.475,2.520,,7581204480.000,4.380,4.380,1.000,0.000,,0.000
2026-09-29T10:45:00Z,,,924.000,7581204480.000,4.790,4.790,0.000,0.000,1.210,0.000
2026-09-29T10:46:00Z,1.532,2.600,924.000,7581204480.000,10.570,10.570,0.000,0.010,1.290,0.000
2026-09-29T10:47:00Z,1.585,2.630,924.000,7581204480.000,18.640,18.640,3.000,0.030,2.732,0.000
2026-09-29T10:48:00Z,,,924.000,,13.480,13.480,2.000,0.020,4.753,0.000
2026-09-29T10:49:00Z,1.637,2.750,924.000,7581204480.000,19.370,19.370,2.000,0.030,3.465,0.000
2026-09-29T10:50:00Z,1.565,2.560,924.000,,12.510,12.510,3.000,0.020,4.957,0.000
2026-09-29T10:51:00Z,,,924.000,7558135808.000,31.100,31.100,3.000,0.410,3.225,0.000
2026-09-29T10:52:00Z,2.005,4.460,924.000,7582253056.000,13.970,13.970,4.000,0.020,8.295,0.000
2026-09-29T10:53:00Z,,,924.000,,17.210,17.210,2.000,0.030,3.640,0.000
2026-09-29T10:54:00Z,1.585,2.650,924.000,7582253056.000,19.020,19.020,3.000,0.030,4.430,0.000
2026-09-29T10:55:00Z,1.605,2.670,924.000,7582253056.000,22.270,22.270,3.000,0.060,5.268,0.000
2026-09-29T10:56:00Z,1.690,2.610,,7578058752.000,32.190,32.190,3.000,0.190,,0.000
2026-09-29T10:57:00Z,1.715,2.650,924.000,7578058752.000,27.670,27.670,5.000,0.070,8.145,0.000
2026-09-29T10:58:00Z,1.670,2.670,924.000,,32.270,32.270,6.000,0.100,7.015,0.000
2026-09-29T10:59:00Z,1.615,2.620,924.000,7578058752.000,30.990,30.990,4.000,0.110,8.158,0.000
2026-09-29T11:00:00Z,1.710,2.910,924.000,7574913024.000,22.520,22.520,4.000,0.070,6.893,0.000
2026-09-29T11:01:00Z,,,,,49.220,49.220,5.000,0.110,,0.000
2026-09-29T11:02:00Z,1.883,3.110,924.000,7573864448.000,41.930,41.930,9.000,0.090,12.398,0.000
2026-09-29T11:03:00Z,1.735,2.790,924.000,7573864448.000,24.810,24.810,5.000,0.050,10.810,0.000
2026-09-29T11:04:00Z,1.625,2.630,924.000,,26.320,26.320,4.000,0.050,6.312,0.000
2026-09-29T11:05:00Z,1.990,3.230,924.000,7573864448.000,52.760,52.760,7.000,0.260,6.673,0.000
2026-09-29T11:06:00Z,1.690,2.750,924.000,7574913024.000,35.370,35.370,8.000,0.080,13.285,0.000
2026-09-29T11:07:00Z,1.675,2.690,924.000,7574913024.000,32.930,32.930,4.000,0.130,8.928,0.000
2026-09-29T11:08:00Z,1.635,2.690,924.000,7573864448.000,23.730,23.730,4.000,0.040,8.315,0.000
2026-09-29T11:09:00Z,1.600,2.610,924.000,7573864448.000,22.140,22.140,4.000,0.040,6.180,0.000
2026-09-29T11:10:00Z,1.770,2.750,924.000,7573864448.000,36.280,36.280,4.000,0.160,5.665,0.000
2026-09-29T11:11:00Z,1.670,2.720,924.000,7573864448.000,21.540,21.540,6.000,0.040,7.324,0.000
2026-09-29T11:12:00Z,1.625,2.690,,7573864448.000,22.670,22.670,4.000,0.040,,0.000
2026-09-29T11:13:00Z,1.725,2.850,924.000,7573864448.000,20.510,20.510,3.000,0.040,5.982,0.000
2026-09-29T11:14:00Z,1.690,2.700,924.000,7574913024.000,20.060,20.060,3.000,0.030,5.223,0.000
2026-09-29T11:15:00Z,1.835,3.110,924.000,7574913024.000,22.790,22.790,4.000,0.040,5.130,0.000
2026-09-29T11:16:00Z,,,924.000,7574913024.000,28.910,28.910,4.000,0.080,5.790,0.000
2026-09-29T11:17:00Z,1.715,2.810,924.000,7574913024.000,28.430,28.430,6.000,0.050,7.258,0.000
2026-09-29T11:18:00Z,1.605,2.650,,7574913024.000,19.730,19.730,3.000,0.030,,0.000
2026-09-29T11:19:00Z,1.645,2.540,924.000,7574913024.000,18.960,18.960,3.000,0.050,5.048,0.000
2026-09-29T11:20:00Z,1.815,2.870,924.000,,54.730,54.730,7.000,0.170,5.015,0.000
2026-09-29T11:21:00Z,1.715,2.840,924.000,7573864448.000,32.190,32.190,8.000,0.450,13.793,0.000
2026-09-29T11:22:00Z,1.690,2.700,924.000,7573864448.000,24.630,24.630,4.000,0.220,8.152,0.000
2026-09-29T11:23:00Z,1.595,2.620,924.000,7573864448.000,21.350,21.350,4.000,0.040,6.468,0.000
2026-09-29T11:24:00Z,1.585,2.610,924.000,7573864448.000,12.950,12.950,2.000,0.020,5.440,0.000
2026-09-29T11:25:00Z,1.695,2.790,924.000,7573864448.000,18.170,18.170,2.000,0.030,3.348,0.000
2026-09-29T11:26:00Z,1.635,2.650,924.000,7573864448.000,17.430,17.430,3.000,0.030,4.645,0.000
2026-09-29T11:27:00Z,1.575,2.540,924.000,7573864448.000,16.990,16.990,3.000,0.030,4.460,0.000
2026-09-29T11:28:00Z,1.595,2.610,924.000,7573864448.000,20.030,20.030,3.000,0.030,4.345,0.000
2026-09-29T11:29:00Z,1.640,2.690,924.000,7573864448.000,22.790,22.790,3.000,0.110,5.456,0.000
2026-09-29T11:30:00Z,1.600,2.670,,7573864448.000,17.630,17.630,3.000,0.030,,0.000
2026-09-29T11:31:00Z,1.645,2.740,924.000,7573864448.000,18.860,18.860,3.000,0.040,4.497,0.000
2026-09-29T11:32:00Z,1.550,2.570,924.000,,12.760,12.760,2.000,0.020,4.817,0.000
2026-09-29T11:33:00Z,1.665,2.660,924.000,7573864448.000,22.480,22.480,2.000,0.040,3.482,0.000
2026-09-29T11:34:00Z,1.615,2.640,924.000,7571767296.000,24.080,24.080,4.000,0.060,5.747,0.000
2026-09-29T11:35:00Z,1.735,2.900,924.000,7571767296.000,42.100,42.100,6.000,0.130,6.122,0.000
2026-09-29T11:36:00Z,1.705,2.730,924.000,7571767296.000,23.620,23.620,4.000,0.080,10.785,0.000
2026-09-29T11:37:00Z,1.635,2.720,924.000,7572815872.000,19.970,19.970,4.000,0.030,6.008,0.000
2026-09-29T11:38:00Z,,,924.000,,13.360,13.360,2.000,0.020,5.110,0.000
2026-09-29T11:39:00Z,1.580,2.610,924.000,7572815872.000,19.940,19.940,3.000,0.040,3.585,0.000
2026-09-29T11:40:00Z,1.525,2.560,924.000,7572815872.000,13.190,13.190,1.000,0.020,4.245,0.000
2026-09-29T11:41:00Z,1.610,2.670,,7570718720.000,12.060,12.060,2.000,0.020,,0.000
2026-09-29T11:42:00Z,1.655,2.680,924.000,7570718720.000,24.290,24.290,3.000,0.040,3.105,0.000
2026-09-29T11:43:00Z,1.610,2.660,924.000,7570718720.000,22.990,22.990,4.000,0.050,6.383,0.000
2026-09-29T11:44:00Z,1.705,2.720,924.000,7570718720.000,26.520,26.520,3.000,0.070,5.853,0.000
2026-09-29T11:45:00Z,1.600,2.730,924.000,7571767296.000,16.230,16.230,5.000,0.020,5.446,0.000
2026-09-29T11:46:00Z,1.650,2.680,,7570718720.000,20.760,20.760,2.000,0.040,,0.000
2026-09-29T11:47:00Z,1.595,2.590,924.000,7570718720.000,22.070,22.070,4.000,0.040,5.280,0.000
2026-09-29T11:48:00Z,1.640,2.720,924.000,7570718720.000,23.120,23.120,3.000,0.040,5.603,0.000
2026-09-29T11:49:00Z,1.605,2.620,924.000,7570718720.000,16.930,16.930,3.000,0.030,5.895,0.000
2026-09-29T11:50:00Z,2.345,2.690,924.000,7565475840.000,24.560,24.560,3.000,0.700,4.335,0.000
2026-09-29T11:51:00Z,3.540,4.150,924.000,7570718720.000,219.410,219.410,32.000,14.970,6.225,0.000
2026-09-29T11:52:00Z,2.130,3.350,924.000,7570718720.000,98.180,98.180,20.000,1.070,54.955,0.000
2026-09-29T11:53:00Z,1.860,2.820,924.000,7571767296.000,37.510,37.510,10.000,0.070,25.060,0.000
2026-09-29T11:54:00Z,1.835,2.780,924.000,7570718720.000,50.200,50.200,7.000,0.130,9.512,0.000
2026-09-29T11:55:00Z,1.695,2.750,924.000,7570718720.000,32.160,32.160,7.000,0.080,12.855,0.000
2026-09-29T11:56:00Z,1.760,2.740,924.000,7570718720.000,36.530,36.530,4.000,0.130,8.150,0.000
2026-09-29T11:57:00Z,1.650,2.720,924.000,7570718720.000,30.590,30.590,7.000,0.110,9.225,0.000
2026-09-29T11:58:00Z,1.750,2.730,924.000,7570718720.000,18.560,18.560,3.000,0.030,7.740,0.000
2026-09-29T11:59:00Z,1.730,2.790,924.000,7570718720.000,31.130,31.130,6.000,0.050,6.311,0.000
2026-09-29T12:00:00Z,1.625,2.630,,7570718720.000,21.810,21.810,3.000,0.040,,0.000
2026-09-29T12:01:00Z,1.720,2.780,924.000,7570718720.000,30.380,30.380,3.000,0.070,6.625,0.000
2026-09-29T12:02:00Z,1.835,2.840,,7570718720.000,39.690,39.690,6.000,0.090,,0.000
2026-09-29T12:03:00Z,1.760,2.870,924.000,7570718720.000,38.720,38.720,8.000,0.070,10.225,0.000
2026-09-29T12:04:00Z,1.710,2.640,924.000,7570718720.000,32.470,32.470,4.000,0.070,9.795,0.000
2026-09-29T12:05:00Z,1.745,2.680,924.000,7570718720.000,31.840,31.840,5.000,0.090,8.203,0.000
2026-09-29T12:06:00Z,1.825,2.930,924.000,7570718720.000,31.440,31.440,6.000,0.070,8.070,0.000
2026-09-29T12:07:00Z,1.680,2.780,924.000,7570718720.000,25.610,25.610,5.000,0.050,7.963,0.000
2026-09-29T12:08:00Z,1.690,2.740,924.000,7571767296.000,14.640,14.640,3.000,0.020,6.500,0.000
2026-09-29T12:09:00Z,1.775,2.950,924.000,7571767296.000,24.650,24.650,4.000,0.200,3.890,0.000
2026-09-29T12:10:00Z,1.675,2.730,924.000,7570718720.000,18.720,18.720,2.000,0.040,5.520,0.000
2026-09-29T12:11:00Z,1.675,2.840,,7570718720.000,16.210,16.210,3.000,0.090,,0.000
2026-09-29T12:12:00Z,1.625,2.610,924.000,7570718720.000,18.400,18.400,2.000,0.030,4.138,0.000
2026-09-29T12:13:00Z,1.615,2.660,924.000,7570718720.000,24.230,24.230,4.000,0.050,4.920,0.000
2026-09-29T12:14:00Z,1.555,2.570,924.000,7570718720.000,17.770,17.770,3.000,0.030,6.185,0.000
2026-09-29T12:15:00Z,1.780,2.980,924.000,7569670144.000,43.860,43.860,6.000,0.360,4.545,0.000
2026-09-29T12:16:00Z,1.875,2.650,924.000,7570718720.000,50.410,50.410,4.000,0.690,11.871,0.000
2026-09-29T12:17:00Z,1.725,2.730,,7569670144.000,40.150,40.150,11.000,0.090,,0.000
2026-09-29T12:18:00Z,,,924.000,7568621568.000,32.220,32.220,5.000,0.310,10.140,0.000
2026-09-29T12:19:00Z,1.685,2.850,924.000,7569670144.000,24.920,24.920,4.000,0.050,8.152,0.000
2026-09-29T12:20:00Z,1.685,2.640,924.000,7570718720.000,23.280,23.280,4.000,0.050,6.515,0.000
2026-09-29T12:21:00Z,1.760,2.810,924.000,7568621568.000,38.120,38.120,5.000,0.080,5.928,0.000
2026-09-29T12:22:00Z,2.890,2.890,924.000,7569670144.000,39.460,39.460,6.000,0.100,9.633,0.000
2026-09-29T12:23:00Z,1.423,2.870,924.000,7569670144.000,37.260,37.260,6.000,0.100,10.170,0.000
2026-09-29T12:24:00Z,1.675,2.730,924.000,7569670144.000,13.210,13.210,4.000,0.020,9.405,0.000
2026-09-29T12:25:00Z,1.670,2.670,924.000,7567572992.000,29.010,29.010,3.000,0.060,3.413,0.000
2026-09-29T12:26:00Z,1.685,2.650,924.000,7567572992.000,19.550,19.550,4.000,0.030,6.170,0.000
2026-09-29T12:27:00Z,1.795,2.720,,7566524416.000,28.120,28.120,3.000,0.070,,0.000
2026-09-29T12:28:00Z,1.890,3.170,924.000,7564427264.000,74.440,74.440,12.000,3.320,7.360,0.000
2026-09-29T12:29:00Z,1.770,2.890,924.000,,35.220,35.220,8.000,0.070,18.725,0.000
2026-09-29T12:30:00Z,1.645,2.660,924.000,7564427264.000,21.580,21.580,4.000,0.040,8.898,0.000
2026-09-29T12:31:00Z,1.835,2.870,924.000,7564427264.000,33.650,33.650,4.000,0.070,5.497,0.000
2026-09-29T12:32:00Z,1.725,2.770,924.000,7565475840.000,36.050,36.050,6.000,0.070,8.515,0.000
2026-09-29T12:33:00Z,1.705,2.650,924.000,7564427264.000,24.430,24.430,4.000,0.070,9.335,0.000
2026-09-29T12:34:00Z,,,924.000,7564427264.000,40.940,40.940,7.000,0.130,6.197,0.000
2026-09-29T12:35:00Z,1.718,2.870,924.000,7564427264.000,22.120,22.120,5.000,0.050,10.352,0.000
2026-09-29T12:36:00Z,,,924.000,7564427264.000,27.480,27.480,3.000,0.060,5.633,0.000
2026-09-29T12:37:00Z,1.625,2.640,924.000,7564427264.000,19.640,19.640,4.000,0.040,7.130,0.000
2026-09-29T12:38:00Z,1.700,2.760,924.000,7564427264.000,24.030,24.030,4.000,0.040,5.008,0.000
2026-09-29T12:39:00Z,1.670,2.650,924.000,7564427264.000,27.640,27.640,4.000,0.050,6.293,0.000
2026-09-29T12:40:00Z,1.620,2.630,924.000,7564427264.000,25.790,25.790,5.000,0.050,7.032,0.000
2026-09-29T12:41:00Z,1.695,2.770,924.000,7564427264.000,30.740,30.740,5.000,0.070,6.545,0.000
2026-09-29T12:42:00Z,1.695,2.740,924.000,7565475840.000,35.140,35.140,5.000,0.420,7.795,0.000
2026-09-29T12:43:00Z,1.575,2.600,924.000,7565475840.000,15.600,15.600,4.000,0.020,9.090,0.000
2026-09-29T12:44:00Z,1.650,2.720,924.000,7565475840.000,20.840,20.840,2.000,0.040,3.990,0.000
2026-09-29T12:45:00Z,1.775,2.740,924.000,7566524416.000,26.020,26.020,4.000,0.050,5.315,0.000
2026-09-29T12:46:00Z,1.700,2.790,924.000,7566524416.000,33.320,33.320,6.000,0.060,6.577,0.000
2026-09-29T12:47:00Z,1.625,2.610,924.000,7567572992.000,24.890,24.890,4.000,0.040,7.367,0.000
2026-09-29T12:48:00Z,1.685,2.700,,7567572992.000,27.260,27.260,4.000,0.060,,0.000
2026-09-29T12:49:00Z,1.770,2.760,924.000,7563378688.000,36.860,36.860,6.000,0.160,6.900,0.000
2026-09-29T12:50:00Z,,,924.000,7564427264.000,46.820,46.820,7.000,0.110,9.325,0.000
2026-09-29T12:51:00Z,1.755,2.770,924.000,7565475840.000,26.090,26.090,6.000,0.050,11.803,0.000
2026-09-29T12:52:00Z,2.022,3.220,924.000,7550795776.000,17.580,17.580,3.000,0.030,6.615,0.000
2026-09-29T12:53:00Z,1.575,2.610,924.000,7567572992.000,13.110,13.110,3.000,0.020,4.241,0.000
2026-09-29T12:54:00Z,1.670,2.680,,7567572992.000,23.940,23.940,2.000,0.040,,0.000
2026-09-29T12:55:00Z,1.685,2.700,924.000,7567572992.000,27.810,27.810,5.000,0.060,6.077,0.000
2026-09-29T12:56:00Z,1.595,2.630,924.000,7567572992.000,21.060,21.060,4.000,0.060,7.043,0.000
2026-09-29T12:57:00Z,1.610,2.600,924.000,7567572992.000,18.070,18.070,3.000,0.030,5.367,0.000
2026-09-29T12:58:00Z,1.680,2.760,924.000,7567572992.000,20.610,20.610,3.000,0.050,4.603,0.000
2026-09-29T12:59:00Z,1.700,2.730,924.000,7567572992.000,26.950,26.950,3.000,0.050,5.242,0.000
2026-09-29T13:00:00Z,1.730,2.750,924.000,7567572992.000,31.770,31.770,5.000,0.660,6.860,0.000
2026-09-29T13:01:00Z,1.980,2.940,924.000,7567572992.000,45.800,45.800,5.000,0.310,8.045,0.000
2026-09-29T13:02:00Z,,,924.000,7568621568.000,57.950,57.950,11.000,0.440,11.547,0.000
2026-09-29T13:03:00Z,1.768,2.960,924.000,7568621568.000,28.870,28.870,6.000,0.070,14.803,0.000
2026-09-29T13:04:00Z,1.675,2.720,924.000,7568621568.000,28.460,28.460,5.000,0.060,7.345,0.000
2026-09-29T13:05:00Z,1.725,2.760,924.000,7568621568.000,29.590,29.590,4.000,0.070,7.207,0.000
2026-09-29T13:06:00Z,1.680,2.710,924.000,7568621568.000,29.960,29.960,6.000,0.090,7.482,0.000
2026-09-29T13:07:00Z,1.605,2.640,924.000,7568621568.000,19.840,19.840,4.000,0.040,7.585,0.000
2026-09-29T13:08:00Z,1.685,2.760,924.000,,30.260,30.260,4.000,0.060,5.050,0.000
2026-09-29T13:09:00Z,,,924.000,7568621568.000,34.050,34.050,4.000,0.230,7.825,0.000
2026-09-29T13:10:00Z,1.805,3.010,924.000,7568621568.000,42.250,42.250,6.000,0.190,8.607,0.000
2026-09-29T13:11:00Z,1.750,2.850,924.000,7567572992.000,21.890,21.890,7.000,0.040,10.655,0.000
2026-09-29T13:12:00Z,1.735,2.820,924.000,7568621568.000,36.370,36.370,5.000,0.080,5.582,0.000
2026-09-29T13:13:00Z,,,924.000,,26.780,26.780,5.000,0.120,9.395,0.000
2026-09-29T13:14:00Z,1.640,2.680,924.000,7567572992.000,29.360,29.360,5.000,0.110,6.822,0.000
2026-09-29T13:15:00Z,1.740,2.880,924.000,7568621568.000,28.420,28.420,5.000,0.050,7.430,0.000
2026-09-29T13:16:00Z,1.765,2.820,924.000,7568621568.000,39.790,39.790,5.000,0.130,7.197,0.000
2026-09-29T13:17:00Z,1.735,2.690,924.000,7568621568.000,31.460,31.460,6.000,0.100,10.033,0.000
2026-09-29T13:18:00Z,1.690,2.670,924.000,7568621568.000,34.540,34.540,6.000,0.290,8.345,0.000
2026-09-29T13:19:00Z,1.750,2.660,,7567572992.000,43.790,43.790,6.000,0.760,,0.000
2026-09-29T13:20:00Z,1.615,2.650,924.000,7567572992.000,22.560,22.560,6.000,0.040,11.227,0.000
2026-09-29T13:21:00Z,1.635,2.710,924.000,,23.820,23.820,3.000,0.040,5.742,0.000
2026-09-29T13:22:00Z,1.655,2.640,924.000,7567572992.000,19.960,19.960,3.000,0.040,6.045,0.000
2026-09-29T13:23:00Z,1.695,2.670,924.000,7567572992.000,31.630,31.630,4.000,0.080,6.661,0.000
2026-09-29T13:24:00Z,1.695,2.690,,7567572992.000,27.000,27.000,5.000,0.050,,0.000
2026-09-29T13:25:00Z,1.785,2.880,924.000,7567572992.000,28.340,28.340,4.000,0.060,6.865,0.000
2026-09-29T13:26:00Z,1.860,2.820,924.000,7567572992.000,57.540,57.540,5.000,1.230,7.183,0.000
2026-09-29T13:27:00Z,1.815,2.860,924.000,7568621568.000,34.390,34.390,10.000,0.070,14.482,0.000
2026-09-29T13:28:00Z,1.915,3.000,924.000,7567572992.000,39.530,39.530,6.000,0.150,9.330,0.000
2026-09-29T13:29:00Z,2.070,3.230,,7566524416.000,88.140,88.140,10.000,3.340,,0.000
2026-09-29T13:30:00Z,1.895,2.920,924.000,7566524416.000,52.740,52.740,12.000,0.350,22.145,0.000
2026-09-29T13:31:00Z,3.530,4.490,924.000,7563378688.000,255.120,255.120,12.000,25.400,13.280,0.000
2026-09-29T13:32:00Z,3.340,4.250,924.000,7560232960.000,250.890,250.890,58.000,2.830,63.870,0.000
2026-09-29T13:33:00Z,3.285,4.300,924.000,7564427264.000,239.560,239.560,47.000,1.420,63.040,0.000
2026-09-29T13:34:00Z,3.200,4.350,924.000,7563378688.000,247.900,247.900,43.000,1.820,59.985,0.000
2026-09-29T13:35:00Z,3.320,4.370,924.000,7561281536.000,236.390,236.390,40.000,2.180,62.110,0.000
2026-09-29T13:36:00Z,3.255,4.530,924.000,7558135808.000,268.240,268.240,43.000,10.770,63.264,0.000
2026-09-29T13:37:00Z,3.140,4.330,,7559184384.000,193.560,193.560,44.000,1.250,,0.000
2026-09-29T13:38:00Z,2.805,3.990,924.000,7561281536.000,175.900,175.900,31.000,0.960,48.517,0.000
2026-09-29T13:39:00Z,2.895,4.010,924.000,7560232960.000,184.460,184.460,31.000,1.280,44.242,0.000
2026-09-29T13:40:00Z,2.595,3.810,924.000,7562330112.000,158.760,158.760,33.000,0.800,46.237,0.000
2026-09-29T13:41:00Z,3.010,4.210,924.000,7559184384.000,196.460,196.460,26.000,6.820,39.792,0.000
2026-09-29T13:42:00Z,2.580,3.580,924.000,7558135808.000,160.580,160.580,35.000,0.650,44.837,0.000
2026-09-29T13:43:00Z,3.065,4.290,,7559184384.000,174.740,174.740,27.000,2.180,,0.000
2026-09-29T13:44:00Z,,,924.000,,161.030,161.030,33.000,1.130,43.780,0.000
2026-09-29T13:45:00Z,2.825,4.040,924.000,7559184384.000,198.310,198.310,31.000,1.900,40.585,0.000
2026-09-29T13:46:00Z,3.147,4.790,924.000,7558135808.000,193.140,193.140,31.000,2.220,49.040,0.000
2026-09-29T13:47:00Z,2.915,4.170,,7556038656.000,210.040,210.040,36.000,5.270,,0.000
2026-09-29T13:48:00Z,3.065,4.000,924.000,7557087232.000,153.730,153.730,34.000,0.610,52.608,0.000
2026-09-29T13:49:00Z,2.820,3.980,924.000,7560232960.000,232.400,232.400,37.000,17.140,38.542,0.000
2026-09-29T13:50:00Z,,,924.000,,180.150,180.150,33.000,1.830,58.193,0.000
2026-09-29T13:51:00Z,3.060,4.150,924.000,7553941504.000,200.570,200.570,34.000,2.300,45.130,0.000
2026-09-29T13:52:00Z,3.685,5.690,924.000,7549747200.000,190.260,190.260,35.000,1.280,50.245,0.000
2026-09-29T13:53:00Z,2.835,4.070,924.000,7550795776.000,149.390,149.390,28.000,0.850,42.871,0.000
2026-09-29T13:54:00Z,2.905,4.130,,7550795776.000,191.660,191.660,31.000,2.650,,0.000
2026-09-29T13:55:00Z,2.710,3.790,924.000,7550795776.000,155.500,155.500,31.000,0.810,48.017,0.000
2026-09-29T13:56:00Z,2.825,4.120,924.000,7551844352.000,156.610,156.610,26.000,1.350,38.965,0.000
2026-09-29T13:57:00Z,2.765,3.810,924.000,7551844352.000,157.260,157.260,28.000,1.170,39.325,0.000
2026-09-29T13:58:00Z,2.865,4.060,,7552892928.000,181.200,181.200,27.000,2.290,,0.000
2026-09-29T13:59:00Z,2.570,3.590,924.000,7550795776.000,142.980,142.980,30.000,1.220,40.624,0.000
2026-09-29T14:00:00Z,2.495,3.540,,7547650048.000,142.450,142.450,24.000,1.470,,0.000
2026-09-29T14:01:00Z,3.265,4.240,924.000,7549747200.000,216.810,216.810,27.000,4.290,35.715,0.000
2026-09-29T14:02:00Z,2.985,4.090,924.000,7549747200.000,228.740,228.740,47.000,3.160,55.892,0.000
2026-09-29T14:03:00Z,3.085,4.220,,7548698624.000,213.490,213.490,34.000,1.830,,0.000
2026-09-29T14:04:00Z,2.670,3.770,924.000,7545552896.000,180.090,180.090,39.000,0.940,53.500,0.000
2026-09-29T14:05:00Z,2.690,3.780,924.000,7547650048.000,156.190,156.190,28.000,0.770,45.127,0.000
2026-09-29T14:06:00Z,2.685,3.730,924.000,7547650048.000,148.760,148.760,27.000,0.740,39.138,0.000
2026-09-29T14:07:00Z,2.635,3.780,924.000,7548698624.000,144.580,144.580,27.000,0.610,37.288,0.000
2026-09-29T14:08:00Z,2.555,3.410,924.000,7548698624.000,142.610,142.610,,1.230,36.237,0.000
2026-09-29T14:09:00Z,2.450,3.550,924.000,7548698624.000,155.120,155.120,23.000,1.240,35.925,0.000
2026-09-29T14:10:00Z,2.540,3.670,924.000,,130.060,130.060,23.000,0.660,38.865,0.000
2026-09-29T14:11:00Z,2.680,3.790,924.000,7546601472.000,152.180,152.180,22.000,0.980,32.600,0.000
2026-09-29T14:12:00Z,2.525,3.590,924.000,7545552896.000,147.170,147.170,30.000,0.740,38.138,0.000
2026-09-29T14:13:00Z,2.470,3.570,924.000,7548698624.000,142.860,142.860,26.000,1.170,37.110,0.000
2026-09-29T14:14:00Z,2.710,3.640,924.000,7544504320.000,174.180,174.180,23.000,2.850,35.818,0.000
2026-09-29T14:15:00Z,2.440,3.600,924.000,7545552896.000,129.320,129.320,31.000,0.550,38.041,0.000
2026-09-29T14:16:00Z,2.670,3.630,,7544504320.000,140.440,140.440,22.000,2.150,,0.000
2026-09-29T14:17:00Z,2.600,3.550,924.000,7542407168.000,156.680,156.680,29.000,1.190,35.200,0.000
2026-09-29T14:18:00Z,3.080,4.410,924.000,7540310016.000,258.280,258.280,40.000,19.430,39.267,0.000
2026-09-29T14:19:00Z,,,924.000,7540310016.000,168.110,168.110,31.000,1.280,64.672,0.000
2026-09-29T14:20:00Z,2.763,4.110,924.000,7544504320.000,176.410,176.410,31.000,2.990,42.310,0.000
2026-09-29T14:21:00Z,2.965,3.840,924.000,7539261440.000,155.450,155.450,27.000,2.590,44.200,0.000
2026-09-29T14:22:00Z,3.420,4.940,924.000,7541358592.000,357.250,357.250,57.000,43.180,38.960,0.000
2026-09-29T14:23:00Z,3.140,4.360,924.000,7539261440.000,268.840,268.840,40.000,17.670,89.635,0.000
2026-09-29T14:24:00Z,2.845,3.730,924.000,7541358592.000,212.320,212.320,44.000,10.910,67.312,0.000
2026-09-29T14:25:00Z,,,924.000,,156.670,156.670,37.000,0.790,53.190,0.000
2026-09-29T14:26:00Z,2.913,3.850,924.000,7539261440.000,115.390,115.390,23.000,0.440,39.263,0.000
2026-09-29T14:27:00Z,2.087,3.480,924.000,7540310016.000,126.170,126.170,21.000,1.060,28.950,0.000
2026-09-29T14:28:00Z,2.735,3.780,924.000,7542407168.000,169.710,169.710,23.000,2.840,31.637,0.000
2026-09-29T14:29:00Z,2.540,3.460,924.000,7539261440.000,158.230,158.230,32.000,1.430,42.525,0.000
2026-09-29T14:30:00Z,2.535,3.670,924.000,7537164288.000,148.780,148.780,28.000,1.160,38.492,0.000
2026-09-29T14:31:00Z,2.725,3.810,,7538212864.000,148.810,148.810,23.000,1.460,,0.000
2026-09-29T14:32:00Z,2.500,3.520,924.000,7536115712.000,133.230,133.230,27.000,1.310,37.300,0.000
2026-09-29T14:33:00Z,2.545,3.540,924.000,7536115712.000,118.400,118.400,21.000,0.590,31.784,0.000
2026-09-29T14:34:00Z,2.350,3.450,,7539261440.000,143.910,143.910,27.000,2.260,,0.000
2026-09-29T14:35:00Z,2.265,3.170,924.000,7542407168.000,108.490,108.490,19.000,0.480,36.075,0.000
2026-09-29T14:36:00Z,2.455,3.700,924.000,7539261440.000,146.730,146.730,22.000,2.110,27.220,0.000
2026-09-29T14:37:00Z,2.160,3.180,924.000,7540310016.000,95.990,95.990,21.000,0.500,36.943,0.000
2026-09-29T14:38:00Z,2.280,3.320,924.000,7538212864.000,104.180,104.180,17.000,0.820,24.087,0.000
2026-09-29T14:39:00Z,2.455,3.560,924.000,7540310016.000,139.720,139.720,22.000,1.610,26.350,0.000
2026-09-29T14:40:00Z,2.355,3.450,924.000,7540310016.000,124.190,124.190,23.000,0.510,35.035,0.000
2026-09-29T14:41:00Z,2.650,3.060,924.000,7540310016.000,203.940,203.940,19.000,27.020,31.145,0.000
2026-09-29T14:42:00Z,2.420,3.620,924.000,7539261440.000,144.860,144.860,40.000,1.820,51.087,0.000
2026-09-29T14:43:00Z,2.755,4.120,924.000,7538212864.000,189.480,189.480,23.000,17.920,36.520,0.000
2026-09-29T14:44:00Z,,,924.000,,122.940,122.940,35.000,1.330,47.468,0.000
2026-09-29T14:45:00Z,2.252,3.560,924.000,7538212864.000,102.170,102.170,17.000,0.540,30.858,0.000
2026-09-29T14:46:00Z,,,924.000,7539261440.000,94.910,94.910,18.000,0.310,25.633,0.000
2026-09-29T14:47:00Z,2.295,3.600,924.000,7536115712.000,132.320,132.320,17.000,2.330,23.820,0.000
2026-09-29T14:48:00Z,2.065,3.040,924.000,7534018560.000,77.390,77.390,21.000,0.190,33.178,0.000
2026-09-29T14:49:00Z,2.235,3.300,924.000,7536115712.000,102.620,102.620,14.000,0.480,19.470,0.000
2026-09-29T14:50:00Z,3.880,3.880,924.000,7537164288.000,184.810,184.810,22.000,11.590,25.758,0.000
2026-09-29T14:51:00Z,2.200,3.600,924.000,7537164288.000,156.720,156.720,33.000,1.870,46.288,0.000
2026-09-29T14:52:00Z,3.470,3.940,924.000,7529824256.000,158.200,158.200,29.000,1.060,39.568,0.000
2026-09-29T14:53:00Z,2.350,3.450,,7543455744.000,148.480,148.480,,1.050,,0.000
2026-09-29T14:54:00Z,2.350,3.240,924.000,7542407168.000,113.240,113.240,29.000,0.510,37.555,0.000
2026-09-29T14:55:00Z,2.125,3.150,924.000,7539261440.000,101.390,101.390,22.000,0.450,28.462,0.000
2026-09-29T14:56:00Z,2.435,3.590,924.000,7538212864.000,118.440,118.440,17.000,0.630,25.453,0.000
2026-09-29T14:57:00Z,2.240,3.430,924.000,7539261440.000,121.660,121.660,22.000,1.300,29.703,0.000
2026-09-29T14:58:00Z,2.160,3.110,924.000,7538212864.000,92.650,92.650,,0.510,30.505,0.000
2026-09-29T14:59:00Z,2.190,3.080,924.000,7539261440.000,103.820,103.820,18.000,0.860,24.663,0.000
2026-09-29T15:00:00Z,2.455,3.500,,7538212864.000,130.460,130.460,20.000,1.800,,0.000
2026-09-29T15:01:00Z,2.840,3.770,924.000,7537164288.000,192.960,192.960,25.000,5.370,32.705,0.000
2026-09-29T15:02:00Z,2.775,4.000,924.000,7536115712.000,221.020,221.020,41.000,4.230,48.333,0.000
2026-09-29T15:03:00Z,,,924.000,,187.000,187.000,,4.980,55.565,0.000
2026-09-29T15:04:00Z,2.490,3.570,924.000,7536115712.000,122.800,122.800,31.000,1.160,46.845,0.000
2026-09-29T15:05:00Z,,,924.000,7534018560.000,129.200,129.200,25.000,0.710,30.823,0.000
2026-09-29T15:06:00Z,2.550,3.910,924.000,7531921408.000,182.690,182.690,23.000,6.000,32.392,0.000
2026-09-29T15:07:00Z,2.580,3.590,924.000,7531921408.000,172.980,172.980,36.000,2.880,45.767,0.000
2026-09-29T15:08:00Z,2.205,3.410,924.000,7531921408.000,132.900,132.900,,1.560,43.347,0.000
2026-09-29T15:09:00Z,2.675,3.810,924.000,7536115712.000,167.320,167.320,28.000,3.880,33.465,0.000
2026-09-29T15:10:00Z,2.345,3.420,924.000,7537164288.000,126.240,126.240,30.000,1.820,36.809,0.000
2026-09-29T15:11:00Z,2.460,3.530,,7538212864.000,148.550,148.550,27.000,4.380,,0.000
2026-09-29T15:12:00Z,2.230,3.170,924.000,7537164288.000,110.350,110.350,21.000,0.550,37.235,0.000
2026-09-29T15:13:00Z,2.525,3.310,924.000,7537164288.000,137.240,137.240,,1.870,27.902,0.000
2026-09-29T15:14:00Z,2.555,3.610,924.000,7531921408.000,180.160,180.160,20.000,2.560,34.400,0.000
2026-09-29T15:15:00Z,2.575,3.540,924.000,7532969984.000,157.140,157.140,27.000,1.230,45.157,0.000
2026-09-29T15:16:00Z,2.545,3.790,924.000,7534018560.000,147.030,147.030,26.000,2.050,39.377,0.000
2026-09-29T15:17:00Z,2.165,3.320,924.000,7537164288.000,98.020,98.020,26.000,0.570,36.847,0.000
2026-09-29T15:18:00Z,2.330,3.470,924.000,7528775680.000,103.050,103.050,,1.420,25.230,0.000
2026-09-29T15:19:00Z,2.820,3.890,,7536115712.000,175.590,175.590,16.000,2.320,,0.000
2026-09-29T15:20:00Z,3.090,4.600,924.000,7534018560.000,169.460,169.460,37.000,1.760,44.175,0.000
2026-09-29T15:21:00Z,2.685,3.880,924.000,7531921408.000,201.230,201.230,32.000,6.370,42.468,0.000
2026-09-29T15:22:00Z,2.760,4.010,924.000,7530872832.000,178.040,178.040,32.000,3.210,50.413,0.000
2026-09-29T15:23:00Z,2.815,3.780,924.000,7528775680.000,172.170,172.170,,1.730,44.825,0.000
2026-09-29T15:24:00Z,2.630,3.550,924.000,7530872832.000,171.220,171.220,32.000,3.440,43.145,0.000
2026-09-29T15:25:00Z,3.050,4.070,924.000,7527727104.000,240.160,240.160,34.000,10.010,43.127,0.000
2026-09-29T15:26:00Z,3.005,4.150,924.000,7532969984.000,204.590,204.590,42.000,6.480,60.145,0.000
2026-09-29T15:27:00Z,2.855,4.010,924.000,7528775680.000,219.750,219.750,37.000,4.210,51.255,0.000
2026-09-29T15:28:00Z,3.000,4.210,924.000,7534018560.000,220.110,220.110,,6.370,55.035,0.000
2026-09-29T15:29:00Z,2.690,3.770,924.000,7535067136.000,181.690,181.690,39.000,1.820,55.145,0.000
2026-09-29T15:30:00Z,2.380,3.480,924.000,7528775680.000,141.520,141.520,31.000,0.860,40.504,0.000
2026-09-29T15:31:00Z,2.830,3.940,,7527727104.000,178.240,178.240,23.000,5.320,,0.000
2026-09-29T15:32:00Z,2.535,3.520,924.000,7529824256.000,168.240,168.240,36.000,2.400,44.657,0.000
2026-09-29T15:33:00Z,2.655,3.670,924.000,7529824256.000,176.250,176.250,,2.060,42.375,0.000
2026-09-29T15:34:00Z,2.825,3.950,924.000,7527727104.000,185.030,185.030,27.000,2.210,44.185,0.000
2026-09-29T15:35:00Z,,,924.000,7526678528.000,214.030,214.030,36.000,4.030,46.350,0.000
2026-09-29T15:36:00Z,2.797,4.050,924.000,7526678528.000,190.940,190.940,37.000,2.080,53.602,0.000
2026-09-29T15:37:00Z,2.205,3.570,924.000,7525629952.000,121.970,121.970,29.000,1.220,47.995,0.000
2026-09-29T15:38:00Z,2.560,3.790,924.000,7527727104.000,158.620,158.620,,10.950,30.595,0.000
2026-09-29T15:39:00Z,,,924.000,7526678528.000,120.150,120.150,22.000,0.620,39.920,0.000
2026-09-29T15:40:00Z,2.490,3.990,924.000,7525629952.000,168.180,168.180,27.000,2.650,30.155,0.000
2026-09-29T15:41:00Z,2.400,3.480,924.000,7509901312.000,121.230,121.230,23.000,0.750,42.148,0.000
2026-09-29T15:42:00Z,2.505,3.440,924.000,7510949888.000,113.590,113.590,21.000,0.750,30.398,0.000
2026-09-29T15:43:00Z,2.685,3.920,924.000,7509901312.000,184.210,184.210,,3.710,28.715,0.000
2026-09-29T15:44:00Z,2.325,3.550,924.000,7508852736.000,123.810,123.810,31.000,1.260,46.145,0.000
2026-09-29T15:45:00Z,2.125,3.030,924.000,7507804160.000,91.100,91.100,19.000,0.450,31.067,0.000
2026-09-29T15:46:00Z,2.095,3.170,924.000,7509901312.000,97.830,97.830,17.000,0.410,22.872,0.000
2026-09-29T15:47:00Z,2.505,3.750,924.000,7507804160.000,110.900,110.900,16.000,0.580,24.555,0.000
2026-09-29T15:48:00Z,3.580,3.640,924.000,7504658432.000,243.160,243.160,,26.530,27.815,0.000
2026-09-29T15:49:00Z,3.815,5.370,924.000,7505707008.000,539.230,539.230,25.000,109.910,60.880,0.000
2026-09-29T15:50:00Z,2.710,3.760,924.000,7499415552.000,181.140,181.140,61.000,2.950,134.923,0.000
2026-09-29T15:51:00Z,2.605,3.780,924.000,7501512704.000,157.240,157.240,29.000,1.620,45.377,0.000
2026-09-29T15:52:00Z,3.160,3.500,924.000,7481589760.000,152.140,152.140,26.000,1.370,39.413,0.000
2026-09-29T15:53:00Z,2.735,3.920,924.000,7500464128.000,149.500,149.500,,1.550,38.365,0.000
2026-09-29T15:54:00Z,2.365,3.450,924.000,7501512704.000,141.880,141.880,27.000,1.550,37.833,0.000
2026-09-29T15:55:00Z,2.585,3.320,924.000,,167.050,167.050,24.000,3.800,35.587,0.000
2026-09-29T15:56:00Z,2.250,3.290,924.000,7502561280.000,157.120,157.120,31.000,4.230,41.867,0.000
2026-09-29T15:57:00Z,2.225,3.200,924.000,7503609856.000,110.190,110.190,21.000,0.760,39.385,0.000
2026-09-29T15:58:00Z,2.315,3.390,924.000,7502561280.000,116.630,116.630,,1.070,27.650,0.000
2026-09-29T15:59:00Z,2.295,3.360,924.000,7502561280.000,142.050,142.050,20.000,4.930,29.267,0.000
2026-09-29T16:00:00Z,2.105,3.160,924.000,7501512704.000,100.910,100.910,21.000,1.030,35.605,0.000
2026-09-29T16:01:00Z,2.555,3.440,924.000,7499415552.000,151.010,151.010,18.000,5.980,25.317,0.000
2026-09-29T16:02:00Z,2.190,3.190,924.000,7500464128.000,135.960,135.960,28.000,4.620,37.843,0.000
2026-09-29T16:03:00Z,2.545,3.480,924.000,7500464128.000,142.610,142.610,,2.310,34.318,0.000
2026-09-29T16:04:00Z,2.370,3.420,924.000,7500464128.000,126.900,126.900,21.000,1.370,35.745,0.000
2026-09-29T16:05:00Z,2.245,3.410,924.000,7499415552.000,142.070,142.070,24.000,0.880,33.731,0.000
2026-09-29T16:06:00Z,2.205,3.140,,7500464128.000,91.740,91.740,19.000,0.730,,0.000
2026-09-29T16:07:00Z,2.160,3.300,924.000,7499415552.000,115.590,115.590,17.000,2.060,23.038,0.000
2026-09-29T16:08:00Z,2.425,3.490,924.000,7501512704.000,150.590,150.590,,3.480,29.207,0.000
2026-09-29T16:09:00Z,2.120,3.100,924.000,7500464128.000,101.680,101.680,21.000,1.110,37.862,0.000
2026-09-29T16:10:00Z,2.110,3.100,924.000,7501512704.000,97.740,97.740,20.000,0.630,25.039,0.000
2026-09-29T16:11:00Z,2.320,3.550,,7501512704.000,109.550,109.550,16.000,1.020,,0.000
2026-09-29T16:12:00Z,2.070,3.050,924.000,7501512704.000,102.900,102.900,17.000,1.380,27.477,0.000
2026-09-29T16:13:00Z,,,924.000,7500464128.000,102.030,102.030,,1.180,26.052,0.000
2026-09-29T16:14:00Z,2.165,3.280,924.000,,78.740,78.740,20.000,0.520,25.628,0.000
2026-09-29T16:15:00Z,2.013,3.170,924.000,7499415552.000,89.500,89.500,12.000,0.640,19.777,0.000
2026-09-29T16:16:00Z,2.005,3.090,924.000,7498366976.000,82.050,82.050,15.000,0.510,22.465,0.000
2026-09-29T16:17:00Z,2.085,3.050,924.000,7500464128.000,84.610,84.610,15.000,1.010,20.593,0.000
2026-09-29T16:18:00Z,1.995,3.040,924.000,7500464128.000,90.950,90.950,,0.780,22.039,0.000
2026-09-29T16:19:00Z,1.985,2.980,,7501512704.000,76.180,76.180,16.000,0.560,,0.000
2026-09-29T16:20:00Z,2.205,3.290,924.000,7500464128.000,89.070,89.070,15.000,0.640,19.310,0.000
2026-09-29T16:21:00Z,2.075,3.280,924.000,7498366976.000,92.980,92.980,16.000,1.080,22.360,0.000
2026-09-29T16:22:00Z,2.285,3.080,924.000,7497318400.000,106.700,106.700,13.000,8.220,23.330,0.000
2026-09-29T16:23:00Z,2.105,3.360,924.000,7501512704.000,93.890,93.890,,0.600,27.008,0.000
2026-09-29T16:24:00Z,1.935,2.920,924.000,7498366976.000,71.690,71.690,23.000,1.830,23.575,0.000
2026-09-29T16:25:00Z,2.020,3.310,924.000,7500464128.000,83.850,83.850,15.000,0.710,19.546,0.000
2026-09-29T16:26:00Z,2.020,3.080,,7501512704.000,57.120,57.120,11.000,0.280,,0.000
2026-09-29T16:27:00Z,2.130,3.180,924.000,7501512704.000,80.260,80.260,13.000,0.790,14.370,0.000
2026-09-29T16:28:00Z,2.150,3.250,924.000,7499415552.000,96.790,96.790,,0.570,20.157,0.000
2026-09-29T16:29:00Z,2.090,3.190,924.000,7501512704.000,77.010,77.010,14.000,0.570,24.302,0.000
2026-09-29T16:30:00Z,2.050,3.210,924.000,7499415552.000,86.820,86.820,15.000,0.840,19.370,0.000
2026-09-29T16:31:00Z,2.290,3.410,924.000,7497318400.000,110.850,110.850,14.000,2.030,21.802,0.000
2026-09-29T16:32:00Z,2.110,3.180,924.000,7497318400.000,100.200,100.200,22.000,0.480,27.805,0.000
2026-09-29T16:33:00Z,2.155,3.480,924.000,7499415552.000,108.670,108.670,,4.520,25.355,0.000
2026-09-29T16:34:00Z,2.020,3.090,924.000,7499415552.000,77.530,77.530,19.000,0.250,27.260,0.000
2026-09-29T16:35:00Z,1.880,2.860,924.000,7501512704.000,68.400,68.400,13.000,0.290,19.497,0.000
2026-09-29T16:36:00Z,2.065,3.120,924.000,7500464128.000,70.300,70.300,10.000,0.390,17.198,0.000
2026-09-29T16:37:00Z,2.070,3.240,924.000,7501512704.000,94.140,94.140,17.000,0.750,17.845,0.000
2026-09-29T16:38:00Z,2.010,3.160,924.000,7501512704.000,62.740,62.740,,0.240,23.652,0.000
2026-09-29T16:39:00Z,2.115,3.320,924.000,7500464128.000,74.440,74.440,13.000,0.400,17.341,0.000
2026-09-29T16:40:00Z,2.025,3.160,,7501512704.000,81.960,81.960,12.000,0.520,,0.000
2026-09-29T16:41:00Z,2.395,3.390,924.000,7500464128.000,80.420,80.420,11.000,1.110,20.582,0.000
2026-09-29T16:42:00Z,2.235,3.300,924.000,7502561280.000,117.260,117.260,23.000,2.180,20.195,0.000
2026-09-29T16:43:00Z,,,924.000,,141.980,141.980,,2.070,29.630,0.000
2026-09-29T16:44:00Z,2.205,3.570,924.000,7500464128.000,89.980,89.980,21.000,0.440,35.590,0.000
2026-09-29T16:45:00Z,2.340,3.490,924.000,7499415552.000,122.200,122.200,17.000,2.440,22.613,0.000
2026-09-29T16:46:00Z,2.695,3.490,924.000,7501512704.000,151.010,151.010,23.000,7.780,30.648,0.000
2026-09-29T16:47:00Z,2.540,3.630,924.000,7499415552.000,180.700,180.700,35.000,6.670,37.855,0.000
2026-09-29T16:48:00Z,2.380,3.580,924.000,7499415552.000,130.860,130.860,,2.000,45.265,0.000
2026-09-29T16:49:00Z,2.150,3.200,924.000,7498366976.000,108.740,108.740,24.000,0.940,32.782,0.000
2026-09-29T16:50:00Z,2.215,3.290,924.000,7502561280.000,91.950,91.950,19.000,0.440,27.300,0.000
2026-09-29T16:51:00Z,2.245,3.390,924.000,7501512704.000,106.870,106.870,16.000,0.430,23.080,0.000
2026-09-29T16:52:00Z,2.565,4.020,924.000,7498366976.000,134.760,134.760,21.000,2.380,26.820,0.000
2026-09-29T16:53:00Z,3.165,5.320,924.000,7499415552.000,122.610,122.610,,1.400,34.000,0.000
2026-09-29T16:54:00Z,2.060,3.020,924.000,7499415552.000,69.820,69.820,25.000,0.420,31.017,0.000
2026-09-29T16:55:00Z,1.915,3.000,924.000,7500464128.000,76.920,76.920,12.000,0.400,17.645,0.000
2026-09-29T16:56:00Z,2.020,3.140,924.000,7500464128.000,79.520,79.520,12.000,0.980,19.345,0.000
2026-09-29T16:57:00Z,2.270,3.380,924.000,7501512704.000,110.650,110.650,16.000,1.900,19.990,0.000
2026-09-29T16:58:00Z,2.200,3.380,924.000,7501512704.000,95.540,95.540,,0.980,27.765,0.000
2026-09-29T16:59:00Z,2.090,3.220,924.000,7499415552.000,83.120,83.120,18.000,0.510,23.995,0.000
2026-09-29T17:00:00Z,2.115,3.190,924.000,7498366976.000,79.680,79.680,15.000,0.480,20.865,0.000
2026-09-29T17:01:00Z,2.245,3.460,924.000,7497318400.000,100.540,100.540,13.000,0.900,20.023,0.000
2026-09-29T17:02:00Z,2.130,3.240,924.000,7498366976.000,81.060,81.060,17.000,0.650,25.233,0.000
2026-09-29T17:03:00Z,,,924.000,,82.310,82.310,,0.450,20.575,0.000
2026-09-29T17:04:00Z,2.270,3.490,924.000,7497318400.000,138.680,138.680,14.000,1.950,27.730,0.000
2026-09-29T17:05:00Z,2.095,3.270,,7498366976.000,98.710,98.710,23.000,0.460,,0.000
2026-09-29T17:06:00Z,2.045,3.090,924.000,7500464128.000,74.620,74.620,14.000,0.520,24.773,0.000
2026-09-29T17:07:00Z,2.065,3.150,924.000,7501512704.000,69.420,69.420,13.000,0.240,18.747,0.000
2026-09-29T17:08:00Z,1.955,2.980,924.000,7500464128.000,85.290,85.290,,1.270,17.440,0.000
2026-09-29T17:09:00Z,1.920,3.030,924.000,7500464128.000,70.660,70.660,13.000,2.350,21.593,0.000
2026-09-29T17:10:00Z,1.845,2.890,924.000,7501512704.000,47.800,47.800,10.000,0.380,17.762,0.000
2026-09-29T17:11:00Z,2.065,3.020,924.000,7500464128.000,82.700,82.700,9.000,0.850,12.035,0.000
2026-09-29T17:12:00Z,2.195,3.190,924.000,7499415552.000,81.700,81.700,16.000,0.440,20.760,0.000
2026-09-29T17:13:00Z,1.965,2.990,924.000,7501512704.000,90.600,90.600,,2.000,20.740,0.000
2026-09-29T17:14:00Z,1.850,2.860,924.000,7501512704.000,63.510,63.510,17.000,0.210,19.369,0.000
2026-09-29T17:15:00Z,2.030,3.250,,7501512704.000,78.160,78.160,9.000,0.320,,0.000
2026-09-29T17:16:00Z,2.055,3.130,924.000,7499415552.000,79.100,79.100,15.000,0.370,19.642,0.000
2026-09-29T17:17:00Z,2.110,3.000,924.000,7500464128.000,78.820,78.820,15.000,1.620,19.848,0.000
2026-09-29T17:18:00Z,2.235,3.470,924.000,7500464128.000,116.510,116.510,,0.830,19.797,0.000
2026-09-29T17:19:00Z,1.905,2.920,924.000,7500464128.000,65.130,65.130,17.000,0.200,29.255,0.000
2026-09-29T17:20:00Z,1.965,2.890,924.000,7498366976.000,72.420,72.420,11.000,0.660,16.688,0.000
2026-09-29T17:21:00Z,1.980,2.970,924.000,7499415552.000,86.870,86.870,14.000,0.380,18.203,0.000
2026-09-29T17:22:00Z,1.980,3.170,924.000,7496269824.000,74.120,74.120,15.000,0.250,21.808,0.000
2026-09-29T17:23:00Z,2.090,3.350,924.000,7498366976.000,83.580,83.580,,1.590,18.848,0.000
2026-09-29T17:24:00Z,1.975,2.870,924.000,7496269824.000,75.930,75.930,15.000,0.370,21.010,0.000
2026-09-29T17:25:00Z,2.020,3.170,924.000,7497318400.000,88.500,88.500,15.000,0.640,19.105,0.000
2026-09-29T17:26:00Z,2.390,3.550,924.000,7497318400.000,118.710,118.710,15.000,1.110,22.227,0.000
2026-09-29T17:27:00Z,2.080,3.020,924.000,7499415552.000,84.860,84.860,21.000,0.390,29.775,0.000
2026-09-29T17:28:00Z,1.990,3.000,924.000,7500464128.000,85.240,85.240,,0.440,21.312,0.000
2026-09-29T17:29:00Z,,,924.000,7499415552.000,77.220,77.220,14.000,0.380,21.400,0.000
2026-09-29T17:30:00Z,2.103,3.240,924.000,7500464128.000,90.490,90.490,14.000,0.550,21.065,0.000
2026-09-29T17:31:00Z,2.190,3.310,,7497318400.000,99.430,99.430,16.000,1.510,,0.000
2026-09-29T17:32:00Z,2.060,3.100,924.000,7499415552.000,88.300,88.300,17.000,0.820,24.962,0.000
2026-09-29T17:33:00Z,1.975,3.020,924.000,7499415552.000,72.080,72.080,,0.250,22.378,0.000
2026-09-29T17:34:00Z,1.990,2.960,924.000,7499415552.000,74.000,74.000,14.000,0.520,18.142,0.000
2026-09-29T17:35:00Z,1.835,2.860,924.000,7498366976.000,61.550,61.550,13.000,0.210,18.602,0.000
2026-09-29T17:36:00Z,1.970,2.890,924.000,7499415552.000,67.150,67.150,9.000,0.600,15.480,0.000
2026-09-29T17:37:00Z,1.955,3.100,924.000,7498366976.000,89.070,89.070,13.000,2.070,17.052,0.000
2026-09-29T17:38:00Z,1.950,3.090,924.000,7499415552.000,50.600,50.600,,0.250,22.352,0.000
2026-09-29T17:39:00Z,1.915,3.120,924.000,7499415552.000,54.550,54.550,13.000,0.180,12.953,0.000
2026-09-29T17:40:00Z,1.905,3.040,924.000,7498366976.000,61.770,61.770,9.000,0.200,13.742,0.000
2026-09-29T17:41:00Z,1.850,3.000,924.000,7498366976.000,60.780,60.780,11.000,0.430,15.540,0.000
2026-09-29T17:42:00Z,1.860,2.970,924.000,7499415552.000,56.280,56.280,10.000,0.250,15.300,0.000
2026-09-29T17:43:00Z,2.190,3.180,924.000,7499415552.000,83.880,83.880,,0.890,14.385,0.000
2026-09-29T17:44:00Z,1.985,3.030,924.000,7498366976.000,88.520,88.520,10.000,2.050,21.067,0.000
2026-09-29T17:45:00Z,,,924.000,,86.880,86.880,12.000,0.770,22.240,0.000
2026-09-29T17:46:00Z,2.145,3.340,924.000,7495221248.000,111.440,111.440,15.000,1.290,21.780,0.000
2026-09-29T17:47:00Z,2.190,3.320,924.000,7496269824.000,123.430,123.430,17.000,14.390,27.957,0.000
2026-09-29T17:48:00Z,1.960,3.130,924.000,7497318400.000,69.940,69.940,,0.400,30.942,0.000
2026-09-29T17:49:00Z,1.900,2.850,924.000,7498366976.000,55.580,55.580,23.000,0.410,17.570,0.000
2026-09-29T17:50:00Z,2.070,3.280,924.000,7497318400.000,93.100,93.100,13.000,0.550,14.010,0.000
2026-09-29T17:51:00Z,2.025,3.080,924.000,7494172672.000,70.280,70.280,15.000,0.380,23.372,0.000
2026-09-29T17:52:00Z,2.165,3.260,924.000,7494172672.000,84.870,84.870,13.000,0.480,17.677,0.000
2026-09-29T17:53:00Z,2.965,3.550,924.000,7481589760.000,82.960,82.960,,0.850,21.523,0.000
2026-09-29T17:54:00Z,2.165,3.160,924.000,7498366976.000,106.540,106.540,15.000,1.070,20.843,0.000
2026-09-29T17:55:00Z,2.005,3.070,924.000,7498366976.000,91.630,91.630,18.000,0.530,27.078,0.000
2026-09-29T17:56:00Z,2.145,3.250,924.000,7498366976.000,74.840,74.840,12.000,0.540,23.043,0.000
2026-09-29T17:57:00Z,1.995,2.950,924.000,7496269824.000,76.020,76.020,16.000,0.430,18.815,0.000
2026-09-29T17:58:00Z,2.305,3.530,924.000,7495221248.000,96.480,96.480,,1.730,19.095,0.000
2026-09-29T17:59:00Z,2.190,3.270,924.000,7494172672.000,99.730,99.730,15.000,0.990,24.230,0.000
2026-09-29T18:00:00Z,2.235,3.370,924.000,7494172672.000,103.250,103.250,,1.020,25.462,0.000
2026-09-29T18:01:00Z,4.145,4.700,,7494172672.000,336.230,336.230,15.000,66.470,,0.000
2026-09-29T18:02:00Z,3.760,5.320,924.000,7488929792.000,448.030,448.030,,62.930,98.241,0.000
2026-09-29T18:03:00Z,3.125,4.420,,7488929792.000,222.480,222.480,100.000,1.900,,0.000
2026-09-29T18:04:00Z,,,924.000,7489978368.000,184.170,184.170,48.000,6.890,55.730,0.000
2026-09-29T18:05:00Z,2.708,4.050,924.000,7489978368.000,142.740,142.740,38.000,1.390,46.153,0.000
2026-09-29T18:06:00Z,2.695,3.680,924.000,7489978368.000,181.680,181.680,25.000,2.160,35.790,0.000
2026-09-29T18:07:00Z,2.470,3.550,924.000,7492075520.000,161.370,161.370,31.000,1.070,45.528,0.000
2026-09-29T18:08:00Z,2.960,4.040,924.000,7488929792.000,192.170,192.170,30.000,2.750,40.447,0.000
2026-09-29T18:09:00Z,2.355,3.520,924.000,7491026944.000,162.460,162.460,29.000,1.860,44.508,0.000
2026-09-29T18:10:00Z,,,,7492075520.000,118.750,118.750,37.000,1.390,,0.000
2026-09-29T18:11:00Z,2.450,3.690,924.000,7491026944.000,142.710,142.710,20.000,2.770,29.780,0.000
2026-09-29T18:12:00Z,2.130,3.140,924.000,7489978368.000,92.690,92.690,27.000,0.560,35.775,0.000
2026-09-29T18:13:00Z,2.335,3.570,924.000,7492075520.000,88.120,88.120,17.000,0.330,23.488,0.000
2026-09-29T18:14:00Z,2.840,4.040,924.000,7491026944.000,79.300,79.300,16.000,0.380,22.133,0.000
2026-09-29T18:15:00Z,2.800,4.380,924.000,7488929792.000,225.110,225.110,15.000,14.330,19.942,0.000
2026-09-29T18:16:00Z,,,924.000,,103.660,103.660,26.000,2.250,56.383,0.000
2026-09-29T18:17:00Z,2.315,3.670,924.000,7493124096.000,97.740,97.740,27.000,1.060,25.276,0.000
2026-09-29T18:18:00Z,2.480,3.840,,7493124096.000,95.880,95.880,17.000,1.460,,0.000
2026-09-29T18:19:00Z,,,924.000,7492075520.000,88.930,88.930,17.000,0.420,24.073,0.000
2026-09-29T18:20:00Z,2.340,3.410,924.000,7489978368.000,108.440,108.440,15.000,3.290,22.525,0.000
2026-09-29T18:21:00Z,2.330,3.490,924.000,7491026944.000,101.460,101.460,16.000,1.290,27.205,0.000
2026-09-29T18:22:00Z,2.480,3.740,924.000,7491026944.000,127.940,127.940,21.000,2.640,25.468,0.000
2026-09-29T18:23:00Z,2.315,3.460,924.000,7488929792.000,96.540,96.540,18.000,2.040,32.307,0.000
2026-09-29T18:24:00Z,2.875,4.300,924.000,7488929792.000,184.910,184.910,22.000,5.170,24.225,0.000
2026-09-29T18:25:00Z,2.430,3.600,924.000,7487881216.000,124.910,124.910,23.000,1.870,46.350,0.000
2026-09-29T18:26:00Z,2.220,3.370,924.000,7489978368.000,103.640,103.640,28.000,0.670,31.320,0.000
2026-09-29T18:27:00Z,2.200,3.420,924.000,7487881216.000,92.730,92.730,20.000,1.690,26.003,0.000
2026-09-29T18:28:00Z,2.075,3.060,924.000,7487881216.000,85.290,85.290,17.000,0.550,23.273,0.000
2026-09-29T18:29:00Z,2.370,3.270,924.000,,127.160,127.160,15.000,1.320,21.400,0.000
2026-09-29T18:30:00Z,2.085,3.160,924.000,7487881216.000,106.130,106.130,15.000,1.260,31.895,0.000
2026-09-29T18:31:00Z,3.025,3.570,924.000,7484735488.000,238.500,238.500,25.000,36.460,26.635,0.000
2026-09-29T18:32:00Z,2.510,3.520,924.000,7483686912.000,192.610,192.610,15.000,15.410,59.715,0.000
2026-09-29T18:33:00Z,2.145,3.250,924.000,7484735488.000,94.750,94.750,55.000,1.240,48.470,0.000
2026-09-29T18:34:00Z,2.080,3.170,924.000,7486832640.000,70.980,70.980,22.000,0.250,23.805,0.000
2026-09-29T18:35:00Z,2.115,3.390,924.000,7485784064.000,76.180,76.180,15.000,0.530,17.835,0.000
2026-09-29T18:36:00Z,2.075,3.210,924.000,7485784064.000,66.780,66.780,14.000,0.440,19.135,0.000
2026-09-29T18:37:00Z,2.150,3.290,924.000,7486832640.000,103.180,103.180,11.000,0.630,16.968,0.000
2026-09-29T18:38:00Z,2.015,3.240,924.000,7486832640.000,90.100,90.100,14.000,3.170,25.913,0.000
2026-09-29T18:39:00Z,2.500,3.110,924.000,7485784064.000,88.170,88.170,19.000,1.170,22.496,0.000
2026-09-29T18:40:00Z,3.295,4.600,,7485784064.000,293.430,293.430,12.000,9.430,,0.000
2026-09-29T18:41:00Z,2.945,4.140,924.000,7482638336.000,189.340,189.340,33.000,2.060,73.453,0.000
2026-09-29T18:42:00Z,3.190,4.660,924.000,,229.240,229.240,41.000,4.760,47.445,0.000
2026-09-29T18:43:00Z,2.600,3.780,924.000,7483686912.000,155.630,155.630,39.000,2.500,57.620,0.000
2026-09-29T18:44:00Z,2.565,3.900,924.000,7483686912.000,134.780,134.780,35.000,1.010,39.000,0.000
2026-09-29T18:45:00Z,2.520,3.730,924.000,7486832640.000,131.950,131.950,24.000,1.060,33.830,0.000
2026-09-29T18:46:00Z,3.360,3.360,924.000,,127.830,127.830,25.000,1.190,33.097,0.000
2026-09-29T18:47:00Z,1.763,3.290,924.000,7486832640.000,84.910,84.910,21.000,0.530,32.047,0.000
2026-09-29T18:48:00Z,3.600,3.600,924.000,7486832640.000,106.740,106.740,20.000,2.460,21.325,0.000
2026-09-29T18:49:00Z,1.880,3.250,924.000,7486832640.000,118.300,118.300,12.000,1.440,27.003,0.000
2026-09-29T18:50:00Z,2.095,3.240,924.000,7486832640.000,77.130,77.130,28.000,0.810,29.698,0.000
2026-09-29T18:51:00Z,2.205,3.440,924.000,7484735488.000,72.470,72.470,13.000,0.630,19.375,0.000
2026-09-29T18:52:00Z,2.000,3.170,924.000,,86.170,86.170,12.000,0.570,18.203,0.000
2026-09-29T18:53:00Z,2.560,2.940,924.000,7466909696.000,50.600,50.600,14.000,0.240,17.336,0.000
2026-09-29T18:54:00Z,2.145,3.460,,7487881216.000,66.390,66.390,12.000,0.770,,0.000
2026-09-29T18:55:00Z,1.935,3.060,924.000,7487881216.000,69.300,69.300,11.000,0.530,17.000,0.000
2026-09-29T18:56:00Z,2.110,3.310,924.000,7488929792.000,85.620,85.620,11.000,0.880,17.448,0.000
2026-09-29T18:57:00Z,1.885,2.890,924.000,7486832640.000,55.440,55.440,13.000,0.280,21.503,0.000
2026-09-29T18:58:00Z,1.940,2.910,924.000,7486832640.000,72.190,72.190,13.000,0.670,13.957,0.000
2026-09-29T18:59:00Z,2.010,3.020,924.000,7486832640.000,71.250,71.250,10.000,1.390,18.183,0.000
2026-09-29T19:00:00Z,2.080,3.080,924.000,7485784064.000,92.120,92.120,13.000,0.960,17.890,0.000
2026-09-29T19:01:00Z,2.515,3.670,924.000,7485784064.000,130.200,130.200,14.000,1.840,23.122,0.000
2026-09-29T19:02:00Z,,,924.000,,123.730,123.730,16.000,1.160,32.640,0.000
2026-09-29T19:03:00Z,2.178,3.460,924.000,7484735488.000,79.700,79.700,25.000,0.810,31.235,0.000
2026-09-29T19:04:00Z,,,924.000,,66.210,66.210,18.000,0.530,20.030,0.000
2026-09-29T19:05:00Z,1.962,3.080,924.000,7487881216.000,90.930,90.930,12.000,1.790,16.663,0.000
2026-09-29T19:06:00Z,2.190,3.260,924.000,7487881216.000,95.530,95.530,14.000,0.960,22.828,0.000
2026-09-29T19:07:00Z,1.885,2.970,924.000,7487881216.000,71.550,71.550,15.000,0.890,23.985,0.000
2026-09-29T19:08:00Z,2.070,3.310,924.000,7485784064.000,87.240,87.240,15.000,2.190,17.980,0.000
2026-09-29T19:09:00Z,,,924.000,,57.170,57.170,12.000,0.430,21.957,0.000
2026-09-29T19:10:00Z,1.917,2.940,924.000,7485784064.000,74.840,74.840,13.000,0.470,16.774,0.000
2026-09-29T19:11:00Z,1.950,3.150,,7486832640.000,75.660,75.660,14.000,0.960,,0.000
2026-09-29T19:12:00Z,1.995,2.980,924.000,7484735488.000,57.540,57.540,11.000,0.280,19.005,0.000
2026-09-29T19:13:00Z,,,924.000,7483686912.000,86.190,86.190,11.000,1.100,14.700,0.000
2026-09-29T19:14:00Z,1.978,3.190,924.000,7484735488.000,80.480,80.480,14.000,0.790,21.675,0.000
2026-09-29T19:15:00Z,2.110,3.010,924.000,,75.750,75.750,14.000,1.250,20.223,0.000
2026-09-29T19:16:00Z,2.130,3.140,924.000,7483686912.000,102.260,102.260,13.000,1.280,19.035,0.000
2026-09-29T19:17:00Z,2.060,2.980,924.000,7485784064.000,85.430,85.430,16.000,0.680,25.810,0.000
2026-09-29T19:18:00Z,2.090,3.240,924.000,7486832640.000,77.860,77.860,16.000,0.480,20.570,0.000
2026-09-29T19:19:00Z,2.305,3.300,,7484735488.000,96.750,96.750,15.000,5.210,,0.000
2026-09-29T19:20:00Z,2.165,3.310,924.000,,108.920,108.920,11.000,0.720,24.490,0.000
2026-09-29T19:21:00Z,2.065,3.110,924.000,7485784064.000,88.740,88.740,22.000,0.570,27.335,0.000
2026-09-29T19:22:00Z,1.885,2.780,924.000,7484735488.000,57.800,57.800,15.000,0.700,18.524,0.000
2026-09-29T19:23:00Z,2.215,3.420,,7485784064.000,93.270,93.270,14.000,1.930,,0.000
2026-09-29T19:24:00Z,2.215,3.480,924.000,7485784064.000,109.770,109.770,12.000,2.700,23.407,0.000
2026-09-29T19:25:00Z,2.090,3.200,924.000,7484735488.000,81.700,81.700,17.000,1.480,27.558,0.000
2026-09-29T19:26:00Z,1.940,3.010,924.000,7486832640.000,68.270,68.270,17.000,0.720,20.523,0.000
2026-09-29T19:27:00Z,,,924.000,,70.110,70.110,15.000,1.090,17.160,0.000
2026-09-29T19:28:00Z,2.165,3.560,924.000,7484735488.000,80.700,80.700,11.000,1.330,17.620,0.000
2026-09-29T19:29:00Z,1.920,3.020,924.000,7485784064.000,60.380,60.380,14.000,0.630,20.290,0.000
2026-09-29T19:30:00Z,,,924.000,7484735488.000,65.960,65.960,12.000,0.610,15.190,0.000
2026-09-29T19:31:00Z,2.125,3.330,924.000,7482638336.000,97.800,97.800,10.000,1.100,16.587,0.000
2026-09-29T19:32:00Z,1.910,3.050,924.000,7481589760.000,70.120,70.120,11.000,0.550,24.540,0.000
2026-09-29T19:33:00Z,2.085,3.110,924.000,7481589760.000,83.180,83.180,18.000,1.100,17.848,0.000
2026-09-29T19:34:00Z,2.010,3.160,924.000,7483686912.000,81.720,81.720,11.000,0.820,20.922,0.000
2026-09-29T19:35:00Z,2.010,3.130,924.000,7485784064.000,85.110,85.110,16.000,0.750,20.515,0.000
2026-09-29T19:36:00Z,1.835,2.760,924.000,7486832640.000,57.350,57.350,13.000,0.310,21.375,0.000
2026-09-29T19:37:00Z,1.890,2.990,924.000,7485784064.000,67.670,67.670,13.000,0.490,14.607,0.000
2026-09-29T19:38:00Z,1.915,2.930,924.000,7483686912.000,69.360,69.360,11.000,0.390,17.035,0.000
2026-09-29T19:39:00Z,1.910,3.050,924.000,7482638336.000,56.190,56.190,11.000,0.340,17.500,0.000
2026-09-29T19:40:00Z,1.955,3.000,924.000,7480541184.000,63.120,63.120,10.000,0.900,14.300,0.000
2026-09-29T19:41:00Z,2.100,3.310,924.000,7479492608.000,95.490,95.490,12.000,1.230,15.890,0.000
2026-09-29T19:42:00Z,2.245,3.320,924.000,7479492608.000,77.630,77.630,12.000,0.920,23.970,0.000
2026-09-29T19:43:00Z,1.950,3.120,924.000,7483686912.000,87.260,87.260,14.000,0.710,19.725,0.000
2026-09-29T19:44:00Z,,,924.000,,93.280,93.280,16.000,1.250,21.907,0.000
2026-09-29T19:45:00Z,2.257,3.320,924.000,7480541184.000,142.160,142.160,11.000,3.150,23.442,0.000
2026-09-29T19:46:00Z,2.335,3.290,924.000,7483686912.000,114.130,114.130,23.000,1.110,35.642,0.000
2026-09-29T19:47:00Z,2.080,3.200,924.000,7480541184.000,116.690,116.690,22.000,1.350,28.622,0.000
2026-09-29T19:48:00Z,2.220,3.260,924.000,7479492608.000,101.500,101.500,24.000,1.240,29.265,0.000
2026-09-29T19:49:00Z,2.100,3.270,924.000,7483686912.000,109.770,109.770,17.000,1.850,25.465,0.000
2026-09-29T19:50:00Z,1.905,2.800,924.000,7484735488.000,61.510,61.510,19.000,0.450,27.558,0.000
2026-09-29T19:51:00Z,2.380,3.710,924.000,7483686912.000,141.850,141.850,13.000,9.840,15.470,0.000
2026-09-29T19:52:00Z,2.350,3.540,924.000,7482638336.000,122.890,122.890,13.000,3.320,35.580,0.000
2026-09-29T19:53:00Z,2.325,3.490,924.000,7482638336.000,106.850,106.850,25.000,1.670,31.052,0.000
2026-09-29T19:54:00Z,3.130,4.990,924.000,7479492608.000,103.610,103.610,20.000,3.070,26.830,0.000
2026-09-29T19:55:00Z,2.445,3.140,924.000,7481589760.000,126.680,126.680,19.000,6.690,26.250,0.000
2026-09-29T19:56:00Z,3.395,4.790,924.000,7476346880.000,350.390,350.390,22.000,47.030,31.855,0.000
2026-09-29T19:57:00Z,3.015,4.010,924.000,7477395456.000,229.300,229.300,36.000,7.190,87.720,0.000
2026-09-29T19:58:00Z,2.810,4.030,924.000,7478444032.000,219.530,219.530,53.000,5.530,57.422,0.000
2026-09-29T19:59:00Z,3.155,4.130,924.000,7476346880.000,218.450,218.450,42.000,6.380,54.980,0.000
2026-09-29T20:00:00Z,,,924.000,7473201152.000,461.960,461.960,37.000,79.920,54.735,0.000
2026-09-29T20:01:00Z,4.530,6.130,924.000,7457472512.000,602.880,602.880,47.000,131.320,133.205,0.000
2026-09-29T20:02:00Z,3.800,5.170,,7455375360.000,602.030,602.030,100.000,131.120,,0.000
2026-09-29T20:03:00Z,2.100,3.340,924.000,7455375360.000,173.690,173.690,100.000,22.520,150.838,0.000
2026-09-29T20:04:00Z,1.795,2.930,924.000,7455375360.000,51.160,51.160,79.000,0.410,43.528,0.000
2026-09-29T20:05:00Z,1.865,2.910,924.000,7455375360.000,45.900,45.900,12.000,0.300,12.905,0.000
2026-09-29T20:06:00Z,1.955,3.180,924.000,7453278208.000,79.290,79.290,7.000,6.420,11.582,0.000
2026-09-29T20:07:00Z,1.705,2.810,924.000,7454326784.000,33.480,33.480,9.000,0.380,19.927,0.000
2026-09-29T20:08:00Z,1.625,2.740,924.000,7454326784.000,20.980,20.980,12.000,0.050,8.480,0.000
2026-09-29T20:09:00Z,1.660,2.730,924.000,7455375360.000,30.080,30.080,5.000,0.100,5.380,0.000
2026-09-29T20:10:00Z,1.620,2.640,924.000,7455375360.000,17.730,17.730,3.000,0.030,7.785,0.000
2026-09-29T20:11:00Z,1.730,2.860,924.000,7454326784.000,30.380,30.380,4.000,0.080,4.548,0.000
2026-09-29T20:12:00Z,1.745,2.830,924.000,7453278208.000,23.920,23.920,4.000,0.160,7.702,0.000
2026-09-29T20:13:00Z,1.625,2.740,924.000,7453278208.000,21.810,21.810,5.000,0.060,5.920,0.000
2026-09-29T20:14:00Z,1.720,2.830,,7453278208.000,28.220,28.220,4.000,0.130,,0.000
2026-09-29T20:15:00Z,1.675,2.660,924.000,7454326784.000,27.030,27.030,3.000,0.170,7.178,0.000
2026-09-29T20:16:00Z,1.700,2.860,924.000,7454326784.000,33.420,33.420,5.000,0.110,6.853,0.000
2026-09-29T20:17:00Z,1.625,2.720,924.000,7454326784.000,26.230,26.230,6.000,0.270,7.554,0.000
2026-09-29T20:18:00Z,1.655,2.750,,7453278208.000,26.110,26.110,3.000,0.090,,0.000
2026-09-29T20:19:00Z,1.470,2.460,924.000,7453278208.000,15.110,15.110,5.000,0.020,5.340,0.000
2026-09-29T20:20:00Z,1.490,2.550,,7453278208.000,8.960,8.960,3.000,0.010,,0.000
2026-09-29T20:21:00Z,1.490,2.510,924.000,,12.500,12.500,2.000,0.020,2.337,0.000
2026-09-29T20:22:00Z,,,924.000,7451181056.000,10.960,10.960,1.000,0.020,3.215,0.000
2026-09-29T20:23:00Z,1.670,3.030,924.000,7452229632.000,9.760,9.760,1.000,0.010,3.050,0.000
2026-09-29T20:24:00Z,1.695,2.770,924.000,7452229632.000,13.100,13.100,1.000,0.020,2.542,0.000
2026-09-29T20:25:00Z,1.675,2.820,924.000,7452229632.000,19.080,19.080,2.000,0.050,3.390,0.000
2026-09-29T20:26:00Z,,,924.000,7452229632.000,17.060,17.060,2.000,0.040,4.865,0.000
2026-09-29T20:27:00Z,1.715,2.860,924.000,7452229632.000,27.550,27.550,3.000,0.130,4.355,0.000
2026-09-29T20:28:00Z,,,924.000,7452229632.000,14.790,14.790,4.000,0.050,6.973,0.000
2026-09-29T20:29:00Z,1.655,2.760,924.000,,19.250,19.250,3.000,0.040,3.788,0.000
2026-09-29T20:30:00Z,1.570,2.690,924.000,7451181056.000,19.270,19.270,2.000,0.210,4.928,0.000
2026-09-29T20:31:00Z,1.570,2.660,924.000,7452229632.000,17.540,17.540,2.000,0.030,4.910,0.000
2026-09-29T20:32:00Z,2.490,2.520,924.000,7452229632.000,8.330,8.330,3.000,0.010,4.482,0.000
2026-09-29T20:33:00Z,1.515,2.570,924.000,7452229632.000,10.760,10.760,2.000,0.010,2.388,0.000
2026-09-29T20:34:00Z,1.490,2.450,924.000,7452229632.000,10.440,10.440,1.000,0.030,2.792,0.000
2026-09-29T20:35:00Z,1.505,2.500,924.000,7452229632.000,14.260,14.260,1.000,0.020,2.987,0.000
2026-09-29T20:36:00Z,1.540,2.560,924.000,7452229632.000,14.480,14.480,2.000,0.020,3.700,0.000
2026-09-29T20:37:00Z,1.535,2.580,924.000,7452229632.000,17.460,17.460,2.000,0.050,3.900,0.000
2026-09-29T20:38:00Z,1.515,2.540,924.000,7453278208.000,15.180,15.180,2.000,0.030,4.460,0.000
2026-09-29T20:39:00Z,1.450,2.390,924.000,7453278208.000,8.440,8.440,2.000,0.010,3.973,0.000
2026-09-29T20:40:00Z,1.520,2.490,924.000,7453278208.000,16.840,16.840,2.000,0.120,2.365,0.000
2026-09-29T20:41:00Z,1.550,2.530,924.000,7454326784.000,19.410,19.410,2.000,0.030,4.338,0.000
2026-09-29T20:42:00Z,1.540,2.470,924.000,7452229632.000,14.190,14.190,3.000,0.030,4.942,0.000
2026-09-29T20:43:00Z,1.495,2.460,924.000,7453278208.000,11.660,11.660,3.000,0.020,3.920,0.000
2026-09-29T20:44:00Z,1.470,2.450,924.000,7455375360.000,11.910,11.910,1.000,0.020,3.225,0.000
2026-09-29T20:45:00Z,,,924.000,,14.360,14.360,2.000,0.030,3.100,0.000
2026-09-29T20:46:00Z,1.490,2.520,924.000,7454326784.000,8.760,8.760,1.000,0.030,3.680,0.000
2026-09-29T20:47:00Z,1.500,2.480,924.000,7454326784.000,11.790,11.790,2.000,0.020,2.280,0.000
2026-09-29T20:48:00Z,1.525,2.520,924.000,7453278208.000,12.800,12.800,2.000,0.020,3.164,0.000
2026-09-29T20:49:00Z,1.435,2.470,,7453278208.000,7.680,7.680,1.000,0.010,,0.000
2026-09-29T20:50:00Z,1.535,2.620,924.000,7454326784.000,8.790,8.790,1.000,0.010,2.225,0.000
2026-09-29T20:51:00Z,1.490,2.500,924.000,7452229632.000,7.630,7.630,1.000,0.010,2.350,0.000
2026-09-29T20:52:00Z,1.495,2.550,924.000,7452229632.000,12.520,12.520,1.000,0.130,1.992,0.000
2026-09-29T20:53:00Z,1.460,2.510,924.000,7452229632.000,5.890,5.890,2.000,0.010,3.458,0.000
2026-09-29T20:54:00Z,,,924.000,,3.730,3.730,1.000,0.000,1.562,0.000
2026-09-29T20:55:00Z,1.857,3.100,924.000,7435452416.000,7.680,7.680,1.000,0.010,1.075,0.000
2026-09-29T20:56:00Z,1.480,2.520,924.000,7456423936.000,11.740,11.740,0.000,0.030,2.610,0.000
2026-09-29T20:57:00Z,1.440,2.480,924.000,7455375360.000,7.110,7.110,1.000,0.010,3.027,0.000
2026-09-29T20:58:00Z,1.585,2.500,924.000,7455375360.000,15.490,15.490,2.000,0.100,1.867,0.000
2026-09-29T20:59:00Z,1.580,2.670,924.000,7455375360.000,30.160,30.160,0.000,0.080,3.990,0.000
2026-09-29T21:00:00Z,1.600,2.670,924.000,7455375360.000,12.600,12.600,6.000,0.020,7.630,0.000
2026-09-29T21:01:00Z,6.735,13.160,924.000,7534018560.000,14.060,14.060,2.000,0.030,3.248,0.000
2026-09-29T21:02:00Z,1.340,2.380,924.000,7534018560.000,0.090,0.090,3.000,0.000,3.610,0.000
2026-09-29T21:03:00Z,1.355,2.410,924.000,7534018560.000,0.000,0.000,0.000,0.000,0.352,0.000
2026-09-29T21:04:00Z,1.420,2.400,924.000,7532969984.000,0.000,0.000,0.000,0.000,0.098,0.000
2026-09-29T21:05:00Z,1.310,2.320,924.000,7532969984.000,0.000,0.000,0.000,0.000,0.110,0.000
2026-09-29T21:06:00Z,1.325,2.330,924.000,7532969984.000,0.000,0.000,0.000,0.000,0.290,0.000
2026-09-29T21:07:00Z,1.310,2.320,924.000,7532969984.000,0.000,0.000,0.000,0.000,0.115,0.000
2026-09-29T21:08:00Z,1.335,2.370,924.000,7532969984.000,0.000,0.000,0.000,0.000,0.092,0.000
2026-09-29T21:09:00Z,1.305,2.320,924.000,7532969984.000,0.000,0.000,0.000,0.000,0.128,0.000
2026-09-29T21:10:00Z,1.315,2.320,924.000,7532969984.000,0.000,0.000,0.000,0.000,0.179,0.000
2026-09-29T21:11:00Z,1.390,2.460,,7621050368.000,0.000,0.000,0.000,0.000,,0.000
2026-09-29T21:12:00Z,1.325,2.330,924.000,7621050368.000,0.000,0.000,0.000,0.000,0.410,0.000
2026-09-29T21:13:00Z,1.325,2.330,924.000,7621050368.000,0.000,0.000,0.000,0.000,0.217,0.000
2026-09-29T21:14:00Z,1.300,2.290,924.000,7621050368.000,0.000,0.000,0.000,0.000,0.140,0.000
2026-09-29T21:15:00Z,1.305,2.300,924.000,7621050368.000,0.000,0.000,0.000,0.000,0.128,0.000
2026-09-29T21:16:00Z,1.300,2.290,924.000,7621050368.000,0.000,0.000,0.000,0.000,0.089,0.000
2026-09-29T21:17:00Z,1.320,2.330,,7621050368.000,0.000,0.000,0.000,0.000,,0.000
2026-09-29T21:18:00Z,1.360,2.400,924.000,7622098944.000,0.000,0.000,0.000,0.000,0.090,0.000
2026-09-29T21:19:00Z,,,924.000,,0.000,0.000,0.000,0.000,0.305,0.000
2026-09-29T21:20:00Z,1.327,2.350,924.000,7622098944.000,0.000,0.000,0.000,0.000,0.096,0.000
2026-09-29T21:21:00Z,1.355,2.360,,7622098944.000,0.000,0.000,0.000,0.000,,0.000
2026-09-29T21:22:00Z,1.310,2.290,924.000,7622098944.000,0.000,0.000,0.000,0.000,0.090,0.000
2026-09-29T21:23:00Z,1.350,2.310,924.000,7622098944.000,0.000,0.000,0.000,0.000,0.307,0.000
2026-09-29T21:24:00Z,1.330,2.260,924.000,7622098944.000,0.000,0.000,0.000,0.000,0.105,0.000
2026-09-29T21:25:00Z,1.320,2.220,924.000,7622098944.000,0.000,0.000,0.000,0.000,0.107,0.000
2026-09-29T21:26:00Z,1.335,2.220,924.000,7622098944.000,0.000,0.000,0.000,0.000,0.098,0.000
2026-09-29T21:27:00Z,1.300,2.160,924.000,7623147520.000,0.000,0.000,0.000,0.000,0.090,0.000
2026-09-29T21:28:00Z,1.355,2.270,924.000,7623147520.000,0.000,0.000,0.000,0.000,0.090,0.000
2026-09-29T21:29:00Z,1.300,2.180,924.000,7623147520.000,0.000,0.000,0.000,0.000,0.104,0.000
2026-09-29T21:30:00Z,1.335,2.190,,7623147520.000,0.000,0.000,0.000,0.000,,0.000
2026-09-29T21:31:00Z,1.325,2.190,924.000,7623147520.000,0.000,0.000,0.000,0.000,0.090,0.000
2026-09-29T21:32:00Z,1.350,2.190,924.000,,0.000,0.000,0.000,0.000,0.092,0.000
2026-09-29T21:33:00Z,1.365,2.210,924.000,7622098944.000,0.000,0.000,0.000,0.000,0.305,0.000
2026-09-29T21:34:00Z,1.300,2.080,924.000,7622098944.000,0.000,0.000,0.000,0.000,0.090,0.000
2026-09-29T21:35:00Z,1.355,2.120,924.000,7622098944.000,0.000,0.000,0.000,0.000,0.110,0.000
2026-09-29T21:36:00Z,1.315,2.070,924.000,7622098944.000,0.000,0.000,0.000,0.000,0.098,0.000
2026-09-29T21:37:00Z,1.345,2.080,924.000,7622098944.000,0.000,0.000,0.000,0.000,0.265,0.000
2026-09-29T21:38:00Z,1.335,2.030,924.000,7622098944.000,0.000,0.000,0.000,0.000,0.128,0.000
2026-09-29T21:39:00Z,1.325,2.020,924.000,7623147520.000,0.000,0.000,0.000,0.000,0.115,0.000
2026-09-29T21:40:00Z,1.325,2.000,924.000,7623147520.000,0.000,0.000,0.000,0.000,0.305,0.000
2026-09-29T21:41:00Z,1.355,2.040,924.000,7623147520.000,0.000,0.000,0.000,0.000,0.092,0.000
2026-09-29T21:42:00Z,1.305,1.960,924.000,7623147520.000,0.000,0.000,0.000,0.000,0.105,0.000
2026-09-29T21:43:00Z,1.760,2.850,924.000,7622098944.000,0.000,0.000,0.000,0.000,0.318,0.000
2026-09-29T21:44:00Z,1.325,2.000,924.000,7622098944.000,0.000,0.000,0.000,0.000,0.560,0.000
2026-09-29T21:45:00Z,1.325,2.020,924.000,7622098944.000,0.000,0.000,0.000,0.000,0.092,0.000
2026-09-29T21:46:00Z,1.325,2.020,924.000,7622098944.000,0.000,0.000,0.000,0.000,0.098,0.000
2026-09-29T21:47:00Z,,,924.000,7622098944.000,0.000,0.000,0.000,0.000,0.090,0.000
2026-09-29T21:48:00Z,1.373,2.040,924.000,7622098944.000,0.000,0.000,0.000,0.000,0.090,0.000
2026-09-29T21:49:00Z,1.290,1.880,924.000,7622098944.000,0.000,0.000,0.000,0.000,0.115,0.000
2026-09-29T21:50:00Z,1.325,1.890,924.000,7622098944.000,0.000,0.000,0.000,0.000,0.092,0.000
2026-09-29T21:51:00Z,,,924.000,,0.000,0.000,0.000,0.000,0.102,0.000
2026-09-29T21:52:00Z,1.327,1.920,924.000,7622098944.000,0.000,0.000,0.000,0.000,0.090,0.000
2026-09-29T21:53:00Z,1.390,2.040,924.000,7622098944.000,0.000,0.000,0.000,0.000,0.210,0.000
2026-09-29T21:54:00Z,,,,,0.000,0.000,0.000,0.000,,0.000
2026-09-29T21:55:00Z,1.768,2.320,924.000,7603224576.000,0.000,0.000,0.000,0.000,0.095,0.000
2026-09-29T21:56:00Z,1.790,2.770,924.000,7586447360.000,0.000,0.000,0.000,0.000,0.427,0.000
2026-09-29T21:57:00Z,1.335,1.830,924.000,7586447360.000,0.000,0.000,0.000,0.000,0.723,0.000
2026-09-29T21:58:00Z,1.355,1.860,924.000,7586447360.000,0.000,0.000,0.000,0.000,0.090,0.000
2026-09-29T21:59:00Z,1.350,1.760,924.000,7586447360.000,0.000,0.000,0.000,0.000,0.115,0.000
2026-09-29T22:00:00Z,1.325,1.700,924.000,7586447360.000,0.000,0.000,0.000,0.000,0.102,0.000
2026-09-29T22:01:00Z,1.575,2.070,924.000,7585398784.000,13.560,13.560,0.000,0.020,0.090,0.000
2026-09-29T22:02:00Z,1.605,1.910,924.000,7585398784.000,8.730,8.730,0.000,0.010,3.695,0.000
2026-09-29T22:03:00Z,1.585,1.910,924.000,7585398784.000,11.010,11.010,2.000,0.010,2.300,0.000
2026-09-29T22:04:00Z,1.500,1.720,924.000,7585398784.000,8.590,8.590,2.000,0.010,2.855,0.000
2026-09-29T22:05:00Z,1.510,1.710,924.000,7585398784.000,6.780,6.780,1.000,0.010,2.250,0.000
2026-09-29T22:06:00Z,1.495,1.610,924.000,7585398784.000,8.560,8.560,1.000,0.010,1.785,0.000
2026-09-29T22:07:00Z,1.485,1.690,924.000,7585398784.000,12.310,12.310,1.000,0.020,2.245,0.000
2026-09-29T22:08:00Z,1.495,1.680,924.000,7585398784.000,6.740,6.740,2.000,0.010,3.167,0.000
2026-09-29T22:09:00Z,1.445,1.600,924.000,7585398784.000,6.850,6.850,1.000,0.010,1.778,0.000
2026-09-29T22:10:00Z,1.475,1.640,924.000,7585398784.000,5.030,5.030,1.000,0.000,1.982,0.000
2026-09-29T22:11:00Z,1.545,1.650,924.000,7585398784.000,7.060,7.060,1.000,0.010,1.375,0.000
2026-09-29T22:12:00Z,1.455,1.540,924.000,7585398784.000,10.960,10.960,0.000,0.010,1.863,0.000
2026-09-29T22:13:00Z,1.460,1.600,924.000,7585398784.000,8.260,8.260,2.000,0.010,3.062,0.000
2026-09-29T22:14:00Z,1.425,1.520,924.000,7585398784.000,4.280,4.280,1.000,0.000,2.163,0.000
2026-09-29T22:15:00Z,1.445,1.480,924.000,7585398784.000,3.860,3.860,0.000,0.000,1.185,0.000
2026-09-29T22:16:00Z,1.470,1.490,924.000,7585398784.000,5.310,5.310,0.000,0.000,1.231,0.000
2026-09-29T22:17:00Z,1.410,1.450,,7585398784.000,7.540,7.540,0.000,0.010,,0.000
2026-09-29T22:18:00Z,1.470,1.600,924.000,7585398784.000,3.240,3.240,1.000,0.000,1.525,0.000
2026-09-29T22:19:00Z,1.415,1.480,,7585398784.000,2.390,2.390,0.000,0.000,,0.000
2026-09-29T22:20:00Z,1.515,1.520,924.000,7585398784.000,3.510,3.510,0.000,0.000,0.708,0.000
2026-09-29T22:21:00Z,1.615,1.680,924.000,7583301632.000,21.940,21.940,0.000,0.030,0.970,0.000
2026-09-29T22:22:00Z,1.465,1.470,924.000,7583301632.000,9.100,9.100,2.000,0.010,5.575,0.000
2026-09-29T22:23:00Z,1.465,1.570,924.000,7583301632.000,8.440,8.440,2.000,0.010,2.415,0.000
2026-09-29T22:24:00Z,1.465,1.570,,7582253056.000,6.410,6.410,1.000,0.010,,0.000
2026-09-29T22:25:00Z,1.420,1.520,924.000,7582253056.000,3.590,3.590,1.000,0.000,1.718,0.000
2026-09-29T22:26:00Z,1.435,1.510,924.000,7582253056.000,4.850,4.850,1.000,0.000,0.990,0.000
2026-09-29T22:27:00Z,1.535,1.570,924.000,7582253056.000,4.880,4.880,0.000,0.000,1.298,0.000
2026-09-29T22:28:00Z,1.580,1.600,924.000,7582253056.000,10.190,10.190,1.000,0.010,1.305,0.000
2026-09-29T22:29:00Z,1.520,1.570,924.000,7582253056.000,16.190,16.190,0.000,0.020,2.850,0.000
2026-09-29T22:30:00Z,1.520,1.580,924.000,7582253056.000,11.280,11.280,3.000,0.010,4.178,0.000
2026-09-29T22:31:00Z,1.530,1.630,924.000,7581204480.000,10.580,10.580,2.000,0.010,2.905,0.000
2026-09-29T22:32:00Z,1.585,1.620,924.000,7581204480.000,23.990,23.990,1.000,0.040,2.737,0.000
2026-09-29T22:33:00Z,1.510,1.560,924.000,7581204480.000,9.680,9.680,3.000,0.010,6.308,0.000
2026-09-29T22:34:00Z,1.520,1.640,924.000,7581204480.000,10.130,10.130,2.000,0.010,2.579,0.000
2026-09-29T22:35:00Z,1.505,1.610,,7581204480.000,11.410,11.410,1.000,0.020,,0.000
2026-09-29T22:36:00Z,1.455,1.630,924.000,7581204480.000,4.210,4.210,2.000,0.000,2.967,0.000
2026-09-29T22:37:00Z,1.440,1.600,924.000,7582253056.000,5.290,5.290,1.000,0.000,1.350,0.000
2026-09-29T22:38:00Z,1.425,1.570,924.000,7582253056.000,4.860,4.860,0.000,0.000,1.415,0.000
2026-09-29T22:39:00Z,1.490,1.650,924.000,,5.560,5.560,0.000,0.000,1.337,0.000
2026-09-29T22:40:00Z,1.445,1.690,924.000,7582253056.000,4.280,4.280,0.000,0.000,1.650,0.000
2026-09-29T22:41:00Z,1.470,1.670,924.000,7581204480.000,4.180,4.180,0.000,0.000,1.167,0.000
2026-09-29T22:42:00Z,1.420,1.690,924.000,7581204480.000,3.530,3.530,0.000,0.000,1.137,0.000
2026-09-29T22:43:00Z,1.455,1.720,924.000,7582253056.000,4.780,4.780,0.000,0.000,1.185,0.000
2026-09-29T22:44:00Z,1.430,1.710,924.000,7582253056.000,2.980,2.980,0.000,0.000,1.317,0.000
2026-09-29T22:45:00Z,1.390,1.730,924.000,7582253056.000,3.260,3.260,0.000,0.000,0.835,0.000
2026-09-29T22:46:00Z,1.415,1.760,924.000,7582253056.000,2.030,2.030,0.000,0.000,0.917,0.000
2026-09-29T22:47:00Z,1.455,1.840,924.000,7582253056.000,3.180,3.180,0.000,0.000,0.580,0.000
2026-09-29T22:48:00Z,1.445,1.840,924.000,7582253056.000,4.730,4.730,0.000,0.000,0.885,0.000
2026-09-29T22:49:00Z,1.400,1.850,924.000,7582253056.000,1.530,1.530,0.000,0.000,0.880,0.000
2026-09-29T22:50:00Z,1.425,1.900,,7583301632.000,2.630,2.630,0.000,0.000,,0.000
2026-09-29T22:51:00Z,1.450,1.930,924.000,7581204480.000,1.810,1.810,0.000,0.000,0.748,0.000
2026-09-29T22:52:00Z,1.450,1.930,924.000,7581204480.000,2.150,2.150,0.000,0.000,0.545,0.000
2026-09-29T22:53:00Z,1.460,1.950,924.000,7580155904.000,1.910,1.910,0.000,0.000,0.865,0.000
2026-09-29T22:54:00Z,,,924.000,,2.660,2.660,0.000,0.000,0.605,0.000
2026-09-29T22:55:00Z,1.857,2.630,924.000,7581204480.000,8.490,8.490,0.000,0.010,0.762,0.000
2026-09-29T22:56:00Z,1.445,1.950,924.000,7581204480.000,5.880,5.880,1.000,0.000,2.513,0.000
2026-09-29T22:57:00Z,1.460,1.980,924.000,7581204480.000,5.830,5.830,1.000,0.000,1.635,0.000
2026-09-29T22:58:00Z,1.445,1.970,924.000,7580155904.000,6.630,6.630,1.000,0.010,1.661,0.000
2026-09-29T22:59:00Z,1.480,1.990,,7580155904.000,6.180,6.180,1.000,0.000,,0.000
2026-09-29T23:00:00Z,1.520,2.070,924.000,7580155904.000,6.690,6.690,1.000,0.010,1.640,0.000
2026-09-29T23:01:00Z,1.650,2.340,924.000,7582253056.000,8.190,8.190,1.000,0.020,1.762,0.000
2026-09-29T23:02:00Z,1.475,2.250,924.000,7582253056.000,7.140,7.140,1.000,0.010,2.145,0.000
2026-09-29T23:03:00Z,1.400,2.040,924.000,7582253056.000,8.190,8.190,1.000,0.010,2.095,0.000
2026-09-29T23:04:00Z,1.470,2.050,924.000,7582253056.000,7.890,7.890,1.000,0.010,2.165,0.000
2026-09-29T23:05:00Z,1.480,2.120,924.000,7582253056.000,7.580,7.580,1.000,0.010,2.065,0.000
2026-09-29T23:06:00Z,1.405,2.070,924.000,7582253056.000,6.230,6.230,1.000,0.010,1.980,0.000
2026-09-29T23:07:00Z,1.480,2.130,924.000,7582253056.000,6.380,6.380,1.000,0.010,1.650,0.000
2026-09-29T23:08:00Z,1.440,2.140,924.000,7582253056.000,6.390,6.390,1.000,0.010,1.690,0.000
2026-09-29T23:09:00Z,1.400,2.100,924.000,7582253056.000,1.200,1.200,1.000,0.000,1.715,0.000
2026-09-29T23:10:00Z,1.420,2.170,924.000,7582253056.000,1.190,1.190,0.000,0.000,0.573,0.000
2026-09-29T23:11:00Z,1.530,2.340,924.000,7582253056.000,2.530,2.530,0.000,0.000,0.390,0.000
2026-09-29T23:12:00Z,1.295,2.150,924.000,7582253056.000,1.710,1.710,0.000,0.000,0.738,0.000
2026-09-29T23:13:00Z,1.520,2.060,924.000,7582253056.000,3.110,3.110,0.000,0.000,0.809,0.000
2026-09-29T23:14:00Z,1.500,2.180,,7582253056.000,5.410,5.410,0.000,0.000,,0.000
2026-09-29T23:15:00Z,1.465,2.200,924.000,7582253056.000,3.830,3.830,0.000,0.000,1.248,0.000
2026-09-29T23:16:00Z,1.440,2.260,,7582253056.000,3.480,3.480,0.000,0.000,,0.000
2026-09-29T23:17:00Z,1.405,2.260,924.000,7582253056.000,3.030,3.030,0.000,0.000,0.960,0.000
2026-09-29T23:18:00Z,1.505,2.310,924.000,7582253056.000,3.760,3.760,0.000,0.000,0.855,0.000
2026-09-29T23:19:00Z,1.420,2.240,924.000,7582253056.000,4.990,4.990,0.000,0.000,1.262,0.000
2026-09-29T23:20:00Z,,,924.000,,3.160,3.160,0.000,0.000,1.333,0.000
2026-09-29T23:21:00Z,1.462,2.400,924.000,7582253056.000,2.680,2.680,0.000,0.000,0.875,0.000
2026-09-29T23:22:00Z,1.415,2.400,924.000,7582253056.000,4.160,4.160,0.000,0.000,0.767,0.000
2026-09-29T23:23:00Z,1.440,2.420,924.000,7582253056.000,3.760,3.760,0.000,0.000,1.355,0.000
2026-09-29T23:24:00Z,1.430,2.400,924.000,7582253056.000,5.360,5.360,0.000,0.000,1.035,0.000
2026-09-29T23:25:00Z,1.390,2.370,924.000,7582253056.000,2.740,2.740,0.000,0.000,1.445,0.000
2026-09-29T23:26:00Z,1.425,2.440,924.000,7582253056.000,1.530,1.530,0.000,0.000,0.787,0.000
2026-09-29T23:27:00Z,1.445,2.470,924.000,7582253056.000,2.590,2.590,0.000,0.000,0.480,0.000
2026-09-29T23:28:00Z,1.430,2.390,924.000,7582253056.000,4.080,4.080,0.000,0.000,0.922,0.000
2026-09-29T23:29:00Z,1.350,2.300,,7582253056.000,2.560,2.560,0.000,0.000,,0.000
2026-09-29T23:30:00Z,1.380,2.340,924.000,7582253056.000,1.930,1.930,0.000,0.000,0.738,0.000
2026-09-29T23:31:00Z,1.425,2.330,924.000,7582253056.000,5.230,5.230,0.000,0.000,0.573,0.000
2026-09-29T23:32:00Z,1.440,2.430,924.000,7582253056.000,4.260,4.260,0.000,0.000,1.396,0.000
2026-09-29T23:33:00Z,1.410,2.360,,7582253056.000,2.360,2.360,0.000,0.000,,0.000
2026-09-29T23:34:00Z,1.445,2.480,924.000,7582253056.000,0.930,0.930,0.000,0.000,0.700,0.000
2026-09-29T23:35:00Z,1.450,2.470,924.000,7582253056.000,7.540,7.540,0.000,0.010,0.325,0.000
2026-09-29T23:36:00Z,,,924.000,7582253056.000,8.650,8.650,0.000,0.010,1.970,0.000
2026-09-29T23:37:00Z,1.465,2.450,924.000,7582253056.000,5.860,5.860,0.000,0.000,2.408,0.000
2026-09-29T23:38:00Z,1.405,2.380,924.000,7582253056.000,4.130,4.130,1.000,0.000,1.593,0.000
2026-09-29T23:39:00Z,1.505,2.500,924.000,7582253056.000,10.480,10.480,0.000,0.010,1.147,0.000
2026-09-29T23:40:00Z,1.425,2.370,924.000,7582253056.000,7.060,7.060,0.000,0.010,2.900,0.000
2026-09-29T23:41:00Z,1.445,2.410,924.000,7582253056.000,5.750,5.750,2.000,0.000,1.875,0.000
2026-09-29T23:42:00Z,1.555,2.500,924.000,7582253056.000,16.100,16.100,0.000,0.020,1.545,0.000
2026-09-29T23:43:00Z,1.450,2.390,924.000,7582253056.000,7.030,7.030,1.000,0.010,3.098,0.000
2026-09-29T23:44:00Z,1.430,2.420,,7582253056.000,4.210,4.210,2.000,0.000,,0.000
2026-09-29T23:45:00Z,1.400,2.370,924.000,7582253056.000,4.230,4.230,1.000,0.000,1.167,0.000
2026-09-29T23:46:00Z,1.485,2.460,924.000,7582253056.000,12.410,12.410,0.000,0.020,2.170,0.000
2026-09-29T23:47:00Z,1.460,2.440,,7582253056.000,9.360,9.360,1.000,0.010,,0.000
2026-09-29T23:48:00Z,1.525,2.490,924.000,7581204480.000,10.540,10.540,2.000,0.010,2.433,0.000
2026-09-29T23:49:00Z,1.455,2.450,924.000,7581204480.000,7.940,7.940,1.000,0.010,2.725,0.000
2026-09-29T23:50:00Z,1.490,2.450,924.000,7580155904.000,13.510,13.510,1.000,0.020,2.100,0.000
2026-09-29T23:51:00Z,1.545,2.550,924.000,7580155904.000,9.790,9.790,1.000,0.010,3.475,0.000
2026-09-29T23:52:00Z,1.440,2.440,924.000,7580155904.000,4.850,4.850,2.000,0.000,2.540,0.000
2026-09-29T23:53:00Z,2.925,5.380,924.000,7391412224.000,4.190,4.190,1.000,0.000,1.540,0.000
2026-09-29T23:54:00Z,1.425,2.360,924.000,7582253056.000,5.390,5.390,0.000,0.000,1.175,0.000
2026-09-29T23:55:00Z,2.260,3.240,924.000,7562330112.000,6.410,6.410,0.000,0.010,1.865,0.000
2026-09-29T23:56:00Z,1.500,2.450,924.000,7581204480.000,10.630,10.630,1.000,0.010,1.732,0.000
2026-09-29T23:57:00Z,1.500,2.430,924.000,7581204480.000,13.090,13.090,1.000,0.020,3.092,0.000
2026-09-29T23:58:00Z,1.490,2.480,924.000,7581204480.000,7.990,7.990,2.000,0.010,3.375,0.000
2026-09-29T23:59:00Z,1.460,2.440,924.000,7581204480.000,9.060,9.060,2.000,0.010,2.107,0.000
2026-09-30T00:00:00Z,1.470,2.440,924.000,7581204480.000,9.080,9.080,1.000,0.010,2.364,0.000
2026-09-30T00:01:00Z,1.770,2.600,,7582253056.000,30.080,30.080,1.000,0.060,,0.000
2026-09-30T00:02:00Z,1.585,2.570,924.000,7582253056.000,22.090,22.090,1.000,0.030,7.617,0.000
2026-09-30T00:03:00Z,1.505,2.490,924.000,7582253056.000,13.380,13.380,6.000,0.020,5.965,0.000
2026-09-30T00:04:00Z,1.585,2.570,924.000,7582253056.000,22.440,22.440,3.000,0.040,3.460,0.000
2026-09-30T00:05:00Z,1.500,2.510,924.000,7582253056.000,11.090,11.090,2.000,0.010,5.702,0.000
2026-09-30T00:06:00Z,1.730,2.780,924.000,7582253056.000,24.640,24.640,3.000,0.040,2.862,0.000
2026-09-30T00:07:00Z,1.675,2.670,924.000,7582253056.000,39.690,39.690,1.000,0.340,6.253,0.000
2026-09-30T00:08:00Z,1.640,2.480,924.000,7581204480.000,15.760,15.760,6.000,0.020,10.012,0.000
2026-09-30T00:09:00Z,,,924.000,,11.960,11.960,5.000,0.020,4.030,0.000
2026-09-30T00:10:00Z,1.505,2.550,924.000,7581204480.000,10.500,10.500,2.000,0.010,3.183,0.000
2026-09-30T00:11:00Z,1.540,2.520,,7581204480.000,11.260,11.260,1.000,0.010,,0.000
2026-09-30T00:12:00Z,1.540,2.580,924.000,7581204480.000,12.120,12.120,2.000,0.020,2.905,0.000
2026-09-30T00:13:00Z,1.580,2.510,924.000,7581204480.000,17.200,17.200,1.000,0.020,3.880,0.000
2026-09-30T00:14:00Z,1.530,2.530,,7581204480.000,11.430,11.430,2.000,0.010,,0.000
2026-09-30T00:15:00Z,1.535,2.540,924.000,7581204480.000,14.440,14.440,2.000,0.020,2.960,0.000
2026-09-30T00:16:00Z,1.710,2.770,924.000,7581204480.000,31.290,31.290,2.000,0.060,3.700,0.000
2026-09-30T00:17:00Z,1.485,2.460,924.000,7581204480.000,17.860,17.860,2.000,0.030,7.912,0.000
2026-09-30T00:18:00Z,1.580,2.620,924.000,7581204480.000,19.290,19.290,6.000,0.050,4.567,0.000
2026-09-30T00:19:00Z,1.620,2.540,924.000,7581204480.000,27.510,27.510,2.000,0.040,5.090,0.000
2026-09-30T00:20:00Z,1.580,2.570,924.000,7581204480.000,17.530,17.530,4.000,0.030,7.010,0.000
2026-09-30T00:21:00Z,1.615,2.560,924.000,7581204480.000,17.310,17.310,4.000,0.060,4.478,0.000
2026-09-30T00:22:00Z,1.525,2.510,924.000,7581204480.000,12.440,12.440,2.000,0.020,4.418,0.000
2026-09-30T00:23:00Z,1.540,2.470,924.000,7580155904.000,15.190,15.190,3.000,0.020,3.425,0.000
2026-09-30T00:24:00Z,1.485,2.490,924.000,7580155904.000,9.700,9.700,2.000,0.010,3.882,0.000
2026-09-30T00:25:00Z,1.475,2.430,924.000,7580155904.000,13.410,13.410,2.000,0.020,2.545,0.000
2026-09-30T00:26:00Z,,,924.000,,14.110,14.110,2.000,0.020,3.445,0.000
2026-09-30T00:27:00Z,1.510,2.540,924.000,7580155904.000,13.470,13.470,1.000,0.020,3.630,0.000
2026-09-30T00:28:00Z,1.630,2.710,924.000,7581204480.000,12.430,12.430,3.000,0.020,3.335,0.000
2026-09-30T00:29:00Z,1.470,2.420,,7581204480.000,11.970,11.970,1.000,0.020,,0.000
2026-09-30T00:30:00Z,1.485,2.440,924.000,7581204480.000,11.610,11.610,2.000,0.020,3.078,0.000
2026-09-30T00:31:00Z,1.560,2.490,924.000,7579107328.000,14.210,14.210,1.000,0.020,2.995,0.000
2026-09-30T00:32:00Z,1.480,2.450,924.000,7579107328.000,10.980,10.980,2.000,0.010,3.658,0.000
2026-09-30T00:33:00Z,1.465,2.420,924.000,7579107328.000,4.630,4.630,2.000,0.000,3.075,0.000
2026-09-30T00:34:00Z,1.460,2.440,924.000,7579107328.000,7.780,7.780,1.000,0.010,1.272,0.000
2026-09-30T00:35:00Z,1.450,2.430,924.000,7579107328.000,8.480,8.480,1.000,0.010,2.042,0.000
2026-09-30T00:36:00Z,,,924.000,7579107328.000,8.210,8.210,1.000,0.010,2.210,0.000
2026-09-30T00:37:00Z,1.512,2.500,924.000,7579107328.000,16.150,16.150,1.000,0.020,2.325,0.000
2026-09-30T00:38:00Z,1.625,2.610,924.000,7579107328.000,22.820,22.820,2.000,0.040,4.133,0.000
2026-09-30T00:39:00Z,1.455,2.430,924.000,7579107328.000,11.280,11.280,3.000,0.010,5.827,0.000
2026-09-30T00:40:00Z,1.480,2.410,924.000,7579107328.000,13.260,13.260,3.000,0.030,3.092,0.000
2026-09-30T00:41:00Z,1.495,2.380,924.000,7578058752.000,13.070,13.070,1.000,0.020,3.438,0.000
2026-09-30T00:42:00Z,1.455,2.450,924.000,7578058752.000,9.480,9.480,2.000,0.010,3.373,0.000
2026-09-30T00:43:00Z,1.455,2.370,924.000,7578058752.000,8.490,8.490,1.000,0.010,2.697,0.000
2026-09-30T00:44:00Z,1.420,2.380,924.000,7578058752.000,4.510,4.510,2.000,0.000,2.220,0.000
2026-09-30T00:45:00Z,1.495,2.510,924.000,7578058752.000,6.880,6.880,0.000,0.010,1.250,0.000
2026-09-30T00:46:00Z,0.520,0.520,924.000,7579107328.000,10.260,10.260,0.000,0.010,1.823,0.000
2026-09-30T00:47:00Z,1.830,2.520,924.000,7579107328.000,11.840,11.840,1.000,0.020,2.663,0.000
2026-09-30T00:48:00Z,1.555,2.620,924.000,7579107328.000,13.440,13.440,2.000,0.020,3.058,0.000
2026-09-30T00:49:00Z,1.525,2.500,924.000,7579107328.000,15.940,15.940,2.000,0.020,3.458,0.000
2026-09-30T00:50:00Z,1.565,2.540,924.000,7579107328.000,18.450,18.450,3.000,0.030,4.100,0.000
2026-09-30T00:51:00Z,1.580,2.550,924.000,7578058752.000,14.370,14.370,2.000,0.020,4.710,0.000
2026-09-30T00:52:00Z,1.565,2.490,924.000,7578058752.000,11.980,11.980,3.000,0.020,3.685,0.000
2026-09-30T00:53:00Z,1.505,2.480,924.000,7578058752.000,10.010,10.010,1.000,0.010,3.305,0.000
2026-09-30T00:54:00Z,1.490,2.440,924.000,7579107328.000,12.330,12.330,2.000,0.020,2.845,0.000
2026-09-30T00:55:00Z,2.330,4.180,924.000,7557087232.000,10.110,10.110,1.000,0.010,3.195,0.000
2026-09-30T00:56:00Z,1.560,2.500,924.000,7582253056.000,15.930,15.930,2.000,0.020,2.618,0.000
2026-09-30T00:57:00Z,1.560,2.630,924.000,7575961600.000,10.300,10.300,2.000,0.010,4.418,0.000
2026-09-30T00:58:00Z,1.490,2.460,924.000,7575961600.000,9.260,9.260,2.000,0.010,2.690,0.000
2026-09-30T00:59:00Z,1.430,2.420,924.000,7575961600.000,7.440,7.440,1.000,0.010,2.605,0.000
2026-09-30T01:00:00Z,1.455,2.400,924.000,7575961600.000,10.940,10.940,1.000,0.010,2.000,0.000
2026-09-30T01:01:00Z,1.640,2.620,924.000,7574913024.000,15.710,15.710,1.000,0.030,2.833,0.000
2026-09-30T01:02:00Z,1.560,2.540,924.000,7574913024.000,20.590,20.590,1.000,0.030,4.732,0.000
2026-09-30T01:03:00Z,1.540,2.500,,7574913024.000,14.960,14.960,4.000,0.020,,0.000
2026-09-30T01:04:00Z,1.520,2.470,924.000,7574913024.000,14.460,14.460,2.000,0.020,3.784,0.000
2026-09-30T01:05:00Z,1.500,2.480,,7574913024.000,12.310,12.310,2.000,0.020,,0.000
2026-09-30T01:06:00Z,1.470,2.460,924.000,7574913024.000,8.740,8.740,2.000,0.010,3.170,0.000
2026-09-30T01:07:00Z,1.480,2.460,924.000,7574913024.000,9.650,9.650,2.000,0.010,2.283,0.000
2026-09-30T01:08:00Z,1.535,2.490,924.000,7574913024.000,12.230,12.230,1.000,0.020,2.502,0.000
2026-09-30T01:09:00Z,1.510,2.450,924.000,7574913024.000,12.290,12.290,2.000,0.020,3.147,0.000
2026-09-30T01:10:00Z,1.480,2.480,924.000,7574913024.000,8.530,8.530,2.000,0.010,3.362,0.000
2026-09-30T01:11:00Z,1.500,2.420,924.000,7572815872.000,12.770,12.770,2.000,0.020,2.223,0.000
2026-09-30T01:12:00Z,1.495,2.470,924.000,7573864448.000,9.960,9.960,2.000,0.020,3.295,0.000
2026-09-30T01:13:00Z,1.500,2.450,924.000,7573864448.000,11.240,11.240,1.000,0.010,2.797,0.000
2026-09-30T01:14:00Z,1.555,2.420,924.000,7574913024.000,21.380,21.380,2.000,0.040,2.925,0.000
2026-09-30T01:15:00Z,1.490,2.450,924.000,7575961600.000,11.510,11.510,2.000,0.020,5.455,0.000
2026-09-30T01:16:00Z,1.475,2.440,924.000,7575961600.000,12.440,12.440,3.000,0.020,3.079,0.000
2026-09-30T01:17:00Z,1.490,2.490,,7574913024.000,9.150,9.150,1.000,0.010,,0.000
2026-09-30T01:18:00Z,1.525,2.510,924.000,7574913024.000,11.830,11.830,2.000,0.010,2.377,0.000
2026-09-30T01:19:00Z,1.490,2.440,924.000,7574913024.000,10.520,10.520,1.000,0.010,3.230,0.000
2026-09-30T01:20:00Z,1.415,2.380,924.000,,9.260,9.260,2.000,0.010,2.770,0.000
2026-09-30T01:21:00Z,1.475,2.390,924.000,7573864448.000,6.090,6.090,1.000,0.010,2.413,0.000
2026-09-30T01:22:00Z,1.530,2.540,924.000,7573864448.000,10.140,10.140,1.000,0.020,1.633,0.000
2026-09-30T01:23:00Z,1.455,2.390,924.000,7573864448.000,8.960,8.960,1.000,0.010,2.853,0.000
2026-09-30T01:24:00Z,1.510,2.540,924.000,7573864448.000,6.910,6.910,2.000,0.010,2.333,0.000
2026-09-30T01:25:00Z,1.520,2.470,924.000,7574913024.000,16.160,16.160,0.000,0.020,1.845,0.000
2026-09-30T01:26:00Z,1.470,2.450,924.000,7574913024.000,8.740,8.740,1.000,0.010,4.133,0.000
2026-09-30T01:27:00Z,1.480,2.440,924.000,7574913024.000,9.390,9.390,2.000,0.010,2.277,0.000
2026-09-30T01:28:00Z,1.490,2.460,924.000,7574913024.000,8.930,8.930,1.000,0.010,2.433,0.000
2026-09-30T01:29:00Z,,,924.000,7574913024.000,10.800,10.800,1.000,0.010,2.317,0.000
2026-09-30T01:30:00Z,1.482,2.480,924.000,7573864448.000,7.340,7.340,1.000,0.010,2.810,0.000
2026-09-30T01:31:00Z,1.760,2.690,924.000,7575961600.000,27.820,27.820,1.000,0.060,1.913,0.000
2026-09-30T01:32:00Z,1.600,2.560,924.000,,20.300,20.300,1.000,0.030,7.048,0.000
2026-09-30T01:33:00Z,1.575,2.560,924.000,7574913024.000,15.580,15.580,5.000,0.020,5.402,0.000
2026-09-30T01:34:00Z,0.560,0.560,924.000,7574913024.000,17.960,17.960,3.000,0.030,3.985,0.000
2026-09-30T01:35:00Z,1.853,2.510,924.000,7574913024.000,16.010,16.010,3.000,0.020,4.605,0.000
2026-09-30T01:36:00Z,1.535,2.540,924.000,7574913024.000,15.160,15.160,3.000,0.020,4.100,0.000
2026-09-30T01:37:00Z,1.560,2.520,924.000,7575961600.000,23.430,23.430,2.000,0.140,4.058,0.000
2026-09-30T01:38:00Z,1.560,2.620,924.000,7577010176.000,13.380,13.380,3.000,0.020,5.945,0.000
2026-09-30T01:39:00Z,1.550,2.580,924.000,,14.380,14.380,2.000,0.020,3.467,0.000
2026-09-30T01:40:00Z,1.510,2.480,924.000,7577010176.000,16.760,16.760,2.000,0.020,3.868,0.000
2026-09-30T01:41:00Z,1.535,2.450,924.000,7577010176.000,14.070,14.070,3.000,0.020,4.300,0.000
2026-09-30T01:42:00Z,1.500,2.520,924.000,7577010176.000,10.660,10.660,1.000,0.010,3.620,0.000
2026-09-30T01:43:00Z,1.520,2.510,924.000,7577010176.000,10.850,10.850,2.000,0.010,2.987,0.000
2026-09-30T01:44:00Z,1.560,2.450,924.000,7575961600.000,11.630,11.630,2.000,0.020,2.810,0.000
2026-09-30T01:45:00Z,1.440,2.430,924.000,7575961600.000,7.880,7.880,2.000,0.010,2.664,0.000
2026-09-30T01:46:00Z,1.490,2.480,,7574913024.000,11.430,11.430,1.000,0.010,,0.000
2026-09-30T01:47:00Z,1.495,2.490,924.000,7574913024.000,10.350,10.350,1.000,0.010,2.810,0.000
2026-09-30T01:48:00Z,1.475,2.470,,7573864448.000,9.230,9.230,1.000,0.010,,0.000
2026-09-30T01:49:00Z,0.490,0.490,924.000,7573864448.000,10.630,10.630,1.000,0.010,2.393,0.000
2026-09-30T01:50:00Z,1.813,2.490,924.000,7573864448.000,8.060,8.060,1.000,0.010,2.775,0.000
2026-09-30T01:51:00Z,1.540,2.490,924.000,7574913024.000,9.080,9.080,1.000,0.010,2.240,0.000
2026-09-30T01:52:00Z,1.420,2.350,,7574913024.000,6.360,6.360,1.000,0.000,,0.000
2026-09-30T01:53:00Z,1.435,2.350,924.000,7573864448.000,8.150,8.150,1.000,0.010,1.905,0.000
2026-09-30T01:54:00Z,0.470,0.470,924.000,7573864448.000,7.780,7.780,1.000,0.010,2.135,0.000
2026-09-30T01:55:00Z,2.360,2.360,924.000,7573864448.000,9.980,9.980,1.000,0.010,2.055,0.000
2026-09-30T01:56:00Z,1.853,2.490,924.000,7580155904.000,10.540,10.540,1.000,0.010,2.890,0.000
2026-09-30T01:57:00Z,1.455,2.410,,7580155904.000,9.060,9.060,1.000,0.010,,0.000
2026-09-30T01:58:00Z,1.520,2.470,924.000,7579107328.000,14.540,14.540,2.000,0.020,2.438,0.000
2026-09-30T01:59:00Z,1.520,2.400,924.000,7579107328.000,18.850,18.850,1.000,0.030,3.775,0.000
2026-09-30T02:00:00Z,1.425,2.370,924.000,7579107328.000,10.260,10.260,3.000,0.010,4.808,0.000
2026-09-30T02:01:00Z,1.540,2.480,924.000,7578058752.000,12.610,12.610,2.000,0.020,2.658,0.000
2026-09-30T02:02:00Z,1.540,2.580,924.000,7578058752.000,15.690,15.690,1.000,0.020,3.470,0.000
2026-09-30T02:03:00Z,1.520,2.460,924.000,7578058752.000,21.290,21.290,2.000,0.030,4.032,0.000
2026-09-30T02:04:00Z,1.430,2.350,924.000,7578058752.000,12.710,12.710,3.000,0.020,5.438,0.000
2026-09-30T02:05:00Z,1.475,2.380,924.000,7578058752.000,12.860,12.860,2.000,0.020,3.272,0.000
2026-09-30T02:06:00Z,1.600,2.500,924.000,7575961600.000,14.460,14.460,1.000,0.020,3.312,0.000
2026-09-30T02:07:00Z,1.470,2.470,924.000,7575961600.000,11.280,11.280,2.000,0.010,3.417,0.000
2026-09-30T02:08:00Z,1.485,2.450,,7575961600.000,11.810,11.810,2.000,0.020,,0.000
2026-09-30T02:09:00Z,1.580,2.650,924.000,7577010176.000,14.090,14.090,2.000,0.030,3.042,0.000
2026-09-30T02:10:00Z,1.585,2.440,924.000,7578058752.000,33.770,33.770,2.000,0.380,3.757,0.000
2026-09-30T02:11:00Z,1.605,2.590,924.000,7577010176.000,15.930,15.930,4.000,0.030,8.565,0.000
2026-09-30T02:12:00Z,1.525,2.520,924.000,7578058752.000,19.410,19.410,3.000,0.030,4.280,0.000
2026-09-30T02:13:00Z,1.535,2.500,924.000,7578058752.000,12.930,12.930,3.000,0.020,4.968,0.000
2026-09-30T02:14:00Z,1.590,2.610,924.000,7578058752.000,20.850,20.850,2.000,0.030,4.326,0.000
2026-09-30T02:15:00Z,1.515,2.460,,7578058752.000,19.660,19.660,2.000,0.030,,0.000
2026-09-30T02:16:00Z,1.595,2.610,924.000,7578058752.000,19.040,19.040,4.000,0.030,5.000,0.000
2026-09-30T02:17:00Z,1.500,2.470,924.000,7578058752.000,18.260,18.260,3.000,0.030,4.857,0.000
2026-09-30T02:18:00Z,1.610,2.640,924.000,7578058752.000,18.210,18.210,3.000,0.030,4.655,0.000
2026-09-30T02:19:00Z,1.520,2.460,924.000,7578058752.000,16.890,16.890,2.000,0.030,4.862,0.000
2026-09-30T02:20:00Z,1.530,2.490,924.000,7578058752.000,13.610,13.610,3.000,0.020,3.899,0.000
2026-09-30T02:21:00Z,1.535,2.490,,7577010176.000,15.010,15.010,2.000,0.020,,0.000
2026-09-30T02:22:00Z,1.480,2.500,924.000,7577010176.000,7.960,7.960,2.000,0.010,3.855,0.000
2026-09-30T02:23:00Z,1.505,2.450,924.000,7577010176.000,12.770,12.770,2.000,0.020,2.305,0.000
2026-09-30T02:24:00Z,1.510,2.500,924.000,7577010176.000,12.130,12.130,1.000,0.020,3.297,0.000
2026-09-30T02:25:00Z,1.460,2.430,924.000,7577010176.000,10.460,10.460,2.000,0.010,3.138,0.000
2026-09-30T02:26:00Z,1.455,2.440,924.000,7577010176.000,6.640,6.640,2.000,0.010,2.717,0.000
2026-09-30T02:27:00Z,1.495,2.510,924.000,7577010176.000,11.450,11.450,1.000,0.020,1.752,0.000
2026-09-30T02:28:00Z,,,924.000,7577010176.000,9.930,9.930,1.000,0.010,2.958,0.000
2026-09-30T02:29:00Z,1.500,2.510,924.000,7578058752.000,11.110,11.110,2.000,0.020,2.572,0.000
2026-09-30T02:30:00Z,,,924.000,,12.890,12.890,1.000,0.020,2.893,0.000
2026-09-30T02:31:00Z,1.498,2.460,924.000,7577010176.000,11.870,11.870,2.000,0.020,3.315,0.000
2026-09-30T02:32:00Z,1.550,2.570,924.000,7577010176.000,12.950,12.950,1.000,0.020,3.058,0.000
2026-09-30T02:33:00Z,1.490,2.480,924.000,7577010176.000,9.580,9.580,2.000,0.010,3.022,0.000
2026-09-30T02:34:00Z,1.450,2.350,,7577010176.000,16.690,16.690,1.000,0.030,,0.000
2026-09-30T02:35:00Z,1.495,2.480,924.000,7577010176.000,10.870,10.870,2.000,0.010,4.287,0.000
2026-09-30T02:36:00Z,1.545,2.500,924.000,7577010176.000,16.010,16.010,1.000,0.020,2.808,0.000
2026-09-30T02:37:00Z,,,924.000,,11.590,11.590,2.000,0.010,4.255,0.000
2026-09-30T02:38:00Z,1.480,2.460,924.000,7577010176.000,8.240,8.240,2.000,0.010,3.020,0.000
2026-09-30T02:39:00Z,1.510,2.510,924.000,7577010176.000,11.510,11.510,1.000,0.010,2.152,0.000
2026-09-30T02:40:00Z,1.480,2.450,924.000,7578058752.000,11.540,11.540,1.000,0.010,3.033,0.000
2026-09-30T02:41:00Z,1.500,2.420,924.000,7577010176.000,11.280,11.280,2.000,0.030,3.138,0.000
2026-09-30T02:42:00Z,1.485,2.490,924.000,7575961600.000,8.800,8.800,2.000,0.010,2.935,0.000
2026-09-30T02:43:00Z,1.485,2.460,924.000,7575961600.000,8.630,8.630,1.000,0.010,2.527,0.000
2026-09-30T02:44:00Z,1.440,2.430,924.000,7575961600.000,8.740,8.740,1.000,0.010,2.252,0.000
2026-09-30T02:45:00Z,1.435,2.390,924.000,7575961600.000,8.640,8.640,1.000,0.010,2.308,0.000
2026-09-30T02:46:00Z,1.430,2.350,924.000,7573864448.000,10.250,10.250,1.000,0.020,2.265,0.000
2026-09-30T02:47:00Z,1.475,2.470,924.000,7573864448.000,10.060,10.060,1.000,0.010,2.652,0.000
2026-09-30T02:48:00Z,1.545,2.530,924.000,7573864448.000,13.080,13.080,1.000,0.020,2.612,0.000
2026-09-30T02:49:00Z,1.485,2.420,924.000,7573864448.000,13.440,13.440,2.000,0.020,3.419,0.000
2026-09-30T02:50:00Z,0.500,0.500,,7574913024.000,9.810,9.810,2.000,0.010,,0.000
2026-09-30T02:51:00Z,1.833,2.480,924.000,7574913024.000,9.340,9.340,1.000,0.010,2.562,0.000
2026-09-30T02:52:00Z,1.485,2.470,924.000,7574913024.000,7.310,7.310,1.000,0.010,2.453,0.000
2026-09-30T02:53:00Z,1.445,2.410,924.000,7574913024.000,3.780,3.780,1.000,0.000,2.145,0.000
2026-09-30T02:54:00Z,1.430,2.390,924.000,7574913024.000,8.040,8.040,0.000,0.010,1.030,0.000
2026-09-30T02:55:00Z,1.425,2.370,924.000,7575961600.000,8.200,8.200,1.000,0.010,2.135,0.000
2026-09-30T02:56:00Z,2.250,3.030,,7556038656.000,3.680,3.680,1.000,0.000,,0.000
2026-09-30T02:57:00Z,1.430,2.400,924.000,7575961600.000,4.610,4.610,1.000,0.000,1.048,0.000
2026-09-30T02:58:00Z,1.460,2.420,924.000,7575961600.000,7.380,7.380,0.000,0.010,1.613,0.000
2026-09-30T02:59:00Z,1.455,2.440,924.000,7577010176.000,7.280,7.280,1.000,0.010,1.960,0.000
2026-09-30T03:00:00Z,1.530,2.510,924.000,7578058752.000,15.230,15.230,1.000,0.020,1.905,0.000
2026-09-30T03:01:00Z,1.520,2.460,924.000,,12.480,12.480,1.000,0.020,3.897,0.000
2026-09-30T03:02:00Z,1.505,2.390,924.000,7575961600.000,8.710,8.710,2.000,0.010,3.425,0.000
2026-09-30T03:03:00Z,1.415,2.340,924.000,7574913024.000,6.960,6.960,2.000,0.010,2.166,0.000
2026-09-30T03:04:00Z,1.445,2.380,,7574913024.000,9.110,9.110,1.000,0.010,,0.000
2026-09-30T03:05:00Z,1.440,2.400,924.000,7574913024.000,7.890,7.890,1.000,0.010,2.388,0.000
2026-09-30T03:06:00Z,1.455,2.460,924.000,7573864448.000,7.680,7.680,1.000,0.010,2.029,0.000
2026-09-30T03:07:00Z,,,,,5.760,5.760,1.000,0.000,,0.000
2026-09-30T03:08:00Z,1.480,2.480,924.000,7573864448.000,12.050,12.050,1.000,0.020,1.542,0.000
2026-09-30T03:09:00Z,1.445,2.470,924.000,7573864448.000,4.860,4.860,1.000,0.000,3.132,0.000
2026-09-30T03:10:00Z,1.440,2.440,924.000,7573864448.000,4.640,4.640,1.000,0.000,1.384,0.000
2026-09-30T03:11:00Z,,,,7572815872.000,6.390,6.390,0.000,0.010,,0.000
2026-09-30T03:12:00Z,1.492,2.500,924.000,7571767296.000,14.530,14.530,0.000,0.060,2.033,0.000
2026-09-30T03:13:00Z,1.485,2.440,924.000,7572815872.000,9.260,9.260,1.000,0.010,3.730,0.000
2026-09-30T03:14:00Z,,,924.000,,6.580,6.580,2.000,0.010,2.425,0.000
2026-09-30T03:15:00Z,1.413,2.420,924.000,7572815872.000,3.390,3.390,1.000,0.000,1.742,0.000
2026-09-30T03:16:00Z,1.430,2.420,924.000,7573864448.000,4.110,4.110,1.000,0.000,0.940,0.000
2026-09-30T03:17:00Z,1.445,2.430,924.000,7573864448.000,7.360,7.360,0.000,0.010,1.133,0.000
2026-09-30T03:18:00Z,1.495,2.470,924.000,7574913024.000,6.080,6.080,1.000,0.010,1.887,0.000
2026-09-30T03:19:00Z,1.425,2.420,,7574913024.000,8.080,8.080,0.000,0.010,,0.000
2026-09-30T03:20:00Z,1.420,2.380,924.000,7574913024.000,4.780,4.780,1.000,0.000,2.110,0.000
2026-09-30T03:21:00Z,1.505,2.460,924.000,7573864448.000,6.890,6.890,0.000,0.010,1.298,0.000
2026-09-30T03:22:00Z,1.465,2.460,924.000,7572815872.000,7.690,7.690,0.000,0.010,2.022,0.000
2026-09-30T03:23:00Z,1.460,2.440,,7572815872.000,5.080,5.080,1.000,0.000,,0.000
2026-09-30T03:24:00Z,1.430,2.390,924.000,7572815872.000,7.560,7.560,1.000,0.010,1.363,0.000
2026-09-30T03:25:00Z,1.435,2.410,924.000,7572815872.000,5.840,5.840,1.000,0.010,1.781,0.000
2026-09-30T03:26:00Z,1.440,2.430,,7572815872.000,6.740,6.740,1.000,0.010,,0.000
2026-09-30T03:27:00Z,,,924.000,,10.590,10.590,1.000,0.010,1.775,0.000
2026-09-30T03:28:00Z,1.438,2.380,924.000,7571767296.000,6.340,6.340,1.000,0.000,2.737,0.000
2026-09-30T03:29:00Z,1.460,2.490,924.000,7571767296.000,3.510,3.510,1.000,0.000,1.683,0.000
2026-09-30T03:30:00Z,1.435,2.410,924.000,7571767296.000,2.790,2.790,1.000,0.000,0.983,0.000
2026-09-30T03:31:00Z,1.520,2.500,924.000,7571767296.000,9.060,9.060,0.000,0.010,0.790,0.000
2026-09-30T03:32:00Z,1.520,2.550,924.000,7571767296.000,11.760,11.760,0.000,0.010,2.585,0.000
2026-09-30T03:33:00Z,0.540,0.540,924.000,7572815872.000,16.660,16.660,2.000,0.030,3.042,0.000
2026-09-30T03:34:00Z,1.833,2.500,924.000,7572815872.000,12.840,12.840,2.000,0.020,4.250,0.000
2026-09-30T03:35:00Z,0.510,0.510,924.000,7572815872.000,11.480,11.480,2.000,0.010,3.325,0.000
2026-09-30T03:36:00Z,1.853,2.580,924.000,7573864448.000,10.790,10.790,1.000,0.010,2.960,0.000
2026-09-30T03:37:00Z,1.455,2.430,924.000,7574913024.000,13.470,13.470,1.000,0.020,2.978,0.000
2026-09-30T03:38:00Z,1.630,2.680,924.000,7574913024.000,16.980,16.980,2.000,0.050,3.440,0.000
2026-09-30T03:39:00Z,1.525,2.450,924.000,7573864448.000,22.460,22.460,1.000,0.040,4.338,0.000
2026-09-30T03:40:00Z,1.490,2.520,924.000,7572815872.000,5.590,5.590,4.000,0.000,5.755,0.000
2026-09-30T03:41:00Z,1.530,2.460,924.000,7572815872.000,13.860,13.860,2.000,0.020,1.700,0.000
2026-09-30T03:42:00Z,1.480,2.500,924.000,7572815872.000,8.540,8.540,1.000,0.010,3.788,0.000
2026-09-30T03:43:00Z,1.480,2.410,924.000,7572815872.000,9.790,9.790,1.000,0.010,2.228,0.000
2026-09-30T03:44:00Z,1.455,2.440,924.000,7572815872.000,6.110,6.110,1.000,0.000,2.558,0.000
2026-09-30T03:45:00Z,1.425,2.450,924.000,7572815872.000,4.880,4.880,1.000,0.000,1.625,0.000
2026-09-30T03:46:00Z,1.480,2.460,924.000,7572815872.000,10.000,10.000,1.000,0.020,1.317,0.000
2026-09-30T03:47:00Z,1.515,2.460,924.000,7572815872.000,15.900,15.900,1.000,0.020,2.583,0.000
2026-09-30T03:48:00Z,1.490,2.450,924.000,7573864448.000,9.740,9.740,2.000,0.010,4.072,0.000
2026-09-30T03:49:00Z,1.450,2.450,924.000,7572815872.000,7.630,7.630,2.000,0.010,2.558,0.000
2026-09-30T03:50:00Z,1.430,2.410,924.000,7572815872.000,6.300,6.300,1.000,0.010,2.005,0.000
2026-09-30T03:51:00Z,,,924.000,7574913024.000,2.260,2.260,1.000,0.000,1.673,0.000
2026-09-30T03:52:00Z,1.480,2.510,924.000,7574913024.000,6.600,6.600,0.000,0.010,0.887,0.000
2026-09-30T03:53:00Z,1.415,2.370,924.000,7575961600.000,5.310,5.310,0.000,0.000,1.740,0.000
2026-09-30T03:54:00Z,1.420,2.410,924.000,7575961600.000,4.590,4.590,1.000,0.000,1.425,0.000
2026-09-30T03:55:00Z,1.465,2.430,924.000,7577010176.000,8.180,8.180,0.000,0.010,1.270,0.000
2026-09-30T03:56:00Z,2.315,4.170,924.000,7572815872.000,6.930,6.930,0.000,0.010,2.138,0.000
2026-09-30T03:57:00Z,1.455,2.430,924.000,7572815872.000,5.960,5.960,1.000,0.000,2.060,0.000
2026-09-30T03:58:00Z,1.465,2.450,924.000,7572815872.000,5.380,5.380,1.000,0.000,1.820,0.000
2026-09-30T03:59:00Z,1.455,2.470,924.000,7573864448.000,6.750,6.750,0.000,0.010,1.485,0.000
2026-09-30T04:00:00Z,1.440,2.450,924.000,7573864448.000,5.030,5.030,1.000,0.000,1.798,0.000
2026-09-30T04:01:00Z,1.515,2.510,924.000,7573864448.000,6.210,6.210,1.000,0.010,1.350,0.000
2026-09-30T04:02:00Z,1.600,2.700,924.000,7574913024.000,7.960,7.960,0.000,0.010,1.867,0.000
2026-09-30T04:03:00Z,1.505,2.510,924.000,7574913024.000,5.340,5.340,1.000,0.000,2.100,0.000
2026-09-30T04:04:00Z,1.455,2.480,924.000,7574913024.000,4.880,4.880,1.000,0.000,1.450,0.000
2026-09-30T04:05:00Z,1.480,2.440,924.000,7574913024.000,11.110,11.110,0.000,0.010,1.310,0.000
2026-09-30T04:06:00Z,1.490,2.470,924.000,7575961600.000,11.890,11.890,1.000,0.020,2.875,0.000
2026-09-30T04:07:00Z,,,924.000,,8.230,8.230,2.000,0.010,3.065,0.000
2026-09-30T04:08:00Z,1.470,2.430,924.000,7574913024.000,10.610,10.610,1.000,0.010,2.130,0.000
2026-09-30T04:09:00Z,1.510,2.520,924.000,7573864448.000,6.410,6.410,1.000,0.010,2.737,0.000
2026-09-30T04:10:00Z,1.445,2.420,924.000,7573864448.000,7.980,7.980,1.000,0.010,1.742,0.000
2026-09-30T04:11:00Z,1.495,2.440,924.000,7575961600.000,8.130,8.130,1.000,0.010,2.263,0.000
2026-09-30T04:12:00Z,1.515,2.500,924.000,7574913024.000,13.160,13.160,1.000,0.020,2.353,0.000
2026-09-30T04:13:00Z,1.445,2.390,924.000,7575961600.000,8.510,8.510,1.000,0.010,3.388,0.000
2026-09-30T04:14:00Z,1.435,2.430,924.000,7575961600.000,4.880,4.880,2.000,0.000,1.778,0.000
2026-09-30T04:15:00Z,1.425,2.410,,7575961600.000,4.330,4.330,0.000,0.000,,0.000
2026-09-30T04:16:00Z,1.440,2.430,924.000,7577010176.000,7.410,7.410,0.000,0.010,1.561,0.000
2026-09-30T04:17:00Z,1.460,2.430,,7577010176.000,7.790,7.790,0.000,0.010,,0.000
2026-09-30T04:18:00Z,1.490,2.450,924.000,7575961600.000,6.480,6.480,1.000,0.010,2.038,0.000
2026-09-30T04:19:00Z,1.495,2.490,924.000,7575961600.000,9.980,9.980,1.000,0.010,1.893,0.000
2026-09-30T04:20:00Z,1.460,2.440,924.000,7575961600.000,5.180,5.180,1.000,0.000,2.625,0.000
2026-09-30T04:21:00Z,1.460,2.390,924.000,7575961600.000,5.380,5.380,1.000,0.010,1.385,0.000
2026-09-30T04:22:00Z,1.445,2.420,924.000,7577010176.000,5.280,5.280,0.000,0.000,1.650,0.000
2026-09-30T04:23:00Z,1.445,2.420,924.000,7577010176.000,4.780,4.780,1.000,0.000,1.410,0.000
2026-09-30T04:24:00Z,1.475,2.430,924.000,7577010176.000,9.360,9.360,0.000,0.010,1.292,0.000
2026-09-30T04:25:00Z,,,924.000,7577010176.000,7.610,7.610,0.000,0.010,2.455,0.000
2026-09-30T04:26:00Z,1.445,2.480,924.000,7577010176.000,5.630,5.630,1.000,0.010,2.000,0.000
2026-09-30T04:27:00Z,1.425,2.410,924.000,7577010176.000,6.090,6.090,1.000,0.010,1.498,0.000
2026-09-30T04:28:00Z,,,924.000,,7.810,7.810,1.000,0.010,1.615,0.000
2026-09-30T04:29:00Z,1.520,2.700,924.000,7578058752.000,3.110,3.110,0.000,0.000,2.045,0.000
2026-09-30T04:30:00Z,1.425,2.430,924.000,7578058752.000,3.230,3.230,0.000,0.000,0.863,0.000
2026-09-30T04:31:00Z,1.450,2.400,924.000,7579107328.000,5.430,5.430,0.000,0.000,0.897,0.000
2026-09-30T04:32:00Z,1.505,2.540,924.000,7579107328.000,7.100,7.100,0.000,0.010,1.655,0.000
2026-09-30T04:33:00Z,,,924.000,,12.430,12.430,0.000,0.020,1.895,0.000
2026-09-30T04:34:00Z,1.495,2.470,924.000,7579107328.000,10.460,10.460,2.000,0.010,3.223,0.000
2026-09-30T04:35:00Z,1.465,2.420,924.000,7579107328.000,9.790,9.790,2.000,0.010,2.710,0.000
2026-09-30T04:36:00Z,,,924.000,,8.000,8.000,1.000,0.010,2.533,0.000
2026-09-30T04:37:00Z,1.470,2.480,924.000,7578058752.000,5.180,5.180,1.000,0.000,2.285,0.000
2026-09-30T04:38:00Z,1.515,2.520,924.000,7577010176.000,7.910,7.910,1.000,0.010,1.380,0.000
2026-09-30T04:39:00Z,1.440,2.420,924.000,7577010176.000,6.130,6.130,1.000,0.000,1.990,0.000
2026-09-30T04:40:00Z,1.445,2.420,,7577010176.000,5.290,5.290,0.000,0.000,,0.000
2026-09-30T04:41:00Z,1.485,2.460,924.000,7577010176.000,5.180,5.180,1.000,0.000,1.587,0.000
2026-09-30T04:42:00Z,1.445,2.420,924.000,7578058752.000,9.780,9.780,0.000,0.010,1.605,0.000
2026-09-30T04:43:00Z,1.425,2.390,924.000,7578058752.000,5.810,5.810,1.000,0.000,2.530,0.000
2026-09-30T04:44:00Z,1.430,2.410,924.000,7578058752.000,4.680,4.680,1.000,0.000,1.545,0.000
2026-09-30T04:45:00Z,1.525,2.580,924.000,7578058752.000,7.180,7.180,1.000,0.010,1.290,0.000
2026-09-30T04:46:00Z,1.470,2.440,924.000,7578058752.000,15.670,15.670,1.000,0.020,1.887,0.000
2026-09-30T04:47:00Z,1.525,2.540,924.000,7577010176.000,8.760,8.760,2.000,0.010,4.008,0.000
2026-09-30T04:48:00Z,1.445,2.420,924.000,7577010176.000,7.540,7.540,1.000,0.010,2.280,0.000
2026-09-30T04:49:00Z,1.425,2.410,924.000,7577010176.000,4.210,4.210,1.000,0.000,2.007,0.000
2026-09-30T04:50:00Z,1.440,2.430,924.000,7577010176.000,4.430,4.430,1.000,0.000,1.143,0.000
2026-09-30T04:51:00Z,1.515,2.500,924.000,7577010176.000,7.710,7.710,0.000,0.010,1.198,0.000
2026-09-30T04:52:00Z,1.450,2.410,924.000,7578058752.000,9.730,9.730,1.000,0.010,2.243,0.000
2026-09-30T04:53:00Z,1.505,2.440,924.000,7577010176.000,12.810,12.810,1.000,0.020,2.518,0.000
2026-09-30T04:54:00Z,1.460,2.450,924.000,7577010176.000,7.090,7.090,1.000,0.010,2.600,0.000
2026-09-30T04:55:00Z,,,,7577010176.000,6.990,6.990,2.000,0.010,,0.000
2026-09-30T04:56:00Z,1.440,2.400,924.000,,8.030,8.030,1.000,0.010,1.837,0.000
2026-09-30T04:57:00Z,1.887,2.810,924.000,7570718720.000,7.210,7.210,1.000,0.010,2.103,0.000
2026-09-30T04:58:00Z,1.460,2.430,924.000,7575961600.000,4.780,4.780,1.000,0.000,2.175,0.000
2026-09-30T04:59:00Z,1.495,2.530,924.000,7575961600.000,6.710,6.710,1.000,0.010,1.375,0.000
2026-09-30T05:00:00Z,,,924.000,,8.930,8.930,0.000,0.010,1.792,0.000
2026-09-30T05:01:00Z,1.593,2.800,924.000,7574913024.000,10.510,10.510,1.000,0.020,2.322,0.000
2026-09-30T05:02:00Z,,,924.000,7574913024.000,20.380,20.380,1.000,0.030,2.942,0.000
2026-09-30T05:03:00Z,1.575,2.640,924.000,7574913024.000,12.060,12.060,2.000,0.020,5.412,0.000
2026-09-30T05:04:00Z,1.515,2.470,924.000,7575961600.000,13.660,13.660,3.000,0.020,3.105,0.000
2026-09-30T05:05:00Z,1.535,2.510,924.000,7575961600.000,16.060,16.060,2.000,0.020,3.533,0.000
2026-09-30T05:06:00Z,1.580,2.600,924.000,7575961600.000,16.840,16.840,2.000,0.030,4.117,0.000
2026-09-30T05:07:00Z,1.515,2.510,924.000,7574913024.000,11.330,11.330,2.000,0.010,4.312,0.000
2026-09-30T05:08:00Z,1.490,2.480,924.000,7575961600.000,8.740,8.740,2.000,0.010,2.917,0.000
2026-09-30T05:09:00Z,1.435,2.440,924.000,7574913024.000,4.860,4.860,2.000,0.000,2.270,0.000
2026-09-30T05:10:00Z,1.445,2.450,924.000,7574913024.000,7.380,7.380,1.000,0.010,1.330,0.000
2026-09-30T05:11:00Z,1.560,2.610,924.000,7574913024.000,11.290,11.290,0.000,0.010,2.100,0.000
2026-09-30T05:12:00Z,1.550,2.600,924.000,7574913024.000,15.310,15.310,1.000,0.080,3.145,0.000
2026-09-30T05:13:00Z,,,924.000,7574913024.000,15.600,15.600,2.000,0.030,3.917,0.000
2026-09-30T05:14:00Z,1.590,2.620,924.000,7574913024.000,13.480,13.480,2.000,0.020,3.990,0.000
2026-09-30T05:15:00Z,1.550,2.580,924.000,7574913024.000,15.860,15.860,3.000,0.020,3.777,0.000
2026-09-30T05:16:00Z,1.665,2.720,,7575961600.000,20.570,20.570,2.000,0.030,,0.000
2026-09-30T05:17:00Z,1.700,2.680,924.000,7574913024.000,34.970,34.970,2.000,0.070,5.240,0.000
2026-09-30T05:18:00Z,1.580,2.540,924.000,7574913024.000,18.900,18.900,5.000,0.030,6.921,0.000
2026-09-30T05:19:00Z,1.560,2.560,,7574913024.000,16.520,16.520,4.000,0.020,,0.000
2026-09-30T05:20:00Z,1.505,2.520,924.000,7574913024.000,12.490,12.490,3.000,0.020,4.260,0.000
2026-09-30T05:21:00Z,1.510,2.490,924.000,7573864448.000,12.310,12.310,2.000,0.020,3.212,0.000
2026-09-30T05:22:00Z,1.460,2.470,924.000,7573864448.000,10.060,10.060,1.000,0.010,3.393,0.000
2026-09-30T05:23:00Z,1.520,2.530,924.000,7573864448.000,10.080,10.080,2.000,0.010,2.625,0.000
2026-09-30T05:24:00Z,1.455,2.470,924.000,7573864448.000,7.640,7.640,1.000,0.010,2.623,0.000
2026-09-30T05:25:00Z,1.465,2.450,924.000,,8.680,8.680,1.000,0.010,2.020,0.000
2026-09-30T05:26:00Z,1.515,2.470,924.000,7573864448.000,12.900,12.900,1.000,0.020,2.263,0.000
2026-09-30T05:27:00Z,1.480,2.450,924.000,7574913024.000,9.390,9.390,1.000,0.010,3.320,0.000
2026-09-30T05:28:00Z,1.475,2.420,924.000,7574913024.000,8.160,8.160,2.000,0.010,2.440,0.000
2026-09-30T05:29:00Z,1.470,2.450,924.000,7574913024.000,9.140,9.140,1.000,0.010,2.125,0.000
2026-09-30T05:30:00Z,1.460,2.480,924.000,7574913024.000,7.240,7.240,1.000,0.010,2.395,0.000
2026-09-30T05:31:00Z,1.515,2.460,924.000,7572815872.000,8.810,8.810,1.000,0.010,1.907,0.000
2026-09-30T05:32:00Z,1.550,2.590,924.000,7573864448.000,12.530,12.530,1.000,0.020,2.498,0.000
2026-09-30T05:33:00Z,1.565,2.550,924.000,7573864448.000,20.490,20.490,1.000,0.030,3.243,0.000
2026-09-30T05:34:00Z,1.495,2.450,924.000,7573864448.000,14.020,14.020,2.000,0.020,5.245,0.000
2026-09-30T05:35:00Z,1.470,2.470,924.000,7573864448.000,7.200,7.200,3.000,0.010,2.746,0.000
2026-09-30T05:36:00Z,1.625,2.660,,7573864448.000,17.340,17.340,1.000,0.020,,0.000
2026-09-30T05:37:00Z,1.555,2.550,924.000,7573864448.000,22.620,22.620,1.000,0.040,4.588,0.000
2026-09-30T05:38:00Z,1.535,2.470,924.000,7573864448.000,16.190,16.190,4.000,0.020,5.758,0.000
2026-09-30T05:39:00Z,1.555,2.530,924.000,7573864448.000,15.980,15.980,2.000,0.020,4.145,0.000
2026-09-30T05:40:00Z,0.550,0.550,924.000,7574913024.000,14.650,14.650,2.000,0.020,4.130,0.000
2026-09-30T05:41:00Z,1.853,2.540,924.000,7574913024.000,12.710,12.710,2.000,0.020,3.947,0.000
2026-09-30T05:42:00Z,1.525,2.470,924.000,7574913024.000,16.980,16.980,2.000,0.020,3.493,0.000
2026-09-30T05:43:00Z,1.475,2.400,924.000,7574913024.000,11.410,11.410,2.000,0.010,4.343,0.000
2026-09-30T05:44:00Z,1.475,2.490,924.000,7574913024.000,6.980,6.980,2.000,0.010,2.962,0.000
2026-09-30T05:45:00Z,,,924.000,,15.380,15.380,1.000,0.020,1.850,0.000
2026-09-30T05:46:00Z,1.505,2.470,924.000,7574913024.000,18.940,18.940,2.000,0.060,3.942,0.000
2026-09-30T05:47:00Z,1.540,2.480,924.000,7574913024.000,15.290,15.290,2.000,0.050,4.832,0.000
2026-09-30T05:48:00Z,1.520,2.480,924.000,7573864448.000,11.510,11.510,2.000,0.010,3.915,0.000
2026-09-30T05:49:00Z,1.495,2.500,924.000,7573864448.000,11.140,11.140,2.000,0.010,2.993,0.000
2026-09-30T05:50:00Z,1.465,2.480,924.000,7573864448.000,11.060,11.060,2.000,0.030,2.888,0.000
2026-09-30T05:51:00Z,1.545,2.570,924.000,7573864448.000,10.080,10.080,1.000,0.010,2.862,0.000
2026-09-30T05:52:00Z,,,924.000,,8.560,8.560,2.000,0.010,2.835,0.000
2026-09-30T05:53:00Z,1.475,2.490,924.000,7573864448.000,9.570,9.570,1.000,0.010,2.230,0.000
2026-09-30T05:54:00Z,1.490,2.510,924.000,7573864448.000,6.640,6.640,1.000,0.010,2.482,0.000
2026-09-30T05:55:00Z,1.490,2.500,924.000,7574913024.000,14.510,14.510,1.000,0.020,1.765,0.000
2026-09-30T05:56:00Z,,,924.000,7573864448.000,14.210,14.210,2.000,0.020,3.700,0.000
2026-09-30T05:57:00Z,1.962,2.950,924.000,7551844352.000,19.060,19.060,2.000,0.030,4.260,0.000
2026-09-30T05:58:00Z,1.490,2.450,,7578058752.000,12.230,12.230,2.000,0.020,,0.000
2026-09-30T05:59:00Z,1.770,3.050,924.000,7575961600.000,27.910,27.910,2.000,1.860,3.442,0.000
2026-09-30T06:00:00Z,1.650,2.620,924.000,7575961600.000,41.890,41.890,1.000,0.800,7.117,0.000
2026-09-30T06:01:00Z,1.795,2.760,924.000,7575961600.000,32.500,32.500,9.000,0.140,10.562,0.000
2026-09-30T06:02:00Z,0.770,0.770,924.000,7575961600.000,39.260,39.260,4.000,0.060,8.435,0.000
2026-09-30T06:03:00Z,1.990,2.690,924.000,7575961600.000,28.320,28.320,6.000,0.050,9.918,0.000
2026-09-30T06:04:00Z,1.625,2.600,924.000,7577010176.000,20.830,20.830,5.000,0.030,7.197,0.000
2026-09-30T06:05:00Z,1.570,2.510,924.000,7577010176.000,21.240,21.240,4.000,0.030,5.300,0.000
2026-09-30T06:06:00Z,1.565,2.590,924.000,7577010176.000,15.540,15.540,4.000,0.020,5.400,0.000
2026-09-30T06:07:00Z,1.540,2.520,924.000,7577010176.000,15.620,15.620,3.000,0.020,3.978,0.000
2026-09-30T06:08:00Z,1.525,2.490,924.000,7577010176.000,12.460,12.460,2.000,0.020,3.995,0.000
2026-09-30T06:09:00Z,1.515,2.510,924.000,7577010176.000,12.240,12.240,2.000,0.010,3.225,0.000
2026-09-30T06:10:00Z,1.545,2.520,924.000,7575961600.000,17.150,17.150,2.000,0.020,3.861,0.000
2026-09-30T06:11:00Z,0.580,0.580,,7573864448.000,10.990,10.990,2.000,0.010,,0.000
2026-09-30T06:12:00Z,1.843,2.510,924.000,7572815872.000,11.710,11.710,2.000,0.010,3.070,0.000
2026-09-30T06:13:00Z,1.540,2.540,924.000,7572815872.000,12.540,12.540,2.000,0.020,3.042,0.000
2026-09-30T06:14:00Z,1.530,2.530,924.000,7571767296.000,16.490,16.490,2.000,0.020,3.228,0.000
2026-09-30T06:15:00Z,1.460,2.470,924.000,7571767296.000,7.930,7.930,2.000,0.010,3.155,0.000
2026-09-30T06:16:00Z,1.510,2.430,,7571767296.000,14.940,14.940,2.000,0.020,,0.000
2026-09-30T06:17:00Z,1.550,2.580,924.000,7571767296.000,10.590,10.590,1.000,0.010,3.825,0.000
2026-09-30T06:18:00Z,1.605,2.600,924.000,7571767296.000,15.060,15.060,2.000,0.020,2.737,0.000
2026-09-30T06:19:00Z,1.475,2.390,924.000,7572815872.000,15.760,15.760,2.000,0.020,4.005,0.000
2026-09-30T06:20:00Z,1.480,2.450,924.000,7571767296.000,9.130,9.130,3.000,0.010,4.075,0.000
2026-09-30T06:21:00Z,1.540,2.520,924.000,7570718720.000,9.440,9.440,2.000,0.010,2.380,0.000
2026-09-30T06:22:00Z,1.480,2.440,924.000,7571767296.000,15.080,15.080,1.000,0.020,2.670,0.000
2026-09-30T06:23:00Z,1.555,2.440,924.000,7571767296.000,17.660,17.660,2.000,0.040,4.188,0.000
2026-09-30T06:24:00Z,1.445,2.370,,7571767296.000,9.430,9.430,1.000,0.010,,0.000
2026-09-30T06:25:00Z,1.490,2.500,924.000,7571767296.000,6.910,6.910,3.000,0.010,2.475,0.000
2026-09-30T06:26:00Z,1.515,2.490,924.000,7571767296.000,10.310,10.310,1.000,0.010,1.820,0.000
2026-09-30T06:27:00Z,1.565,2.590,924.000,7570718720.000,14.400,14.400,1.000,0.020,2.868,0.000
2026-09-30T06:28:00Z,1.515,2.530,924.000,7570718720.000,10.390,10.390,2.000,0.010,3.710,0.000
2026-09-30T06:29:00Z,1.520,2.540,924.000,7570718720.000,10.060,10.060,2.000,0.010,2.708,0.000
2026-09-30T06:30:00Z,1.600,2.590,924.000,7570718720.000,20.240,20.240,1.000,0.030,2.607,0.000
2026-09-30T06:31:00Z,1.760,2.880,924.000,7570718720.000,18.050,18.050,2.000,0.030,4.991,0.000
2026-09-30T06:32:00Z,1.555,2.520,,7570718720.000,19.640,19.640,3.000,0.030,,0.000
2026-09-30T06:33:00Z,1.595,2.550,924.000,7570718720.000,18.440,18.440,3.000,0.030,5.790,0.000
2026-09-30T06:34:00Z,,,924.000,7570718720.000,25.050,25.050,2.000,0.040,4.758,0.000
2026-09-30T06:35:00Z,1.673,2.710,924.000,7569670144.000,30.820,30.820,4.000,0.050,6.385,0.000
2026-09-30T06:36:00Z,1.655,2.620,924.000,7570718720.000,23.590,23.590,5.000,0.040,7.995,0.000
2026-09-30T06:37:00Z,1.645,2.570,924.000,7571767296.000,31.440,31.440,4.000,0.060,6.213,0.000
2026-09-30T06:38:00Z,1.600,2.640,924.000,7572815872.000,17.110,17.110,4.000,0.020,7.987,0.000
2026-09-30T06:39:00Z,1.720,2.610,924.000,7574913024.000,42.750,42.750,4.000,0.630,4.365,0.000
2026-09-30T06:40:00Z,1.635,2.610,924.000,7574913024.000,22.360,22.360,3.000,0.030,10.807,0.000
2026-09-30T06:41:00Z,1.590,2.570,924.000,7575961600.000,19.640,19.640,7.000,0.030,5.850,0.000
2026-09-30T06:42:00Z,1.595,2.670,924.000,7574913024.000,15.090,15.090,4.000,0.020,5.245,0.000
2026-09-30T06:43:00Z,1.595,2.610,924.000,7574913024.000,22.840,22.840,2.000,0.040,4.848,0.000
2026-09-30T06:44:00Z,1.490,2.470,,7574913024.000,13.100,13.100,3.000,0.020,,0.000
2026-09-30T06:45:00Z,,,924.000,7573864448.000,12.640,12.640,3.000,0.020,3.382,0.000
2026-09-30T06:46:00Z,1.640,2.720,924.000,7574913024.000,34.290,34.290,1.000,0.200,3.237,0.000
2026-09-30T06:47:00Z,1.535,2.520,924.000,7575961600.000,20.760,20.760,2.000,0.030,8.662,0.000
2026-09-30T06:48:00Z,1.595,2.560,924.000,7574913024.000,21.200,21.200,6.000,0.040,5.293,0.000
2026-09-30T06:49:00Z,1.550,2.550,924.000,7574913024.000,14.990,14.990,2.000,0.020,4.629,0.000
2026-09-30T06:50:00Z,1.625,2.680,,7575961600.000,20.150,20.150,4.000,0.030,,0.000
2026-09-30T06:51:00Z,1.640,2.660,924.000,7575961600.000,21.260,21.260,2.000,0.040,5.122,0.000
2026-09-30T06:52:00Z,1.520,2.560,924.000,7575961600.000,13.530,13.530,4.000,0.020,5.630,0.000
2026-09-30T06:53:00Z,1.675,2.700,924.000,7575961600.000,22.780,22.780,3.000,0.040,3.473,0.000
2026-09-30T06:54:00Z,1.545,2.530,924.000,7574913024.000,22.010,22.010,2.000,0.030,5.798,0.000
2026-09-30T06:55:00Z,1.530,2.530,924.000,7573864448.000,15.010,15.010,4.000,0.020,5.625,0.000
2026-09-30T06:56:00Z,1.635,2.660,924.000,7572815872.000,20.550,20.550,2.000,0.030,3.857,0.000
2026-09-30T06:57:00Z,2.365,4.180,924.000,7572815872.000,19.090,19.090,2.000,0.030,5.245,0.000
2026-09-30T06:58:00Z,1.560,2.520,924.000,7575961600.000,12.210,12.210,4.000,0.010,4.174,0.000
2026-09-30T06:59:00Z,,,,,12.220,12.220,1.000,0.010,,0.000
2026-09-30T07:00:00Z,1.562,2.580,924.000,7575961600.000,17.540,17.540,2.000,0.020,3.185,0.000
2026-09-30T07:01:00Z,1.890,2.750,924.000,7575961600.000,44.170,44.170,2.000,0.150,4.478,0.000
2026-09-30T07:02:00Z,,,924.000,7575961600.000,34.790,34.790,3.000,0.050,11.332,0.000
2026-09-30T07:03:00Z,1.762,2.810,924.000,7575961600.000,36.310,36.310,8.000,0.060,8.815,0.000
2026-09-30T07:04:00Z,1.670,2.640,924.000,7575961600.000,36.800,36.800,6.000,0.060,9.195,0.000
2026-09-30T07:05:00Z,1.625,2.490,924.000,7574913024.000,33.040,33.040,6.000,0.060,9.295,0.000
2026-09-30T07:06:00Z,1.750,2.780,924.000,7575961600.000,33.920,33.920,5.000,0.070,8.352,0.000
2026-09-30T07:07:00Z,1.740,2.720,924.000,7575961600.000,41.730,41.730,5.000,0.070,8.582,0.000
2026-09-30T07:08:00Z,1.730,2.720,924.000,7574913024.000,34.440,34.440,7.000,0.060,10.535,0.000
2026-09-30T07:09:00Z,1.670,2.560,924.000,7574913024.000,38.840,38.840,7.000,0.070,8.732,0.000
2026-09-30T07:10:00Z,1.620,2.570,924.000,7574913024.000,22.830,22.830,6.000,0.030,9.857,0.000
2026-09-30T07:11:00Z,1.650,2.660,924.000,7572815872.000,17.860,17.860,5.000,0.020,5.359,0.000
2026-09-30T07:12:00Z,1.650,2.610,,7573864448.000,29.900,29.900,4.000,0.050,,0.000
2026-09-30T07:13:00Z,1.665,2.670,924.000,7572815872.000,24.360,24.360,4.000,0.040,7.590,0.000
2026-09-30T07:14:00Z,1.695,2.780,924.000,7572815872.000,27.740,27.740,5.000,0.040,6.180,0.000
2026-09-30T07:15:00Z,1.710,2.720,924.000,7572815872.000,36.720,36.720,4.000,0.070,7.050,0.000
2026-09-30T07:16:00Z,1.745,2.740,924.000,7572815872.000,33.790,33.790,5.000,0.060,8.896,0.000
2026-09-30T07:17:00Z,1.950,3.030,,7573864448.000,54.290,54.290,5.000,0.280,,0.000
2026-09-30T07:18:00Z,1.770,2.670,924.000,7573864448.000,55.920,55.920,7.000,0.240,13.665,0.000
2026-09-30T07:19:00Z,1.725,2.670,924.000,7570718720.000,37.070,37.070,11.000,0.060,14.328,0.000
2026-09-30T07:20:00Z,1.555,2.500,924.000,7570718720.000,24.540,24.540,7.000,0.040,9.370,0.000
2026-09-30T07:21:00Z,,,924.000,7570718720.000,23.210,23.210,6.000,0.040,6.232,0.000
2026-09-30T07:22:00Z,1.633,2.650,924.000,7570718720.000,25.330,25.330,3.000,0.040,6.093,0.000
2026-09-30T07:23:00Z,1.625,2.590,924.000,7570718720.000,28.690,28.690,4.000,0.050,6.418,0.000
2026-09-30T07:24:00Z,1.605,2.680,924.000,7570718720.000,23.200,23.200,4.000,0.040,7.265,0.000
2026-09-30T07:25:00Z,1.625,2.650,924.000,7570718720.000,27.520,27.520,5.000,0.040,5.923,0.000
2026-09-30T07:26:00Z,1.605,2.600,924.000,7571767296.000,25.810,25.810,4.000,0.040,6.973,0.000
2026-09-30T07:27:00Z,1.660,2.660,924.000,7572815872.000,26.240,26.240,4.000,0.040,6.605,0.000
2026-09-30T07:28:00Z,1.735,2.650,,,35.030,35.030,4.000,0.070,,0.000
2026-09-30T07:29:00Z,1.655,2.620,924.000,7571767296.000,33.460,33.460,4.000,0.080,8.863,0.000
2026-09-30T07:30:00Z,1.595,2.570,924.000,7572815872.000,25.830,25.830,6.000,0.070,8.488,0.000
2026-09-30T07:31:00Z,1.730,2.650,924.000,7572815872.000,37.260,37.260,5.000,0.150,6.560,0.000
2026-09-30T07:32:00Z,1.570,2.580,924.000,7572815872.000,24.980,24.980,4.000,0.040,9.645,0.000
2026-09-30T07:33:00Z,1.535,2.510,924.000,7572815872.000,15.130,15.130,6.000,0.020,6.348,0.000
2026-09-30T07:34:00Z,1.495,2.510,924.000,7572815872.000,11.210,11.210,3.000,0.010,3.893,0.000
2026-09-30T07:35:00Z,1.505,2.510,924.000,7572815872.000,12.790,12.790,2.000,0.010,2.895,0.000
2026-09-30T07:36:00Z,1.595,2.590,924.000,7572815872.000,17.140,17.140,2.000,0.030,3.295,0.000
2026-09-30T07:37:00Z,1.525,2.520,924.000,7572815872.000,18.210,18.210,2.000,0.030,4.540,0.000
2026-09-30T07:38:00Z,1.520,2.530,924.000,7572815872.000,13.270,13.270,3.000,0.020,4.692,0.000
2026-09-30T07:39:00Z,1.575,2.540,924.000,7572815872.000,21.330,21.330,2.000,0.030,4.431,0.000
2026-09-30T07:40:00Z,1.575,2.580,,7572815872.000,17.610,17.610,2.000,0.020,,0.000
2026-09-30T07:41:00Z,1.735,2.770,924.000,7572815872.000,25.630,25.630,3.000,0.050,4.638,0.000
2026-09-30T07:42:00Z,1.560,2.600,924.000,7572815872.000,17.330,17.330,3.000,0.020,6.755,0.000
2026-09-30T07:43:00Z,1.660,2.690,924.000,7572815872.000,19.680,19.680,4.000,0.030,4.455,0.000
2026-09-30T07:44:00Z,1.555,2.550,924.000,7572815872.000,14.610,14.610,2.000,0.020,5.022,0.000
2026-09-30T07:45:00Z,1.545,2.550,924.000,7572815872.000,15.160,15.160,3.000,0.020,3.770,0.000
2026-09-30T07:46:00Z,1.530,2.490,924.000,7572815872.000,17.410,17.410,2.000,0.020,3.895,0.000
2026-09-30T07:47:00Z,1.500,2.500,924.000,7571767296.000,12.760,12.760,2.000,0.020,4.442,0.000
2026-09-30T07:48:00Z,1.495,2.470,924.000,7570718720.000,9.260,9.260,2.000,0.010,3.280,0.000
2026-09-30T07:49:00Z,1.560,2.570,924.000,7570718720.000,14.640,14.640,1.000,0.020,2.435,0.000
2026-09-30T07:50:00Z,1.555,2.600,924.000,7570718720.000,17.420,17.420,1.000,0.030,3.752,0.000
2026-09-30T07:51:00Z,1.620,2.600,924.000,7570718720.000,17.480,17.480,3.000,0.020,4.440,0.000
2026-09-30T07:52:00Z,1.545,2.530,924.000,7570718720.000,16.760,16.760,2.000,0.030,4.692,0.000
2026-09-30T07:53:00Z,1.515,2.520,924.000,7570718720.000,9.650,9.650,2.000,0.010,4.287,0.000
2026-09-30T07:54:00Z,1.510,2.510,924.000,7570718720.000,10.890,10.890,3.000,0.010,2.540,0.000
2026-09-30T07:55:00Z,1.475,2.460,924.000,7570718720.000,11.220,11.220,1.000,0.020,2.815,0.000
2026-09-30T07:56:00Z,1.580,2.560,924.000,7570718720.000,16.040,16.040,2.000,0.040,2.908,0.000
2026-09-30T07:57:00Z,1.790,3.090,924.000,7551844352.000,14.460,14.460,1.000,0.020,4.112,0.000
2026-09-30T07:58:00Z,2.075,2.500,924.000,7575961600.000,13.580,13.580,3.000,0.020,3.730,0.000
2026-09-30T07:59:00Z,1.535,2.610,924.000,7573864448.000,7.990,7.990,2.000,0.010,3.768,0.000
2026-09-30T08:00:00Z,1.470,2.460,924.000,7573864448.000,10.730,10.730,1.000,0.010,2.158,0.000
2026-09-30T08:01:00Z,1.680,2.560,924.000,7573864448.000,27.610,27.610,1.000,0.130,3.010,0.000
2026-09-30T08:02:00Z,1.925,2.930,924.000,7574913024.000,45.150,45.150,2.000,0.080,9.301,0.000
2026-09-30T08:03:00Z,1.595,2.490,,7573864448.000,34.000,34.000,4.000,0.090,,0.000
2026-09-30T08:04:00Z,1.515,2.500,924.000,7573864448.000,10.820,10.820,10.000,0.010,8.598,0.000
2026-09-30T08:05:00Z,1.575,2.520,924.000,7572815872.000,22.220,22.220,3.000,0.040,2.803,0.000
2026-09-30T08:06:00Z,1.585,2.580,924.000,7572815872.000,23.110,23.110,2.000,0.030,5.647,0.000
2026-09-30T08:07:00Z,1.585,2.630,924.000,7572815872.000,18.560,18.560,3.000,0.030,5.311,0.000
2026-09-30T08:08:00Z,,,,7572815872.000,33.860,33.860,4.000,0.070,,0.000
2026-09-30T08:09:00Z,1.625,2.510,924.000,7572815872.000,15.210,15.210,3.000,0.020,8.588,0.000
2026-09-30T08:10:00Z,1.627,2.720,924.000,7571767296.000,23.010,23.010,4.000,0.030,4.959,0.000
2026-09-30T08:11:00Z,1.615,2.590,,7570718720.000,21.120,21.120,3.000,0.030,,0.000
2026-09-30T08:12:00Z,0.690,0.690,924.000,7571767296.000,26.040,26.040,3.000,0.120,5.595,0.000
2026-09-30T08:13:00Z,1.937,2.620,924.000,7571767296.000,26.400,26.400,4.000,0.050,6.612,0.000
2026-09-30T08:14:00Z,1.540,2.570,924.000,7571767296.000,11.510,11.510,4.000,0.010,6.710,0.000
2026-09-30T08:15:00Z,1.550,2.500,924.000,7569670144.000,21.230,21.230,3.000,0.030,2.970,0.000
2026-09-30T08:16:00Z,1.605,2.680,924.000,7568621568.000,22.310,22.310,2.000,0.040,5.400,0.000
2026-09-30T08:17:00Z,1.540,1.540,924.000,7568621568.000,14.360,14.360,3.000,0.020,5.668,0.000
2026-09-30T08:18:00Z,0.620,0.620,924.000,7567572992.000,20.610,20.610,4.000,0.030,3.675,0.000
2026-09-30T08:19:00Z,1.575,2.610,924.000,7567572992.000,14.490,14.490,2.000,0.020,5.455,0.000
2026-09-30T08:20:00Z,1.490,2.450,924.000,7568621568.000,13.490,13.490,4.000,0.020,3.750,0.000
2026-09-30T08:21:00Z,1.580,2.580,924.000,7567572992.000,14.290,14.290,2.000,0.020,3.669,0.000
2026-09-30T08:22:00Z,1.470,2.460,,7567572992.000,9.130,9.130,2.000,0.010,,0.000
2026-09-30T08:23:00Z,1.515,2.520,924.000,7567572992.000,9.740,9.740,1.000,0.010,2.388,0.000
2026-09-30T08:24:00Z,1.495,2.500,924.000,7567572992.000,12.140,12.140,1.000,0.010,2.527,0.000
2026-09-30T08:25:00Z,1.505,2.540,924.000,7567572992.000,7.250,7.250,2.000,0.010,3.150,0.000
2026-09-30T08:26:00Z,1.490,2.480,924.000,7567572992.000,12.460,12.460,1.000,0.020,2.554,0.000
2026-09-30T08:27:00Z,,,,7566524416.000,11.360,11.360,1.000,0.020,,0.000
2026-09-30T08:28:00Z,1.552,2.620,924.000,7566524416.000,14.310,14.310,1.000,0.020,3.130,0.000
2026-09-30T08:29:00Z,,,924.000,7567572992.000,14.860,14.860,2.000,0.020,3.672,0.000
2026-09-30T08:30:00Z,1.565,2.690,924.000,7567572992.000,17.690,17.690,2.000,0.040,3.833,0.000
2026-09-30T08:31:00Z,1.610,2.530,924.000,7568621568.000,22.040,22.040,3.000,0.030,4.520,0.000
2026-09-30T08:32:00Z,1.550,2.500,924.000,7570718720.000,20.210,20.210,3.000,0.030,5.812,0.000
2026-09-30T08:33:00Z,1.575,2.520,924.000,7570718720.000,16.570,16.570,3.000,0.020,4.701,0.000
2026-09-30T08:34:00Z,1.555,2.640,,7570718720.000,9.360,9.360,3.000,0.010,,0.000
2026-09-30T08:35:00Z,,,924.000,,18.740,18.740,2.000,0.030,2.455,0.000
2026-09-30T08:36:00Z,1.530,2.490,924.000,7570718720.000,12.360,12.360,1.000,0.010,3.986,0.000
2026-09-30T08:37:00Z,1.525,2.510,,7569670144.000,11.140,11.140,2.000,0.010,,0.000
2026-09-30T08:38:00Z,1.520,2.490,924.000,7569670144.000,15.740,15.740,2.000,0.020,3.065,0.000
2026-09-30T08:39:00Z,1.545,2.600,924.000,7569670144.000,11.090,11.090,2.000,0.010,4.050,0.000
2026-09-30T08:40:00Z,1.470,2.460,924.000,7569670144.000,9.250,9.250,2.000,0.010,2.902,0.000
2026-09-30T08:41:00Z,1.585,2.570,924.000,7569670144.000,17.280,17.280,1.000,0.030,2.570,0.000
2026-09-30T08:42:00Z,1.550,2.540,924.000,7570718720.000,20.560,20.560,2.000,0.030,4.647,0.000
2026-09-30T08:43:00Z,,,924.000,,28.280,28.280,2.000,0.150,5.225,0.000
2026-09-30T08:44:00Z,1.583,2.610,924.000,7570718720.000,14.610,14.610,3.000,0.020,7.197,0.000
2026-09-30T08:45:00Z,1.545,2.550,924.000,7570718720.000,16.320,16.320,4.000,0.020,3.748,0.000
2026-09-30T08:46:00Z,1.540,2.590,924.000,7570718720.000,16.670,16.670,2.000,0.020,4.170,0.000
2026-09-30T08:47:00Z,1.590,2.650,924.000,7570718720.000,16.070,16.070,3.000,0.020,4.258,0.000
2026-09-30T08:48:00Z,1.610,2.650,924.000,7569670144.000,21.610,21.610,2.000,0.030,4.095,0.000
2026-09-30T08:49:00Z,1.460,2.390,924.000,7569670144.000,11.430,11.430,4.000,0.010,5.513,0.000
2026-09-30T08:50:00Z,1.475,2.470,924.000,7570718720.000,9.580,9.580,1.000,0.010,2.716,0.000
2026-09-30T08:51:00Z,1.490,2.460,,7570718720.000,8.710,8.710,2.000,0.010,,0.000
2026-09-30T08:52:00Z,1.545,2.510,924.000,7570718720.000,12.610,12.610,1.000,0.030,2.495,0.000
2026-09-30T08:53:00Z,1.505,2.480,924.000,7569670144.000,13.460,13.460,1.000,0.020,3.255,0.000
2026-09-30T08:54:00Z,1.500,2.530,924.000,7569670144.000,13.860,13.860,2.000,0.020,3.455,0.000
2026-09-30T08:55:00Z,1.535,2.550,924.000,7569670144.000,16.470,16.470,2.000,0.020,3.570,0.000
2026-09-30T08:56:00Z,1.685,2.690,924.000,7570718720.000,31.980,31.980,2.000,0.070,4.190,0.000
2026-09-30T08:57:00Z,,,924.000,7572815872.000,19.630,19.630,4.000,0.030,8.092,0.000
2026-09-30T08:58:00Z,1.590,2.630,924.000,7547650048.000,10.940,10.940,4.000,0.010,5.010,0.000
2026-09-30T08:59:00Z,1.958,2.750,924.000,7570718720.000,12.840,12.840,3.000,0.020,2.875,0.000
2026-09-30T09:00:00Z,1.505,2.440,924.000,7570718720.000,16.330,16.330,2.000,0.020,3.645,0.000
2026-09-30T09:01:00Z,1.655,2.530,924.000,7572815872.000,27.760,27.760,1.000,0.050,4.228,0.000
2026-09-30T09:02:00Z,1.590,2.610,924.000,7572815872.000,21.170,21.170,3.000,0.030,7.255,0.000
2026-09-30T09:03:00Z,1.580,2.600,924.000,7572815872.000,19.630,19.630,5.000,0.030,5.397,0.000
2026-09-30T09:04:00Z,1.610,2.610,924.000,7572815872.000,23.350,23.350,3.000,0.040,5.025,0.000
2026-09-30T09:05:00Z,1.545,2.540,924.000,7572815872.000,15.780,15.780,3.000,0.020,5.928,0.000
2026-09-30T09:06:00Z,1.545,2.510,924.000,7571767296.000,19.110,19.110,3.000,0.030,4.040,0.000
2026-09-30T09:07:00Z,1.700,2.630,924.000,7572815872.000,30.050,30.050,2.000,0.190,4.862,0.000
2026-09-30T09:08:00Z,1.565,2.570,924.000,7572815872.000,20.160,20.160,3.000,0.030,7.603,0.000
2026-09-30T09:09:00Z,1.655,2.580,924.000,7571767296.000,73.270,73.270,5.000,6.130,5.138,0.000
2026-09-30T09:10:00Z,2.070,3.410,924.000,7566524416.000,45.480,45.480,3.000,0.080,18.435,0.000
2026-09-30T09:11:00Z,1.790,2.840,924.000,7567572992.000,33.360,33.360,16.000,0.060,11.650,0.000
2026-09-30T09:12:00Z,1.575,2.610,924.000,7567572992.000,19.180,19.180,6.000,0.030,8.650,0.000
2026-09-30T09:13:00Z,1.630,2.610,924.000,7567572992.000,22.290,22.290,5.000,0.030,4.885,0.000
2026-09-30T09:14:00Z,1.585,2.590,924.000,7567572992.000,20.160,20.160,3.000,0.030,5.410,0.000
2026-09-30T09:15:00Z,,,,,23.540,23.540,3.000,0.040,,0.000
2026-09-30T09:16:00Z,1.613,2.610,924.000,7567572992.000,22.070,22.070,3.000,0.030,5.987,0.000
2026-09-30T09:17:00Z,1.605,2.570,924.000,,23.290,23.290,3.000,0.040,5.607,0.000
2026-09-30T09:18:00Z,1.590,2.610,924.000,7567572992.000,16.150,16.150,4.000,0.020,5.915,0.000
2026-09-30T09:19:00Z,1.525,2.470,924.000,7567572992.000,15.340,15.340,4.000,0.020,4.298,0.000
2026-09-30T09:20:00Z,1.540,2.490,924.000,7567572992.000,19.620,19.620,2.000,0.050,3.962,0.000
2026-09-30T09:21:00Z,1.590,2.540,924.000,7567572992.000,18.080,18.080,3.000,0.030,5.003,0.000
2026-09-30T09:22:00Z,1.530,2.470,924.000,7567572992.000,18.940,18.940,3.000,0.030,4.839,0.000
2026-09-30T09:23:00Z,1.550,2.530,,7567572992.000,15.950,15.950,3.000,0.020,,0.000
2026-09-30T09:24:00Z,1.515,2.530,924.000,7567572992.000,15.840,15.840,3.000,0.020,4.085,0.000
2026-09-30T09:25:00Z,1.590,2.670,924.000,7567572992.000,18.640,18.640,3.000,0.030,4.077,0.000
2026-09-30T09:26:00Z,1.510,2.530,924.000,7567572992.000,12.910,12.910,3.000,0.020,4.745,0.000
2026-09-30T09:27:00Z,1.485,2.490,924.000,7566524416.000,14.880,14.880,2.000,0.040,3.317,0.000
2026-09-30T09:28:00Z,,,924.000,7567572992.000,26.010,26.010,1.000,0.110,3.805,0.000
2026-09-30T09:29:00Z,1.675,2.760,924.000,7567572992.000,15.890,15.890,3.000,0.020,5.440,0.000
2026-09-30T09:30:00Z,1.505,2.520,,7567572992.000,14.690,14.690,3.000,0.020,,0.000
2026-09-30T09:31:00Z,1.585,2.540,924.000,7567572992.000,15.520,15.520,3.000,0.020,3.770,0.000
2026-09-30T09:32:00Z,1.455,2.410,924.000,7567572992.000,12.110,12.110,2.000,0.020,3.656,0.000
2026-09-30T09:33:00Z,1.660,2.680,,7567572992.000,24.570,24.570,2.000,0.040,,0.000
2026-09-30T09:34:00Z,1.640,2.600,924.000,7567572992.000,28.520,28.520,3.000,0.050,6.741,0.000
2026-09-30T09:35:00Z,1.525,2.500,,7567572992.000,15.260,15.260,4.000,0.020,,0.000
2026-09-30T09:36:00Z,1.530,2.510,924.000,7566524416.000,12.160,12.160,3.000,0.020,3.920,0.000
2026-09-30T09:37:00Z,1.495,2.490,924.000,7566524416.000,11.030,11.030,2.000,0.010,3.158,0.000
2026-09-30T09:38:00Z,1.445,2.410,924.000,7566524416.000,9.190,9.190,2.000,0.010,3.047,0.000
2026-09-30T09:39:00Z,1.485,2.440,924.000,7567572992.000,13.610,13.610,1.000,0.020,2.402,0.000
2026-09-30T09:40:00Z,1.490,2.420,924.000,7568621568.000,16.190,16.190,1.000,0.020,3.530,0.000
2026-09-30T09:41:00Z,1.530,2.500,924.000,7567572992.000,11.510,11.510,2.000,0.020,3.748,0.000
2026-09-30T09:42:00Z,1.565,2.510,,7567572992.000,21.560,21.560,3.000,0.030,,0.000
2026-09-30T09:43:00Z,1.620,2.610,924.000,7567572992.000,19.630,19.630,2.000,0.030,5.520,0.000
2026-09-30T09:44:00Z,1.555,2.510,924.000,7567572992.000,20.640,20.640,4.000,0.060,5.022,0.000
2026-09-30T09:45:00Z,,,924.000,,16.780,16.780,3.000,0.020,5.263,0.000
2026-09-30T09:46:00Z,1.540,2.570,924.000,7566524416.000,17.710,17.710,3.000,0.030,4.293,0.000
2026-09-30T09:47:00Z,1.535,2.610,924.000,7566524416.000,15.670,15.670,2.000,0.020,4.525,0.000
2026-09-30T09:48:00Z,1.605,2.660,924.000,7567572992.000,12.440,12.440,3.000,0.020,4.008,0.000
2026-09-30T09:49:00Z,1.550,2.570,924.000,7567572992.000,15.140,15.140,1.000,0.020,3.220,0.000
2026-09-30T09:50:00Z,1.510,2.490,924.000,7567572992.000,14.290,14.290,2.000,0.020,3.877,0.000
2026-09-30T09:51:00Z,,,924.000,7566524416.000,21.240,21.240,2.000,0.030,3.658,0.000
2026-09-30T09:52:00Z,1.558,2.550,924.000,7566524416.000,10.150,10.150,2.000,0.010,5.620,0.000
2026-09-30T09:53:00Z,1.535,2.510,924.000,7566524416.000,12.580,12.580,3.000,0.020,2.652,0.000
2026-09-30T09:54:00Z,1.530,2.480,924.000,7567572992.000,20.240,20.240,1.000,0.030,3.260,0.000
2026-09-30T09:55:00Z,1.515,2.560,924.000,7565475840.000,10.280,10.280,2.000,0.010,5.150,0.000
2026-09-30T09:56:00Z,1.505,2.490,924.000,7565475840.000,14.810,14.810,3.000,0.020,2.665,0.000
2026-09-30T09:57:00Z,1.525,2.550,924.000,7565475840.000,16.040,16.040,2.000,0.030,3.795,0.000
2026-09-30T09:58:00Z,1.510,2.470,924.000,7564427264.000,11.580,11.580,2.000,0.010,4.100,0.000
2026-09-30T09:59:00Z,4.100,4.100,924.000,7564427264.000,17.710,17.710,1.000,0.020,3.013,0.000
2026-09-30T10:00:00Z,1.183,2.410,924.000,7564427264.000,13.990,13.990,2.000,0.020,4.843,0.000
2026-09-30T10:01:00Z,1.585,2.580,924.000,7564427264.000,16.340,16.340,3.000,0.050,3.645,0.000
2026-09-30T10:02:00Z,1.565,2.580,924.000,7566524416.000,18.210,18.210,2.000,0.030,4.390,0.000
2026-09-30T10:03:00Z,1.600,2.610,924.000,7566524416.000,16.470,16.470,3.000,0.030,4.657,0.000
2026-09-30T10:04:00Z,1.500,2.510,924.000,7566524416.000,17.610,17.610,2.000,0.030,4.207,0.000
2026-09-30T10:05:00Z,1.585,2.590,924.000,,20.380,20.380,2.000,0.030,4.520,0.000
2026-09-30T10:06:00Z,1.560,2.540,924.000,7566524416.000,19.070,19.070,3.000,0.030,5.185,0.000
2026-09-30T10:07:00Z,1.540,2.550,924.000,7566524416.000,19.520,19.520,3.000,0.040,4.857,0.000
2026-09-30T10:08:00Z,1.560,2.580,924.000,7566524416.000,12.380,12.380,3.000,0.020,4.970,0.000
2026-09-30T10:09:00Z,1.480,2.500,924.000,7566524416.000,10.210,10.210,3.000,0.010,3.205,0.000
2026-09-30T10:10:00Z,,,924.000,,14.960,14.960,2.000,0.020,2.655,0.000
2026-09-30T10:11:00Z,1.498,2.510,924.000,7565475840.000,12.640,12.640,2.000,0.020,3.855,0.000
2026-09-30T10:12:00Z,,,924.000,,22.990,22.990,2.000,0.060,3.620,0.000
2026-09-30T10:13:00Z,1.600,2.630,924.000,7565475840.000,26.010,26.010,2.000,0.040,5.820,0.000
2026-09-30T10:14:00Z,,,924.000,,24.910,24.910,4.000,0.040,6.607,0.000
2026-09-30T10:15:00Z,1.538,2.530,924.000,7565475840.000,14.420,14.420,4.000,0.020,5.024,0.000
2026-09-30T10:16:00Z,1.720,2.800,,7566524416.000,49.980,49.980,4.000,4.110,,0.000
2026-09-30T10:17:00Z,1.580,2.570,924.000,7567572992.000,23.530,23.530,5.000,0.040,12.605,0.000
2026-09-30T10:18:00Z,1.670,2.690,924.000,7566524416.000,27.740,27.740,5.000,0.280,5.992,0.000
2026-09-30T10:19:00Z,1.525,2.540,924.000,7566524416.000,14.610,14.610,4.000,0.020,7.223,0.000
2026-09-30T10:20:00Z,1.935,2.950,924.000,7567572992.000,68.720,68.720,4.000,0.730,3.803,0.000
2026-09-30T10:21:00Z,1.625,2.660,924.000,7566524416.000,21.570,21.570,6.000,0.030,17.297,0.000
2026-09-30T10:22:00Z,1.530,2.540,924.000,7566524416.000,14.170,14.170,8.000,0.020,5.685,0.000
2026-09-30T10:23:00Z,1.580,2.640,924.000,7565475840.000,11.640,11.640,2.000,0.010,3.652,0.000
2026-09-30T10:24:00Z,1.470,2.510,924.000,7565475840.000,10.130,10.130,2.000,0.020,2.837,0.000
2026-09-30T10:25:00Z,1.865,3.090,,7565475840.000,26.840,26.840,1.000,0.050,,0.000
2026-09-30T10:26:00Z,1.735,2.910,924.000,7564427264.000,15.330,15.330,2.000,0.050,7.003,0.000
2026-09-30T10:27:00Z,1.690,2.880,924.000,7564427264.000,13.380,13.380,4.000,0.020,3.685,0.000
2026-09-30T10:28:00Z,1.625,2.670,,7564427264.000,13.610,13.610,2.000,0.020,,0.000
2026-09-30T10:29:00Z,1.695,2.840,924.000,7564427264.000,17.810,17.810,1.000,0.030,4.037,0.000
2026-09-30T10:30:00Z,1.495,2.520,,7564427264.000,9.130,9.130,3.000,0.010,,0.000
2026-09-30T10:31:00Z,1.545,2.520,924.000,7564427264.000,13.380,13.380,2.000,0.020,2.373,0.000
2026-09-30T10:32:00Z,1.570,2.610,924.000,7564427264.000,19.970,19.970,1.000,0.090,3.692,0.000
2026-09-30T10:33:00Z,1.575,2.580,924.000,7564427264.000,15.510,15.510,3.000,0.030,5.065,0.000
2026-09-30T10:34:00Z,1.560,2.600,924.000,7564427264.000,18.990,18.990,2.000,0.030,3.993,0.000
2026-09-30T10:35:00Z,1.635,2.690,924.000,7564427264.000,18.910,18.910,3.000,0.030,4.840,0.000
2026-09-30T10:36:00Z,1.705,2.640,924.000,7564427264.000,30.670,30.670,3.000,0.110,4.817,0.000
2026-09-30T10:37:00Z,1.575,2.610,924.000,7565475840.000,14.290,14.290,3.000,0.020,7.897,0.000
2026-09-30T10:38:00Z,1.520,2.480,924.000,7565475840.000,13.610,13.610,5.000,0.020,3.737,0.000
2026-09-30T10:39:00Z,,,924.000,,18.660,18.660,2.000,0.030,3.513,0.000
2026-09-30T10:40:00Z,1.552,2.550,924.000,7565475840.000,17.430,17.430,2.000,0.030,4.787,0.000
2026-09-30T10:41:00Z,1.610,2.650,924.000,7564427264.000,16.280,16.280,3.000,0.030,4.473,0.000
2026-09-30T10:42:00Z,1.500,2.490,924.000,7565475840.000,13.150,13.150,3.000,0.020,3.980,0.000
2026-09-30T10:43:00Z,1.540,2.470,,7565475840.000,15.760,15.760,2.000,0.020,,0.000
2026-09-30T10:44:00Z,1.530,2.560,924.000,7565475840.000,13.150,13.150,1.000,0.020,3.723,0.000
2026-09-30T10:45:00Z,1.500,2.520,,7565475840.000,9.390,9.390,3.000,0.010,,0.000
2026-09-30T10:46:00Z,1.520,2.570,924.000,7565475840.000,16.130,16.130,1.000,0.030,2.438,0.000
2026-09-30T10:47:00Z,1.525,2.550,924.000,7565475840.000,11.710,11.710,2.000,0.010,4.122,0.000
2026-09-30T10:48:00Z,1.600,2.680,924.000,7565475840.000,11.990,11.990,1.000,0.020,3.018,0.000
2026-09-30T10:49:00Z,1.540,2.550,924.000,7565475840.000,12.500,12.500,2.000,0.020,3.112,0.000
2026-09-30T10:50:00Z,1.470,2.460,924.000,7564427264.000,11.320,11.320,2.000,0.010,3.228,0.000
2026-09-30T10:51:00Z,,,924.000,7564427264.000,8.940,8.940,2.000,0.010,2.920,0.000
2026-09-30T10:52:00Z,1.600,2.780,924.000,7564427264.000,17.940,17.940,1.000,0.030,3.567,0.000
2026-09-30T10:53:00Z,1.550,2.510,,7564427264.000,17.040,17.040,1.000,0.030,,0.000
2026-09-30T10:54:00Z,1.505,2.460,924.000,7565475840.000,15.630,15.630,3.000,0.020,4.375,0.000
2026-09-30T10:55:00Z,1.510,2.530,924.000,7565475840.000,15.530,15.530,2.000,0.020,4.005,0.000
2026-09-30T10:56:00Z,1.515,2.530,924.000,7565475840.000,15.530,15.530,3.000,0.020,3.960,0.000
2026-09-30T10:57:00Z,1.610,2.680,924.000,7564427264.000,15.520,15.520,2.000,0.020,3.975,0.000
2026-09-30T10:58:00Z,1.710,2.790,924.000,7564427264.000,40.620,40.620,2.000,1.470,3.985,0.000
2026-09-30T10:59:00Z,2.375,3.330,924.000,7545552896.000,15.510,15.510,5.000,0.020,10.270,0.000
2026-09-30T11:00:00Z,1.615,2.710,924.000,7564427264.000,19.310,19.310,3.000,0.030,4.255,0.000
2026-09-30T11:01:00Z,1.830,2.700,924.000,7564427264.000,52.350,52.350,4.000,0.670,4.987,0.000
2026-09-30T11:02:00Z,1.775,2.790,924.000,7564427264.000,41.120,41.120,3.000,0.130,13.415,0.000
2026-09-30T11:03:00Z,1.655,2.680,924.000,7563378688.000,23.560,23.560,9.000,0.040,10.395,0.000
2026-09-30T11:04:00Z,1.580,2.570,924.000,,21.240,21.240,6.000,0.050,5.992,0.000
2026-09-30T11:05:00Z,,,924.000,7563378688.000,21.080,21.080,3.000,0.040,5.428,0.000
2026-09-30T11:06:00Z,1.625,2.740,924.000,7564427264.000,22.090,22.090,4.000,0.040,5.372,0.000
2026-09-30T11:07:00Z,1.630,2.640,924.000,7564427264.000,24.060,24.060,3.000,0.040,5.612,0.000
2026-09-30T11:08:00Z,1.635,2.570,924.000,7563378688.000,30.220,30.220,3.000,0.070,6.105,0.000
2026-09-30T11:09:00Z,1.750,2.830,924.000,7565475840.000,32.660,32.660,4.000,0.060,7.665,0.000
2026-09-30T11:10:00Z,1.655,2.670,924.000,7564427264.000,27.080,27.080,6.000,0.050,7.571,0.000
2026-09-30T11:11:00Z,1.990,2.810,,7565475840.000,72.400,72.400,5.000,0.700,,0.000
2026-09-30T11:12:00Z,1.895,2.980,924.000,7566524416.000,48.570,48.570,5.000,0.110,15.402,0.000
2026-09-30T11:13:00Z,1.780,2.870,,7566524416.000,29.520,29.520,14.000,0.060,,0.000
2026-09-30T11:14:00Z,1.670,2.720,924.000,7566524416.000,26.840,26.840,7.000,0.050,7.508,0.000
2026-09-30T11:15:00Z,1.805,2.900,924.000,7564427264.000,45.670,45.670,5.000,0.950,6.812,0.000
2026-09-30T11:16:00Z,1.680,2.700,924.000,7566524416.000,27.570,27.570,7.000,0.050,11.520,0.000
2026-09-30T11:17:00Z,1.855,2.850,924.000,7566524416.000,45.460,45.460,5.000,0.210,6.978,0.000
2026-09-30T11:18:00Z,1.715,2.710,924.000,7565475840.000,34.970,34.970,6.000,0.070,11.450,0.000
2026-09-30T11:19:00Z,1.740,2.700,924.000,7564427264.000,22.830,22.830,7.000,0.040,9.053,0.000
2026-09-30T11:20:00Z,1.615,2.660,924.000,7564427264.000,21.680,21.680,4.000,0.030,5.761,0.000
2026-09-30T11:21:00Z,1.725,2.720,,7564427264.000,31.680,31.680,4.000,0.090,,0.000
2026-09-30T11:22:00Z,,,924.000,7564427264.000,31.770,31.770,3.000,0.050,8.230,0.000
2026-09-30T11:23:00Z,1.722,2.690,924.000,7564427264.000,38.570,38.570,5.000,0.080,8.057,0.000
2026-09-30T11:24:00Z,1.785,2.820,924.000,7565475840.000,42.420,42.420,6.000,0.080,9.740,0.000
2026-09-30T11:25:00Z,1.860,3.010,924.000,7565475840.000,42.880,42.880,7.000,0.080,10.732,0.000
2026-09-30T11:26:00Z,1.820,2.870,924.000,7565475840.000,36.230,36.230,7.000,0.060,10.818,0.000
2026-09-30T11:27:00Z,1.665,2.730,924.000,7564427264.000,26.760,26.760,6.000,0.040,9.160,0.000
2026-09-30T11:28:00Z,1.655,2.630,924.000,7564427264.000,29.600,29.600,7.000,0.050,7.154,0.000
2026-09-30T11:29:00Z,1.775,2.810,,7564427264.000,34.920,34.920,3.000,0.140,,0.000
2026-09-30T11:30:00Z,1.710,2.650,924.000,7564427264.000,38.900,38.900,5.000,0.070,8.845,0.000
2026-09-30T11:31:00Z,1.760,2.760,924.000,7564427264.000,36.050,36.050,6.000,0.070,9.822,0.000
2026-09-30T11:32:00Z,1.645,2.640,924.000,7563378688.000,25.790,25.790,6.000,0.050,9.322,0.000
2026-09-30T11:33:00Z,1.765,2.900,924.000,7563378688.000,35.120,35.120,5.000,0.090,6.540,0.000
2026-09-30T11:34:00Z,1.655,2.710,924.000,7563378688.000,27.240,27.240,7.000,0.160,8.900,0.000
2026-09-30T11:35:00Z,,,924.000,,21.010,21.010,4.000,0.030,6.902,0.000
2026-09-30T11:36:00Z,1.565,2.550,924.000,7563378688.000,17.480,17.480,3.000,0.030,5.343,0.000
2026-09-30T11:37:00Z,1.613,2.680,924.000,7563378688.000,20.090,20.090,4.000,0.040,4.603,0.000
2026-09-30T11:38:00Z,1.665,2.680,924.000,7563378688.000,25.140,25.140,2.000,0.040,5.165,0.000
2026-09-30T11:39:00Z,1.680,2.820,924.000,7563378688.000,18.710,18.710,3.000,0.030,5.588,0.000
2026-09-30T11:40:00Z,,,,,14.700,14.700,4.000,0.020,,0.000
2026-09-30T11:41:00Z,1.530,2.550,924.000,7563378688.000,16.730,16.730,3.000,0.080,3.797,0.000
2026-09-30T11:42:00Z,1.653,2.780,924.000,7564427264.000,23.510,23.510,2.000,0.040,5.332,0.000
2026-09-30T11:43:00Z,1.660,2.720,,7564427264.000,18.960,18.960,3.000,0.040,,0.000
2026-09-30T11:44:00Z,,,924.000,,22.950,22.950,3.000,0.060,4.830,0.000
2026-09-30T11:45:00Z,1.647,2.790,924.000,7563378688.000,19.010,19.010,3.000,0.030,5.853,0.000
2026-09-30T11:46:00Z,,,924.000,,25.370,25.370,3.000,0.050,4.850,0.000
2026-09-30T11:47:00Z,1.645,2.650,924.000,7563378688.000,20.200,20.200,4.000,0.030,6.435,0.000
2026-09-30T11:48:00Z,1.927,3.660,924.000,7563378688.000,102.060,102.060,4.000,5.290,5.140,0.000
2026-09-30T11:49:00Z,1.740,2.770,924.000,7563378688.000,36.790,36.790,14.000,0.070,25.617,0.000
2026-09-30T11:50:00Z,1.710,2.690,924.000,7563378688.000,27.220,27.220,8.000,0.040,9.320,0.000
2026-09-30T11:51:00Z,1.710,2.600,924.000,7562330112.000,33.170,33.170,4.000,0.060,6.902,0.000
2026-09-30T11:52:00Z,1.820,2.900,924.000,7562330112.000,36.280,36.280,5.000,0.060,8.893,0.000
2026-09-30T11:53:00Z,1.675,2.710,,,26.660,26.660,6.000,0.040,,0.000
2026-09-30T11:54:00Z,1.665,2.610,924.000,7562330112.000,32.360,32.360,6.000,0.050,7.494,0.000
2026-09-30T11:55:00Z,1.680,2.740,,7562330112.000,27.710,27.710,4.000,0.050,,0.000
2026-09-30T11:56:00Z,1.600,2.550,924.000,7562330112.000,22.110,22.110,6.000,0.040,7.018,0.000
2026-09-30T11:57:00Z,1.620,2.670,924.000,7562330112.000,23.500,23.500,3.000,0.040,5.625,0.000
2026-09-30T11:58:00Z,1.685,2.750,924.000,7562330112.000,21.960,21.960,5.000,0.050,5.973,0.000
2026-09-30T11:59:00Z,2.390,2.540,924.000,7542407168.000,20.770,20.770,3.000,0.080,5.610,0.000
2026-09-30T12:00:00Z,1.820,2.850,924.000,7559184384.000,44.930,44.930,3.000,0.540,5.303,0.000
2026-09-30T12:01:00Z,2.005,2.940,924.000,7558135808.000,62.210,62.210,6.000,2.050,11.627,0.000
2026-09-30T12:02:00Z,1.760,2.760,924.000,7559184384.000,35.260,35.260,7.000,0.100,15.883,0.000
2026-09-30T12:03:00Z,1.765,2.780,924.000,7560232960.000,37.780,37.780,9.000,0.490,8.912,0.000
2026-09-30T12:04:00Z,,,924.000,,39.840,39.840,5.000,0.180,9.537,0.000
2026-09-30T12:05:00Z,1.745,2.920,924.000,7561281536.000,31.000,31.000,9.000,0.090,10.078,0.000
2026-09-30T12:06:00Z,1.575,2.520,924.000,7562330112.000,22.460,22.460,5.000,0.040,7.848,0.000
2026-09-30T12:07:00Z,1.640,2.620,924.000,7562330112.000,23.280,23.280,4.000,0.040,5.713,0.000
2026-09-30T12:08:00Z,1.655,2.600,924.000,7562330112.000,25.050,25.050,4.000,0.050,5.925,0.000
2026-09-30T12:09:00Z,1.595,2.560,924.000,7562330112.000,16.310,16.310,4.000,0.020,6.378,0.000
2026-09-30T12:10:00Z,1.525,2.520,924.000,7561281536.000,13.980,13.980,3.000,0.020,4.180,0.000
2026-09-30T12:11:00Z,1.605,2.600,924.000,7561281536.000,15.160,15.160,2.000,0.020,3.640,0.000
2026-09-30T12:12:00Z,1.595,2.680,924.000,7561281536.000,14.060,14.060,2.000,0.020,4.258,0.000
2026-09-30T12:13:00Z,1.655,2.700,924.000,7561281536.000,19.760,19.760,3.000,0.070,3.625,0.000
2026-09-30T12:14:00Z,1.670,2.810,924.000,7561281536.000,17.860,17.860,2.000,0.030,5.055,0.000
2026-09-30T12:15:00Z,,,924.000,,14.240,14.240,3.000,0.020,4.558,0.000
2026-09-30T12:16:00Z,1.673,2.680,924.000,7560232960.000,55.350,55.350,2.000,1.500,8.793,0.000
2026-09-30T12:17:00Z,1.765,2.760,,7560232960.000,42.550,42.550,3.000,0.270,,0.000
2026-09-30T12:18:00Z,,,924.000,7561281536.000,23.850,23.850,10.000,0.040,10.727,0.000
2026-09-30T12:19:00Z,1.705,2.700,924.000,7561281536.000,30.570,30.570,5.000,0.070,6.235,0.000
2026-09-30T12:20:00Z,1.650,2.700,924.000,7561281536.000,25.230,25.230,4.000,0.070,7.765,0.000
2026-09-30T12:21:00Z,1.690,2.690,924.000,7559184384.000,29.310,29.310,6.000,0.070,7.006,0.000
2026-09-30T12:22:00Z,1.705,2.750,,7559184384.000,21.550,21.550,4.000,0.040,,0.000
2026-09-30T12:23:00Z,1.830,2.840,924.000,7559184384.000,33.440,33.440,3.000,0.060,5.503,0.000
2026-09-30T12:24:00Z,1.840,3.100,924.000,7559184384.000,33.800,33.800,4.000,0.250,8.465,0.000
2026-09-30T12:25:00Z,1.860,2.900,924.000,7560232960.000,43.490,43.490,8.000,0.170,8.570,0.000
2026-09-30T12:26:00Z,1.785,2.810,924.000,7559184384.000,39.360,39.360,4.000,0.080,10.970,0.000
2026-09-30T12:27:00Z,,,924.000,,33.280,33.280,8.000,0.060,9.945,0.000
2026-09-30T12:28:00Z,1.692,2.740,924.000,7559184384.000,25.600,25.600,6.000,0.050,8.412,0.000
2026-09-30T12:29:00Z,1.930,3.070,924.000,7560232960.000,45.850,45.850,5.000,0.340,9.044,0.000
2026-09-30T12:30:00Z,2.100,3.080,,7558135808.000,66.780,66.780,5.000,0.950,,0.000
2026-09-30T12:31:00Z,2.815,3.150,924.000,7558135808.000,174.680,174.680,8.000,4.260,16.992,0.000
2026-09-30T12:32:00Z,3.365,4.110,924.000,7558135808.000,235.390,235.390,14.000,2.700,43.980,0.000
2026-09-30T12:33:00Z,3.565,4.790,924.000,7557087232.000,251.060,251.060,37.000,3.050,58.943,0.000
2026-09-30T12:34:00Z,2.725,3.820,924.000,7557087232.000,147.330,147.330,48.000,0.390,62.860,0.000
2026-09-30T12:35:00Z,2.810,3.730,924.000,7554990080.000,179.840,179.840,35.000,2.040,36.960,0.000
2026-09-30T12:36:00Z,,,924.000,7554990080.000,160.940,160.940,27.000,1.160,45.042,0.000
2026-09-30T12:37:00Z,2.705,3.720,924.000,7554990080.000,131.990,131.990,29.000,0.990,36.804,0.000
2026-09-30T12:38:00Z,2.600,3.660,,7554990080.000,142.650,142.650,26.000,1.890,,0.000
2026-09-30T12:39:00Z,2.205,3.280,924.000,7554990080.000,92.190,92.190,27.000,1.050,35.767,0.000
2026-09-30T12:40:00Z,2.220,3.180,924.000,7556038656.000,97.270,97.270,21.000,0.700,23.168,0.000
2026-09-30T12:41:00Z,2.515,3.490,924.000,7553941504.000,125.290,125.290,15.000,0.670,28.121,0.000
2026-09-30T12:42:00Z,2.345,3.300,,7554990080.000,121.940,121.940,19.000,0.350,,0.000
2026-09-30T12:43:00Z,2.320,3.240,924.000,7556038656.000,109.140,109.140,21.000,0.340,28.991,0.000
2026-09-30T12:44:00Z,2.380,3.490,,7554990080.000,118.670,118.670,20.000,1.450,,0.000
2026-09-30T12:45:00Z,2.175,3.270,924.000,7551844352.000,77.830,77.830,22.000,0.530,29.777,0.000
2026-09-30T12:46:00Z,2.100,3.150,924.000,7553941504.000,82.140,82.140,17.000,0.220,20.093,0.000
2026-09-30T12:47:00Z,2.610,3.360,,7551844352.000,167.550,167.550,14.000,12.080,,0.000
2026-09-30T12:48:00Z,2.600,3.460,924.000,7551844352.000,150.000,150.000,14.000,0.980,41.985,0.000
2026-09-30T12:49:00Z,2.565,3.620,924.000,7551844352.000,135.620,135.620,32.000,1.490,37.595,0.000
2026-09-30T12:50:00Z,2.140,3.280,924.000,7551844352.000,76.730,76.730,27.000,0.230,34.020,0.000
2026-09-30T12:51:00Z,,,924.000,7550795776.000,53.550,53.550,21.000,0.110,19.277,0.000
2026-09-30T12:52:00Z,2.015,3.080,924.000,7550795776.000,76.940,76.940,11.000,0.220,13.695,0.000
2026-09-30T12:53:00Z,2.155,3.320,924.000,7551844352.000,82.500,82.500,9.000,1.140,19.337,0.000
2026-09-30T12:54:00Z,1.800,2.750,924.000,7550795776.000,45.750,45.750,16.000,0.120,20.753,0.000
2026-09-30T12:55:00Z,1.875,2.840,924.000,7551844352.000,64.140,64.140,10.000,0.230,11.547,0.000
2026-09-30T12:56:00Z,2.075,3.240,924.000,7551844352.000,72.460,72.460,9.000,0.220,17.166,0.000
2026-09-30T12:57:00Z,1.830,2.810,,7551844352.000,53.440,53.440,14.000,0.110,,0.000
2026-09-30T12:58:00Z,1.925,2.960,924.000,7552892928.000,57.400,57.400,9.000,0.240,13.450,0.000
2026-09-30T12:59:00Z,2.285,3.510,924.000,7552892928.000,90.510,90.510,9.000,2.180,14.477,0.000
2026-09-30T13:00:00Z,2.660,4.440,924.000,7551844352.000,55.640,55.640,15.000,0.300,22.733,0.000
2026-09-30T13:01:00Z,2.020,2.820,924.000,7552892928.000,80.390,80.390,10.000,0.320,14.328,0.000
2026-09-30T13:02:00Z,,,924.000,,87.230,87.230,10.000,1.080,20.433,0.000
2026-09-30T13:03:00Z,2.067,3.240,924.000,7551844352.000,69.190,69.190,17.000,0.520,21.922,0.000
2026-09-30T13:04:00Z,1.945,3.070,924.000,7551844352.000,55.190,55.190,13.000,0.160,17.387,0.000
2026-09-30T13:05:00Z,1.845,2.850,924.000,7551844352.000,52.420,52.420,11.000,0.260,13.900,0.000
2026-09-30T13:06:00Z,1.925,2.760,924.000,7550795776.000,70.700,70.700,8.000,0.320,15.488,0.000
2026-09-30T13:07:00Z,2.070,2.940,,7550795776.000,88.680,88.680,8.000,5.210,,0.000
2026-09-30T13:08:00Z,1.865,2.880,924.000,7552892928.000,49.300,49.300,13.000,0.100,22.262,0.000
2026-09-30T13:09:00Z,1.860,2.860,924.000,7553941504.000,60.080,60.080,15.000,0.360,12.440,0.000
2026-09-30T13:10:00Z,1.950,3.050,924.000,,59.030,59.030,8.000,0.270,15.113,0.000
2026-09-30T13:11:00Z,1.825,2.720,924.000,7552892928.000,44.280,44.280,12.000,0.120,14.873,0.000
2026-09-30T13:12:00Z,1.850,2.820,924.000,7552892928.000,52.760,52.760,8.000,0.110,12.404,0.000
2026-09-30T13:13:00Z,2.060,3.250,,7551844352.000,83.920,83.920,8.000,6.140,,0.000
2026-09-30T13:14:00Z,1.745,2.810,924.000,7552892928.000,39.680,39.680,15.000,0.090,21.108,0.000
2026-09-30T13:15:00Z,1.980,3.170,924.000,7551844352.000,70.900,70.900,9.000,4.620,10.012,0.000
2026-09-30T13:16:00Z,1.840,2.820,924.000,7552892928.000,49.660,49.660,11.000,0.110,17.817,0.000
2026-09-30T13:17:00Z,1.970,2.970,924.000,7553941504.000,62.850,62.850,7.000,0.130,12.512,0.000
2026-09-30T13:18:00Z,1.780,2.770,924.000,7552892928.000,43.360,43.360,9.000,0.090,15.797,0.000
2026-09-30T13:19:00Z,2.020,3.200,924.000,7550795776.000,60.630,60.630,9.000,0.520,11.113,0.000
2026-09-30T13:20:00Z,,,924.000,7549747200.000,47.340,47.340,9.000,0.240,15.290,0.000
2026-09-30T13:21:00Z,1.905,3.020,924.000,7549747200.000,66.310,66.310,8.000,0.150,11.932,0.000
2026-09-30T13:22:00Z,2.060,3.200,924.000,7550795776.000,78.020,78.020,10.000,0.810,16.880,0.000
2026-09-30T13:23:00Z,1.990,2.940,924.000,7549747200.000,75.880,75.880,14.000,5.960,19.610,0.000
2026-09-30T13:24:00Z,2.060,3.090,924.000,7549747200.000,66.710,66.710,10.000,0.530,19.073,0.000
2026-09-30T13:25:00Z,1.885,2.890,924.000,7549747200.000,62.430,62.430,14.000,0.930,16.805,0.000
2026-09-30T13:26:00Z,2.015,2.960,924.000,7548698624.000,73.040,73.040,12.000,0.980,15.703,0.000
2026-09-30T13:27:00Z,1.880,2.910,924.000,7549747200.000,56.390,56.390,11.000,0.200,18.358,0.000
2026-09-30T13:28:00Z,1.795,2.900,924.000,7550795776.000,56.660,56.660,12.000,1.780,14.188,0.000
2026-09-30T13:29:00Z,2.135,3.250,924.000,,79.110,79.110,10.000,5.610,14.262,0.000
2026-09-30T13:30:00Z,2.070,2.930,924.000,7548698624.000,88.410,88.410,10.000,0.810,19.887,0.000
2026-09-30T13:31:00Z,3.490,4.170,924.000,7548698624.000,327.240,327.240,14.000,30.940,22.200,0.000
2026-09-30T13:32:00Z,3.065,3.910,924.000,7546601472.000,248.740,248.740,24.000,8.830,82.140,0.000
2026-09-30T13:33:00Z,3.475,4.760,924.000,7547650048.000,272.490,272.490,55.000,6.240,62.290,0.000
2026-09-30T13:34:00Z,3.080,4.010,924.000,7548698624.000,230.440,230.440,52.000,1.580,68.220,0.000
2026-09-30T13:35:00Z,2.845,3.940,924.000,7548698624.000,192.000,192.000,42.000,1.000,57.727,0.000
2026-09-30T13:36:00Z,2.925,3.980,924.000,7546601472.000,207.150,207.150,40.000,5.070,48.102,0.000
2026-09-30T13:37:00Z,3.050,4.170,924.000,7547650048.000,214.460,214.460,33.000,1.340,52.047,0.000
2026-09-30T13:38:00Z,2.955,4.010,924.000,7546601472.000,208.160,208.160,39.000,1.260,53.745,0.000
2026-09-30T13:39:00Z,2.895,3.780,924.000,7546601472.000,202.590,202.590,37.000,1.420,52.150,0.000
2026-09-30T13:40:00Z,2.635,3.760,924.000,7544504320.000,172.370,172.370,34.000,0.860,50.775,0.000
2026-09-30T13:41:00Z,2.805,4.110,924.000,7547650048.000,181.330,181.330,36.000,5.630,43.220,0.000
2026-09-30T13:42:00Z,2.415,3.440,924.000,7545552896.000,123.870,123.870,31.000,0.400,38.450,0.000
2026-09-30T13:43:00Z,2.445,3.510,,7537164288.000,119.250,119.250,27.000,0.320,,0.000
2026-09-30T13:44:00Z,,,924.000,,134.870,134.870,21.000,0.970,30.130,0.000
2026-09-30T13:45:00Z,2.510,3.590,924.000,7537164288.000,174.240,174.240,22.000,4.090,33.820,0.000
2026-09-30T13:46:00Z,2.840,3.760,924.000,7536115712.000,215.340,215.340,25.000,2.240,43.657,0.000
2026-09-30T13:47:00Z,3.005,4.010,924.000,7536115712.000,223.440,223.440,32.000,2.020,53.932,0.000
2026-09-30T13:48:00Z,3.035,4.230,924.000,7537164288.000,204.880,204.880,40.000,2.510,55.947,0.000
2026-09-30T13:49:00Z,2.800,3.840,924.000,7536115712.000,176.230,176.230,41.000,0.950,51.297,0.000
2026-09-30T13:50:00Z,3.250,4.370,924.000,7535067136.000,287.780,287.780,31.000,19.810,58.116,0.000
2026-09-30T13:51:00Z,3.075,4.170,,7536115712.000,233.050,233.050,43.000,3.230,,0.000
2026-09-30T13:52:00Z,2.930,4.050,924.000,7536115712.000,203.970,203.970,43.000,1.410,58.590,0.000
2026-09-30T13:53:00Z,2.955,3.860,924.000,7538212864.000,214.360,214.360,40.000,4.270,51.102,0.000
2026-09-30T13:54:00Z,2.780,3.720,924.000,,185.780,185.780,35.000,1.770,53.712,0.000
2026-09-30T13:55:00Z,2.820,3.840,924.000,7535067136.000,204.540,204.540,36.000,2.950,46.550,0.000
2026-09-30T13:56:00Z,2.945,3.900,924.000,7535067136.000,218.120,218.120,36.000,4.010,52.939,0.000
2026-09-30T13:57:00Z,3.015,4.130,,7534018560.000,221.820,221.820,36.000,4.780,,0.000
2026-09-30T13:58:00Z,2.715,3.910,924.000,7535067136.000,170.600,170.600,39.000,1.000,55.562,0.000
2026-09-30T13:59:00Z,2.950,4.080,924.000,7531921408.000,207.960,207.960,36.000,4.940,42.765,0.000
2026-09-30T14:00:00Z,3.595,4.890,924.000,7516192768.000,199.100,199.100,30.000,9.190,52.087,0.000
2026-09-30T14:01:00Z,3.820,5.170,924.000,7536115712.000,346.940,346.940,35.000,20.270,50.142,0.000
2026-09-30T14:02:00Z,3.215,4.030,924.000,7536115712.000,274.570,274.570,47.000,12.870,77.946,0.000
2026-09-30T14:03:00Z,3.060,4.280,,7532969984.000,213.890,213.890,52.000,2.360,,0.000
2026-09-30T14:04:00Z,2.990,4.090,924.000,7534018560.000,224.910,224.910,50.000,2.570,54.956,0.000
2026-09-30T14:05:00Z,2.830,3.840,,7534018560.000,202.140,202.140,38.000,2.640,,0.000
2026-09-30T14:06:00Z,2.855,3.710,924.000,7532969984.000,207.390,207.390,37.000,2.190,51.289,0.000
2026-09-30T14:07:00Z,3.960,3.960,,7532969984.000,235.960,235.960,33.000,7.020,,0.000
2026-09-30T14:08:00Z,2.653,4.120,924.000,7528775680.000,217.180,217.180,38.000,4.900,59.080,0.000
2026-09-30T14:09:00Z,2.685,3.700,924.000,7528775680.000,180.060,180.060,43.000,1.390,49.759,0.000
2026-09-30T14:10:00Z,2.730,3.520,,7530872832.000,204.110,204.110,38.000,4.100,,0.000
2026-09-30T14:11:00Z,3.070,4.040,924.000,7527727104.000,227.950,227.950,29.000,2.140,51.150,0.000
2026-09-30T14:12:00Z,2.930,3.930,924.000,7528775680.000,225.010,225.010,38.000,3.260,57.460,0.000
2026-09-30T14:13:00Z,2.865,3.930,924.000,7534018560.000,205.740,205.740,41.000,1.790,56.385,0.000
2026-09-30T14:14:00Z,2.610,3.790,924.000,7534018560.000,153.830,153.830,39.000,1.370,51.538,0.000
2026-09-30T14:15:00Z,2.650,3.640,924.000,7528775680.000,184.150,184.150,34.000,2.770,38.575,0.000
2026-09-30T14:16:00Z,2.815,3.590,924.000,7527727104.000,214.290,214.290,27.000,10.510,49.896,0.000
2026-09-30T14:17:00Z,2.875,3.860,,7529824256.000,207.040,207.040,31.000,2.160,,0.000
2026-09-30T14:18:00Z,2.975,3.620,924.000,7529824256.000,238.110,238.110,40.000,4.270,51.858,0.000
2026-09-30T14:19:00Z,2.995,4.110,924.000,7530872832.000,235.580,235.580,34.000,4.400,59.812,0.000
2026-09-30T14:20:00Z,2.800,3.870,924.000,7534018560.000,190.480,190.480,47.000,3.480,58.998,0.000
2026-09-30T14:21:00Z,2.695,3.610,924.000,7534018560.000,183.520,183.520,39.000,3.000,46.955,0.000
2026-09-30T14:22:00Z,3.550,3.550,,7531921408.000,154.640,154.640,31.000,1.420,,0.000
2026-09-30T14:23:00Z,2.160,3.460,924.000,7534018560.000,153.510,153.510,33.000,1.510,38.770,0.000
2026-09-30T14:24:00Z,2.695,3.710,924.000,7528775680.000,192.080,192.080,27.000,5.390,38.475,0.000
2026-09-30T14:25:00Z,2.520,3.440,924.000,7524581376.000,165.730,165.730,27.000,1.630,44.835,0.000
2026-09-30T14:26:00Z,2.850,3.730,,7521435648.000,208.680,208.680,33.000,5.010,,0.000
2026-09-30T14:27:00Z,2.740,3.810,924.000,7524581376.000,192.800,192.800,30.000,2.180,52.260,0.000
2026-09-30T14:28:00Z,2.845,3.710,924.000,7526678528.000,203.440,203.440,39.000,3.290,48.292,0.000
2026-09-30T14:29:00Z,3.850,3.850,924.000,7530872832.000,199.880,199.880,34.000,3.780,50.977,0.000
2026-09-30T14:30:00Z,2.663,4.200,924.000,7528775680.000,232.460,232.460,34.000,6.490,54.136,0.000
2026-09-30T14:31:00Z,3.135,4.330,,7524581376.000,256.910,256.910,41.000,12.380,,0.000
2026-09-30T14:32:00Z,3.145,4.070,924.000,7525629952.000,263.430,263.430,37.000,18.010,65.255,0.000
2026-09-30T14:33:00Z,,,,,168.360,168.360,47.000,1.960,,0.000
2026-09-30T14:34:00Z,2.752,3.970,924.000,7522484224.000,196.720,196.720,41.000,1.900,42.205,0.000
2026-09-30T14:35:00Z,2.620,3.610,924.000,7521435648.000,174.530,174.530,32.000,2.610,49.273,0.000
2026-09-30T14:36:00Z,2.485,3.610,924.000,7524581376.000,152.270,152.270,31.000,1.210,43.718,0.000
2026-09-30T14:37:00Z,2.590,3.820,924.000,7521435648.000,163.640,163.640,32.000,1.700,38.190,0.000
2026-09-30T14:38:00Z,2.690,4.020,924.000,7521435648.000,147.870,147.870,29.000,0.870,41.175,0.000
2026-09-30T14:39:00Z,2.980,3.890,924.000,7520387072.000,258.700,258.700,28.000,27.490,37.083,0.000
2026-09-30T14:40:00Z,2.905,4.090,924.000,7519338496.000,175.030,175.030,26.000,2.810,54.320,0.000
2026-09-30T14:41:00Z,2.775,3.990,,7519338496.000,170.670,170.670,46.000,2.520,,0.000
2026-09-30T14:42:00Z,2.505,3.500,924.000,7523532800.000,150.170,150.170,32.000,1.950,43.295,0.000
2026-09-30T14:43:00Z,2.790,3.810,924.000,7522484224.000,170.000,170.000,25.000,1.190,37.648,0.000
2026-09-30T14:44:00Z,3.235,3.910,924.000,7521435648.000,261.500,261.500,28.000,24.160,42.590,0.000
2026-09-30T14:45:00Z,2.495,3.690,924.000,7520387072.000,146.280,146.280,31.000,1.570,65.515,0.000
2026-09-30T14:46:00Z,2.790,3.840,924.000,7520387072.000,194.980,194.980,46.000,1.550,36.672,0.000
2026-09-30T14:47:00Z,,,924.000,,176.110,176.110,28.000,1.300,48.835,0.000
2026-09-30T14:48:00Z,2.607,3.890,924.000,7521435648.000,151.770,151.770,34.000,1.160,44.125,0.000
2026-09-30T14:49:00Z,2.530,3.440,924.000,7520387072.000,158.310,158.310,27.000,2.580,38.060,0.000
2026-09-30T14:50:00Z,2.530,3.580,924.000,7519338496.000,152.880,152.880,26.000,0.820,39.680,0.000
2026-09-30T14:51:00Z,2.720,3.900,924.000,7523532800.000,180.150,180.150,29.000,1.740,38.310,0.000
2026-09-30T14:52:00Z,2.420,3.360,924.000,7521435648.000,146.700,146.700,30.000,0.730,41.071,0.000
2026-09-30T14:53:00Z,2.320,3.400,,7517241344.000,122.610,122.610,26.000,0.770,,0.000
2026-09-30T14:54:00Z,2.855,3.790,924.000,7518289920.000,229.250,229.250,26.000,7.380,30.767,0.000
2026-09-30T14:55:00Z,3.300,3.950,924.000,7518289920.000,336.500,336.500,28.000,42.500,57.415,0.000
2026-09-30T14:56:00Z,2.750,3.680,924.000,7521435648.000,210.290,210.290,37.000,4.110,84.218,0.000
2026-09-30T14:57:00Z,2.845,3.850,924.000,7524581376.000,190.430,190.430,60.000,2.270,52.680,0.000
2026-09-30T14:58:00Z,2.620,3.660,924.000,7520387072.000,164.560,164.560,35.000,0.850,47.705,0.000
2026-09-30T14:59:00Z,,,924.000,7516192768.000,171.890,171.890,34.000,4.360,41.263,0.000
2026-09-30T15:00:00Z,2.873,3.440,924.000,7519338496.000,148.160,148.160,28.000,1.480,43.075,0.000
2026-09-30T15:01:00Z,2.965,3.810,924.000,,260.140,260.140,30.000,13.120,37.138,0.000
2026-09-30T15:02:00Z,2.785,3.790,924.000,7516192768.000,202.640,202.640,28.000,3.440,58.227,0.000
2026-09-30T15:03:00Z,2.750,3.750,,7516192768.000,174.790,174.790,46.000,1.870,,0.000
2026-09-30T15:04:00Z,,,924.000,,196.060,196.060,34.000,3.740,43.790,0.000
2026-09-30T15:05:00Z,2.808,3.970,924.000,7515144192.000,194.650,194.650,35.000,9.030,49.133,0.000
2026-09-30T15:06:00Z,2.470,3.660,924.000,7516192768.000,128.860,128.860,32.000,0.730,48.767,0.000
2026-09-30T15:07:00Z,2.670,3.760,924.000,7500464128.000,167.060,167.060,32.000,2.970,32.318,0.000
2026-09-30T15:08:00Z,2.630,3.490,924.000,7498366976.000,180.940,180.940,23.000,6.680,41.855,0.000
2026-09-30T15:09:00Z,,,924.000,7504658432.000,151.720,151.720,29.000,2.450,45.352,0.000
2026-09-30T15:10:00Z,2.460,3.390,924.000,7502561280.000,144.030,144.030,31.000,2.830,38.028,0.000
2026-09-30T15:11:00Z,2.413,3.670,924.000,7497318400.000,147.850,147.850,26.000,2.060,36.125,0.000
2026-09-30T15:12:00Z,2.605,3.670,924.000,7499415552.000,149.970,149.970,29.000,2.510,37.335,0.000
2026-09-30T15:13:00Z,2.510,3.600,924.000,7500464128.000,162.930,162.930,21.000,12.250,37.615,0.000
2026-09-30T15:14:00Z,,,924.000,,304.540,304.540,33.000,52.780,40.822,0.000
2026-09-30T15:15:00Z,2.780,4.850,924.000,7501512704.000,127.260,127.260,42.000,1.900,54.074,0.000
2026-09-30T15:16:00Z,2.640,3.990,,7505707008.000,186.110,186.110,34.000,13.830,,0.000
2026-09-30T15:17:00Z,2.625,3.530,924.000,7502561280.000,169.320,169.320,34.000,2.940,46.638,0.000
2026-09-30T15:18:00Z,2.430,3.510,924.000,7498366976.000,128.980,128.980,23.000,1.260,42.422,0.000
2026-09-30T15:19:00Z,2.280,3.230,924.000,7500464128.000,121.070,121.070,29.000,3.570,32.547,0.000
2026-09-30T15:20:00Z,2.055,3.080,924.000,7498366976.000,91.080,91.080,21.000,0.530,30.372,0.000
2026-09-30T15:21:00Z,2.320,3.510,924.000,7498366976.000,127.160,127.160,21.000,1.370,22.863,0.000
2026-09-30T15:22:00Z,2.500,3.610,924.000,7497318400.000,159.290,159.290,17.000,7.030,36.010,0.000
2026-09-30T15:23:00Z,2.340,3.420,,7496269824.000,121.050,121.050,24.000,0.740,,0.000
2026-09-30T15:24:00Z,2.495,3.770,924.000,7497318400.000,130.120,130.120,26.000,0.750,30.355,0.000
2026-09-30T15:25:00Z,2.225,3.230,924.000,7498366976.000,116.900,116.900,22.000,0.740,32.645,0.000
2026-09-30T15:26:00Z,2.475,3.600,924.000,,154.310,154.310,21.000,3.270,29.328,0.000
2026-09-30T15:27:00Z,2.445,3.450,924.000,7492075520.000,145.270,145.270,24.000,0.940,38.680,0.000
2026-09-30T15:28:00Z,2.600,3.810,924.000,7492075520.000,121.910,121.910,24.000,0.780,36.410,0.000
2026-09-30T15:29:00Z,,,924.000,7494172672.000,132.000,132.000,25.000,0.970,30.580,0.000
2026-09-30T15:30:00Z,2.433,3.590,924.000,7496269824.000,141.340,141.340,22.000,1.800,33.130,0.000
2026-09-30T15:31:00Z,2.730,4.070,924.000,7501512704.000,181.800,181.800,22.000,6.220,35.640,0.000
2026-09-30T15:32:00Z,2.180,3.210,924.000,7495221248.000,115.080,115.080,32.000,0.970,45.773,0.000
2026-09-30T15:33:00Z,2.420,3.450,924.000,7493124096.000,146.710,146.710,24.000,2.990,28.867,0.000
2026-09-30T15:34:00Z,2.190,3.260,924.000,7494172672.000,102.070,102.070,23.000,0.750,31.207,0.000
2026-09-30T15:35:00Z,2.390,3.550,,7501512704.000,129.790,129.790,23.000,0.990,,0.000
2026-09-30T15:36:00Z,3.330,4.890,924.000,7500464128.000,284.500,284.500,19.000,33.210,32.538,0.000
2026-09-30T15:37:00Z,2.305,3.330,924.000,7499415552.000,109.800,109.800,42.000,0.540,71.248,0.000
2026-09-30T15:38:00Z,2.320,3.430,924.000,7501512704.000,117.900,117.900,29.000,0.700,27.698,0.000
2026-09-30T15:39:00Z,2.195,3.320,924.000,7497318400.000,89.390,89.390,19.000,1.540,29.565,0.000
2026-09-30T15:40:00Z,2.115,3.250,924.000,,90.430,90.430,20.000,2.160,22.468,0.000
2026-09-30T15:41:00Z,,,924.000,7495221248.000,119.400,119.400,14.000,2.800,22.718,0.000
2026-09-30T15:42:00Z,2.283,3.330,924.000,7492075520.000,132.710,132.710,18.000,6.040,30.258,0.000
2026-09-30T15:43:00Z,2.230,3.390,924.000,7492075520.000,91.880,91.880,18.000,0.430,33.280,0.000
2026-09-30T15:44:00Z,2.370,3.290,924.000,7493124096.000,146.020,146.020,23.000,3.270,23.073,0.000
2026-09-30T15:45:00Z,2.655,3.710,924.000,7493124096.000,151.290,151.290,18.000,1.320,36.620,0.000
2026-09-30T15:46:00Z,2.800,4.230,924.000,7497318400.000,195.900,195.900,27.000,15.640,37.920,0.000
2026-09-30T15:47:00Z,2.270,3.460,924.000,7494172672.000,111.470,111.470,37.000,1.260,38.515,0.000
2026-09-30T15:48:00Z,2.335,3.430,,7496269824.000,126.980,126.980,24.000,1.290,,0.000
2026-09-30T15:49:00Z,2.525,3.280,924.000,,157.670,157.670,19.000,5.390,31.840,0.000
2026-09-30T15:50:00Z,2.525,3.660,924.000,7497318400.000,155.700,155.700,22.000,3.520,39.532,0.000
2026-09-30T15:51:00Z,,,924.000,,219.200,219.200,30.000,5.750,39.028,0.000
2026-09-30T15:52:00Z,2.692,4.310,924.000,7491026944.000,132.010,132.010,34.000,1.740,55.148,0.000
2026-09-30T15:53:00Z,2.575,3.600,924.000,7494172672.000,156.770,156.770,30.000,1.600,33.095,0.000
2026-09-30T15:54:00Z,2.285,3.390,924.000,7494172672.000,119.160,119.160,26.000,0.660,39.303,0.000
2026-09-30T15:55:00Z,2.110,3.160,924.000,7497318400.000,105.730,105.730,26.000,0.640,28.205,0.000
2026-09-30T15:56:00Z,2.515,3.850,,7498366976.000,171.140,171.140,18.000,7.910,,0.000
2026-09-30T15:57:00Z,2.400,3.560,924.000,7503609856.000,131.180,131.180,27.000,1.650,42.867,0.000
2026-09-30T15:58:00Z,2.025,3.060,924.000,7503609856.000,85.220,85.220,26.000,0.410,32.888,0.000
2026-09-30T15:59:00Z,2.145,3.290,924.000,7503609856.000,106.880,106.880,19.000,2.740,21.422,0.000
2026-09-30T16:00:00Z,2.160,3.150,924.000,7495221248.000,92.100,92.100,16.000,3.530,26.812,0.000
2026-09-30T16:01:00Z,5.170,5.170,924.000,7502561280.000,192.890,192.890,19.000,20.780,23.128,0.000
2026-09-30T16:02:00Z,1.960,3.320,924.000,7498366976.000,104.540,104.540,15.000,1.280,48.865,0.000
2026-09-30T16:03:00Z,2.245,3.350,924.000,7498366976.000,109.020,109.020,33.000,2.530,26.275,0.000
2026-09-30T16:04:00Z,2.415,3.470,924.000,7498366976.000,144.950,144.950,18.000,3.490,27.352,0.000
2026-09-30T16:05:00Z,2.250,2.940,924.000,7501512704.000,143.070,143.070,22.000,14.430,36.352,0.000
2026-09-30T16:06:00Z,1.965,2.900,924.000,7502561280.000,90.070,90.070,21.000,0.990,35.860,0.000
2026-09-30T16:07:00Z,2.065,3.130,924.000,7500464128.000,94.880,94.880,25.000,1.290,22.615,0.000
2026-09-30T16:08:00Z,2.095,3.160,924.000,7499415552.000,95.040,95.040,16.000,1.560,23.846,0.000
2026-09-30T16:09:00Z,1.960,3.040,,7502561280.000,77.860,77.860,16.000,0.510,,0.000
2026-09-30T16:10:00Z,1.955,3.020,924.000,7501512704.000,74.830,74.830,17.000,0.870,19.560,0.000
2026-09-30T16:11:00Z,,,924.000,7500464128.000,81.350,81.350,12.000,1.450,18.997,0.000
2026-09-30T16:12:00Z,1.893,2.910,924.000,7499415552.000,66.130,66.130,12.000,0.340,20.727,0.000
2026-09-30T16:13:00Z,2.315,3.590,924.000,7497318400.000,151.600,151.600,13.000,16.960,16.660,0.000
2026-09-30T16:14:00Z,2.010,3.070,924.000,7501512704.000,79.210,79.210,24.000,0.380,38.010,0.000
2026-09-30T16:15:00Z,2.020,3.120,924.000,7500464128.000,85.250,85.250,16.000,0.880,19.900,0.000
2026-09-30T16:16:00Z,2.125,3.330,924.000,7499415552.000,71.320,71.320,16.000,0.490,21.405,0.000
2026-09-30T16:17:00Z,2.240,3.580,924.000,7499415552.000,63.970,63.970,13.000,0.280,17.902,0.000
2026-09-30T16:18:00Z,2.415,3.390,924.000,7496269824.000,114.450,114.450,13.000,4.010,16.082,0.000
2026-09-30T16:19:00Z,2.860,4.160,924.000,7496269824.000,174.990,174.990,10.000,5.970,28.910,0.000
2026-09-30T16:20:00Z,2.245,3.450,924.000,7498366976.000,76.390,76.390,27.000,0.730,43.877,0.000
2026-09-30T16:21:00Z,,,924.000,7499415552.000,93.320,93.320,23.000,0.720,19.195,0.000
2026-09-30T16:22:00Z,2.303,3.970,924.000,7500464128.000,73.960,73.960,16.000,0.530,23.640,0.000
2026-09-30T16:23:00Z,2.255,3.460,924.000,7500464128.000,72.920,72.920,13.000,0.400,18.600,0.000
2026-09-30T16:24:00Z,,,924.000,,78.450,78.450,13.000,0.480,18.332,0.000
2026-09-30T16:25:00Z,2.275,3.610,924.000,7499415552.000,80.440,80.440,13.000,0.840,19.727,0.000
2026-09-30T16:26:00Z,2.125,3.380,924.000,7498366976.000,63.140,63.140,14.000,0.370,20.212,0.000
2026-09-30T16:27:00Z,2.330,3.660,924.000,7497318400.000,66.690,66.690,13.000,0.480,15.890,0.000
2026-09-30T16:28:00Z,2.505,3.650,924.000,7497318400.000,104.100,104.100,11.000,1.360,16.762,0.000
2026-09-30T16:29:00Z,2.185,3.490,924.000,7496269824.000,78.470,78.470,11.000,2.480,26.128,0.000
2026-09-30T16:30:00Z,,,924.000,,73.990,73.990,17.000,0.450,19.733,0.000
2026-09-30T16:31:00Z,2.175,3.350,924.000,7488929792.000,157.430,157.430,14.000,3.080,18.590,0.000
2026-09-30T16:32:00Z,2.290,3.470,924.000,7496269824.000,134.530,134.530,17.000,2.070,36.706,0.000
2026-09-30T16:33:00Z,2.130,3.100,,7494172672.000,102.760,102.760,30.000,1.310,,0.000
2026-09-30T16:34:00Z,1.980,2.950,924.000,7494172672.000,82.630,82.630,18.000,0.710,25.780,0.000
2026-09-30T16:35:00Z,2.310,3.550,924.000,7495221248.000,124.250,124.250,16.000,2.460,20.767,0.000
2026-09-30T16:36:00Z,2.065,3.060,924.000,7494172672.000,100.240,100.240,19.000,0.880,31.165,0.000
2026-09-30T16:37:00Z,2.015,3.060,924.000,7496269824.000,74.840,74.840,19.000,0.580,25.180,0.000
2026-09-30T16:38:00Z,2.305,3.350,924.000,7498366976.000,131.960,131.960,15.000,3.870,18.940,0.000
2026-09-30T16:39:00Z,2.095,3.180,924.000,7498366976.000,86.200,86.200,18.000,0.500,33.105,0.000
2026-09-30T16:40:00Z,2.035,3.190,924.000,7498366976.000,75.020,75.020,18.000,0.410,21.633,0.000
2026-09-30T16:41:00Z,1.970,3.090,924.000,7497318400.000,66.450,66.450,14.000,0.500,18.878,0.000
2026-09-30T16:42:00Z,,,924.000,,112.840,112.840,14.000,1.750,17.005,0.000
2026-09-30T16:43:00Z,2.178,3.250,924.000,7491026944.000,95.160,95.160,14.000,0.750,28.330,0.000
2026-09-30T16:44:00Z,2.120,3.120,924.000,7494172672.000,84.780,84.780,18.000,1.180,23.887,0.000
2026-09-30T16:45:00Z,2.165,3.200,924.000,7492075520.000,98.040,98.040,14.000,1.810,21.305,0.000
2026-09-30T16:46:00Z,2.065,2.930,924.000,7494172672.000,109.370,109.370,17.000,1.630,24.602,0.000
2026-09-30T16:47:00Z,2.000,3.070,924.000,,85.850,85.850,17.000,0.600,27.435,0.000
2026-09-30T16:48:00Z,1.965,3.030,924.000,7496269824.000,64.940,64.940,20.000,0.540,21.555,0.000
2026-09-30T16:49:00Z,2.160,3.210,924.000,7493124096.000,104.590,104.590,12.000,3.710,16.328,0.000
2026-09-30T16:50:00Z,2.095,3.090,924.000,7495221248.000,93.760,93.760,12.000,1.080,26.262,0.000
2026-09-30T16:51:00Z,1.925,3.110,924.000,7494172672.000,71.700,71.700,18.000,1.300,23.535,0.000
2026-09-30T16:52:00Z,1.985,3.110,924.000,7493124096.000,73.790,73.790,17.000,0.340,18.247,0.000
2026-09-30T16:53:00Z,2.005,3.100,924.000,7492075520.000,67.770,67.770,11.000,0.420,18.558,0.000
2026-09-30T16:54:00Z,1.840,2.910,924.000,7494172672.000,63.180,63.180,13.000,0.370,17.052,0.000
2026-09-30T16:55:00Z,1.770,2.840,924.000,7495221248.000,57.710,57.710,12.000,0.240,15.887,0.000
2026-09-30T16:56:00Z,1.830,2.880,924.000,7495221248.000,45.220,45.220,11.000,0.150,14.525,0.000
2026-09-30T16:57:00Z,1.785,2.810,924.000,7495221248.000,54.790,54.790,8.000,0.270,12.599,0.000
2026-09-30T16:58:00Z,2.040,3.080,,7494172672.000,76.670,76.670,9.000,0.780,,0.000
2026-09-30T16:59:00Z,2.020,2.970,924.000,,95.030,95.030,10.000,4.370,19.277,0.000
2026-09-30T17:00:00Z,1.920,2.970,924.000,7493124096.000,64.160,64.160,13.000,0.750,23.860,0.000
2026-09-30T17:01:00Z,3.120,4.630,924.000,7471104000.000,97.040,97.040,14.000,0.760,16.130,0.000
2026-09-30T17:02:00Z,2.320,3.450,924.000,7491026944.000,107.930,107.930,13.000,1.990,24.688,0.000
2026-09-30T17:03:00Z,1.875,2.880,924.000,7487881216.000,67.540,67.540,19.000,0.780,27.150,0.000
2026-09-30T17:04:00Z,2.070,3.180,924.000,7489978368.000,81.850,81.850,14.000,0.600,17.005,0.000
2026-09-30T17:05:00Z,1.960,3.090,924.000,7491026944.000,65.580,65.580,13.000,0.360,20.580,0.000
2026-09-30T17:06:00Z,1.885,2.930,924.000,7489978368.000,65.010,65.010,15.000,0.310,16.488,0.000
2026-09-30T17:07:00Z,2.040,2.990,924.000,7487881216.000,90.180,90.180,10.000,1.170,16.355,0.000
2026-09-30T17:08:00Z,2.050,3.070,924.000,7488929792.000,72.330,72.330,11.000,0.950,20.407,0.000
2026-09-30T17:09:00Z,1.855,2.750,,7491026944.000,65.710,65.710,15.000,0.470,,0.000
2026-09-30T17:10:00Z,1.845,2.960,924.000,7489978368.000,57.250,57.250,12.000,0.400,16.545,0.000
2026-09-30T17:11:00Z,2.020,3.180,924.000,7489978368.000,61.110,61.110,12.000,0.540,14.405,0.000
2026-09-30T17:12:00Z,2.870,2.870,924.000,7488929792.000,71.500,71.500,8.000,0.580,15.658,0.000
2026-09-30T17:13:00Z,1.550,2.770,924.000,7488929792.000,75.900,75.900,11.000,1.030,17.995,0.000
2026-09-30T17:14:00Z,2.280,3.310,924.000,7487881216.000,105.330,105.330,12.000,1.380,19.067,0.000
2026-09-30T17:15:00Z,2.135,3.170,924.000,7491026944.000,106.670,106.670,15.000,7.930,26.448,0.000
2026-09-30T17:16:00Z,2.540,3.520,924.000,7487881216.000,141.180,141.180,16.000,6.730,26.760,0.000
2026-09-30T17:17:00Z,2.730,3.630,924.000,7492075520.000,227.920,227.920,20.000,16.670,46.235,0.000
2026-09-30T17:18:00Z,2.405,3.510,,7489978368.000,137.070,137.070,30.000,1.950,,0.000
2026-09-30T17:19:00Z,2.395,3.460,924.000,7489978368.000,155.890,155.890,38.000,2.190,36.820,0.000
2026-09-30T17:20:00Z,2.285,3.370,,7488929792.000,126.390,126.390,26.000,1.350,,0.000
2026-09-30T17:21:00Z,,,924.000,7484735488.000,225.710,225.710,23.000,9.720,31.690,0.000
2026-09-30T17:22:00Z,2.935,4.160,924.000,,146.630,146.630,31.000,1.780,56.727,0.000
2026-09-30T17:23:00Z,2.570,3.900,924.000,7486832640.000,167.910,167.910,31.000,2.570,36.780,0.000
2026-09-30T17:24:00Z,2.255,3.380,924.000,7483686912.000,107.040,107.040,30.000,0.940,42.080,0.000
2026-09-30T17:25:00Z,1.875,2.890,924.000,7483686912.000,67.890,67.890,25.000,0.380,26.870,0.000
2026-09-30T17:26:00Z,2.110,3.190,924.000,7484735488.000,107.960,107.960,16.000,1.520,22.073,0.000
2026-09-30T17:27:00Z,2.355,3.280,,7485784064.000,146.050,146.050,13.000,3.600,,0.000
2026-09-30T17:28:00Z,2.695,4.120,924.000,7489978368.000,193.530,193.530,19.000,10.360,36.605,0.000
2026-09-30T17:29:00Z,2.445,3.820,924.000,7485784064.000,137.820,137.820,35.000,4.300,48.500,0.000
2026-09-30T17:30:00Z,2.210,3.350,924.000,7484735488.000,108.440,108.440,29.000,1.210,34.557,0.000
2026-09-30T17:31:00Z,2.385,3.450,924.000,7483686912.000,150.310,150.310,19.000,3.170,32.556,0.000
2026-09-30T17:32:00Z,2.190,3.210,,7482638336.000,116.580,116.580,22.000,1.630,,0.000
2026-09-30T17:33:00Z,2.465,3.740,924.000,7482638336.000,137.470,137.470,26.000,2.970,29.255,0.000
2026-09-30T17:34:00Z,2.090,3.290,924.000,7484735488.000,86.390,86.390,22.000,0.980,34.597,0.000
2026-09-30T17:35:00Z,2.130,3.130,924.000,7482638336.000,99.630,99.630,20.000,1.290,21.688,0.000
2026-09-30T17:36:00Z,2.070,3.160,924.000,7484735488.000,100.380,100.380,13.000,0.720,24.997,0.000
2026-09-30T17:37:00Z,2.275,3.450,924.000,7482638336.000,126.690,126.690,21.000,2.700,25.205,0.000
2026-09-30T17:38:00Z,2.170,3.150,924.000,7482638336.000,117.050,117.050,17.000,2.520,31.902,0.000
2026-09-30T17:39:00Z,2.035,3.100,924.000,,88.300,88.300,22.000,1.020,29.378,0.000
2026-09-30T17:40:00Z,2.100,3.100,924.000,7484735488.000,105.520,105.520,18.000,1.160,22.168,0.000
2026-09-30T17:41:00Z,2.025,3.070,924.000,7481589760.000,81.250,81.250,16.000,0.970,23.609,0.000
2026-09-30T17:42:00Z,2.025,2.970,,7480541184.000,104.770,104.770,17.000,1.100,,0.000
2026-09-30T17:43:00Z,,,924.000,7477395456.000,117.600,117.600,16.000,2.350,26.308,0.000
2026-09-30T17:44:00Z,2.172,3.420,924.000,7479492608.000,101.950,101.950,20.000,1.300,29.492,0.000
2026-09-30T17:45:00Z,2.155,3.250,924.000,7479492608.000,95.610,95.610,19.000,2.190,24.800,0.000
2026-09-30T17:46:00Z,2.255,3.200,,7481589760.000,125.280,125.280,17.000,3.380,,0.000
2026-09-30T17:47:00Z,2.085,3.170,924.000,7478444032.000,90.180,90.180,16.000,0.670,31.413,0.000
2026-09-30T17:48:00Z,2.225,3.110,924.000,7478444032.000,144.960,144.960,21.000,16.860,22.635,0.000
2026-09-30T17:49:00Z,2.315,3.500,924.000,7477395456.000,125.160,125.160,17.000,10.030,36.362,0.000
2026-09-30T17:50:00Z,2.235,3.300,924.000,7477395456.000,103.480,103.480,31.000,0.680,31.375,0.000
2026-09-30T17:51:00Z,2.120,3.170,924.000,7475298304.000,98.420,98.420,17.000,1.130,25.960,0.000
2026-09-30T17:52:00Z,2.095,3.190,924.000,7475298304.000,98.170,98.170,17.000,1.370,24.922,0.000
2026-09-30T17:53:00Z,1.905,2.890,924.000,7475298304.000,75.850,75.850,18.000,0.990,24.652,0.000
2026-09-30T17:54:00Z,2.180,3.390,924.000,7475298304.000,109.410,109.410,15.000,2.770,19.080,0.000
2026-09-30T17:55:00Z,1.945,3.110,924.000,7476346880.000,85.950,85.950,19.000,3.610,27.448,0.000
2026-09-30T17:56:00Z,1.860,2.830,924.000,7477395456.000,75.740,75.740,18.000,1.230,21.585,0.000
2026-09-30T17:57:00Z,2.060,3.230,924.000,7482638336.000,82.010,82.010,9.000,0.740,19.914,0.000
2026-09-30T17:58:00Z,1.905,2.930,,7483686912.000,69.730,69.730,15.000,0.510,,0.000
2026-09-30T17:59:00Z,,,924.000,,71.790,71.790,14.000,0.630,17.560,0.000
2026-09-30T18:00:00Z,1.982,3.130,924.000,7484735488.000,69.490,69.490,12.000,0.900,18.043,0.000
2026-09-30T18:01:00Z,2.980,3.090,924.000,7484735488.000,114.450,114.450,11.000,2.650,17.457,0.000
2026-09-30T18:02:00Z,2.230,3.210,924.000,7484735488.000,129.520,129.520,13.000,2.320,29.027,0.000
2026-09-30T18:03:00Z,2.225,3.470,924.000,7483686912.000,105.990,105.990,21.000,0.680,32.557,0.000
2026-09-30T18:04:00Z,2.250,3.470,924.000,,95.430,95.430,25.000,0.810,26.587,0.000
2026-09-30T18:05:00Z,2.145,3.140,924.000,7478444032.000,96.750,96.750,17.000,1.460,23.948,0.000
2026-09-30T18:06:00Z,2.105,3.210,924.000,7478444032.000,92.440,92.440,14.000,1.560,23.746,0.000
2026-09-30T18:07:00Z,2.240,3.170,,7478444032.000,121.190,121.190,17.000,2.230,,0.000
2026-09-30T18:08:00Z,,,924.000,,115.890,115.890,17.000,1.690,30.390,0.000
2026-09-30T18:09:00Z,2.235,3.390,924.000,7474249728.000,97.200,97.200,23.000,4.490,29.082,0.000
2026-09-30T18:10:00Z,,,924.000,,101.830,101.830,14.000,1.890,24.402,0.000
2026-09-30T18:11:00Z,2.167,3.570,924.000,7474249728.000,73.290,73.290,22.000,1.180,25.550,0.000
2026-09-30T18:12:00Z,2.275,3.420,924.000,7476346880.000,123.140,123.140,14.000,3.950,18.720,0.000
2026-09-30T18:13:00Z,1.910,2.850,924.000,7474249728.000,79.240,79.240,17.000,3.610,30.870,0.000
2026-09-30T18:14:00Z,2.300,3.620,924.000,7475298304.000,95.180,95.180,16.000,1.240,19.907,0.000
2026-09-30T18:15:00Z,2.025,3.190,924.000,7476346880.000,71.710,71.710,17.000,0.840,23.910,0.000
2026-09-30T18:16:00Z,2.010,3.120,924.000,,80.960,80.960,15.000,0.760,18.020,0.000
2026-09-30T18:17:00Z,2.100,3.120,924.000,7474249728.000,84.520,84.520,13.000,0.930,20.785,0.000
2026-09-30T18:18:00Z,2.160,3.380,,7476346880.000,81.050,81.050,14.000,0.440,,0.000
2026-09-30T18:19:00Z,2.095,3.270,924.000,7475298304.000,75.010,75.010,15.000,0.650,20.552,0.000
2026-09-30T18:20:00Z,2.105,3.240,924.000,7474249728.000,78.340,78.340,13.000,0.580,18.883,0.000
2026-09-30T18:21:00Z,2.245,3.480,924.000,7474249728.000,94.180,94.180,13.000,0.820,19.688,0.000
2026-09-30T18:22:00Z,2.350,3.310,924.000,7475298304.000,144.080,144.080,16.000,6.060,29.989,0.000
2026-09-30T18:23:00Z,2.080,3.080,,,89.710,89.710,14.000,0.770,,0.000
2026-09-30T18:24:00Z,1.985,2.980,924.000,7475298304.000,73.980,73.980,24.000,0.710,22.525,0.000
2026-09-30T18:25:00Z,1.905,2.870,924.000,7476346880.000,69.870,69.870,15.000,0.640,18.622,0.000
2026-09-30T18:26:00Z,2.240,3.270,924.000,7477395456.000,112.610,112.610,12.000,1.370,17.570,0.000
2026-09-30T18:27:00Z,2.400,3.490,924.000,7477395456.000,151.860,151.860,15.000,3.470,33.163,0.000
2026-09-30T18:28:00Z,2.215,3.270,,7477395456.000,114.980,114.980,23.000,2.140,,0.000
2026-09-30T18:29:00Z,2.520,3.480,924.000,7479492608.000,155.740,155.740,24.000,3.890,28.843,0.000
2026-09-30T18:30:00Z,2.220,3.230,924.000,7482638336.000,113.590,113.590,19.000,1.730,39.050,0.000
2026-09-30T18:31:00Z,2.320,3.460,924.000,7481589760.000,134.030,134.030,26.000,3.190,28.495,0.000
2026-09-30T18:32:00Z,2.165,3.110,924.000,7481589760.000,128.660,128.660,22.000,3.000,33.810,0.000
2026-09-30T18:33:00Z,2.340,3.570,924.000,7481589760.000,122.260,122.260,21.000,1.530,32.270,0.000
2026-09-30T18:34:00Z,2.345,3.140,924.000,7472152576.000,138.260,138.260,26.000,7.110,30.680,0.000
2026-09-30T18:35:00Z,2.240,3.360,924.000,7472152576.000,109.390,109.390,17.000,1.780,34.667,0.000
2026-09-30T18:36:00Z,2.100,3.160,924.000,7471104000.000,97.600,97.600,26.000,1.690,27.433,0.000
2026-09-30T18:37:00Z,2.320,3.380,924.000,7471104000.000,135.410,135.410,20.000,2.830,24.515,0.000
2026-09-30T18:38:00Z,2.400,3.560,924.000,7473201152.000,125.060,125.060,16.000,1.880,34.080,0.000
2026-09-30T18:39:00Z,2.155,3.190,924.000,7471104000.000,97.820,97.820,26.000,1.070,31.380,0.000
2026-09-30T18:40:00Z,2.070,3.030,924.000,7472152576.000,95.650,95.650,19.000,1.150,24.565,0.000
2026-09-30T18:41:00Z,2.285,3.540,924.000,7471104000.000,114.840,114.840,15.000,2.940,24.015,0.000
2026-09-30T18:42:00Z,2.100,3.300,924.000,7472152576.000,71.280,71.280,22.000,0.510,23.521,0.000
2026-09-30T18:43:00Z,1.935,2.850,,7473201152.000,70.410,70.410,14.000,0.550,,0.000
2026-09-30T18:44:00Z,2.305,3.600,924.000,7472152576.000,124.140,124.140,12.000,2.690,17.700,0.000
2026-09-30T18:45:00Z,1.855,2.930,924.000,7471104000.000,62.140,62.140,17.000,1.030,31.155,0.000
2026-09-30T18:46:00Z,1.945,2.950,924.000,7473201152.000,80.570,80.570,18.000,2.170,15.625,0.000
2026-09-30T18:47:00Z,2.060,3.160,924.000,7471104000.000,91.890,91.890,9.000,1.040,20.240,0.000
2026-09-30T18:48:00Z,1.870,2.840,924.000,7470055424.000,58.730,58.730,18.000,0.610,23.055,0.000
2026-09-30T18:49:00Z,2.070,2.960,924.000,7471104000.000,100.950,100.950,12.000,2.370,14.780,0.000
2026-09-30T18:50:00Z,1.960,3.060,924.000,7473201152.000,72.220,72.220,13.000,0.580,25.348,0.000
2026-09-30T18:51:00Z,,,924.000,7477395456.000,104.760,104.760,18.000,2.160,18.152,0.000
2026-09-30T18:52:00Z,2.167,3.350,924.000,7478444032.000,77.150,77.150,13.000,0.520,26.530,0.000
2026-09-30T18:53:00Z,1.990,3.070,924.000,7477395456.000,76.960,76.960,15.000,0.860,19.590,0.000
2026-09-30T18:54:00Z,2.210,3.050,924.000,7476346880.000,126.490,126.490,16.000,6.900,25.535,0.000
2026-09-30T18:55:00Z,2.210,3.390,,7477395456.000,107.390,107.390,13.000,3.730,,0.000
2026-09-30T18:56:00Z,,,924.000,,90.510,90.510,25.000,4.190,26.945,0.000
2026-09-30T18:57:00Z,2.138,3.330,924.000,7477395456.000,113.290,113.290,16.000,1.960,22.730,0.000
2026-09-30T18:58:00Z,2.040,3.200,924.000,7477395456.000,71.330,71.330,17.000,0.410,28.407,0.000
2026-09-30T18:59:00Z,2.275,3.250,924.000,7476346880.000,130.800,130.800,20.000,4.120,17.942,0.000
2026-09-30T19:00:00Z,2.095,3.130,924.000,7476346880.000,95.710,95.710,11.000,2.560,32.797,0.000
2026-09-30T19:01:00Z,2.475,3.380,924.000,7463763968.000,97.550,97.550,22.000,0.910,24.025,0.000
2026-09-30T19:02:00Z,2.620,4.160,924.000,7477395456.000,94.470,94.470,19.000,1.450,24.765,0.000
2026-09-30T19:03:00Z,2.135,3.270,924.000,7478444032.000,98.520,98.520,15.000,1.320,24.008,0.000
2026-09-30T19:04:00Z,2.020,3.190,924.000,7476346880.000,74.150,74.150,17.000,0.660,24.745,0.000
2026-09-30T19:05:00Z,1.965,3.060,924.000,7477395456.000,72.550,72.550,17.000,1.260,18.442,0.000
2026-09-30T19:06:00Z,2.145,3.160,,7477395456.000,94.390,94.390,11.000,0.960,,0.000
2026-09-30T19:07:00Z,2.065,3.110,924.000,7477395456.000,76.010,76.010,14.000,0.750,21.391,0.000
2026-09-30T19:08:00Z,2.020,3.100,,7476346880.000,77.880,77.880,15.000,0.830,,0.000
2026-09-30T19:09:00Z,,,924.000,,85.640,85.640,14.000,1.450,19.585,0.000
2026-09-30T19:10:00Z,2.038,3.130,924.000,7472152576.000,82.520,82.520,13.000,1.680,21.512,0.000
2026-09-30T19:11:00Z,2.220,3.310,924.000,7470055424.000,105.480,105.480,15.000,1.200,20.720,0.000
2026-09-30T19:12:00Z,2.115,3.210,924.000,7471104000.000,101.360,101.360,14.000,1.750,26.773,0.000
2026-09-30T19:13:00Z,2.090,3.110,924.000,7467958272.000,78.770,78.770,21.000,0.730,22.621,0.000
2026-09-30T19:14:00Z,1.795,2.790,,7469006848.000,50.410,50.410,14.000,0.460,,0.000
2026-09-30T19:15:00Z,1.970,2.950,924.000,7467958272.000,98.530,98.530,12.000,2.920,18.709,0.000
2026-09-30T19:16:00Z,2.160,3.370,,7469006848.000,99.610,99.610,9.000,1.540,,0.000
2026-09-30T19:17:00Z,,,924.000,,98.970,98.970,21.000,1.390,24.995,0.000
2026-09-30T19:18:00Z,2.040,3.270,924.000,7467958272.000,95.450,95.450,17.000,1.720,24.832,0.000
2026-09-30T19:19:00Z,2.025,3.150,924.000,7467958272.000,73.150,73.150,18.000,0.630,24.122,0.000
2026-09-30T19:20:00Z,1.960,2.880,924.000,7469006848.000,87.580,87.580,13.000,1.080,20.201,0.000
2026-09-30T19:21:00Z,2.120,3.110,,7471104000.000,87.090,87.090,14.000,1.540,,0.000
2026-09-30T19:22:00Z,1.870,3.010,924.000,7472152576.000,65.910,65.910,14.000,0.770,19.329,0.000
2026-09-30T19:23:00Z,1.905,2.960,,7473201152.000,67.750,67.750,16.000,0.580,,0.000
2026-09-30T19:24:00Z,2.120,3.090,924.000,7472152576.000,103.160,103.160,12.000,2.680,21.474,0.000
2026-09-30T19:25:00Z,2.120,3.020,,7472152576.000,100.960,100.960,10.000,1.870,,0.000
2026-09-30T19:26:00Z,2.185,3.230,924.000,7471104000.000,92.970,92.970,19.000,1.800,25.335,0.000
2026-09-30T19:27:00Z,1.830,2.910,924.000,7474249728.000,55.430,55.430,18.000,0.410,23.350,0.000
2026-09-30T19:28:00Z,1.960,3.040,924.000,7475298304.000,70.550,70.550,16.000,0.760,13.955,0.000
2026-09-30T19:29:00Z,1.970,3.040,924.000,7477395456.000,70.950,70.950,10.000,0.630,17.758,0.000
2026-09-30T19:30:00Z,2.075,3.190,924.000,7477395456.000,78.560,78.560,11.000,1.040,17.828,0.000
2026-09-30T19:31:00Z,,,924.000,,111.800,111.800,12.000,1.800,19.712,0.000
2026-09-30T19:32:00Z,2.160,3.540,924.000,7466909696.000,97.490,97.490,16.000,1.960,28.253,0.000
2026-09-30T19:33:00Z,2.145,3.190,924.000,7466909696.000,111.640,111.640,19.000,1.620,24.483,0.000
2026-09-30T19:34:00Z,2.085,3.100,924.000,7467958272.000,102.830,102.830,16.000,1.790,28.027,0.000
2026-09-30T19:35:00Z,2.070,3.070,924.000,7467958272.000,98.710,98.710,20.000,1.440,25.823,0.000
2026-09-30T19:36:00Z,2.165,3.010,924.000,7467958272.000,126.580,126.580,16.000,6.090,28.259,0.000
2026-09-30T19:37:00Z,,,,,85.220,85.220,17.000,1.030,,0.000
2026-09-30T19:38:00Z,2.145,3.180,924.000,7472152576.000,128.550,128.550,22.000,2.730,21.540,0.000
2026-09-30T19:39:00Z,2.375,3.540,924.000,7466909696.000,143.800,143.800,16.000,5.310,32.260,0.000
2026-09-30T19:40:00Z,2.310,3.460,924.000,,144.750,144.750,29.000,3.560,36.078,0.000
2026-09-30T19:41:00Z,2.780,4.130,924.000,7467958272.000,233.430,233.430,23.000,26.550,47.528,0.000
2026-09-30T19:42:00Z,2.195,3.130,,7470055424.000,111.850,111.850,34.000,3.050,,0.000
2026-09-30T19:43:00Z,2.245,3.330,924.000,7474249728.000,118.040,118.040,28.000,1.910,28.090,0.000
2026-09-30T19:44:00Z,2.360,3.520,924.000,7472152576.000,119.660,119.660,20.000,1.670,29.602,0.000
2026-09-30T19:45:00Z,2.240,3.340,924.000,7472152576.000,120.120,120.120,23.000,1.940,30.035,0.000
2026-09-30T19:46:00Z,2.410,3.500,924.000,7472152576.000,149.810,149.810,20.000,3.480,30.140,0.000
2026-09-30T19:47:00Z,2.065,3.150,924.000,7470055424.000,103.320,103.320,21.000,1.380,31.746,0.000
2026-09-30T19:48:00Z,2.175,3.170,,7470055424.000,104.330,104.330,26.000,2.320,,0.000
2026-09-30T19:49:00Z,2.555,3.780,924.000,7466909696.000,195.850,195.850,17.000,15.460,26.188,0.000
2026-09-30T19:50:00Z,2.195,3.280,924.000,7467958272.000,119.450,119.450,21.000,1.460,49.065,0.000
2026-09-30T19:51:00Z,3.580,4.740,924.000,7470055424.000,360.630,360.630,33.000,44.890,29.953,0.000
2026-09-30T19:52:00Z,3.505,4.580,924.000,7460618240.000,328.180,328.180,26.000,8.830,90.550,0.000
2026-09-30T19:53:00Z,3.205,4.150,924.000,7462715392.000,283.420,283.420,71.000,12.550,82.147,0.000
2026-09-30T19:54:00Z,3.550,4.990,924.000,7463763968.000,365.960,365.960,52.000,38.350,70.975,0.000
2026-09-30T19:55:00Z,3.355,4.330,924.000,7462715392.000,318.950,318.950,68.000,26.400,91.600,0.000
2026-09-30T19:56:00Z,4.405,5.800,924.000,7462715392.000,517.400,517.400,47.000,85.730,79.830,0.000
2026-09-30T19:57:00Z,,,924.000,,383.960,383.960,72.000,19.550,129.447,0.000
2026-09-30T19:58:00Z,3.550,4.930,924.000,7463763968.000,343.570,343.570,87.000,22.470,91.052,0.000
2026-09-30T19:59:00Z,,,,,426.100,426.100,63.000,39.070,,0.000
2026-09-30T20:00:00Z,4.393,5.480,924.000,7424966656.000,560.450,560.450,58.000,106.240,106.618,0.000
2026-09-30T20:01:00Z,5.265,7.000,924.000,7398752256.000,602.390,602.390,83.000,129.960,140.218,0.000
2026-09-30T20:02:00Z,5.205,6.860,924.000,7372537856.000,603.140,603.140,100.000,131.400,151.065,0.000
2026-09-30T20:03:00Z,4.110,5.190,,7374635008.000,601.960,601.960,100.000,131.010,,0.000
2026-09-30T20:04:00Z,4.030,5.060,924.000,7374635008.000,603.020,603.020,100.000,131.650,150.744,0.000
2026-09-30T20:05:00Z,4.055,5.010,,7385120768.000,602.460,602.460,100.000,130.930,,0.000
2026-09-30T20:06:00Z,3.460,4.740,924.000,7383023616.000,352.310,352.310,100.000,42.100,150.725,0.000
2026-09-30T20:07:00Z,2.660,3.750,924.000,7385120768.000,160.270,160.270,100.000,2.900,64.168,0.000
2026-09-30T20:08:00Z,,,,7386169344.000,205.920,205.920,39.000,4.850,,0.000
2026-09-30T20:09:00Z,2.785,3.880,924.000,7386169344.000,140.030,140.030,27.000,3.410,51.595,0.000
2026-09-30T20:10:00Z,2.280,3.500,924.000,7387217920.000,100.470,100.470,38.000,0.510,35.115,0.000
2026-09-30T20:11:00Z,2.085,3.110,924.000,7385120768.000,87.930,87.930,23.000,0.370,25.215,0.000
2026-09-30T20:12:00Z,2.060,3.070,924.000,7389315072.000,86.970,86.970,15.000,0.270,22.363,0.000
2026-09-30T20:13:00Z,1.915,2.990,924.000,7394557952.000,67.060,67.060,15.000,0.210,21.875,0.000
2026-09-30T20:14:00Z,2.160,3.120,924.000,7394557952.000,97.580,97.580,14.000,0.460,16.837,0.000
2026-09-30T20:15:00Z,2.380,3.650,924.000,7391412224.000,115.190,115.190,11.000,0.970,26.705,0.000
2026-09-30T20:16:00Z,2.260,3.480,,7391412224.000,113.570,113.570,19.000,0.670,,0.000
2026-09-30T20:17:00Z,2.130,3.220,924.000,7388266496.000,73.760,73.760,22.000,0.160,23.508,0.000
2026-09-30T20:18:00Z,,,,,41.560,41.560,16.000,0.090,,0.000
2026-09-30T20:19:00Z,1.833,3.010,924.000,7388266496.000,44.500,44.500,12.000,0.110,10.963,0.000
2026-09-30T20:20:00Z,1.755,2.710,,7387217920.000,46.600,46.600,7.000,0.230,,0.000
2026-09-30T20:21:00Z,1.800,2.830,924.000,7388266496.000,40.230,40.230,7.000,0.100,11.742,0.000
2026-09-30T20:22:00Z,1.800,2.900,924.000,7390363648.000,47.970,47.970,7.000,0.290,10.375,0.000
2026-09-30T20:23:00Z,1.790,2.780,924.000,7390363648.000,45.490,45.490,7.000,0.170,12.082,0.000
2026-09-30T20:24:00Z,1.870,3.060,924.000,7386169344.000,42.690,42.690,8.000,0.100,11.475,0.000
2026-09-30T20:25:00Z,1.710,2.780,924.000,7386169344.000,28.530,28.530,7.000,0.060,10.790,0.000
2026-09-30T20:26:00Z,1.780,2.910,924.000,7386169344.000,32.500,32.500,7.000,0.100,7.242,0.000
2026-09-30T20:27:00Z,1.700,2.720,924.000,7386169344.000,39.090,39.090,4.000,0.230,8.217,0.000
2026-09-30T20:28:00Z,1.815,2.830,924.000,7385120768.000,43.800,43.800,6.000,0.290,10.450,0.000
2026-09-30T20:29:00Z,,,,,45.370,45.370,6.000,0.390,,0.000
2026-09-30T20:30:00Z,1.750,2.830,924.000,7385120768.000,34.590,34.590,8.000,0.100,11.445,0.000
2026-09-30T20:31:00Z,1.775,2.870,924.000,7386169344.000,43.550,43.550,7.000,0.240,9.965,0.000
2026-09-30T20:32:00Z,1.775,2.870,,,36.840,36.840,6.000,0.090,,0.000
2026-09-30T20:33:00Z,,,924.000,7388266496.000,30.620,30.620,7.000,0.130,9.315,0.000
2026-09-30T20:34:00Z,1.715,2.880,924.000,7388266496.000,38.170,38.170,5.000,0.130,7.965,0.000
2026-09-30T20:35:00Z,1.760,2.860,924.000,7389315072.000,39.810,39.810,4.000,0.420,9.735,0.000
2026-09-30T20:36:00Z,,,924.000,,32.040,32.040,8.000,0.060,10.055,0.000
2026-09-30T20:37:00Z,1.695,2.860,924.000,7388266496.000,37.320,37.320,5.000,0.130,8.113,0.000
2026-09-30T20:38:00Z,1.605,2.570,924.000,7387217920.000,27.000,27.000,6.000,0.070,9.572,0.000
2026-09-30T20:39:00Z,1.600,2.620,924.000,7388266496.000,27.360,27.360,4.000,0.070,6.872,0.000
2026-09-30T20:40:00Z,1.560,2.530,924.000,7387217920.000,22.660,22.660,5.000,0.100,6.955,0.000
2026-09-30T20:41:00Z,1.590,2.570,924.000,7388266496.000,20.170,20.170,4.000,0.060,5.768,0.000
2026-09-30T20:42:00Z,1.550,2.530,924.000,7388266496.000,21.170,21.170,3.000,0.040,5.468,0.000
2026-09-30T20:43:00Z,1.665,2.770,,7388266496.000,24.070,24.070,3.000,0.050,,0.000
2026-09-30T20:44:00Z,1.725,2.830,924.000,7386169344.000,25.720,25.720,4.000,0.040,6.133,0.000
2026-09-30T20:45:00Z,1.560,2.490,924.000,7386169344.000,24.720,24.720,4.000,0.080,6.795,0.000
2026-09-30T20:46:00Z,1.650,2.630,924.000,,32.100,32.100,3.000,0.070,6.270,0.000
2026-09-30T20:47:00Z,1.575,2.610,924.000,7387217920.000,22.840,22.840,5.000,0.040,8.115,0.000
2026-09-30T20:48:00Z,1.620,2.600,924.000,7387217920.000,24.110,24.110,5.000,0.060,5.800,0.000
2026-09-30T20:49:00Z,1.700,2.690,924.000,7389315072.000,35.780,35.780,3.000,0.160,6.138,0.000
2026-09-30T20:50:00Z,1.600,2.550,924.000,7389315072.000,28.870,28.870,5.000,0.070,9.055,0.000
2026-09-30T20:51:00Z,1.630,2.670,924.000,7389315072.000,21.740,21.740,5.000,0.070,7.548,0.000
2026-09-30T20:52:00Z,2.670,2.670,924.000,7389315072.000,26.710,26.710,5.000,0.050,5.753,0.000
2026-09-30T20:53:00Z,0.570,0.570,924.000,7388266496.000,25.560,25.560,4.000,0.080,6.787,0.000
2026-09-30T20:54:00Z,1.593,2.770,924.000,7388266496.000,11.770,11.770,4.000,0.020,6.520,0.000
2026-09-30T20:55:00Z,1.570,2.520,924.000,7387217920.000,27.220,27.220,4.000,0.130,3.060,0.000
2026-09-30T20:56:00Z,1.600,2.680,924.000,7387217920.000,24.130,24.130,2.000,0.050,6.897,0.000
2026-09-30T20:57:00Z,1.550,2.540,924.000,7387217920.000,18.460,18.460,5.000,0.030,5.411,0.000
2026-09-30T20:58:00Z,1.575,2.570,,7387217920.000,21.790,21.790,3.000,0.040,,0.000
2026-09-30T20:59:00Z,1.555,2.570,924.000,7387217920.000,16.430,16.430,3.000,0.030,5.565,0.000
2026-09-30T21:00:00Z,1.750,2.750,924.000,7388266496.000,41.810,41.810,3.000,0.620,4.200,0.000
2026-09-30T21:01:00Z,,,924.000,,16.370,16.370,4.000,0.040,10.550,0.000
2026-09-30T21:02:00Z,6.077,15.570,924.000,7507804160.000,0.080,0.080,8.000,0.000,4.407,0.000
2026-09-30T21:03:00Z,1.630,2.580,924.000,7506755584.000,0.000,0.000,0.000,0.000,0.405,0.000
2026-09-30T21:04:00Z,1.310,2.300,924.000,7510949888.000,0.000,0.000,0.000,0.000,0.415,0.000
2026-09-30T21:05:00Z,1.325,2.350,924.000,7510949888.000,0.000,0.000,0.000,0.000,0.102,0.000
2026-09-30T21:06:00Z,1.335,2.370,924.000,7509901312.000,0.000,0.000,0.000,0.000,0.089,0.000
2026-09-30T21:07:00Z,1.340,2.370,,7510949888.000,0.000,0.000,0.000,0.000,,0.000
2026-09-30T21:08:00Z,1.335,2.350,924.000,7510949888.000,0.000,0.000,0.000,0.000,0.085,0.000
2026-09-30T21:09:00Z,1.335,2.350,924.000,7510949888.000,0.000,0.000,0.000,0.000,0.115,0.000
2026-09-30T21:10:00Z,1.315,2.320,924.000,7510949888.000,0.000,0.000,0.000,0.000,0.092,0.000
2026-09-30T21:11:00Z,1.440,2.570,924.000,7607418880.000,0.000,0.000,0.000,0.000,0.092,0.000
2026-09-30T21:12:00Z,1.335,2.350,924.000,7607418880.000,0.000,0.000,0.000,0.000,0.359,0.000
2026-09-30T21:13:00Z,1.410,2.510,,7607418880.000,0.000,0.000,0.000,0.000,,0.000
2026-09-30T21:14:00Z,1.310,2.320,924.000,7607418880.000,0.000,0.000,0.000,0.000,0.105,0.000
2026-09-30T21:15:00Z,2.260,2.260,924.000,7607418880.000,0.000,0.000,0.000,0.000,0.110,0.000
2026-09-30T21:16:00Z,0.970,2.290,924.000,7607418880.000,0.000,0.000,0.000,0.000,0.095,0.000
2026-09-30T21:17:00Z,1.280,2.240,924.000,7607418880.000,0.000,0.000,0.000,0.000,0.102,0.000
2026-09-30T21:18:00Z,1.330,2.330,924.000,7608467456.000,0.000,0.000,0.000,0.000,0.098,0.000
2026-09-30T21:19:00Z,,,924.000,7608467456.000,0.000,0.000,0.000,0.000,0.290,0.000
2026-09-30T21:20:00Z,1.312,2.300,924.000,7608467456.000,0.000,0.000,0.000,0.000,0.133,0.000
2026-09-30T21:21:00Z,1.350,2.370,924.000,7608467456.000,0.000,0.000,0.000,0.000,0.102,0.000
2026-09-30T21:22:00Z,1.335,2.350,924.000,7608467456.000,0.000,0.000,0.000,0.000,0.307,0.000
2026-09-30T21:23:00Z,1.420,2.510,924.000,7608467456.000,0.000,0.000,0.000,0.000,0.107,0.000
2026-09-30T21:24:00Z,1.285,2.240,924.000,7608467456.000,0.000,0.000,0.000,0.000,0.092,0.000
2026-09-30T21:25:00Z,1.285,2.240,924.000,7608467456.000,0.000,0.000,0.000,0.000,0.117,0.000
2026-09-30T21:26:00Z,1.300,2.270,924.000,,0.000,0.000,0.000,0.000,0.098,0.000
2026-09-30T21:27:00Z,1.350,2.370,924.000,7608467456.000,0.000,0.000,0.000,0.000,0.102,0.000
2026-09-30T21:28:00Z,1.345,2.360,924.000,7609516032.000,0.000,0.000,0.000,0.000,0.090,0.000
2026-09-30T21:29:00Z,1.390,2.450,924.000,7606370304.000,0.000,0.000,0.000,0.000,0.090,0.000
2026-09-30T21:30:00Z,1.315,2.310,924.000,7606370304.000,0.000,0.000,0.000,0.000,0.310,0.000
2026-09-30T21:31:00Z,1.335,2.340,924.000,7606370304.000,0.000,0.000,0.000,0.000,0.107,0.000
2026-09-30T21:32:00Z,1.370,2.410,924.000,7606370304.000,0.000,0.000,0.000,0.000,0.315,0.000
2026-09-30T21:33:00Z,1.435,2.550,924.000,,0.000,0.000,0.000,0.000,0.098,0.000
2026-09-30T21:34:00Z,1.330,2.320,924.000,7606370304.000,0.000,0.000,0.000,0.000,0.115,0.000
2026-09-30T21:35:00Z,1.355,2.380,924.000,7606370304.000,0.000,0.000,0.000,0.000,0.092,0.000
2026-09-30T21:36:00Z,1.305,2.290,924.000,7606370304.000,0.000,0.000,0.000,0.000,0.095,0.000
2026-09-30T21:37:00Z,1.340,2.350,924.000,7606370304.000,0.000,0.000,0.000,0.000,0.163,0.000
2026-09-30T21:38:00Z,1.315,2.320,,7606370304.000,0.000,0.000,0.000,0.000,,0.000
2026-09-30T21:39:00Z,1.380,2.460,924.000,7606370304.000,0.000,0.000,0.000,0.000,0.110,0.000
2026-09-30T21:40:00Z,1.300,2.290,924.000,7606370304.000,0.000,0.000,0.000,0.000,0.100,0.000
2026-09-30T21:41:00Z,1.330,2.340,924.000,7606370304.000,0.000,0.000,0.000,0.000,0.102,0.000
2026-09-30T21:42:00Z,1.325,2.320,924.000,7606370304.000,0.000,0.000,0.000,0.000,0.378,0.000
2026-09-30T21:43:00Z,1.815,3.310,924.000,7606370304.000,0.000,0.000,0.000,0.000,0.142,0.000
2026-09-30T21:44:00Z,1.375,2.430,924.000,7606370304.000,0.000,0.000,0.000,0.000,0.585,0.000
2026-09-30T21:45:00Z,,,924.000,,0.000,0.000,0.000,0.000,0.102,0.000
2026-09-30T21:46:00Z,1.323,2.330,924.000,7606370304.000,0.000,0.000,0.000,0.000,0.090,0.000
2026-09-30T21:47:00Z,1.330,2.350,924.000,7606370304.000,0.000,0.000,0.000,0.000,0.090,0.000
2026-09-30T21:48:00Z,1.355,2.400,,7606370304.000,0.000,0.000,0.000,0.000,,0.000
2026-09-30T21:49:00Z,2.250,2.250,924.000,7606370304.000,0.000,0.000,0.000,0.000,0.105,0.000
2026-09-30T21:50:00Z,0.967,2.270,924.000,7606370304.000,0.000,0.000,0.000,0.000,0.104,0.000
2026-09-30T21:51:00Z,1.300,2.290,,7606370304.000,0.000,0.000,0.000,0.000,,0.000
2026-09-30T21:52:00Z,1.290,2.270,924.000,7606370304.000,0.000,0.000,0.000,0.000,0.310,0.000
2026-09-30T21:53:00Z,1.405,2.490,924.000,7606370304.000,0.000,0.000,0.000,0.000,0.110,0.000
2026-09-30T21:54:00Z,1.295,2.280,924.000,7606370304.000,0.000,0.000,0.000,0.000,0.115,0.000
2026-09-30T21:55:00Z,1.330,2.330,924.000,7606370304.000,0.000,0.000,0.000,0.000,0.092,0.000
2026-09-30T21:56:00Z,,,924.000,7593787392.000,0.000,0.000,0.000,0.000,0.098,0.000
2026-09-30T21:57:00Z,1.595,3.400,924.000,7593787392.000,0.000,0.000,0.000,0.000,0.743,0.000
2026-09-30T21:58:00Z,1.305,2.300,924.000,7593787392.000,0.000,0.000,0.000,0.000,0.100,0.000
2026-09-30T21:59:00Z,1.320,2.330,,7593787392.000,0.000,0.000,0.000,0.000,,0.000
2026-09-30T22:00:00Z,1.320,2.320,924.000,7593787392.000,0.000,0.000,0.000,0.000,0.090,0.000
2026-09-30T22:01:00Z,,,924.000,,23.710,23.710,0.000,0.040,0.090,0.000
2026-09-30T22:02:00Z,1.883,2.770,924.000,7578058752.000,27.240,27.240,1.000,0.040,6.225,0.000
2026-09-30T22:03:00Z,2.205,3.780,924.000,7597981696.000,19.540,19.540,4.000,0.030,6.933,0.000
2026-09-30T22:04:00Z,1.590,2.640,924.000,7596933120.000,15.940,15.940,4.000,0.020,5.308,0.000
2026-09-30T22:05:00Z,1.585,2.530,924.000,7596933120.000,17.600,17.600,3.000,0.020,4.100,0.000
2026-09-30T22:06:00Z,1.575,2.570,924.000,7596933120.000,15.810,15.810,2.000,0.020,4.490,0.000
2026-09-30T22:07:00Z,1.530,2.540,924.000,7596933120.000,11.960,11.960,3.000,0.020,4.045,0.000
2026-09-30T22:08:00Z,,,924.000,7596933120.000,6.530,6.530,2.000,0.010,3.080,0.000
2026-09-30T22:09:00Z,1.480,2.500,924.000,,13.310,13.310,2.000,0.020,1.748,0.000
2026-09-30T22:10:00Z,1.550,2.570,924.000,7596933120.000,14.360,14.360,0.000,0.020,3.417,0.000
2026-09-30T22:11:00Z,1.600,2.590,924.000,7596933120.000,13.630,13.630,2.000,0.020,3.683,0.000
2026-09-30T22:12:00Z,1.455,2.470,924.000,7596933120.000,6.580,6.580,2.000,0.010,3.760,0.000
2026-09-30T22:13:00Z,1.550,2.630,924.000,7595884544.000,6.880,6.880,2.000,0.010,1.780,0.000
2026-09-30T22:14:00Z,1.510,2.510,924.000,7595884544.000,10.280,10.280,0.000,0.010,2.248,0.000
2026-09-30T22:15:00Z,1.465,2.460,,7595884544.000,7.190,7.190,1.000,0.010,,0.000
2026-09-30T22:16:00Z,1.495,2.490,924.000,7595884544.000,10.030,10.030,1.000,0.010,2.244,0.000
2026-09-30T22:17:00Z,1.535,2.560,,7595884544.000,10.890,10.890,1.000,0.010,,0.000
2026-09-30T22:18:00Z,1.535,2.590,924.000,7595884544.000,6.490,6.490,1.000,0.010,2.815,0.000
2026-09-30T22:19:00Z,1.510,2.510,924.000,7595884544.000,12.080,12.080,1.000,0.020,2.515,0.000
2026-09-30T22:20:00Z,2.480,2.480,,7595884544.000,16.780,16.780,1.000,0.020,,0.000
2026-09-30T22:21:00Z,1.243,2.540,924.000,7594835968.000,12.710,12.710,2.000,0.020,4.293,0.000
2026-09-30T22:22:00Z,1.540,2.590,924.000,7594835968.000,10.360,10.360,2.000,0.010,3.480,0.000
2026-09-30T22:23:00Z,1.620,2.650,924.000,7594835968.000,12.730,12.730,2.000,0.020,2.680,0.000
2026-09-30T22:24:00Z,1.500,2.540,924.000,7593787392.000,7.390,7.390,1.000,0.010,3.280,0.000
2026-09-30T22:25:00Z,2.510,2.510,924.000,7593787392.000,6.140,6.140,2.000,0.010,1.965,0.000
2026-09-30T22:26:00Z,1.160,2.520,924.000,7592738816.000,10.970,10.970,1.000,0.010,1.627,0.000
2026-09-30T22:27:00Z,1.535,2.480,924.000,7591690240.000,13.280,13.280,1.000,0.020,3.129,0.000
2026-09-30T22:28:00Z,1.510,2.550,,7591690240.000,10.110,10.110,1.000,0.010,,0.000
2026-09-30T22:29:00Z,1.530,2.570,924.000,7591690240.000,11.740,11.740,2.000,0.020,2.632,0.000
2026-09-30T22:30:00Z,1.485,2.440,924.000,7591690240.000,9.980,9.980,1.000,0.010,3.040,0.000
2026-09-30T22:31:00Z,1.550,2.600,924.000,7591690240.000,12.880,12.880,1.000,0.020,2.587,0.000
2026-09-30T22:32:00Z,1.470,2.460,924.000,7591690240.000,7.920,7.920,2.000,0.010,2.804,0.000
2026-09-30T22:33:00Z,,,,7591690240.000,22.110,22.110,1.000,0.030,,0.000
2026-09-30T22:34:00Z,1.633,2.790,924.000,7591690240.000,9.250,9.250,1.000,0.010,5.643,0.000
2026-09-30T22:35:00Z,,,924.000,,9.750,9.750,3.000,0.010,2.408,0.000
2026-09-30T22:36:00Z,1.495,2.590,924.000,7591690240.000,12.560,12.560,1.000,0.020,2.527,0.000
2026-09-30T22:37:00Z,1.480,2.520,924.000,7591690240.000,6.840,6.840,2.000,0.010,3.232,0.000
2026-09-30T22:38:00Z,1.495,2.540,924.000,7591690240.000,7.780,7.780,1.000,0.010,1.950,0.000
2026-09-30T22:39:00Z,1.480,2.510,924.000,7590641664.000,6.880,6.880,1.000,0.010,2.060,0.000
2026-09-30T22:40:00Z,1.415,2.390,924.000,7590641664.000,4.840,4.840,1.000,0.000,1.835,0.000
2026-09-30T22:41:00Z,1.620,2.710,924.000,7589593088.000,16.160,16.160,1.000,0.020,1.315,0.000
2026-09-30T22:42:00Z,1.560,2.540,924.000,7589593088.000,15.700,15.700,1.000,0.020,4.470,0.000
2026-09-30T22:43:00Z,1.635,2.750,924.000,7588544512.000,17.430,17.430,2.000,0.030,4.275,0.000
2026-09-30T22:44:00Z,1.465,2.440,,7588544512.000,7.880,7.880,3.000,0.010,,0.000
2026-09-30T22:45:00Z,1.495,2.520,924.000,7588544512.000,11.610,11.610,2.000,0.010,2.546,0.000
2026-09-30T22:46:00Z,1.440,2.430,,7588544512.000,5.910,5.910,2.000,0.010,,0.000
2026-09-30T22:47:00Z,1.475,2.470,924.000,7588544512.000,9.590,9.590,1.000,0.010,1.698,0.000
2026-09-30T22:48:00Z,1.455,2.460,924.000,7587495936.000,4.930,4.930,1.000,0.000,2.638,0.000
2026-09-30T22:49:00Z,1.430,2.430,924.000,7587495936.000,3.350,3.350,1.000,0.000,1.343,0.000
2026-09-30T22:50:00Z,1.465,2.450,924.000,,7.580,7.580,0.000,0.010,0.922,0.000
2026-09-30T22:51:00Z,1.470,2.490,924.000,7585398784.000,3.780,3.780,0.000,0.000,1.639,0.000
2026-09-30T22:52:00Z,1.490,2.500,,7584350208.000,6.810,6.810,1.000,0.010,,0.000
2026-09-30T22:53:00Z,1.560,2.700,924.000,7583301632.000,6.680,6.680,0.000,0.010,1.805,0.000
2026-09-30T22:54:00Z,1.495,2.480,924.000,7583301632.000,8.130,8.130,1.000,0.010,1.785,0.000
2026-09-30T22:55:00Z,1.455,2.470,924.000,7583301632.000,3.800,3.800,0.000,0.000,2.135,0.000
2026-09-30T22:56:00Z,1.450,2.430,924.000,7583301632.000,7.030,7.030,1.000,0.010,1.048,0.000
2026-09-30T22:57:00Z,1.445,2.450,924.000,7583301632.000,4.290,4.290,1.000,0.000,1.511,0.000
2026-09-30T22:58:00Z,1.440,2.440,,7583301632.000,3.760,3.760,0.000,0.000,,0.000
2026-09-30T22:59:00Z,1.430,2.370,924.000,7583301632.000,5.480,5.480,0.000,0.000,1.050,0.000
2026-09-30T23:00:00Z,1.415,2.400,924.000,7583301632.000,5.380,5.380,0.000,0.010,1.472,0.000
2026-09-30T23:01:00Z,1.475,2.520,924.000,7583301632.000,6.510,6.510,1.000,0.010,1.681,0.000
2026-09-30T23:02:00Z,1.450,2.450,,7583301632.000,4.960,4.960,1.000,0.000,,0.000
2026-09-30T23:03:00Z,2.400,4.250,924.000,7568621568.000,5.860,5.860,0.000,0.010,1.350,0.000
2026-09-30T23:04:00Z,1.455,2.440,924.000,7590641664.000,7.440,7.440,1.000,0.010,1.857,0.000
2026-09-30T23:05:00Z,1.445,2.480,924.000,7590641664.000,4.310,4.310,0.000,0.000,1.995,0.000
2026-09-30T23:06:00Z,1.430,2.430,924.000,7590641664.000,5.010,5.010,1.000,0.000,1.175,0.000
2026-09-30T23:07:00Z,1.460,2.480,924.000,7590641664.000,4.530,4.530,0.000,0.000,1.355,0.000
2026-09-30T23:08:00Z,1.435,2.460,924.000,7590641664.000,2.630,2.630,0.000,0.000,1.225,0.000
2026-09-30T23:09:00Z,1.560,2.620,924.000,7590641664.000,10.360,10.360,0.000,0.010,0.772,0.000
2026-09-30T23:10:00Z,1.430,2.430,924.000,7590641664.000,7.190,7.190,0.000,0.010,2.685,0.000
2026-09-30T23:11:00Z,1.410,2.390,924.000,7590641664.000,4.410,4.410,1.000,0.000,1.676,0.000
2026-09-30T23:12:00Z,1.430,2.390,,7590641664.000,6.180,6.180,1.000,0.010,,0.000
2026-09-30T23:13:00Z,1.595,2.740,924.000,7590641664.000,8.280,8.280,0.000,0.010,1.673,0.000
2026-09-30T23:14:00Z,1.510,2.550,924.000,7590641664.000,11.040,11.040,0.000,0.010,2.185,0.000
2026-09-30T23:15:00Z,1.450,2.470,924.000,7590641664.000,2.660,2.660,1.000,0.000,2.857,0.000
2026-09-30T23:16:00Z,1.540,2.440,924.000,7590641664.000,13.830,13.830,1.000,0.020,2.159,0.000
2026-09-30T23:17:00Z,1.535,2.600,,7590641664.000,11.040,11.040,0.000,0.020,,0.000
2026-09-30T23:18:00Z,1.575,2.690,924.000,7591690240.000,8.980,8.980,3.000,0.010,2.850,0.000
2026-09-30T23:19:00Z,1.490,2.490,924.000,7591690240.000,8.630,8.630,1.000,0.010,2.498,0.000
2026-09-30T23:20:00Z,1.495,2.540,924.000,7590641664.000,9.430,9.430,1.000,0.010,2.285,0.000
2026-09-30T23:21:00Z,1.585,2.550,924.000,7591690240.000,8.210,8.210,2.000,0.010,2.400,0.000
2026-09-30T23:22:00Z,1.495,2.480,,7591690240.000,8.460,8.460,1.000,0.020,,0.000
2026-09-30T23:23:00Z,1.595,2.730,924.000,,7.450,7.450,0.000,0.010,2.422,0.000
2026-09-30T23:24:00Z,1.490,2.530,924.000,7591690240.000,5.090,5.090,1.000,0.000,1.958,0.000
2026-09-30T23:25:00Z,1.485,2.510,924.000,7591690240.000,8.260,8.260,1.000,0.010,1.390,0.000
2026-09-30T23:26:00Z,1.515,2.490,924.000,7591690240.000,9.230,9.230,1.000,0.010,2.167,0.000
2026-09-30T23:27:00Z,1.500,2.510,924.000,7591690240.000,8.890,8.890,1.000,0.010,2.353,0.000
2026-09-30T23:28:00Z,1.450,2.470,,7591690240.000,4.480,4.480,1.000,0.000,,0.000
2026-09-30T23:29:00Z,1.460,2.450,924.000,7591690240.000,4.510,4.510,1.000,0.000,1.229,0.000
2026-09-30T23:30:00Z,2.390,2.390,,7591690240.000,5.410,5.410,0.000,0.010,,0.000
2026-09-30T23:31:00Z,1.187,2.600,924.000,7589593088.000,13.840,13.840,0.000,0.020,1.450,0.000
2026-09-30T23:32:00Z,1.475,2.480,924.000,7589593088.000,7.190,7.190,1.000,0.010,2.835,0.000
2026-09-30T23:33:00Z,1.550,2.660,,7590641664.000,6.680,6.680,2.000,0.010,,0.000
2026-09-30T23:34:00Z,1.475,2.480,924.000,7590641664.000,8.760,8.760,1.000,0.010,1.755,0.000
2026-09-30T23:35:00Z,1.415,2.380,924.000,7589593088.000,8.000,8.000,1.000,0.020,2.295,0.000
2026-09-30T23:36:00Z,1.405,2.340,924.000,7589593088.000,6.390,6.390,1.000,0.010,2.095,0.000
2026-09-30T23:37:00Z,1.520,2.380,924.000,7590641664.000,17.360,17.360,0.000,0.030,3.136,0.000
2026-09-30T23:38:00Z,1.580,2.610,,7590641664.000,20.000,20.000,1.000,0.040,,0.000
2026-09-30T23:39:00Z,1.550,2.540,924.000,7589593088.000,16.780,16.780,3.000,0.030,5.115,0.000
2026-09-30T23:40:00Z,1.570,2.590,924.000,7589593088.000,16.790,16.790,3.000,0.020,4.305,0.000
2026-09-30T23:41:00Z,1.595,2.590,924.000,7589593088.000,16.740,16.740,3.000,0.020,4.290,0.000
2026-09-30T23:42:00Z,1.530,2.520,924.000,7589593088.000,15.050,15.050,2.000,0.020,4.513,0.000
2026-09-30T23:43:00Z,1.590,2.720,924.000,7589593088.000,10.460,10.460,2.000,0.010,4.032,0.000
2026-09-30T23:44:00Z,1.445,2.450,924.000,7589593088.000,5.630,5.630,2.000,0.000,2.720,0.000
2026-09-30T23:45:00Z,1.460,2.480,924.000,7589593088.000,5.240,5.240,1.000,0.000,1.522,0.000
2026-09-30T23:46:00Z,1.485,2.470,924.000,7588544512.000,12.860,12.860,0.000,0.020,2.354,0.000
2026-09-30T23:47:00Z,1.445,2.450,,7588544512.000,8.610,8.610,1.000,0.010,,0.000
2026-09-30T23:48:00Z,1.480,2.500,924.000,7588544512.000,8.190,8.190,2.000,0.010,2.243,0.000
2026-09-30T23:49:00Z,1.465,2.470,924.000,7587495936.000,9.280,9.280,1.000,0.020,2.145,0.000
2026-09-30T23:50:00Z,1.465,2.460,924.000,7587495936.000,7.910,7.910,1.000,0.010,2.413,0.000
2026-09-30T23:51:00Z,1.530,2.610,924.000,7586447360.000,10.160,10.160,1.000,0.020,2.067,0.000
2026-09-30T23:52:00Z,1.475,2.440,924.000,7586447360.000,8.860,8.860,1.000,0.010,2.855,0.000
2026-09-30T23:53:00Z,1.580,2.700,924.000,7586447360.000,9.110,9.110,1.000,0.010,2.355,0.000
2026-09-30T23:54:00Z,1.475,2.500,,7586447360.000,10.560,10.560,1.000,0.020,,0.000
2026-09-30T23:55:00Z,1.500,2.500,924.000,7586447360.000,10.590,10.590,1.000,0.010,2.732,0.000
2026-09-30T23:56:00Z,1.475,2.510,924.000,7586447360.000,8.230,8.230,1.000,0.010,2.745,0.000
2026-09-30T23:57:00Z,1.460,2.420,924.000,7586447360.000,9.680,9.680,1.000,0.010,2.155,0.000
2026-09-30T23:58:00Z,1.435,2.440,924.000,7586447360.000,7.030,7.030,1.000,0.010,2.663,0.000
2026-09-30T23:59:00Z,1.475,2.500,924.000,7586447360.000,8.660,8.660,1.000,0.010,2.061,0.000
2026-10-01T00:00:00Z,2.460,2.460,,7586447360.000,7.730,7.730,1.000,0.010,,0.000
2026-10-01T00:01:00Z,1.357,2.900,924.000,7587495936.000,33.690,33.690,1.000,0.100,2.027,0.000
2026-10-01T00:02:00Z,1.680,2.680,924.000,7589593088.000,31.590,31.590,2.000,0.060,8.832,0.000
2026-10-01T00:03:00Z,2.555,2.900,924.000,7566524416.000,19.690,19.690,6.000,0.030,8.095,0.000
2026-10-01T00:04:00Z,1.690,2.700,924.000,7566524416.000,25.040,25.040,5.000,0.050,5.287,0.000
2026-10-01T00:05:00Z,,,924.000,7566524416.000,17.820,17.820,3.000,0.030,6.433,0.000
2026-10-01T00:06:00Z,1.583,2.650,924.000,7567572992.000,25.490,25.490,4.000,0.050,5.674,0.000
2026-10-01T00:07:00Z,1.650,2.680,,7567572992.000,26.410,26.410,3.000,0.050,,0.000
2026-10-01T00:08:00Z,1.680,2.850,924.000,7568621568.000,14.910,14.910,5.000,0.020,6.692,0.000
2026-10-01T00:09:00Z,1.555,2.580,924.000,7568621568.000,13.100,13.100,3.000,0.020,4.192,0.000
2026-10-01T00:10:00Z,1.715,2.810,924.000,7569670144.000,36.550,36.550,2.000,0.970,3.373,0.000
2026-10-01T00:11:00Z,1.610,2.690,924.000,7568621568.000,21.180,21.180,4.000,0.050,9.227,0.000
2026-10-01T00:12:00Z,1.605,2.550,924.000,7568621568.000,23.440,23.440,5.000,0.040,5.605,0.000
2026-10-01T00:13:00Z,1.650,2.770,924.000,7568621568.000,19.630,19.630,2.000,0.040,6.103,0.000
2026-10-01T00:14:00Z,1.445,2.440,924.000,7567572992.000,7.760,7.760,4.000,0.010,3.526,0.000
2026-10-01T00:15:00Z,1.475,2.460,,7567572992.000,7.030,7.030,2.000,0.010,,0.000
2026-10-01T00:16:00Z,1.640,2.560,924.000,7565475840.000,28.770,28.770,1.000,0.050,4.566,0.000
2026-10-01T00:17:00Z,1.670,2.720,,7564427264.000,28.360,28.360,1.000,0.050,,0.000
2026-10-01T00:18:00Z,1.710,2.780,924.000,7565475840.000,27.460,27.460,6.000,0.050,7.180,0.000
2026-10-01T00:19:00Z,1.595,2.630,924.000,7564427264.000,20.710,20.710,4.000,0.030,7.122,0.000
2026-10-01T00:20:00Z,1.705,2.680,924.000,7564427264.000,35.470,35.470,4.000,0.060,5.308,0.000
2026-10-01T00:21:00Z,1.620,2.650,924.000,7563378688.000,23.420,23.420,4.000,0.060,8.970,0.000
2026-10-01T00:22:00Z,1.555,2.560,924.000,7563378688.000,17.390,17.390,5.000,0.030,5.303,0.000
2026-10-01T00:23:00Z,1.720,2.820,,7563378688.000,27.240,27.240,4.000,0.040,,0.000
2026-10-01T00:24:00Z,3.100,3.570,924.000,7369392128.000,29.380,29.380,3.000,0.070,6.902,0.000
2026-10-01T00:25:00Z,1.625,2.690,924.000,7558135808.000,16.260,16.260,4.000,0.020,7.625,0.000
2026-10-01T00:26:00Z,,,924.000,,18.860,18.860,5.000,0.030,4.457,0.000
2026-10-01T00:27:00Z,1.565,2.570,924.000,7558135808.000,18.090,18.090,2.000,0.020,4.808,0.000
2026-10-01T00:28:00Z,1.545,2.530,924.000,7559184384.000,18.710,18.710,3.000,0.030,4.620,0.000
2026-10-01T00:29:00Z,1.515,2.520,924.000,7559184384.000,12.890,12.890,2.000,0.020,4.793,0.000
2026-10-01T00:30:00Z,1.530,2.460,924.000,7558135808.000,17.640,17.640,3.000,0.030,3.320,0.000
2026-10-01T00:31:00Z,,,924.000,,48.980,48.980,2.000,0.570,4.503,0.000
2026-10-01T00:32:00Z,1.770,2.730,924.000,7559184384.000,35.250,35.250,3.000,0.070,12.530,0.000
2026-10-01T00:33:00Z,1.640,2.740,924.000,7564427264.000,13.210,13.210,9.000,0.020,8.918,0.000
2026-10-01T00:34:00Z,1.545,2.560,924.000,7565475840.000,15.950,15.950,5.000,0.020,3.755,0.000
2026-10-01T00:35:00Z,1.545,2.550,,7565475840.000,15.760,15.760,2.000,0.020,,0.000
2026-10-01T00:36:00Z,1.580,2.590,924.000,7565475840.000,21.210,21.210,2.000,0.030,4.043,0.000
2026-10-01T00:37:00Z,1.645,2.610,924.000,7562330112.000,20.820,20.820,3.000,0.030,5.405,0.000
2026-10-01T00:38:00Z,1.615,2.690,924.000,7562330112.000,19.710,19.710,2.000,0.030,5.452,0.000
2026-10-01T00:39:00Z,1.470,2.460,924.000,7563378688.000,8.460,8.460,4.000,0.010,5.020,0.000
2026-10-01T00:40:00Z,1.550,2.470,924.000,7562330112.000,18.140,18.140,2.000,0.030,2.220,0.000
2026-10-01T00:41:00Z,1.645,2.690,924.000,7560232960.000,20.080,20.080,1.000,0.030,4.633,0.000
2026-10-01T00:42:00Z,1.715,2.680,924.000,7558135808.000,37.150,37.150,3.000,0.440,5.362,0.000
2026-10-01T00:43:00Z,1.670,2.750,924.000,7558135808.000,19.710,19.710,4.000,0.030,9.520,0.000
2026-10-01T00:44:00Z,1.540,2.540,924.000,7558135808.000,15.310,15.310,6.000,0.020,5.045,0.000
2026-10-01T00:45:00Z,1.750,2.770,924.000,7558135808.000,39.940,39.940,3.000,0.080,3.920,0.000
2026-10-01T00:46:00Z,1.620,2.640,924.000,7558135808.000,28.000,28.000,3.000,0.050,10.075,0.000
2026-10-01T00:47:00Z,1.545,2.530,924.000,7559184384.000,20.430,20.430,6.000,0.030,6.141,0.000
2026-10-01T00:48:00Z,1.580,2.530,,7559184384.000,20.260,20.260,4.000,0.030,,0.000
2026-10-01T00:49:00Z,1.585,2.610,924.000,7560232960.000,21.110,21.110,3.000,0.030,5.180,0.000
2026-10-01T00:50:00Z,1.595,2.690,924.000,7561281536.000,11.440,11.440,4.000,0.010,5.370,0.000
2026-10-01T00:51:00Z,1.565,2.610,924.000,7561281536.000,13.210,13.210,3.000,0.020,2.962,0.000
2026-10-01T00:52:00Z,1.555,2.520,924.000,7561281536.000,16.980,16.980,2.000,0.020,3.600,0.000
2026-10-01T00:53:00Z,1.615,2.720,924.000,7562330112.000,13.160,13.160,2.000,0.020,4.355,0.000
2026-10-01T00:54:00Z,1.545,2.490,924.000,7563378688.000,17.440,17.440,3.000,0.030,3.413,0.000
2026-10-01T00:55:00Z,1.560,2.610,924.000,7563378688.000,17.070,17.070,2.000,0.020,4.452,0.000
2026-10-01T00:56:00Z,1.560,2.580,924.000,7563378688.000,18.610,18.610,3.000,0.040,4.370,0.000
2026-10-01T00:57:00Z,1.600,2.580,924.000,7562330112.000,21.860,21.860,2.000,0.040,5.156,0.000
2026-10-01T00:58:00Z,1.490,2.510,,7562330112.000,8.210,8.210,3.000,0.010,,0.000
2026-10-01T00:59:00Z,1.640,2.580,924.000,7560232960.000,29.200,29.200,3.000,0.050,2.167,0.000
2026-10-01T01:00:00Z,1.550,2.570,924.000,7560232960.000,18.460,18.460,1.000,0.030,7.395,0.000
2026-10-01T01:01:00Z,1.625,2.650,924.000,7560232960.000,22.160,22.160,5.000,0.040,4.705,0.000
2026-10-01T01:02:00Z,1.650,2.660,924.000,7559184384.000,21.840,21.840,3.000,0.030,5.872,0.000
2026-10-01T01:03:00Z,2.175,2.850,924.000,7539261440.000,23.240,23.240,3.000,0.040,5.553,0.000
2026-10-01T01:04:00Z,1.975,3.420,924.000,7558135808.000,13.140,13.140,4.000,0.020,5.915,0.000
2026-10-01T01:05:00Z,1.590,2.620,924.000,7559184384.000,15.350,15.350,3.000,0.020,3.750,0.000
2026-10-01T01:06:00Z,1.575,2.600,924.000,7559184384.000,17.250,17.250,2.000,0.030,3.942,0.000
2026-10-01T01:07:00Z,1.595,2.600,924.000,7559184384.000,18.020,18.020,3.000,0.030,4.415,0.000
2026-10-01T01:08:00Z,1.660,2.720,924.000,7562330112.000,26.000,26.000,2.000,0.040,5.609,0.000
2026-10-01T01:09:00Z,,,,7561281536.000,13.590,13.590,4.000,0.020,,0.000
2026-10-01T01:10:00Z,1.613,2.770,924.000,7562330112.000,19.680,19.680,3.000,0.030,3.490,0.000
2026-10-01T01:11:00Z,1.700,2.690,924.000,7562330112.000,26.330,26.330,2.000,0.040,5.213,0.000
2026-10-01T01:12:00Z,1.605,2.590,924.000,7563378688.000,19.390,19.390,3.000,0.030,5.992,0.000
2026-10-01T01:13:00Z,1.650,2.760,,7563378688.000,19.790,19.790,4.000,0.030,,0.000
2026-10-01T01:14:00Z,1.730,2.850,924.000,7563378688.000,35.640,35.640,3.000,0.070,5.065,0.000
2026-10-01T01:15:00Z,1.600,2.670,924.000,7564427264.000,21.950,21.950,5.000,0.040,8.982,0.000
2026-10-01T01:16:00Z,1.845,2.840,924.000,7564427264.000,49.610,49.610,5.000,0.260,5.595,0.000
2026-10-01T01:17:00Z,1.595,2.680,924.000,7565475840.000,18.090,18.090,4.000,0.030,12.492,0.000
2026-10-01T01:18:00Z,1.610,2.680,924.000,7565475840.000,16.160,16.160,7.000,0.020,4.615,0.000
2026-10-01T01:19:00Z,1.540,2.580,924.000,7565475840.000,13.330,13.330,2.000,0.020,4.293,0.000
2026-10-01T01:20:00Z,1.575,2.560,924.000,7565475840.000,20.030,20.030,2.000,0.030,3.460,0.000
2026-10-01T01:21:00Z,1.570,2.590,924.000,7565475840.000,15.980,15.980,2.000,0.030,5.110,0.000
2026-10-01T01:22:00Z,1.530,2.520,924.000,7565475840.000,15.060,15.060,3.000,0.020,4.093,0.000
2026-10-01T01:23:00Z,1.665,2.850,,7565475840.000,10.810,10.810,3.000,0.010,,0.000
2026-10-01T01:24:00Z,1.515,2.540,924.000,7566524416.000,10.040,10.040,2.000,0.010,2.795,0.000
2026-10-01T01:25:00Z,1.520,2.490,924.000,7565475840.000,14.660,14.660,1.000,0.020,2.620,0.000
2026-10-01T01:26:00Z,1.535,2.520,924.000,7565475840.000,13.610,13.610,1.000,0.020,3.763,0.000
2026-10-01T01:27:00Z,1.540,2.570,924.000,7566524416.000,13.440,13.440,2.000,0.020,3.473,0.000
2026-10-01T01:28:00Z,1.485,2.550,,7566524416.000,7.410,7.410,2.000,0.010,,0.000
2026-10-01T01:29:00Z,1.545,2.590,924.000,7566524416.000,12.920,12.920,2.000,0.020,2.645,0.000
2026-10-01T01:30:00Z,1.505,2.520,,7565475840.000,10.480,10.480,1.000,0.010,,0.000
2026-10-01T01:31:00Z,1.575,2.600,924.000,7564427264.000,20.640,20.640,2.000,0.030,2.715,0.000
2026-10-01T01:32:00Z,1.565,2.590,924.000,7564427264.000,18.740,18.740,2.000,0.030,5.500,0.000
2026-10-01T01:33:00Z,1.635,2.790,924.000,7563378688.000,14.610,14.610,3.000,0.020,4.795,0.000
2026-10-01T01:34:00Z,1.575,2.640,924.000,7563378688.000,18.710,18.710,3.000,0.030,3.768,0.000
2026-10-01T01:35:00Z,1.530,2.570,924.000,7562330112.000,14.040,14.040,2.000,0.020,4.780,0.000
2026-10-01T01:36:00Z,1.530,2.530,924.000,7562330112.000,13.210,13.210,3.000,0.020,3.600,0.000
2026-10-01T01:37:00Z,1.550,2.550,924.000,7562330112.000,15.130,15.130,2.000,0.020,3.413,0.000
2026-10-01T01:38:00Z,1.535,2.520,924.000,7562330112.000,13.830,13.830,2.000,0.020,4.060,0.000
2026-10-01T01:39:00Z,1.545,2.560,924.000,7562330112.000,15.810,15.810,2.000,0.020,3.806,0.000
2026-10-01T01:40:00Z,1.455,2.430,,7562330112.000,8.690,8.690,2.000,0.010,,0.000
2026-10-01T01:41:00Z,1.590,2.650,924.000,,14.940,14.940,2.000,0.020,2.265,0.000
2026-10-01T01:42:00Z,1.575,2.580,924.000,7561281536.000,12.730,12.730,1.000,0.020,3.756,0.000
2026-10-01T01:43:00Z,1.620,2.740,,7561281536.000,17.360,17.360,2.000,0.050,,0.000
2026-10-01T01:44:00Z,1.475,2.430,924.000,7561281536.000,10.190,10.190,2.000,0.010,4.450,0.000
2026-10-01T01:45:00Z,1.475,2.490,924.000,7561281536.000,8.960,8.960,2.000,0.010,2.638,0.000
2026-10-01T01:46:00Z,1.490,2.460,924.000,7561281536.000,10.890,10.890,1.000,0.010,2.330,0.000
2026-10-01T01:47:00Z,1.515,2.560,924.000,7562330112.000,14.000,14.000,1.000,0.020,2.812,0.000
2026-10-01T01:48:00Z,1.545,2.600,924.000,7561281536.000,14.630,14.630,2.000,0.030,3.607,0.000
2026-10-01T01:49:00Z,1.480,2.430,924.000,7561281536.000,11.340,11.340,2.000,0.020,3.780,0.000
2026-10-01T01:50:00Z,1.570,2.600,924.000,7562330112.000,19.080,19.080,1.000,0.030,3.902,0.000
2026-10-01T01:51:00Z,1.580,2.620,,7562330112.000,19.880,19.880,2.000,0.030,,0.000
2026-10-01T01:52:00Z,1.490,2.500,924.000,7562330112.000,10.180,10.180,3.000,0.010,5.263,0.000
2026-10-01T01:53:00Z,1.565,2.610,924.000,7562330112.000,9.810,9.810,3.000,0.010,2.647,0.000
2026-10-01T01:54:00Z,1.480,2.450,924.000,7561281536.000,9.880,9.880,1.000,0.010,2.567,0.000
2026-10-01T01:55:00Z,1.455,2.430,924.000,7561281536.000,6.880,6.880,1.000,0.010,2.562,0.000
2026-10-01T01:56:00Z,1.495,2.430,924.000,7561281536.000,11.330,11.330,1.000,0.010,1.810,0.000
2026-10-01T01:57:00Z,1.490,2.530,924.000,7561281536.000,9.910,9.910,0.000,0.010,2.925,0.000
2026-10-01T01:58:00Z,1.495,2.510,924.000,7562330112.000,11.280,11.280,2.000,0.010,2.547,0.000
2026-10-01T01:59:00Z,1.510,2.540,924.000,7561281536.000,10.690,10.690,1.000,0.010,2.850,0.000
2026-10-01T02:00:00Z,1.470,2.450,,7561281536.000,7.880,7.880,2.000,0.010,,0.000
2026-10-01T02:01:00Z,1.595,2.590,924.000,7561281536.000,18.960,18.960,1.000,0.030,2.067,0.000
2026-10-01T02:02:00Z,1.565,2.590,924.000,7562330112.000,16.510,16.510,1.000,0.020,5.050,0.000
2026-10-01T02:03:00Z,1.615,2.710,924.000,7562330112.000,12.490,12.490,3.000,0.020,4.235,0.000
2026-10-01T02:04:00Z,2.330,4.170,924.000,7557087232.000,10.160,10.160,2.000,0.010,3.232,0.000
2026-10-01T02:05:00Z,1.455,2.440,924.000,7563378688.000,7.660,7.660,2.000,0.010,2.500,0.000
2026-10-01T02:06:00Z,1.505,2.540,,7563378688.000,8.540,8.540,1.000,0.010,,0.000
2026-10-01T02:07:00Z,1.610,2.660,924.000,7563378688.000,20.760,20.760,1.000,0.030,2.237,0.000
2026-10-01T02:08:00Z,1.555,2.550,924.000,7563378688.000,14.790,14.790,2.000,0.020,5.293,0.000
2026-10-01T02:09:00Z,1.535,2.580,924.000,7563378688.000,11.360,11.360,3.000,0.010,3.820,0.000
2026-10-01T02:10:00Z,1.545,2.630,924.000,7563378688.000,11.010,11.010,2.000,0.010,2.942,0.000
2026-10-01T02:11:00Z,1.565,2.640,924.000,7563378688.000,7.610,7.610,2.000,0.010,2.850,0.000
2026-10-01T02:12:00Z,1.505,2.510,924.000,7563378688.000,12.030,12.030,1.000,0.020,2.724,0.000
2026-10-01T02:13:00Z,1.680,2.830,,7563378688.000,18.390,18.390,1.000,0.030,,0.000
2026-10-01T02:14:00Z,1.515,2.560,924.000,7563378688.000,12.490,12.490,2.000,0.020,4.700,0.000
2026-10-01T02:15:00Z,1.485,2.450,924.000,7563378688.000,13.890,13.890,3.000,0.020,3.237,0.000
2026-10-01T02:16:00Z,1.595,2.700,924.000,7561281536.000,19.490,19.490,2.000,0.030,3.575,0.000
2026-10-01T02:17:00Z,1.590,2.640,924.000,7561281536.000,21.460,21.460,3.000,0.040,4.965,0.000
2026-10-01T02:18:00Z,1.525,2.570,924.000,7560232960.000,10.730,10.730,2.000,0.010,5.457,0.000
2026-10-01T02:19:00Z,1.535,2.510,924.000,,14.680,14.680,3.000,0.020,2.935,0.000
2026-10-01T02:20:00Z,1.545,2.570,924.000,7560232960.000,19.110,19.110,1.000,0.170,3.812,0.000
2026-10-01T02:21:00Z,1.565,2.510,924.000,7559184384.000,16.610,16.610,2.000,0.030,4.867,0.000
2026-10-01T02:22:00Z,1.575,2.450,924.000,7559184384.000,21.410,21.410,3.000,0.050,4.473,0.000
2026-10-01T02:23:00Z,1.590,2.690,924.000,7560232960.000,10.690,10.690,3.000,0.010,5.442,0.000
2026-10-01T02:24:00Z,1.540,2.520,924.000,7560232960.000,14.430,14.430,4.000,0.030,2.803,0.000
2026-10-01T02:25:00Z,1.585,2.630,924.000,7560232960.000,19.450,19.450,1.000,0.030,3.712,0.000
2026-10-01T02:26:00Z,1.540,2.540,924.000,7560232960.000,17.240,17.240,2.000,0.030,4.947,0.000
2026-10-01T02:27:00Z,1.465,2.440,924.000,7560232960.000,8.580,8.580,3.000,0.010,3.315,0.000
2026-10-01T02:28:00Z,,,,,12.460,12.460,2.000,0.020,,0.000
2026-10-01T02:29:00Z,1.510,2.510,924.000,7560232960.000,11.530,11.530,1.000,0.020,3.200,0.000
2026-10-01T02:30:00Z,1.550,2.590,924.000,7560232960.000,12.290,12.290,2.000,0.020,2.998,0.000
2026-10-01T02:31:00Z,1.560,2.590,924.000,7561281536.000,15.340,15.340,2.000,0.020,3.178,0.000
2026-10-01T02:32:00Z,1.515,2.560,924.000,7561281536.000,10.340,10.340,2.000,0.010,3.425,0.000
2026-10-01T02:33:00Z,1.665,2.760,,7561281536.000,16.260,16.260,2.000,0.020,,0.000
2026-10-01T02:34:00Z,1.535,2.580,924.000,7560232960.000,11.580,11.580,1.000,0.020,4.180,0.000
2026-10-01T02:35:00Z,1.515,2.580,924.000,7560232960.000,8.910,8.910,3.000,0.010,2.998,0.000
2026-10-01T02:36:00Z,1.510,2.520,924.000,7561281536.000,11.150,11.150,1.000,0.010,2.337,0.000
2026-10-01T02:37:00Z,1.535,2.530,924.000,7562330112.000,12.560,12.560,1.000,0.020,2.895,0.000
2026-10-01T02:38:00Z,1.525,2.520,924.000,7562330112.000,13.390,13.390,1.000,0.020,3.408,0.000
2026-10-01T02:39:00Z,1.475,2.460,924.000,7562330112.000,11.240,11.240,2.000,0.010,3.478,0.000
2026-10-01T02:40:00Z,1.450,2.440,924.000,7562330112.000,7.740,7.740,2.000,0.010,2.908,0.000
2026-10-01T02:41:00Z,1.510,2.550,924.000,,9.860,9.860,1.000,0.010,2.000,0.000
2026-10-01T02:42:00Z,1.435,2.400,924.000,7560232960.000,8.240,8.240,1.000,0.010,2.571,0.000
2026-10-01T02:43:00Z,1.520,2.630,,7560232960.000,6.250,6.250,1.000,0.010,,0.000
2026-10-01T02:44:00Z,1.450,2.460,924.000,7560232960.000,6.140,6.140,1.000,0.010,1.677,0.000
2026-10-01T02:45:00Z,1.465,2.490,924.000,7560232960.000,9.810,9.810,1.000,0.010,1.627,0.000
2026-10-01T02:46:00Z,1.490,2.510,924.000,7560232960.000,12.110,12.110,1.000,0.020,2.542,0.000
2026-10-01T02:47:00Z,1.460,2.480,924.000,7561281536.000,8.110,8.110,2.000,0.010,2.620,0.000
2026-10-01T02:48:00Z,1.500,2.520,,7561281536.000,8.740,8.740,1.000,0.010,,0.000
2026-10-01T02:49:00Z,1.615,2.630,924.000,7561281536.000,18.460,18.460,1.000,0.030,2.295,0.000
2026-10-01T02:50:00Z,1.470,2.460,924.000,7562330112.000,11.410,11.410,1.000,0.020,4.900,0.000
2026-10-01T02:51:00Z,1.495,2.510,924.000,7562330112.000,9.010,9.010,3.000,0.010,2.958,0.000
2026-10-01T02:52:00Z,1.590,2.450,924.000,7562330112.000,26.100,26.100,2.000,0.060,2.572,0.000
2026-10-01T02:53:00Z,1.545,2.640,924.000,7561281536.000,9.990,9.990,1.000,0.010,6.615,0.000
2026-10-01T02:54:00Z,1.470,2.450,924.000,7561281536.000,12.810,12.810,5.000,0.020,2.615,0.000
2026-10-01T02:55:00Z,1.430,2.360,924.000,7561281536.000,9.050,9.050,1.000,0.010,3.295,0.000
2026-10-01T02:56:00Z,1.425,2.380,924.000,7561281536.000,7.730,7.730,2.000,0.010,2.357,0.000
2026-10-01T02:57:00Z,1.450,2.440,924.000,7561281536.000,8.750,8.750,1.000,0.010,2.147,0.000
2026-10-01T02:58:00Z,1.490,2.510,,7561281536.000,9.840,9.840,1.000,0.010,,0.000
2026-10-01T02:59:00Z,1.475,2.480,924.000,7561281536.000,8.250,8.250,1.000,0.010,2.578,0.000
2026-10-01T03:00:00Z,1.505,2.470,924.000,7561281536.000,14.740,14.740,1.000,0.050,2.158,0.000
2026-10-01T03:01:00Z,1.590,2.550,924.000,7561281536.000,20.510,20.510,1.000,0.070,3.775,0.000
2026-10-01T03:02:00Z,1.540,2.570,924.000,7562330112.000,19.260,19.260,2.000,0.040,5.438,0.000
2026-10-01T03:03:00Z,1.575,2.670,924.000,7561281536.000,9.380,9.380,4.000,0.010,4.918,0.000
2026-10-01T03:04:00Z,2.365,2.730,924.000,7561281536.000,12.840,12.840,2.000,0.020,2.467,0.000
2026-10-01T03:05:00Z,1.560,2.550,924.000,7580155904.000,18.640,18.640,2.000,0.040,3.600,0.000
2026-10-01T03:06:00Z,1.490,2.480,924.000,7580155904.000,13.030,13.030,2.000,0.020,4.832,0.000
2026-10-01T03:07:00Z,1.475,2.460,924.000,7581204480.000,11.550,11.550,3.000,0.020,3.360,0.000
2026-10-01T03:08:00Z,1.480,2.460,924.000,7580155904.000,9.680,9.680,2.000,0.010,2.990,0.000
2026-10-01T03:09:00Z,1.455,2.430,924.000,7580155904.000,9.260,9.260,1.000,0.010,2.538,0.000
2026-10-01T03:10:00Z,1.420,2.390,924.000,7580155904.000,6.360,6.360,1.000,0.010,2.417,0.000
2026-10-01T03:11:00Z,1.505,2.520,924.000,7580155904.000,7.290,7.290,1.000,0.010,1.688,0.000
2026-10-01T03:12:00Z,1.445,2.420,924.000,7579107328.000,8.390,8.390,1.000,0.020,2.280,0.000
2026-10-01T03:13:00Z,1.540,2.590,,7579107328.000,8.650,8.650,1.000,0.010,,0.000
2026-10-01T03:14:00Z,1.470,2.470,924.000,7580155904.000,9.260,9.260,1.000,0.010,2.265,0.000
2026-10-01T03:15:00Z,1.455,2.470,924.000,,6.960,6.960,1.000,0.010,2.425,0.000
2026-10-01T03:16:00Z,1.450,2.400,924.000,7580155904.000,7.790,7.790,1.000,0.010,1.835,0.000
2026-10-01T03:17:00Z,1.420,2.420,924.000,7579107328.000,5.390,5.390,1.000,0.010,1.742,0.000
2026-10-01T03:18:00Z,1.485,2.510,,7579107328.000,9.450,9.450,1.000,0.010,,0.000
2026-10-01T03:19:00Z,1.550,2.600,924.000,7579107328.000,23.960,23.960,1.000,0.110,2.620,0.000
2026-10-01T03:20:00Z,1.480,2.440,924.000,7579107328.000,11.060,11.060,2.000,0.020,4.484,0.000
2026-10-01T03:21:00Z,1.490,2.500,,7579107328.000,6.610,6.610,4.000,0.010,,0.000
2026-10-01T03:22:00Z,1.455,2.420,924.000,7579107328.000,9.510,9.510,1.000,0.010,2.201,0.000
2026-10-01T03:23:00Z,2.690,2.690,,7579107328.000,9.760,9.760,1.000,0.010,,0.000
2026-10-01T03:24:00Z,1.117,2.460,924.000,7578058752.000,7.630,7.630,1.000,0.010,2.570,0.000
2026-10-01T03:25:00Z,1.470,2.440,924.000,7578058752.000,9.690,9.690,1.000,0.010,2.002,0.000
2026-10-01T03:26:00Z,1.400,2.390,924.000,7578058752.000,3.090,3.090,1.000,0.000,2.507,0.000
2026-10-01T03:27:00Z,1.425,2.380,924.000,7579107328.000,6.080,6.080,1.000,0.010,1.241,0.000
2026-10-01T03:28:00Z,1.445,2.480,,7579107328.000,3.340,3.340,0.000,0.000,,0.000
2026-10-01T03:29:00Z,1.475,2.460,924.000,7579107328.000,9.060,9.060,1.000,0.010,1.656,0.000
2026-10-01T03:30:00Z,1.435,2.440,,7579107328.000,5.990,5.990,0.000,0.010,,0.000
2026-10-01T03:31:00Z,1.590,2.690,924.000,7579107328.000,10.560,10.560,1.000,0.020,1.590,0.000
2026-10-01T03:32:00Z,1.470,2.450,924.000,7579107328.000,11.580,11.580,1.000,0.020,2.942,0.000
2026-10-01T03:33:00Z,1.620,2.720,924.000,7579107328.000,11.820,11.820,1.000,0.020,3.005,0.000
2026-10-01T03:34:00Z,1.445,2.430,924.000,7579107328.000,9.180,9.180,1.000,0.010,3.070,0.000
2026-10-01T03:35:00Z,1.500,2.550,924.000,7579107328.000,9.580,9.580,1.000,0.010,2.388,0.000
2026-10-01T03:36:00Z,1.485,2.460,924.000,,8.510,8.510,1.000,0.010,2.485,0.000
2026-10-01T03:37:00Z,1.520,2.510,924.000,7579107328.000,11.140,11.140,1.000,0.010,2.645,0.000
2026-10-01T03:38:00Z,1.465,2.480,,7579107328.000,7.610,7.610,1.000,0.010,,0.000
2026-10-01T03:39:00Z,1.515,2.460,924.000,7578058752.000,7.030,7.030,1.000,0.010,2.025,0.000
2026-10-01T03:40:00Z,1.475,2.460,924.000,7578058752.000,10.960,10.960,1.000,0.010,1.853,0.000
2026-10-01T03:41:00Z,1.515,2.580,924.000,7578058752.000,9.810,9.810,1.000,0.010,3.047,0.000
2026-10-01T03:42:00Z,1.495,2.510,924.000,7578058752.000,11.830,11.830,2.000,0.020,3.016,0.000
2026-10-01T03:43:00Z,1.560,2.660,,7578058752.000,8.030,8.030,1.000,0.010,,0.000
2026-10-01T03:44:00Z,1.455,2.440,924.000,7578058752.000,6.780,6.780,1.000,0.010,2.130,0.000
2026-10-01T03:45:00Z,1.455,2.430,924.000,7578058752.000,8.640,8.640,1.000,0.010,1.790,0.000
2026-10-01T03:46:00Z,1.510,2.490,924.000,7578058752.000,13.890,13.890,1.000,0.030,2.245,0.000
2026-10-01T03:47:00Z,1.465,2.440,924.000,7578058752.000,8.890,8.890,1.000,0.010,3.565,0.000
2026-10-01T03:48:00Z,1.475,2.510,924.000,7578058752.000,6.760,6.760,2.000,0.010,2.320,0.000
2026-10-01T03:49:00Z,1.405,2.360,924.000,7578058752.000,5.100,5.100,1.000,0.000,1.805,0.000
2026-10-01T03:50:00Z,1.405,2.400,924.000,7578058752.000,6.640,6.640,1.000,0.010,1.370,0.000
2026-10-01T03:51:00Z,1.495,2.510,924.000,7578058752.000,10.290,10.290,1.000,0.010,1.750,0.000
2026-10-01T03:52:00Z,1.440,2.410,924.000,7578058752.000,7.410,7.410,1.000,0.010,2.902,0.000
2026-10-01T03:53:00Z,1.565,2.640,924.000,7578058752.000,9.110,9.110,1.000,0.010,1.955,0.000
2026-10-01T03:54:00Z,1.445,2.440,924.000,7578058752.000,7.480,7.480,1.000,0.010,2.186,0.000
2026-10-01T03:55:00Z,1.590,2.460,,7578058752.000,25.340,25.340,1.000,0.060,,0.000
2026-10-01T03:56:00Z,1.590,2.540,924.000,7578058752.000,22.790,22.790,1.000,0.040,6.425,0.000
2026-10-01T03:57:00Z,1.475,2.480,924.000,7578058752.000,9.930,9.930,5.000,0.010,5.800,0.000
2026-10-01T03:58:00Z,1.455,2.470,924.000,7578058752.000,7.010,7.010,3.000,0.010,2.575,0.000
2026-10-01T03:59:00Z,1.515,2.530,924.000,7578058752.000,15.660,15.660,1.000,0.040,1.870,0.000
2026-10-01T04:00:00Z,,,924.000,7577010176.000,15.080,15.080,1.000,0.030,4.013,0.000
2026-10-01T04:01:00Z,1.552,2.590,924.000,7577010176.000,24.440,24.440,3.000,0.090,3.860,0.000
2026-10-01T04:02:00Z,1.505,2.480,924.000,7578058752.000,18.720,18.720,2.000,0.030,6.438,0.000
2026-10-01T04:03:00Z,1.625,2.690,924.000,7578058752.000,19.690,19.690,4.000,0.030,4.777,0.000
2026-10-01T04:04:00Z,1.960,2.420,924.000,7558135808.000,10.780,10.780,3.000,0.010,5.032,0.000
2026-10-01T04:05:00Z,1.825,3.120,924.000,7577010176.000,12.990,12.990,3.000,0.020,3.224,0.000
2026-10-01T04:06:00Z,1.520,2.510,,7577010176.000,17.040,17.040,1.000,0.030,,0.000
2026-10-01T04:07:00Z,1.480,2.510,924.000,7577010176.000,10.860,10.860,2.000,0.010,3.581,0.000
2026-10-01T04:08:00Z,1.470,2.500,,7577010176.000,7.330,7.330,3.000,0.010,,0.000
2026-10-01T04:09:00Z,1.465,2.450,924.000,7577010176.000,11.120,11.120,1.000,0.010,1.948,0.000
2026-10-01T04:10:00Z,1.455,2.410,924.000,7577010176.000,10.610,10.610,1.000,0.010,2.873,0.000
2026-10-01T04:11:00Z,1.490,2.530,924.000,7577010176.000,10.130,10.130,1.000,0.010,2.750,0.000
2026-10-01T04:12:00Z,1.475,2.470,924.000,7577010176.000,10.130,10.130,1.000,0.010,2.848,0.000
2026-10-01T04:13:00Z,1.565,2.640,924.000,7577010176.000,13.290,13.290,1.000,0.020,2.788,0.000
2026-10-01T04:14:00Z,1.480,2.430,924.000,7577010176.000,13.280,13.280,2.000,0.020,3.434,0.000
2026-10-01T04:15:00Z,1.470,2.480,,7577010176.000,10.410,10.410,2.000,0.010,,0.000
2026-10-01T04:16:00Z,1.510,2.480,924.000,7577010176.000,15.160,15.160,2.000,0.020,2.692,0.000
2026-10-01T04:17:00Z,1.485,2.470,924.000,7577010176.000,11.180,11.180,1.000,0.020,3.893,0.000
2026-10-01T04:18:00Z,,,924.000,,10.030,10.030,2.000,0.010,2.880,0.000
2026-10-01T04:19:00Z,1.518,2.620,924.000,7577010176.000,11.340,11.340,2.000,0.020,2.768,0.000
2026-10-01T04:20:00Z,1.465,2.450,924.000,7577010176.000,8.830,8.830,1.000,0.010,2.962,0.000
2026-10-01T04:21:00Z,1.450,2.430,924.000,7574913024.000,10.210,10.210,1.000,0.010,2.297,0.000
2026-10-01T04:22:00Z,1.415,2.350,924.000,7574913024.000,8.960,8.960,2.000,0.010,2.857,0.000
2026-10-01T04:23:00Z,,,924.000,,10.300,10.300,1.000,0.010,2.330,0.000
2026-10-01T04:24:00Z,1.460,2.570,924.000,7574913024.000,7.900,7.900,1.000,0.010,2.695,0.000
2026-10-01T04:25:00Z,1.375,2.310,924.000,7574913024.000,4.660,4.660,1.000,0.000,2.078,0.000
2026-10-01T04:26:00Z,1.420,2.400,924.000,7574913024.000,8.500,8.500,1.000,0.010,1.255,0.000
2026-10-01T04:27:00Z,1.450,2.420,924.000,7574913024.000,9.880,9.880,1.000,0.010,2.210,0.000
2026-10-01T04:28:00Z,1.430,2.390,924.000,7575961600.000,7.380,7.380,1.000,0.010,2.555,0.000
2026-10-01T04:29:00Z,1.515,2.550,924.000,7575961600.000,6.510,6.510,1.000,0.010,1.839,0.000
2026-10-01T04:30:00Z,1.445,2.460,,7575961600.000,8.750,8.750,1.000,0.010,,0.000
2026-10-01T04:31:00Z,1.480,2.490,924.000,7575961600.000,7.980,7.980,2.000,0.010,2.283,0.000
2026-10-01T04:32:00Z,1.560,2.640,924.000,7575961600.000,6.680,6.680,0.000,0.010,2.322,0.000
2026-10-01T04:33:00Z,1.535,2.630,924.000,7575961600.000,4.540,4.540,1.000,0.000,1.780,0.000
2026-10-01T04:34:00Z,1.435,2.420,924.000,7575961600.000,7.230,7.230,1.000,0.010,1.250,0.000
2026-10-01T04:35:00Z,1.515,2.480,924.000,7575961600.000,16.720,16.720,0.000,0.040,1.905,0.000
2026-10-01T04:36:00Z,1.540,2.530,924.000,7575961600.000,19.890,19.890,0.000,0.040,4.277,0.000
2026-10-01T04:37:00Z,1.485,2.460,924.000,7575961600.000,9.060,9.060,4.000,0.010,5.070,0.000
2026-10-01T04:38:00Z,1.475,2.440,924.000,7574913024.000,7.340,7.340,2.000,0.010,2.545,0.000
2026-10-01T04:39:00Z,1.505,2.500,924.000,7574913024.000,14.780,14.780,1.000,0.020,2.876,0.000
2026-10-01T04:40:00Z,1.480,2.460,,7574913024.000,12.180,12.180,2.000,0.020,,0.000
2026-10-01T04:41:00Z,1.500,2.480,924.000,7573864448.000,10.630,10.630,2.000,0.020,3.135,0.000
2026-10-01T04:42:00Z,1.450,2.370,924.000,7573864448.000,9.160,9.160,2.000,0.010,2.786,0.000
2026-10-01T04:43:00Z,1.585,2.740,,7573864448.000,9.580,9.580,1.000,0.010,,0.000
2026-10-01T04:44:00Z,1.455,2.450,924.000,7573864448.000,9.090,9.090,2.000,0.010,2.535,0.000
2026-10-01T04:45:00Z,1.465,2.460,924.000,7573864448.000,9.830,9.830,1.000,0.010,2.365,0.000
2026-10-01T04:46:00Z,1.535,2.440,924.000,7572815872.000,11.580,11.580,1.000,0.020,2.547,0.000
2026-10-01T04:47:00Z,1.520,2.500,924.000,,12.160,12.160,1.000,0.020,2.990,0.000
2026-10-01T04:48:00Z,1.480,2.480,924.000,7572815872.000,7.660,7.660,2.000,0.010,3.345,0.000
2026-10-01T04:49:00Z,1.480,2.520,924.000,7572815872.000,8.340,8.340,1.000,0.010,2.015,0.000
2026-10-01T04:50:00Z,1.545,2.560,924.000,7572815872.000,7.680,7.680,1.000,0.020,2.183,0.000
2026-10-01T04:51:00Z,1.530,2.580,924.000,7572815872.000,14.910,14.910,1.000,0.120,2.018,0.000
2026-10-01T04:52:00Z,1.555,2.570,924.000,7571767296.000,18.760,18.760,2.000,0.030,4.409,0.000
2026-10-01T04:53:00Z,1.570,2.640,,7571767296.000,10.080,10.080,2.000,0.010,,0.000
2026-10-01T04:54:00Z,1.485,2.490,924.000,7571767296.000,11.560,11.560,2.000,0.020,2.815,0.000
2026-10-01T04:55:00Z,1.500,2.550,,7571767296.000,10.640,10.640,1.000,0.010,,0.000
2026-10-01T04:56:00Z,1.465,2.430,924.000,7571767296.000,10.180,10.180,1.000,0.010,2.752,0.000
2026-10-01T04:57:00Z,1.480,2.470,924.000,7571767296.000,10.940,10.940,1.000,0.010,2.638,0.000
2026-10-01T04:58:00Z,1.465,2.500,924.000,7571767296.000,5.010,5.010,1.000,0.000,2.820,0.000
2026-10-01T04:59:00Z,1.430,2.450,924.000,7571767296.000,6.580,6.580,1.000,0.010,1.370,0.000
2026-10-01T05:00:00Z,1.600,2.530,924.000,7570718720.000,24.430,24.430,1.000,0.230,1.742,0.000
2026-10-01T05:01:00Z,1.595,2.630,924.000,7570718720.000,23.900,23.900,1.000,0.050,6.197,0.000
2026-10-01T05:02:00Z,1.525,2.530,924.000,7570718720.000,15.190,15.190,5.000,0.020,6.285,0.000
2026-10-01T05:03:00Z,1.585,2.730,924.000,7571767296.000,10.710,10.710,3.000,0.010,3.908,0.000
2026-10-01T05:04:00Z,1.550,2.480,924.000,7571767296.000,17.390,17.390,2.000,0.080,2.788,0.000
2026-10-01T05:05:00Z,2.360,4.220,924.000,7579107328.000,7.960,7.960,1.000,0.010,4.440,0.000
2026-10-01T05:06:00Z,1.585,2.640,924.000,7579107328.000,24.560,24.560,2.000,0.070,2.413,0.000
2026-10-01T05:07:00Z,,,924.000,,26.790,26.790,2.000,0.150,6.298,0.000
2026-10-01T05:08:00Z,1.593,2.780,924.000,7575961600.000,12.750,12.750,5.000,0.020,6.812,0.000
2026-10-01T05:09:00Z,1.525,2.560,924.000,7575961600.000,11.010,11.010,3.000,0.010,3.310,0.000
2026-10-01T05:10:00Z,,,924.000,,9.040,9.040,2.000,0.010,2.855,0.000
2026-10-01T05:11:00Z,1.460,2.460,924.000,7572815872.000,11.720,11.720,1.000,0.020,2.357,0.000
2026-10-01T05:12:00Z,1.490,2.560,924.000,7572815872.000,8.990,8.990,2.000,0.010,3.260,0.000
2026-10-01T05:13:00Z,1.570,2.640,924.000,7572815872.000,10.540,10.540,1.000,0.010,2.370,0.000
2026-10-01T05:14:00Z,1.540,2.560,924.000,7572815872.000,14.040,14.040,1.000,0.020,3.249,0.000
2026-10-01T05:15:00Z,1.525,2.490,,7572815872.000,12.850,12.850,1.000,0.020,,0.000
2026-10-01T05:16:00Z,1.460,2.440,924.000,7572815872.000,10.040,10.040,2.000,0.010,2.953,0.000
2026-10-01T05:17:00Z,1.505,2.530,,7571767296.000,9.880,9.880,2.000,0.010,,0.000
2026-10-01T05:18:00Z,1.505,2.570,924.000,7571767296.000,7.890,7.890,1.000,0.010,2.560,0.000
2026-10-01T05:19:00Z,1.485,2.470,924.000,7571767296.000,7.410,7.410,1.000,0.010,2.232,0.000
2026-10-01T05:20:00Z,1.555,2.520,924.000,7571767296.000,14.730,14.730,1.000,0.030,1.982,0.000
2026-10-01T05:21:00Z,1.520,2.520,924.000,7571767296.000,13.520,13.520,1.000,0.030,3.780,0.000
2026-10-01T05:22:00Z,1.555,2.540,924.000,7572815872.000,17.890,17.890,3.000,0.030,3.695,0.000
2026-10-01T05:23:00Z,1.700,2.760,924.000,7572815872.000,23.880,23.880,2.000,0.040,4.570,0.000
2026-10-01T05:24:00Z,,,924.000,,9.360,9.360,3.000,0.010,6.065,0.000
2026-10-01T05:25:00Z,1.488,2.450,924.000,7572815872.000,13.010,13.010,3.000,0.020,2.901,0.000
2026-10-01T05:26:00Z,1.515,2.490,,7572815872.000,15.850,15.850,1.000,0.020,,0.000
2026-10-01T05:27:00Z,1.540,2.460,924.000,7572815872.000,17.090,17.090,2.000,0.030,4.058,0.000
2026-10-01T05:28:00Z,1.620,2.590,924.000,7572815872.000,25.290,25.290,2.000,0.050,4.370,0.000
2026-10-01T05:29:00Z,1.535,2.480,924.000,7572815872.000,16.690,16.690,2.000,0.040,5.354,0.000
2026-10-01T05:30:00Z,1.555,2.580,,7572815872.000,23.310,23.310,4.000,0.100,,0.000
2026-10-01T05:31:00Z,1.615,2.680,924.000,,23.230,23.230,4.000,0.040,5.918,0.000
2026-10-01T05:32:00Z,1.525,2.490,924.000,7573864448.000,17.430,17.430,2.000,0.030,6.117,0.000
2026-10-01T05:33:00Z,1.760,2.970,924.000,7574913024.000,22.950,22.950,4.000,0.040,4.447,0.000
2026-10-01T05:34:00Z,1.555,2.570,924.000,7574913024.000,18.310,18.310,2.000,0.030,5.853,0.000
2026-10-01T05:35:00Z,1.615,2.560,924.000,7571767296.000,23.230,23.230,4.000,0.050,4.680,0.000
2026-10-01T05:36:00Z,1.710,2.770,924.000,7571767296.000,31.420,31.420,2.000,0.070,5.897,0.000
2026-10-01T05:37:00Z,1.575,2.550,924.000,7571767296.000,16.760,16.760,5.000,0.020,7.952,0.000
2026-10-01T05:38:00Z,1.585,2.650,924.000,7572815872.000,21.560,21.560,5.000,0.030,4.293,0.000
2026-10-01T05:39:00Z,1.570,2.640,924.000,7572815872.000,17.440,17.440,3.000,0.030,5.655,0.000
2026-10-01T05:40:00Z,1.540,2.510,924.000,7572815872.000,14.160,14.160,3.000,0.020,4.482,0.000
2026-10-01T05:41:00Z,1.585,2.610,924.000,7571767296.000,20.560,20.560,2.000,0.040,3.638,0.000
2026-10-01T05:42:00Z,1.555,2.570,924.000,7571767296.000,14.470,14.470,3.000,0.020,5.480,0.000
2026-10-01T05:43:00Z,1.620,2.680,924.000,7571767296.000,17.240,17.240,3.000,0.030,3.777,0.000
2026-10-01T05:44:00Z,1.485,2.470,924.000,7572815872.000,13.740,13.740,2.000,0.020,4.600,0.000
2026-10-01T05:45:00Z,1.535,2.520,924.000,7571767296.000,18.630,18.630,3.000,0.030,3.540,0.000
2026-10-01T05:46:00Z,1.585,2.490,924.000,7571767296.000,23.240,23.240,2.000,0.040,5.334,0.000
2026-10-01T05:47:00Z,1.575,2.530,,7571767296.000,23.590,23.590,3.000,0.040,,0.000
2026-10-01T05:48:00Z,1.670,2.740,924.000,7571767296.000,34.540,34.540,4.000,0.090,6.000,0.000
2026-10-01T05:49:00Z,1.575,2.610,924.000,7571767296.000,18.430,18.430,5.000,0.030,8.720,0.000
2026-10-01T05:50:00Z,1.470,2.430,924.000,7571767296.000,12.920,12.920,5.000,0.020,4.723,0.000
2026-10-01T05:51:00Z,1.590,2.600,924.000,7571767296.000,19.980,19.980,3.000,0.030,3.322,0.000
2026-10-01T05:52:00Z,1.585,2.520,924.000,7570718720.000,22.570,22.570,2.000,0.040,5.300,0.000
2026-10-01T05:53:00Z,1.630,2.720,924.000,7570718720.000,15.130,15.130,3.000,0.020,5.753,0.000
2026-10-01T05:54:00Z,1.480,2.470,924.000,7570718720.000,12.200,12.200,3.000,0.020,3.893,0.000
2026-10-01T05:55:00Z,1.540,2.530,924.000,7570718720.000,16.410,16.410,2.000,0.080,3.145,0.000
2026-10-01T05:56:00Z,1.715,2.840,924.000,7571767296.000,21.470,21.470,3.000,0.040,4.192,0.000
2026-10-01T05:57:00Z,1.505,2.510,924.000,7571767296.000,13.230,13.230,2.000,0.020,5.795,0.000
2026-10-01T05:58:00Z,1.490,2.450,924.000,7570718720.000,11.080,11.080,3.000,0.010,3.417,0.000
2026-10-01T05:59:00Z,1.485,2.480,924.000,7570718720.000,12.660,12.660,2.000,0.030,2.888,0.000
2026-10-01T06:00:00Z,1.505,2.480,924.000,7570718720.000,14.110,14.110,2.000,0.020,3.260,0.000
2026-10-01T06:01:00Z,1.855,2.950,924.000,7569670144.000,44.930,44.930,2.000,0.140,3.612,0.000
2026-10-01T06:02:00Z,1.825,2.900,924.000,7569670144.000,42.970,42.970,2.000,0.100,11.205,0.000
2026-10-01T06:03:00Z,1.715,2.830,,7569670144.000,26.290,26.290,9.000,0.050,,0.000
2026-10-01T06:04:00Z,1.570,2.560,924.000,7569670144.000,21.000,21.000,6.000,0.040,6.690,0.000
2026-10-01T06:05:00Z,2.455,2.920,924.000,7561281536.000,24.140,24.140,3.000,0.040,5.343,0.000
2026-10-01T06:06:00Z,1.560,2.530,924.000,7561281536.000,20.610,20.610,4.000,0.030,6.420,0.000
2026-10-01T06:07:00Z,,,924.000,7561281536.000,14.790,14.790,4.000,0.020,5.330,0.000
2026-10-01T06:08:00Z,1.532,2.570,924.000,7561281536.000,17.250,17.250,3.000,0.030,3.790,0.000
2026-10-01T06:09:00Z,1.545,2.500,924.000,7560232960.000,17.310,17.310,2.000,0.020,4.423,0.000
2026-10-01T06:10:00Z,1.550,2.500,924.000,7560232960.000,18.540,18.540,3.000,0.040,4.420,0.000
2026-10-01T06:11:00Z,1.710,2.760,924.000,7560232960.000,32.890,32.890,3.000,0.170,6.639,0.000
2026-10-01T06:12:00Z,1.555,2.590,,7560232960.000,19.280,19.280,3.000,0.030,,0.000
2026-10-01T06:13:00Z,1.630,2.740,924.000,7560232960.000,18.040,18.040,6.000,0.030,4.955,0.000
2026-10-01T06:14:00Z,1.515,2.470,924.000,7560232960.000,14.810,14.810,2.000,0.020,4.271,0.000
2026-10-01T06:15:00Z,1.585,2.610,,7560232960.000,22.570,22.570,3.000,0.040,,0.000
2026-10-01T06:16:00Z,1.545,2.480,924.000,7560232960.000,20.690,20.690,2.000,0.040,5.504,0.000
2026-10-01T06:17:00Z,1.610,2.600,,7561281536.000,24.190,24.190,3.000,0.040,,0.000
2026-10-01T06:18:00Z,1.570,2.630,924.000,7561281536.000,17.020,17.020,4.000,0.030,6.138,0.000
2026-10-01T06:19:00Z,1.515,2.510,924.000,7560232960.000,17.590,17.590,4.000,0.030,4.510,0.000
2026-10-01T06:20:00Z,1.565,2.590,924.000,7561281536.000,20.290,20.290,3.000,0.030,4.527,0.000
2026-10-01T06:21:00Z,1.550,2.610,924.000,7561281536.000,13.930,13.930,3.000,0.020,5.170,0.000
2026-10-01T06:22:00Z,1.600,2.630,924.000,7561281536.000,15.330,15.330,3.000,0.020,3.967,0.000
2026-10-01T06:23:00Z,1.625,2.750,,7561281536.000,14.640,14.640,2.000,0.020,,0.000
2026-10-01T06:24:00Z,1.495,2.520,924.000,7561281536.000,12.580,12.580,2.000,0.020,3.752,0.000
2026-10-01T06:25:00Z,1.520,2.520,924.000,7561281536.000,15.060,15.060,2.000,0.020,3.260,0.000
2026-10-01T06:26:00Z,1.670,2.710,924.000,7561281536.000,31.200,31.200,2.000,0.060,3.857,0.000
2026-10-01T06:27:00Z,1.540,2.580,924.000,7561281536.000,19.720,19.720,3.000,0.080,6.559,0.000
2026-10-01T06:28:00Z,1.565,2.650,,7561281536.000,19.740,19.740,4.000,0.030,,0.000
2026-10-01T06:29:00Z,1.555,2.550,924.000,7561281536.000,19.310,19.310,4.000,0.030,5.045,0.000
2026-10-01T06:30:00Z,1.550,2.580,924.000,7561281536.000,17.630,17.630,2.000,0.030,4.923,0.000
2026-10-01T06:31:00Z,1.720,2.770,924.000,7561281536.000,33.120,33.120,3.000,0.080,4.497,0.000
2026-10-01T06:32:00Z,1.590,2.580,924.000,7561281536.000,19.610,19.610,3.000,0.030,6.801,0.000
2026-10-01T06:33:00Z,1.675,2.800,,7561281536.000,20.670,20.670,5.000,0.050,,0.000
2026-10-01T06:34:00Z,1.600,2.580,924.000,7562330112.000,19.660,19.660,3.000,0.040,5.285,0.000
2026-10-01T06:35:00Z,,,924.000,,27.400,27.400,2.000,0.060,5.005,0.000
2026-10-01T06:36:00Z,1.615,2.640,924.000,7562330112.000,21.710,21.710,4.000,0.030,6.228,0.000
2026-10-01T06:37:00Z,1.615,2.560,,7562330112.000,22.740,22.740,4.000,0.040,,0.000
2026-10-01T06:38:00Z,1.615,2.580,924.000,7562330112.000,24.000,24.000,4.000,0.040,5.782,0.000
2026-10-01T06:39:00Z,1.600,2.700,924.000,7562330112.000,15.330,15.330,3.000,0.020,6.270,0.000
2026-10-01T06:40:00Z,1.780,2.750,924.000,7562330112.000,36.780,36.780,4.000,0.070,3.960,0.000
2026-10-01T06:41:00Z,1.870,2.930,924.000,7563378688.000,44.050,44.050,2.000,0.080,9.285,0.000
2026-10-01T06:42:00Z,1.905,2.910,924.000,7563378688.000,60.470,60.470,8.000,0.220,13.301,0.000
2026-10-01T06:43:00Z,1.870,2.970,,7564427264.000,48.170,48.170,8.000,0.250,,0.000
2026-10-01T06:44:00Z,1.555,2.490,924.000,7564427264.000,21.880,21.880,10.000,0.040,8.944,0.000
2026-10-01T06:45:00Z,1.615,2.560,,7563378688.000,24.760,24.760,6.000,0.040,,0.000
2026-10-01T06:46:00Z,1.585,2.370,924.000,7563378688.000,25.870,25.870,4.000,0.040,6.275,0.000
2026-10-01T06:47:00Z,1.755,2.590,924.000,7563378688.000,39.220,39.220,3.000,0.100,6.565,0.000
2026-10-01T06:48:00Z,1.605,2.480,924.000,7563378688.000,19.110,19.110,5.000,0.040,9.908,0.000
2026-10-01T06:49:00Z,1.590,2.420,924.000,7563378688.000,18.640,18.640,6.000,0.030,4.895,0.000
2026-10-01T06:50:00Z,1.630,2.360,924.000,,27.680,27.680,2.000,0.070,4.753,0.000
2026-10-01T06:51:00Z,1.615,2.440,924.000,7564427264.000,20.590,20.590,3.000,0.030,7.005,0.000
2026-10-01T06:52:00Z,1.595,2.300,924.000,7564427264.000,24.630,24.630,4.000,0.040,5.463,0.000
2026-10-01T06:53:00Z,1.660,2.490,924.000,7564427264.000,18.810,18.810,3.000,0.030,6.263,0.000
2026-10-01T06:54:00Z,1.610,2.300,924.000,7564427264.000,25.610,25.610,4.000,0.040,5.013,0.000
2026-10-01T06:55:00Z,1.535,2.170,924.000,,21.880,21.880,3.000,0.040,6.508,0.000
2026-10-01T06:56:00Z,1.570,2.200,924.000,7564427264.000,21.520,21.520,4.000,0.250,5.560,0.000
2026-10-01T06:57:00Z,1.575,2.260,924.000,7564427264.000,18.970,18.970,3.000,0.030,5.143,0.000
2026-10-01T06:58:00Z,1.630,2.240,,7564427264.000,23.700,23.700,3.000,0.040,,0.000
2026-10-01T06:59:00Z,1.590,2.160,924.000,7564427264.000,21.170,21.170,3.000,0.040,5.710,0.000
2026-10-01T07:00:00Z,1.700,2.310,,7564427264.000,39.370,39.370,4.000,0.080,,0.000
2026-10-01T07:01:00Z,2.235,2.930,924.000,7564427264.000,94.470,94.470,5.000,0.660,9.932,0.000
2026-10-01T07:02:00Z,1.840,2.390,924.000,7565475840.000,46.210,46.210,7.000,0.080,23.915,0.000
2026-10-01T07:03:00Z,1.900,2.620,924.000,7565475840.000,45.400,45.400,15.000,0.090,11.658,0.000
2026-10-01T07:04:00Z,1.850,2.480,924.000,7565475840.000,60.860,60.860,8.000,0.760,11.467,0.000
2026-10-01T07:05:00Z,2.515,2.530,924.000,7548698624.000,54.850,54.850,7.000,0.240,15.318,0.000
2026-10-01T07:06:00Z,2.140,3.060,924.000,7557087232.000,63.070,63.070,10.000,0.470,13.810,0.000
2026-10-01T07:07:00Z,1.745,2.320,924.000,7557087232.000,38.860,38.860,10.000,0.110,16.198,0.000
2026-10-01T07:08:00Z,1.650,2.190,924.000,7557087232.000,28.410,28.410,10.000,0.050,8.527,0.000
2026-10-01T07:09:00Z,1.630,2.100,,7557087232.000,18.110,18.110,5.000,0.030,,0.000
2026-10-01T07:10:00Z,1.690,2.150,924.000,7557087232.000,33.060,33.060,4.000,0.060,4.617,0.000
2026-10-01T07:11:00Z,1.770,2.340,924.000,,34.250,34.250,3.000,0.060,8.355,0.000
2026-10-01T07:12:00Z,1.650,2.050,924.000,7557087232.000,24.560,24.560,6.000,0.040,7.558,0.000
2026-10-01T07:13:00Z,1.925,2.290,,7556038656.000,48.950,48.950,5.000,0.120,,0.000
2026-10-01T07:14:00Z,1.855,2.310,924.000,7557087232.000,56.940,56.940,4.000,0.150,13.410,0.000
2026-10-01T07:15:00Z,1.935,2.300,,7558135808.000,60.380,60.380,10.000,0.130,,0.000
2026-10-01T07:16:00Z,1.985,2.400,924.000,7559184384.000,70.070,70.070,8.000,0.140,15.185,0.000
2026-10-01T07:17:00Z,1.925,2.270,924.000,,52.590,52.590,12.000,0.100,17.610,0.000
2026-10-01T07:18:00Z,2.160,2.490,924.000,7560232960.000,78.550,78.550,10.000,0.200,13.238,0.000
2026-10-01T07:19:00Z,1.940,2.340,924.000,7564427264.000,61.140,61.140,9.000,0.120,19.902,0.000
2026-10-01T07:20:00Z,1.955,2.260,924.000,7564427264.000,65.550,65.550,13.000,0.250,15.425,0.000
2026-10-01T07:21:00Z,1.930,2.350,924.000,7564427264.000,55.530,55.530,11.000,0.210,16.497,0.000
2026-10-01T07:22:00Z,2.025,2.280,924.000,7566524416.000,69.220,69.220,11.000,0.140,14.203,0.000
2026-10-01T07:23:00Z,2.150,2.450,924.000,7567572992.000,79.480,79.480,9.000,0.490,17.402,0.000
2026-10-01T07:24:00Z,2.030,2.300,924.000,7568621568.000,65.050,65.050,12.000,0.120,19.962,0.000
2026-10-01T07:25:00Z,2.090,2.370,924.000,7568621568.000,76.010,76.010,14.000,0.160,16.578,0.000
2026-10-01T07:26:00Z,2.240,2.510,924.000,7565475840.000,92.250,92.250,11.000,0.560,19.120,0.000
2026-10-01T07:27:00Z,2.265,2.420,924.000,7566524416.000,108.670,108.670,16.000,0.340,23.165,0.000
2026-10-01T07:28:00Z,2.290,2.410,924.000,7565475840.000,96.390,96.390,16.000,0.200,27.260,0.000
2026-10-01T07:29:00Z,2.145,2.270,924.000,7564427264.000,90.290,90.290,18.000,0.210,24.212,0.000
2026-10-01T07:30:00Z,2.305,2.470,924.000,7563378688.000,100.590,100.590,17.000,0.460,22.688,0.000
2026-10-01T07:31:00Z,2.160,2.320,924.000,7564427264.000,83.890,83.890,15.000,0.160,25.245,0.000
2026-10-01T07:32:00Z,2.280,2.350,924.000,7563378688.000,101.000,101.000,17.000,0.380,23.325,0.000
2026-10-01T07:33:00Z,2.450,2.850,,7564427264.000,102.970,102.970,14.000,0.210,,0.000
2026-10-01T07:34:00Z,1.995,2.090,924.000,7563378688.000,64.680,64.680,18.000,0.340,25.858,0.000
2026-10-01T07:35:00Z,2.040,2.150,924.000,7563378688.000,68.150,68.150,16.000,0.120,16.262,0.000
2026-10-01T07:36:00Z,1.935,1.960,924.000,7564427264.000,64.040,64.040,11.000,0.180,17.135,0.000
2026-10-01T07:37:00Z,1.985,2.020,924.000,7564427264.000,59.990,59.990,12.000,0.100,16.102,0.000
2026-10-01T07:38:00Z,1.900,1.930,924.000,7566524416.000,47.100,47.100,10.000,0.080,15.095,0.000
2026-10-01T07:39:00Z,1.880,1.960,924.000,7567572992.000,51.080,51.080,9.000,0.100,12.040,0.000
2026-10-01T07:40:00Z,1.885,1.950,924.000,7566524416.000,52.880,52.880,8.000,0.090,12.898,0.000
2026-10-01T07:41:00Z,2.075,2.080,924.000,7564427264.000,66.270,66.270,9.000,0.240,15.088,0.000
2026-10-01T07:42:00Z,1.805,1.870,,7564427264.000,49.810,49.810,9.000,0.450,,0.000
2026-10-01T07:43:00Z,1.860,1.940,924.000,7563378688.000,40.300,40.300,13.000,0.220,12.585,0.000
2026-10-01T07:44:00Z,1.690,1.860,924.000,7561281536.000,34.700,34.700,6.000,0.080,10.315,0.000
2026-10-01T07:45:00Z,2.095,2.590,924.000,7560232960.000,79.750,79.750,7.000,0.820,8.805,0.000
2026-10-01T07:46:00Z,1.850,2.090,924.000,7563378688.000,46.270,46.270,6.000,0.080,20.035,0.000
2026-10-01T07:47:00Z,1.800,2.020,924.000,7564427264.000,42.770,42.770,14.000,0.080,11.658,0.000
2026-10-01T07:48:00Z,1.805,1.900,924.000,7564427264.000,34.930,34.930,8.000,0.060,10.785,0.000
2026-10-01T07:49:00Z,1.950,2.140,924.000,7562330112.000,55.950,55.950,7.000,0.550,8.830,0.000
2026-10-01T07:50:00Z,1.755,2.050,924.000,7561281536.000,43.020,43.020,7.000,0.180,14.098,0.000
2026-10-01T07:51:00Z,1.815,2.050,924.000,7562330112.000,38.280,38.280,9.000,0.060,10.848,0.000
2026-10-01T07:52:00Z,1.895,2.260,924.000,7561281536.000,56.500,56.500,7.000,0.150,12.066,0.000
2026-10-01T07:53:00Z,1.810,1.890,,7560232960.000,36.260,36.260,7.000,0.060,,0.000
2026-10-01T07:54:00Z,1.700,1.990,924.000,7559184384.000,26.460,26.460,10.000,0.040,9.182,0.000
2026-10-01T07:55:00Z,1.720,2.050,924.000,7557087232.000,35.230,35.230,5.000,0.060,6.718,0.000
2026-10-01T07:56:00Z,1.720,2.020,924.000,7557087232.000,30.000,30.000,5.000,0.050,8.905,0.000
2026-10-01T07:57:00Z,1.715,2.010,924.000,7557087232.000,36.150,36.150,5.000,0.060,7.593,0.000
2026-10-01T07:58:00Z,1.775,2.150,924.000,7554990080.000,37.650,37.650,5.000,0.060,9.135,0.000
2026-10-01T07:59:00Z,1.725,2.050,924.000,7554990080.000,35.020,35.020,6.000,0.050,9.527,0.000
2026-10-01T08:00:00Z,1.700,2.030,924.000,7553941504.000,31.470,31.470,7.000,0.070,8.852,0.000
2026-10-01T08:01:00Z,2.030,2.390,924.000,7551844352.000,64.770,64.770,5.000,0.180,7.965,0.000
2026-10-01T08:02:00Z,1.840,2.270,924.000,7551844352.000,45.880,45.880,7.000,0.440,14.033,0.000
2026-10-01T08:03:00Z,2.125,2.690,,7549747200.000,70.750,70.750,10.000,0.170,,0.000
2026-10-01T08:04:00Z,1.980,2.460,924.000,7550795776.000,58.060,58.060,8.000,0.130,17.777,0.000
2026-10-01T08:05:00Z,1.775,2.260,924.000,7550795776.000,40.990,40.990,12.000,0.070,14.625,0.000
2026-10-01T08:06:00Z,2.770,3.190,924.000,7548698624.000,57.030,57.030,10.000,0.210,10.352,0.000
2026-10-01T08:07:00Z,1.845,2.350,924.000,7549747200.000,49.130,49.130,7.000,0.100,14.905,0.000
2026-10-01T08:08:00Z,1.765,2.220,924.000,7549747200.000,35.450,35.450,9.000,0.060,12.398,0.000
2026-10-01T08:09:00Z,1.830,2.430,924.000,7550795776.000,38.170,38.170,8.000,0.060,8.973,0.000
2026-10-01T08:10:00Z,,,924.000,,58.640,58.640,5.000,0.110,9.645,0.000
2026-10-01T08:11:00Z,1.883,2.640,924.000,7550795776.000,42.120,42.120,7.000,0.080,14.758,0.000
2026-10-01T08:12:00Z,1.765,2.510,924.000,7550795776.000,32.270,32.270,10.000,0.050,10.852,0.000
2026-10-01T08:13:00Z,1.885,2.530,924.000,7549747200.000,46.020,46.020,6.000,0.260,8.170,0.000
2026-10-01T08:14:00Z,1.675,2.410,924.000,7549747200.000,31.940,31.940,6.000,0.050,11.732,0.000
2026-10-01T08:15:00Z,1.640,2.420,924.000,7549747200.000,24.340,24.340,7.000,0.040,8.100,0.000
2026-10-01T08:16:00Z,1.650,2.420,924.000,7548698624.000,25.930,25.930,5.000,0.040,6.375,0.000
2026-10-01T08:17:00Z,1.655,2.470,,7547650048.000,26.650,26.650,4.000,0.040,,0.000
2026-10-01T08:18:00Z,1.735,2.490,924.000,7546601472.000,31.540,31.540,5.000,0.050,6.747,0.000
2026-10-01T08:19:00Z,1.785,2.570,924.000,7546601472.000,38.530,38.530,4.000,0.060,8.152,0.000
2026-10-01T08:20:00Z,1.790,2.580,924.000,7547650048.000,43.760,43.760,6.000,0.070,9.768,0.000
2026-10-01T08:21:00Z,1.880,2.670,924.000,7549747200.000,46.440,46.440,7.000,0.100,11.479,0.000
2026-10-01T08:22:00Z,1.790,2.660,,7550795776.000,41.420,41.420,8.000,0.070,,0.000
2026-10-01T08:23:00Z,1.785,2.650,924.000,7552892928.000,31.220,31.220,7.000,0.050,10.445,0.000
2026-10-01T08:24:00Z,1.750,2.540,924.000,7552892928.000,39.050,39.050,6.000,0.060,7.878,0.000
2026-10-01T08:25:00Z,1.635,2.590,924.000,7551844352.000,24.240,24.240,5.000,0.040,9.877,0.000
2026-10-01T08:26:00Z,1.685,2.620,924.000,7550795776.000,30.770,30.770,6.000,0.050,6.157,0.000
2026-10-01T08:27:00Z,1.855,2.980,924.000,7550795776.000,49.650,49.650,4.000,0.110,7.785,0.000
2026-10-01T08:28:00Z,1.795,2.790,924.000,7551844352.000,42.000,42.000,5.000,0.100,12.518,0.000
2026-10-01T08:29:00Z,1.945,3.140,924.000,7551844352.000,58.560,58.560,9.000,0.180,10.598,0.000
2026-10-01T08:30:00Z,,,924.000,7554990080.000,47.520,47.520,7.000,0.120,14.755,0.000
2026-10-01T08:31:00Z,1.917,2.880,924.000,7557087232.000,72.040,72.040,10.000,0.140,15.141,0.000
2026-10-01T08:32:00Z,1.905,2.930,,7558135808.000,49.050,49.050,10.000,0.160,,0.000
2026-10-01T08:33:00Z,2.045,3.020,924.000,7558135808.000,70.410,70.410,11.000,0.460,12.377,0.000
2026-10-01T08:34:00Z,1.640,2.560,924.000,7558135808.000,33.370,33.370,8.000,0.050,13.070,0.000
2026-10-01T08:35:00Z,1.890,2.850,,7558135808.000,57.800,57.800,11.000,0.250,,0.000
2026-10-01T08:36:00Z,1.845,2.810,924.000,7558135808.000,52.080,52.080,6.000,0.250,13.835,0.000
2026-10-01T08:37:00Z,1.855,2.880,,7558135808.000,49.390,49.390,10.000,0.100,,0.000
2026-10-01T08:38:00Z,1.945,2.890,924.000,7557087232.000,55.740,55.740,9.000,0.100,12.457,0.000
2026-10-01T08:39:00Z,1.830,2.790,924.000,7557087232.000,47.920,47.920,9.000,0.340,14.203,0.000
2026-10-01T08:40:00Z,1.775,2.810,924.000,7557087232.000,37.270,37.270,10.000,0.070,12.085,0.000
2026-10-01T08:41:00Z,2.010,2.920,924.000,7557087232.000,62.330,62.330,7.000,0.210,9.410,0.000
2026-10-01T08:42:00Z,1.900,2.970,924.000,7557087232.000,46.120,46.120,6.000,0.090,13.784,0.000
2026-10-01T08:43:00Z,1.665,2.570,,7556038656.000,26.520,26.520,11.000,0.040,,0.000
2026-10-01T08:44:00Z,1.775,2.740,924.000,7556038656.000,40.070,40.070,7.000,0.070,6.853,0.000
2026-10-01T08:45:00Z,1.670,2.720,924.000,7554990080.000,24.960,24.960,4.000,0.040,10.140,0.000
2026-10-01T08:46:00Z,1.885,2.860,924.000,7554990080.000,54.170,54.170,6.000,0.470,6.338,0.000
2026-10-01T08:47:00Z,1.810,2.750,924.000,7556038656.000,43.530,43.530,4.000,0.080,13.633,0.000
2026-10-01T08:48:00Z,1.695,2.610,924.000,7557087232.000,32.180,32.180,9.000,0.070,10.973,0.000
2026-10-01T08:49:00Z,1.715,2.710,924.000,7557087232.000,34.720,34.720,6.000,0.060,8.165,0.000
2026-10-01T08:50:00Z,1.720,2.660,924.000,7557087232.000,35.120,35.120,6.000,0.090,8.770,0.000
2026-10-01T08:51:00Z,1.865,2.760,924.000,7553941504.000,40.990,40.990,5.000,0.070,8.865,0.000
2026-10-01T08:52:00Z,1.905,3.170,924.000,7550795776.000,52.180,52.180,6.000,1.350,10.600,0.000
2026-10-01T08:53:00Z,1.775,2.730,924.000,7551844352.000,44.350,44.350,7.000,0.100,13.155,0.000
2026-10-01T08:54:00Z,1.750,2.700,924.000,7550795776.000,39.980,39.980,10.000,0.070,11.205,0.000
2026-10-01T08:55:00Z,1.645,2.640,924.000,7549747200.000,28.080,28.080,7.000,0.040,10.088,0.000
2026-10-01T08:56:00Z,1.640,2.630,924.000,7548698624.000,24.560,24.560,6.000,0.050,7.105,0.000
2026-10-01T08:57:00Z,1.790,2.780,924.000,7546601472.000,47.750,47.750,4.000,0.400,6.232,0.000
2026-10-01T08:58:00Z,1.735,2.620,924.000,7547650048.000,36.510,36.510,5.000,0.060,12.035,0.000
2026-10-01T08:59:00Z,,,924.000,,23.690,23.690,8.000,0.040,9.242,0.000
2026-10-01T09:00:00Z,1.580,2.550,924.000,7546601472.000,19.330,19.330,5.000,0.030,6.015,0.000
2026-10-01T09:01:00Z,1.805,2.780,924.000,7548698624.000,41.160,41.160,3.000,0.120,4.935,0.000
2026-10-01T09:02:00Z,,,924.000,,34.390,34.390,4.000,0.060,10.588,0.000
2026-10-01T09:03:00Z,1.760,3.030,924.000,7548698624.000,27.530,27.530,6.000,0.090,8.713,0.000
2026-10-01T09:04:00Z,,,924.000,,26.670,26.670,6.000,0.040,6.997,0.000
2026-10-01T09:05:00Z,1.688,2.780,924.000,7548698624.000,32.720,32.720,4.000,0.080,7.519,0.000
2026-10-01T09:06:00Z,2.695,3.890,,7540310016.000,50.960,50.960,4.000,0.140,,0.000
2026-10-01T09:07:00Z,1.710,2.730,924.000,7543455744.000,39.910,39.910,7.000,0.230,11.711,0.000
2026-10-01T09:08:00Z,1.665,2.640,,7542407168.000,33.520,33.520,8.000,0.060,,0.000
2026-10-01T09:09:00Z,1.715,2.580,924.000,7542407168.000,44.850,44.850,6.000,0.790,8.500,0.000
2026-10-01T09:10:00Z,1.570,2.590,924.000,7541358592.000,19.820,19.820,7.000,0.060,11.305,0.000
2026-10-01T09:11:00Z,0.670,0.670,924.000,7541358592.000,21.110,21.110,5.000,0.030,5.058,0.000
2026-10-01T09:12:00Z,1.903,2.650,924.000,7541358592.000,11.540,11.540,3.000,0.010,5.620,0.000
2026-10-01T09:13:00Z,1.550,2.490,924.000,7542407168.000,15.260,15.260,3.000,0.020,2.975,0.000
2026-10-01T09:14:00Z,1.600,2.570,924.000,7541358592.000,20.690,20.690,2.000,0.030,4.037,0.000
2026-10-01T09:15:00Z,1.580,2.560,924.000,7541358592.000,22.510,22.510,3.000,0.030,5.290,0.000
2026-10-01T09:16:00Z,1.640,2.510,924.000,7541358592.000,30.350,30.350,3.000,0.050,5.720,0.000
2026-10-01T09:17:00Z,1.645,2.530,924.000,7541358592.000,18.540,18.540,3.000,0.030,6.309,0.000
2026-10-01T09:18:00Z,,,,7542407168.000,19.910,19.910,5.000,0.030,,0.000
2026-10-01T09:19:00Z,1.627,2.660,924.000,7543455744.000,29.160,29.160,2.000,0.100,5.272,0.000
2026-10-01T09:20:00Z,1.620,2.650,924.000,7543455744.000,23.680,23.680,4.000,0.040,7.400,0.000
2026-10-01T09:21:00Z,1.715,2.610,924.000,7543455744.000,35.960,35.960,4.000,0.100,6.030,0.000
2026-10-01T09:22:00Z,2.030,3.470,924.000,7541358592.000,71.890,71.890,4.000,7.010,9.332,0.000
2026-10-01T09:23:00Z,1.725,2.530,924.000,7540310016.000,42.640,42.640,5.000,1.120,18.065,0.000
2026-10-01T09:24:00Z,1.550,2.500,924.000,7541358592.000,19.750,19.750,14.000,0.030,10.770,0.000
2026-10-01T09:25:00Z,1.715,2.680,924.000,7542407168.000,34.120,34.120,5.000,0.110,5.032,0.000
2026-10-01T09:26:00Z,1.660,2.610,924.000,7542407168.000,32.680,32.680,3.000,0.050,8.633,0.000
2026-10-01T09:27:00Z,1.635,2.570,924.000,7542407168.000,25.040,25.040,6.000,0.040,8.262,0.000
2026-10-01T09:28:00Z,1.545,2.520,924.000,7542407168.000,15.910,15.910,5.000,0.020,6.345,0.000
2026-10-01T09:29:00Z,1.555,2.580,924.000,7542407168.000,19.350,19.350,3.000,0.030,4.516,0.000
2026-10-01T09:30:00Z,1.530,2.490,,7542407168.000,16.840,16.840,3.000,0.020,,0.000
2026-10-01T09:31:00Z,1.645,2.620,924.000,7542407168.000,24.310,24.310,3.000,0.040,4.312,0.000
2026-10-01T09:32:00Z,1.620,2.640,924.000,7545552896.000,22.460,22.460,3.000,0.030,6.370,0.000
2026-10-01T09:33:00Z,1.630,2.610,924.000,7546601472.000,23.410,23.410,4.000,0.050,5.732,0.000
2026-10-01T09:34:00Z,1.620,2.670,924.000,7547650048.000,26.570,26.570,3.000,0.040,5.955,0.000
2026-10-01T09:35:00Z,1.650,2.690,924.000,7546601472.000,29.460,29.460,4.000,0.070,7.114,0.000
2026-10-01T09:36:00Z,,,,,28.540,28.540,4.000,0.360,,0.000
2026-10-01T09:37:00Z,1.692,2.870,924.000,7545552896.000,39.270,39.270,5.000,0.070,7.237,0.000
2026-10-01T09:38:00Z,1.655,2.610,924.000,7547650048.000,31.510,31.510,5.000,0.140,9.928,0.000
2026-10-01T09:39:00Z,1.535,2.500,924.000,7546601472.000,16.350,16.350,8.000,0.020,8.145,0.000
2026-10-01T09:40:00Z,1.620,2.700,924.000,7546601472.000,25.970,25.970,4.000,0.070,4.183,0.000
2026-10-01T09:41:00Z,1.640,2.590,924.000,7545552896.000,26.370,26.370,3.000,0.040,6.595,0.000
2026-10-01T09:42:00Z,1.685,2.790,924.000,7545552896.000,22.510,22.510,4.000,0.030,6.945,0.000
2026-10-01T09:43:00Z,1.580,2.510,924.000,7546601472.000,19.970,19.970,4.000,0.030,5.723,0.000
2026-10-01T09:44:00Z,1.570,2.580,924.000,,21.450,21.450,4.000,0.030,5.270,0.000
2026-10-01T09:45:00Z,1.565,2.570,924.000,7547650048.000,15.660,15.660,2.000,0.020,5.485,0.000
2026-10-01T09:46:00Z,1.565,2.570,924.000,7548698624.000,20.880,20.880,3.000,0.030,4.018,0.000
2026-10-01T09:47:00Z,1.630,2.610,924.000,7548698624.000,25.600,25.600,3.000,0.040,5.897,0.000
2026-10-01T09:48:00Z,1.705,2.680,,7548698624.000,34.900,34.900,4.000,0.090,,0.000
2026-10-01T09:49:00Z,1.680,2.670,924.000,7548698624.000,32.580,32.580,4.000,0.070,8.530,0.000
2026-10-01T09:50:00Z,1.560,2.550,,7548698624.000,19.630,19.630,6.000,0.030,,0.000
2026-10-01T09:51:00Z,1.695,2.640,924.000,7548698624.000,27.960,27.960,5.000,0.040,4.997,0.000
2026-10-01T09:52:00Z,1.625,2.680,924.000,,18.730,18.730,3.000,0.030,7.293,0.000
2026-10-01T09:53:00Z,1.655,2.680,924.000,7549747200.000,20.970,20.970,5.000,0.030,4.785,0.000
2026-10-01T09:54:00Z,1.625,2.710,924.000,7549747200.000,28.090,28.090,2.000,0.330,5.357,0.000
2026-10-01T09:55:00Z,1.630,2.690,924.000,7549747200.000,20.190,20.190,4.000,0.030,7.125,0.000
2026-10-01T09:56:00Z,1.785,2.670,924.000,7548698624.000,41.270,41.270,4.000,0.120,5.133,0.000
2026-10-01T09:57:00Z,,,924.000,,23.490,23.490,3.000,0.030,10.408,0.000
2026-10-01T09:58:00Z,1.620,2.600,924.000,7548698624.000,19.490,19.490,7.000,0.030,5.963,0.000
2026-10-01T09:59:00Z,1.570,2.530,924.000,7549747200.000,17.490,17.490,4.000,0.020,4.990,0.000
2026-10-01T10:00:00Z,1.615,2.610,924.000,7549747200.000,22.010,22.010,3.000,0.030,4.470,0.000
2026-10-01T10:01:00Z,2.005,2.810,924.000,7549747200.000,69.460,69.460,3.000,2.440,5.605,0.000
2026-10-01T10:02:00Z,1.815,2.940,924.000,7548698624.000,39.080,39.080,6.000,0.110,17.672,0.000
2026-10-01T10:03:00Z,1.790,2.750,924.000,7547650048.000,43.450,43.450,9.000,0.090,9.877,0.000
2026-10-01T10:04:00Z,1.730,2.750,924.000,7546601472.000,32.910,32.910,7.000,0.050,10.977,0.000
2026-10-01T10:05:00Z,1.640,2.600,924.000,7546601472.000,28.610,28.610,8.000,0.050,8.338,0.000
2026-10-01T10:06:00Z,2.385,4.100,924.000,7525629952.000,28.130,28.130,5.000,0.040,7.247,0.000
2026-10-01T10:07:00Z,1.800,2.660,924.000,7541358592.000,33.160,33.160,5.000,0.050,7.140,0.000
2026-10-01T10:08:00Z,1.815,2.770,924.000,7541358592.000,48.540,48.540,5.000,0.110,8.695,0.000
2026-10-01T10:09:00Z,1.700,2.670,924.000,7541358592.000,31.760,31.760,6.000,0.050,10.149,0.000
2026-10-01T10:10:00Z,1.815,2.620,,7541358592.000,41.210,41.210,7.000,0.250,,0.000
2026-10-01T10:11:00Z,1.655,2.650,924.000,7543455744.000,27.130,27.130,6.000,0.050,8.851,0.000
2026-10-01T10:12:00Z,1.675,2.720,,7543455744.000,22.410,22.410,6.000,0.030,,0.000
2026-10-01T10:13:00Z,1.760,2.760,924.000,7542407168.000,36.450,36.450,4.000,0.090,5.697,0.000
2026-10-01T10:14:00Z,1.620,2.600,924.000,,26.510,26.510,4.000,0.040,9.390,0.000
2026-10-01T10:15:00Z,1.620,2.690,924.000,7543455744.000,28.250,28.250,6.000,0.120,6.742,0.000
2026-10-01T10:16:00Z,1.625,2.590,924.000,7544504320.000,31.510,31.510,4.000,0.050,7.152,0.000
2026-10-01T10:17:00Z,1.645,2.630,924.000,7544504320.000,27.910,27.910,5.000,0.060,7.518,0.000
2026-10-01T10:18:00Z,1.700,2.800,,7544504320.000,33.010,33.010,5.000,0.930,,0.000
2026-10-01T10:19:00Z,1.890,3.010,924.000,7544504320.000,49.510,49.510,4.000,0.760,10.518,0.000
2026-10-01T10:20:00Z,1.640,2.560,,7546601472.000,31.750,31.750,6.000,0.070,,0.000
2026-10-01T10:21:00Z,1.680,2.540,924.000,7547650048.000,30.400,30.400,9.000,0.660,8.040,0.000
2026-10-01T10:22:00Z,1.880,3.120,924.000,7547650048.000,56.530,56.530,4.000,4.650,11.086,0.000
2026-10-01T10:23:00Z,1.635,2.590,,7549747200.000,26.690,26.690,5.000,0.040,,0.000
2026-10-01T10:24:00Z,1.535,2.570,924.000,7549747200.000,16.780,16.780,10.000,0.030,5.541,0.000
2026-10-01T10:25:00Z,1.570,2.550,,7550795776.000,20.600,20.600,3.000,0.030,,0.000
2026-10-01T10:26:00Z,1.590,2.590,924.000,7550795776.000,21.490,21.490,3.000,0.030,5.240,0.000
2026-10-01T10:27:00Z,1.585,2.560,924.000,7549747200.000,22.540,22.540,3.000,0.080,5.601,0.000
2026-10-01T10:28:00Z,1.515,2.520,,7549747200.000,11.760,11.760,3.000,0.020,,0.000
2026-10-01T10:29:00Z,1.575,2.580,924.000,7549747200.000,21.360,21.360,3.000,0.030,3.055,0.000
2026-10-01T10:30:00Z,1.500,2.480,924.000,7550795776.000,12.060,12.060,2.000,0.020,5.442,0.000
2026-10-01T10:31:00Z,1.700,2.640,924.000,,28.910,28.910,3.000,0.050,3.112,0.000
2026-10-01T10:32:00Z,2.080,3.300,924.000,7549747200.000,45.070,45.070,2.000,0.480,9.446,0.000
2026-10-01T10:33:00Z,1.670,2.620,,,24.630,24.630,5.000,0.040,,0.000
2026-10-01T10:34:00Z,1.615,2.560,924.000,7548698624.000,25.650,25.650,7.000,0.040,6.275,0.000
2026-10-01T10:35:00Z,1.740,2.860,924.000,7549747200.000,28.490,28.490,4.000,0.060,6.518,0.000
2026-10-01T10:36:00Z,1.705,2.640,924.000,7550795776.000,36.520,36.520,4.000,0.100,8.232,0.000
2026-10-01T10:37:00Z,1.695,2.660,,7550795776.000,28.790,28.790,6.000,0.060,,0.000
2026-10-01T10:38:00Z,1.595,2.530,924.000,7550795776.000,22.540,22.540,5.000,0.040,7.303,0.000
2026-10-01T10:39:00Z,1.540,2.470,924.000,7550795776.000,18.660,18.660,4.000,0.040,5.895,0.000
2026-10-01T10:40:00Z,1.705,2.640,924.000,7548698624.000,36.570,36.570,3.000,0.070,6.995,0.000
2026-10-01T10:41:00Z,,,,7550795776.000,28.180,28.180,4.000,0.050,,0.000
2026-10-01T10:42:00Z,1.665,2.750,924.000,7550795776.000,16.620,16.620,6.000,0.030,5.817,0.000
2026-10-01T10:43:00Z,2.295,3.290,,7545552896.000,108.520,108.520,4.000,1.570,,0.000
2026-10-01T10:44:00Z,,,924.000,,49.920,49.920,3.000,0.110,27.390,0.000
2026-10-01T10:45:00Z,1.795,2.620,924.000,7544504320.000,34.320,34.320,21.000,0.080,12.598,0.000
2026-10-01T10:46:00Z,1.702,2.680,924.000,7546601472.000,36.600,36.600,6.000,0.150,8.678,0.000
2026-10-01T10:47:00Z,1.670,2.630,924.000,,28.990,28.990,6.000,0.050,9.252,0.000
2026-10-01T10:48:00Z,1.720,2.720,924.000,7546601472.000,34.320,34.320,6.000,0.060,7.338,0.000
2026-10-01T10:49:00Z,1.660,2.620,924.000,7550795776.000,31.400,31.400,5.000,0.050,8.700,0.000
2026-10-01T10:50:00Z,1.695,2.740,924.000,7549747200.000,25.010,25.010,6.000,0.040,7.942,0.000
2026-10-01T10:51:00Z,1.690,2.620,924.000,7550795776.000,32.240,32.240,5.000,0.080,6.343,0.000
2026-10-01T10:52:00Z,1.815,2.840,924.000,7550795776.000,43.190,43.190,4.000,0.090,9.626,0.000
2026-10-01T10:53:00Z,1.805,2.650,,7547650048.000,48.620,48.620,5.000,0.300,,0.000
2026-10-01T10:54:00Z,1.805,2.890,924.000,7548698624.000,47.590,47.590,7.000,1.370,12.139,0.000
2026-10-01T10:55:00Z,1.685,2.620,,7548698624.000,32.870,32.870,8.000,0.060,,0.000
2026-10-01T10:56:00Z,1.690,2.600,924.000,7548698624.000,40.160,40.160,8.000,0.170,8.310,0.000
2026-10-01T10:57:00Z,1.670,2.580,924.000,7549747200.000,32.150,32.150,6.000,0.060,10.143,0.000
2026-10-01T10:58:00Z,1.670,2.670,924.000,7549747200.000,32.990,32.990,7.000,0.050,8.130,0.000
2026-10-01T10:59:00Z,1.690,2.620,924.000,7549747200.000,34.870,34.870,4.000,0.060,8.363,0.000
2026-10-01T11:00:00Z,1.715,2.710,924.000,7549747200.000,32.630,32.630,6.000,0.070,8.810,0.000
2026-10-01T11:01:00Z,1.955,2.860,924.000,7546601472.000,60.990,60.990,6.000,0.270,8.242,0.000
2026-10-01T11:02:00Z,,,924.000,7545552896.000,48.080,48.080,7.000,0.110,15.540,0.000
2026-10-01T11:03:00Z,1.823,3.040,924.000,7544504320.000,41.210,41.210,9.000,0.090,12.125,0.000
2026-10-01T11:04:00Z,,,924.000,,30.500,30.500,8.000,0.070,10.420,0.000
2026-10-01T11:05:00Z,1.692,2.760,924.000,7543455744.000,39.960,39.960,6.000,0.070,7.728,0.000
2026-10-01T11:06:00Z,2.180,3.150,924.000,7544504320.000,94.290,94.290,5.000,4.830,10.075,0.000
2026-10-01T11:07:00Z,2.510,2.570,924.000,7552892928.000,48.270,48.270,7.000,0.910,18.058,0.000
2026-10-01T11:08:00Z,1.675,2.570,,7551844352.000,34.340,34.340,18.000,0.070,,0.000
2026-10-01T11:09:00Z,1.630,2.610,924.000,7550795776.000,28.580,28.580,7.000,0.050,8.758,0.000
2026-10-01T11:10:00Z,1.665,2.710,924.000,7551844352.000,29.940,29.940,5.000,0.050,7.260,0.000
2026-10-01T11:11:00Z,1.945,2.820,924.000,7547650048.000,43.340,43.340,4.000,0.110,7.588,0.000
2026-10-01T11:12:00Z,1.710,2.780,924.000,7547650048.000,25.720,25.720,5.000,0.040,11.820,0.000
2026-10-01T11:13:00Z,1.640,2.600,924.000,7547650048.000,28.840,28.840,8.000,0.090,6.553,0.000
2026-10-01T11:14:00Z,1.840,2.900,924.000,7548698624.000,46.390,46.390,5.000,0.710,7.478,0.000
2026-10-01T11:15:00Z,1.730,2.730,924.000,7548698624.000,43.530,43.530,4.000,0.310,11.715,0.000
2026-10-01T11:16:00Z,1.745,2.790,924.000,7548698624.000,41.990,41.990,8.000,0.090,10.773,0.000
2026-10-01T11:17:00Z,1.665,2.670,,7548698624.000,29.810,29.810,7.000,0.050,,0.000
2026-10-01T11:18:00Z,1.735,2.640,924.000,7548698624.000,37.870,37.870,7.000,0.060,7.543,0.000
2026-10-01T11:19:00Z,,,924.000,7548698624.000,22.960,22.960,5.000,0.040,9.770,0.000
2026-10-01T11:20:00Z,1.605,2.560,924.000,7548698624.000,26.090,26.090,6.000,0.040,6.223,0.000
2026-10-01T11:21:00Z,1.650,2.610,,7548698624.000,25.890,25.890,4.000,0.040,,0.000
2026-10-01T11:22:00Z,1.735,2.820,924.000,7548698624.000,29.500,29.500,4.000,0.050,6.775,0.000
2026-10-01T11:23:00Z,1.895,2.950,924.000,7547650048.000,58.670,58.670,4.000,0.910,7.478,0.000
2026-10-01T11:24:00Z,1.640,2.640,924.000,7547650048.000,27.790,27.790,5.000,0.050,14.785,0.000
2026-10-01T11:25:00Z,1.600,2.540,924.000,7547650048.000,23.800,23.800,10.000,0.040,7.045,0.000
2026-10-01T11:26:00Z,1.665,2.660,924.000,7547650048.000,29.430,29.430,4.000,0.050,6.035,0.000
2026-10-01T11:27:00Z,1.700,2.720,924.000,,29.350,29.350,4.000,0.050,7.460,0.000
2026-10-01T11:28:00Z,1.665,2.630,924.000,7545552896.000,29.260,29.260,4.000,0.050,7.428,0.000
2026-10-01T11:29:00Z,1.610,2.540,924.000,7544504320.000,27.490,27.490,5.000,0.040,7.425,0.000
2026-10-01T11:30:00Z,1.775,2.790,924.000,7544504320.000,39.360,39.360,5.000,0.070,6.975,0.000
2026-10-01T11:31:00Z,1.785,2.840,924.000,7541358592.000,35.390,35.390,5.000,0.080,9.935,0.000
2026-10-01T11:32:00Z,1.935,3.080,924.000,7541358592.000,50.380,50.380,6.000,0.140,10.931,0.000
2026-10-01T11:33:00Z,1.840,2.830,,7540310016.000,37.990,37.990,6.000,0.070,,0.000
2026-10-01T11:34:00Z,1.630,2.600,924.000,7540310016.000,29.760,29.760,8.000,0.060,9.627,0.000
2026-10-01T11:35:00Z,1.585,2.600,924.000,7541358592.000,18.340,18.340,6.000,0.030,7.737,0.000
2026-10-01T11:36:00Z,1.715,2.760,924.000,7541358592.000,30.620,30.620,4.000,0.050,6.214,0.000
2026-10-01T11:37:00Z,1.770,2.800,,7541358592.000,42.520,42.520,3.000,0.210,,0.000
2026-10-01T11:38:00Z,1.895,3.030,924.000,7540310016.000,45.520,45.520,6.000,0.080,10.723,0.000
2026-10-01T11:39:00Z,1.805,2.860,924.000,7539261440.000,37.060,37.060,6.000,0.130,11.615,0.000
2026-10-01T11:40:00Z,1.820,2.980,924.000,7538212864.000,47.810,47.810,8.000,0.170,9.387,0.000
2026-10-01T11:41:00Z,1.785,2.800,924.000,7538212864.000,38.880,38.880,6.000,0.090,12.060,0.000
2026-10-01T11:42:00Z,1.785,2.790,924.000,7538212864.000,35.640,35.640,8.000,0.060,10.037,0.000
2026-10-01T11:43:00Z,1.700,2.660,924.000,7538212864.000,32.890,32.890,7.000,0.060,9.057,0.000
2026-10-01T11:44:00Z,1.755,2.760,924.000,7538212864.000,43.060,43.060,6.000,0.140,9.676,0.000
2026-10-01T11:45:00Z,1.615,2.580,,7538212864.000,25.740,25.740,5.000,0.070,,0.000
2026-10-01T11:46:00Z,1.680,2.700,924.000,7539261440.000,28.120,28.120,7.000,0.070,6.540,0.000
2026-10-01T11:47:00Z,,,924.000,,26.990,26.990,4.000,0.060,7.125,0.000
2026-10-01T11:48:00Z,1.730,2.720,924.000,7539261440.000,49.630,49.630,5.000,0.220,6.845,0.000
2026-10-01T11:49:00Z,,,924.000,,33.550,33.550,6.000,0.050,12.500,0.000
2026-10-01T11:50:00Z,1.725,2.790,924.000,7540310016.000,40.520,40.520,7.000,0.130,8.508,0.000
2026-10-01T11:51:00Z,1.700,2.750,924.000,7538212864.000,29.390,29.390,5.000,0.060,8.959,0.000
2026-10-01T11:52:00Z,1.815,2.840,,7539261440.000,39.400,39.400,6.000,0.100,,0.000
2026-10-01T11:53:00Z,,,924.000,,51.230,51.230,5.000,0.150,9.953,0.000
2026-10-01T11:54:00Z,1.758,2.870,924.000,7538212864.000,32.030,32.030,6.000,0.050,12.918,0.000
2026-10-01T11:55:00Z,1.695,2.750,924.000,7538212864.000,36.210,36.210,9.000,0.090,8.100,0.000
2026-10-01T11:56:00Z,1.655,2.570,924.000,7538212864.000,30.960,30.960,5.000,0.050,9.150,0.000
2026-10-01T11:57:00Z,1.710,2.710,924.000,7538212864.000,39.830,39.830,6.000,0.180,7.835,0.000
2026-10-01T11:58:00Z,1.645,2.570,924.000,7538212864.000,26.510,26.510,5.000,0.040,10.055,0.000
2026-10-01T11:59:00Z,1.640,2.630,924.000,7538212864.000,24.030,24.030,6.000,0.040,6.718,0.000
2026-10-01T12:00:00Z,1.735,2.740,924.000,7537164288.000,40.380,40.380,4.000,0.610,6.105,0.000
2026-10-01T12:01:00Z,1.985,2.930,924.000,7537164288.000,57.610,57.610,6.000,0.160,10.185,0.000
2026-10-01T12:02:00Z,1.855,2.820,924.000,7537164288.000,47.870,47.870,5.000,0.240,13.389,0.000
2026-10-01T12:03:00Z,1.745,2.660,,7537164288.000,38.670,38.670,10.000,0.080,,0.000
2026-10-01T12:04:00Z,1.815,2.830,924.000,7537164288.000,49.930,49.930,8.000,0.100,11.175,0.000
2026-10-01T12:05:00Z,1.695,2.700,,7537164288.000,41.020,41.020,7.000,0.070,,0.000
2026-10-01T12:06:00Z,1.735,2.700,924.000,7537164288.000,35.740,35.740,8.000,0.090,10.345,0.000
2026-10-01T12:07:00Z,2.500,3.520,924.000,7526678528.000,34.180,34.180,7.000,0.100,9.033,0.000
2026-10-01T12:08:00Z,1.695,2.590,924.000,7541358592.000,35.530,35.530,6.000,0.070,8.998,0.000
2026-10-01T12:09:00Z,1.755,2.830,924.000,7542407168.000,24.000,24.000,5.000,0.040,8.963,0.000
2026-10-01T12:10:00Z,1.690,2.630,924.000,7541358592.000,28.110,28.110,5.000,0.050,6.128,0.000
2026-10-01T12:11:00Z,1.830,2.910,924.000,7540310016.000,30.460,30.460,4.000,0.050,7.117,0.000
2026-10-01T12:12:00Z,1.685,2.740,924.000,7539261440.000,23.910,23.910,4.000,0.040,7.918,0.000
2026-10-01T12:13:00Z,1.750,2.820,924.000,7540310016.000,34.210,34.210,5.000,0.090,6.105,0.000
2026-10-01T12:14:00Z,1.795,2.800,924.000,7539261440.000,42.350,42.350,3.000,0.120,9.762,0.000
2026-10-01T12:15:00Z,1.635,2.600,,7539261440.000,27.280,27.280,7.000,0.050,,0.000
2026-10-01T12:16:00Z,1.815,2.650,924.000,7544504320.000,38.690,38.690,6.000,0.080,6.930,0.000
2026-10-01T12:17:00Z,1.695,2.590,924.000,7543455744.000,37.110,37.110,5.000,0.780,9.953,0.000
2026-10-01T12:18:00Z,2.065,3.370,924.000,7542407168.000,77.930,77.930,6.000,6.280,9.383,0.000
2026-10-01T12:19:00Z,1.850,2.770,924.000,7542407168.000,53.060,53.060,6.000,1.000,19.780,0.000
2026-10-01T12:20:00Z,1.580,2.530,924.000,7542407168.000,28.710,28.710,14.000,0.060,13.400,0.000
2026-10-01T12:21:00Z,1.695,2.600,924.000,7542407168.000,27.790,27.790,9.000,0.060,7.275,0.000
2026-10-01T12:22:00Z,1.685,2.720,924.000,7543455744.000,20.660,20.660,4.000,0.030,7.258,0.000
2026-10-01T12:23:00Z,1.705,2.720,924.000,7542407168.000,23.550,23.550,4.000,0.100,5.638,0.000
2026-10-01T12:24:00Z,1.820,2.860,,7540310016.000,43.440,43.440,3.000,0.490,,0.000
2026-10-01T12:25:00Z,1.630,2.580,924.000,7539261440.000,27.160,27.160,4.000,0.050,8.916,0.000
2026-10-01T12:26:00Z,1.695,2.670,,7540310016.000,32.400,32.400,7.000,0.060,,0.000
2026-10-01T12:27:00Z,2.320,2.860,924.000,7538212864.000,114.690,114.690,4.000,9.010,8.203,0.000
2026-10-01T12:28:00Z,1.655,2.730,924.000,7537164288.000,22.280,22.280,6.000,0.040,28.762,0.000
2026-10-01T12:29:00Z,1.590,2.550,924.000,7537164288.000,23.010,23.010,20.000,0.040,5.680,0.000
2026-10-01T12:30:00Z,1.650,2.700,924.000,7538212864.000,28.070,28.070,3.000,0.170,5.845,0.000
2026-10-01T12:31:00Z,1.855,2.860,924.000,7540310016.000,49.030,49.030,4.000,0.140,7.115,0.000
2026-10-01T12:32:00Z,1.875,3.010,924.000,7541358592.000,39.590,39.590,5.000,0.080,11.277,0.000
2026-10-01T12:33:00Z,1.950,2.940,,7540310016.000,50.980,50.980,8.000,0.140,,0.000
2026-10-01T12:34:00Z,1.760,2.780,924.000,7541358592.000,31.160,31.160,7.000,0.060,12.855,0.000
2026-10-01T12:35:00Z,,,924.000,,44.530,44.530,8.000,0.420,7.893,0.000
2026-10-01T12:36:00Z,1.933,3.280,924.000,7540310016.000,54.200,54.200,5.000,0.100,11.223,0.000
2026-10-01T12:37:00Z,1.855,2.800,924.000,7538212864.000,50.270,50.270,9.000,0.100,13.151,0.000
2026-10-01T12:38:00Z,1.795,2.740,,7537164288.000,47.030,47.030,9.000,0.280,,0.000
2026-10-01T12:39:00Z,1.750,2.720,924.000,7539261440.000,35.560,35.560,9.000,0.070,10.499,0.000
2026-10-01T12:40:00Z,1.805,2.900,,7538212864.000,34.190,34.190,7.000,0.080,,0.000
2026-10-01T12:41:00Z,1.740,2.680,924.000,7538212864.000,35.300,35.300,6.000,0.070,8.620,0.000
2026-10-01T12:42:00Z,1.780,2.840,924.000,7539261440.000,32.530,32.530,5.000,0.060,9.115,0.000
2026-10-01T12:43:00Z,1.780,2.780,924.000,7538212864.000,36.710,36.710,6.000,0.070,8.273,0.000
2026-10-01T12:44:00Z,1.800,2.810,924.000,7538212864.000,52.850,52.850,4.000,0.580,9.293,0.000
2026-10-01T12:45:00Z,1.830,2.870,924.000,7537164288.000,50.960,50.960,7.000,0.190,13.485,0.000
2026-10-01T12:46:00Z,1.860,2.860,924.000,7536115712.000,48.230,48.230,9.000,0.130,12.842,0.000
2026-10-01T12:47:00Z,1.745,2.670,924.000,7537164288.000,40.750,40.750,9.000,0.360,12.155,0.000
2026-10-01T12:48:00Z,1.755,2.800,924.000,7536115712.000,34.010,34.010,9.000,0.060,10.285,0.000
2026-10-01T12:49:00Z,1.840,2.760,924.000,7536115712.000,42.570,42.570,6.000,0.080,8.625,0.000
2026-10-01T12:50:00Z,1.755,2.740,924.000,7535067136.000,40.040,40.040,5.000,0.100,10.727,0.000
2026-10-01T12:51:00Z,1.805,2.720,924.000,7537164288.000,46.260,46.260,7.000,0.160,10.102,0.000
2026-10-01T12:52:00Z,1.950,3.110,924.000,7538212864.000,41.650,41.650,7.000,0.080,11.199,0.000
2026-10-01T12:53:00Z,1.750,2.640,,7540310016.000,41.660,41.660,7.000,0.220,,0.000
2026-10-01T12:54:00Z,1.790,2.760,924.000,7541358592.000,49.770,49.770,7.000,0.170,10.533,0.000
2026-10-01T12:55:00Z,1.745,2.760,924.000,7540310016.000,33.630,33.630,7.000,0.060,12.535,0.000
2026-10-01T12:56:00Z,1.870,2.830,924.000,7540310016.000,51.260,51.260,7.000,0.140,8.498,0.000
2026-10-01T12:57:00Z,1.900,2.920,924.000,7540310016.000,48.370,48.370,6.000,0.090,12.908,0.000
2026-10-01T12:58:00Z,1.815,2.770,924.000,7539261440.000,49.280,49.280,9.000,0.100,12.182,0.000
2026-10-01T12:59:00Z,1.720,2.600,924.000,7538212864.000,36.170,36.170,9.000,0.110,12.438,0.000
2026-10-01T13:00:00Z,,,924.000,7539261440.000,37.130,37.130,7.000,0.060,9.137,0.000
2026-10-01T13:01:00Z,1.988,3.210,924.000,7538212864.000,100.750,100.750,6.000,4.580,9.373,0.000
2026-10-01T13:02:00Z,1.990,3.050,924.000,7538212864.000,60.510,60.510,7.000,0.210,20.359,0.000
2026-10-01T13:03:00Z,2.000,2.930,,7537164288.000,62.960,62.960,17.000,0.490,,0.000
2026-10-01T13:04:00Z,1.825,2.740,924.000,7537164288.000,44.700,44.700,10.000,0.100,15.850,0.000
2026-10-01T13:05:00Z,1.795,2.760,924.000,7534018560.000,37.200,37.200,11.000,0.080,11.273,0.000
2026-10-01T13:06:00Z,1.775,2.790,924.000,,43.040,43.040,7.000,0.100,9.393,0.000
2026-10-01T13:07:00Z,,,924.000,7516192768.000,51.300,51.300,7.000,0.130,10.857,0.000
2026-10-01T13:08:00Z,2.330,4.460,924.000,7540310016.000,67.290,67.290,7.000,0.270,12.935,0.000
2026-10-01T13:09:00Z,1.895,2.970,924.000,7540310016.000,54.450,54.450,9.000,0.190,17.262,0.000
2026-10-01T13:10:00Z,1.895,2.900,924.000,7540310016.000,57.120,57.120,12.000,0.470,13.715,0.000
2026-10-01T13:11:00Z,1.810,2.730,924.000,7539261440.000,43.940,43.940,9.000,0.100,14.377,0.000
2026-10-01T13:12:00Z,1.800,2.830,924.000,7539261440.000,38.280,38.280,9.000,0.090,10.490,0.000
2026-10-01T13:13:00Z,1.695,2.650,,7539261440.000,32.040,32.040,6.000,0.060,,0.000
2026-10-01T13:14:00Z,1.835,2.820,924.000,7539261440.000,47.420,47.420,6.000,0.120,8.152,0.000
2026-10-01T13:15:00Z,1.815,2.840,924.000,7540310016.000,48.220,48.220,6.000,0.110,12.123,0.000
2026-10-01T13:16:00Z,1.860,2.900,,7539261440.000,49.610,49.610,8.000,0.150,,0.000
2026-10-01T13:17:00Z,2.095,3.170,924.000,7539261440.000,83.360,83.360,9.000,0.360,12.495,0.000
2026-10-01T13:18:00Z,1.825,2.730,924.000,7539261440.000,51.100,51.100,8.000,0.100,20.933,0.000
2026-10-01T13:19:00Z,1.895,2.960,924.000,7539261440.000,45.000,45.000,15.000,0.100,13.078,0.000
2026-10-01T13:20:00Z,1.830,2.860,924.000,7525629952.000,35.010,35.010,7.000,0.080,11.352,0.000
2026-10-01T13:21:00Z,1.905,2.900,924.000,7526678528.000,57.150,57.150,7.000,0.140,11.730,0.000
2026-10-01T13:22:00Z,1.835,2.900,,7526678528.000,49.450,49.450,6.000,0.120,,0.000
2026-10-01T13:23:00Z,1.805,2.740,924.000,7526678528.000,49.270,49.270,9.000,0.120,12.457,0.000
2026-10-01T13:24:00Z,1.810,2.810,924.000,7526678528.000,48.450,48.450,9.000,0.110,12.420,0.000
2026-10-01T13:25:00Z,,,924.000,7527727104.000,68.870,68.870,8.000,0.210,12.205,0.000
2026-10-01T13:26:00Z,2.020,2.980,924.000,,76.650,76.650,8.000,3.720,17.315,0.000
2026-10-01T13:27:00Z,1.952,2.870,924.000,7525629952.000,66.690,66.690,15.000,0.330,19.260,0.000
2026-10-01T13:28:00Z,2.015,3.130,924.000,7524581376.000,62.150,62.150,10.000,1.650,16.762,0.000
2026-10-01T13:29:00Z,1.850,2.740,924.000,7526678528.000,49.380,49.380,11.000,0.880,15.652,0.000
2026-10-01T13:30:00Z,2.130,3.210,924.000,7527727104.000,71.000,71.000,13.000,0.340,12.440,0.000
2026-10-01T13:31:00Z,4.020,4.020,924.000,7519338496.000,433.660,433.660,8.000,52.120,17.843,0.000
2026-10-01T13:32:00Z,4.303,4.940,924.000,7519338496.000,345.870,345.870,20.000,8.630,108.718,0.000
2026-10-01T13:33:00Z,3.880,4.950,924.000,7520387072.000,315.530,315.530,79.000,4.470,86.582,0.000
2026-10-01T13:34:00Z,3.515,4.520,924.000,7522484224.000,284.600,284.600,58.000,2.760,78.993,0.000
2026-10-01T13:35:00Z,,,924.000,7528775680.000,266.020,266.020,58.000,1.920,71.252,0.000
2026-10-01T13:36:00Z,3.495,4.540,924.000,7520387072.000,293.740,293.740,48.000,16.200,66.603,0.000
2026-10-01T13:37:00Z,3.325,4.250,924.000,7520387072.000,255.820,255.820,48.000,3.560,68.905,0.000
2026-10-01T13:38:00Z,2.975,3.850,,7522484224.000,198.320,198.320,49.000,0.720,,0.000
2026-10-01T13:39:00Z,3.080,3.930,924.000,7522484224.000,236.730,236.730,44.000,3.700,49.820,0.000
2026-10-01T13:40:00Z,3.190,4.120,924.000,7520387072.000,252.250,252.250,37.000,3.610,61.234,0.000
2026-10-01T13:41:00Z,3.475,4.420,,7518289920.000,269.830,269.830,42.000,8.610,,0.000
2026-10-01T13:42:00Z,3.360,4.420,924.000,7517241344.000,267.040,267.040,46.000,4.290,67.331,0.000
2026-10-01T13:43:00Z,3.355,4.280,,7520387072.000,273.490,273.490,47.000,4.370,,0.000
2026-10-01T13:44:00Z,3.365,4.280,924.000,7520387072.000,264.200,264.200,48.000,2.320,68.483,0.000
2026-10-01T13:45:00Z,3.080,4.030,924.000,7521435648.000,211.760,211.760,47.000,1.330,66.328,0.000
2026-10-01T13:46:00Z,,,924.000,7516192768.000,310.890,310.890,44.000,7.190,53.032,0.000
2026-10-01T13:47:00Z,3.547,4.550,924.000,7518289920.000,241.020,241.020,40.000,2.180,69.093,0.000
2026-10-01T13:48:00Z,3.325,4.270,,7519338496.000,252.120,252.120,54.000,4.320,,0.000
2026-10-01T13:49:00Z,3.185,4.240,924.000,7519338496.000,231.710,231.710,44.000,3.400,63.140,0.000
2026-10-01T13:50:00Z,3.100,4.300,924.000,7520387072.000,228.010,228.010,43.000,2.950,58.030,0.000
2026-10-01T13:51:00Z,3.450,4.350,924.000,7520387072.000,266.080,266.080,40.000,2.820,57.093,0.000
2026-10-01T13:52:00Z,3.075,3.930,924.000,7518289920.000,232.460,232.460,40.000,1.700,62.525,0.000
2026-10-01T13:53:00Z,3.195,4.120,,7521435648.000,242.600,242.600,47.000,2.480,,0.000
2026-10-01T13:54:00Z,2.955,3.870,924.000,7518289920.000,211.500,211.500,40.000,1.440,56.873,0.000
2026-10-01T13:55:00Z,2.905,3.910,,7516192768.000,192.960,192.960,44.000,1.450,,0.000
2026-10-01T13:56:00Z,3.210,4.380,924.000,7513047040.000,230.100,230.100,36.000,1.860,48.343,0.000
2026-10-01T13:57:00Z,3.080,3.810,924.000,7513047040.000,245.310,245.310,33.000,4.450,59.526,0.000
2026-10-01T13:58:00Z,2.875,3.870,,7516192768.000,202.620,202.620,43.000,1.130,,0.000
2026-10-01T13:59:00Z,2.535,3.340,924.000,7518289920.000,159.520,159.520,42.000,0.690,50.770,0.000
2026-10-01T14:00:00Z,,,924.000,7517241344.000,167.870,167.870,35.000,2.290,39.972,0.000
2026-10-01T14:01:00Z,3.538,5.210,924.000,7516192768.000,393.180,393.180,26.000,20.260,42.053,0.000
2026-10-01T14:02:00Z,,,924.000,,441.330,441.330,33.000,27.080,98.600,0.000
2026-10-01T14:03:00Z,4.317,5.340,924.000,7514095616.000,416.750,416.750,75.000,18.170,110.442,0.000
2026-10-01T14:04:00Z,3.725,4.480,924.000,7519338496.000,355.890,355.890,76.000,12.680,104.302,0.000
2026-10-01T14:05:00Z,3.625,4.450,924.000,7516192768.000,316.400,316.400,76.000,3.720,89.070,0.000
2026-10-01T14:06:00Z,3.690,4.680,924.000,7510949888.000,330.490,330.490,59.000,6.910,79.185,0.000
2026-10-01T14:07:00Z,3.970,5.180,924.000,7508852736.000,358.370,358.370,57.000,8.420,86.195,0.000
2026-10-01T14:08:00Z,4.540,4.660,,7511998464.000,341.800,341.800,58.000,6.360,,0.000
2026-10-01T14:09:00Z,3.965,5.230,924.000,7514095616.000,369.440,369.440,65.000,34.920,85.835,0.000
2026-10-01T14:10:00Z,3.585,4.490,924.000,7504658432.000,370.570,370.570,58.000,29.440,92.517,0.000
2026-10-01T14:11:00Z,3.335,4.120,924.000,7505707008.000,285.490,285.490,73.000,5.820,92.760,0.000
2026-10-01T14:12:00Z,3.330,4.380,924.000,7507804160.000,267.460,267.460,56.000,2.190,69.329,0.000
2026-10-01T14:13:00Z,3.310,4.120,,7506755584.000,267.650,267.650,49.000,3.270,,0.000
2026-10-01T14:14:00Z,3.270,4.200,924.000,7507804160.000,268.520,268.520,48.000,3.210,67.035,0.000
2026-10-01T14:15:00Z,2.965,3.980,924.000,7508852736.000,203.350,203.350,45.000,1.260,67.420,0.000
2026-10-01T14:16:00Z,3.400,4.280,924.000,7509901312.000,289.220,289.220,46.000,3.990,50.940,0.000
2026-10-01T14:17:00Z,3.055,4.000,924.000,7508852736.000,226.000,226.000,40.000,2.200,64.500,0.000
2026-10-01T14:18:00Z,3.325,4.410,,7510949888.000,262.300,262.300,48.000,3.240,,0.000
2026-10-01T14:19:00Z,3.140,4.160,924.000,7506755584.000,251.110,251.110,40.000,3.330,65.860,0.000
2026-10-01T14:20:00Z,3.130,4.150,924.000,7504658432.000,244.490,244.490,49.000,1.970,62.907,0.000
2026-10-01T14:21:00Z,3.265,4.050,924.000,7504658432.000,255.170,255.170,43.000,4.060,61.215,0.000
2026-10-01T14:22:00Z,3.105,4.190,924.000,7504658432.000,247.510,247.510,43.000,3.470,63.061,0.000
2026-10-01T14:23:00Z,3.060,4.170,,7503609856.000,217.910,217.910,43.000,2.840,,0.000
2026-10-01T14:24:00Z,3.375,4.430,924.000,7506755584.000,297.340,297.340,44.000,6.790,54.597,0.000
2026-10-01T14:25:00Z,2.280,2.280,924.000,7505707008.000,248.270,248.270,43.000,2.470,74.433,0.000
2026-10-01T14:26:00Z,3.185,4.020,924.000,7464812544.000,256.170,256.170,51.000,3.010,62.172,0.000
2026-10-01T14:27:00Z,3.095,4.080,924.000,7487881216.000,242.520,242.520,43.000,2.760,62.438,0.000
2026-10-01T14:28:00Z,3.140,4.180,,7489978368.000,226.630,226.630,43.000,1.960,,0.000
2026-10-01T14:29:00Z,3.005,3.880,924.000,7485784064.000,229.310,229.310,44.000,2.520,56.767,0.000
2026-10-01T14:30:00Z,2.885,3.990,924.000,7488929792.000,198.350,198.350,37.000,1.490,57.420,0.000
2026-10-01T14:31:00Z,3.275,3.930,924.000,7488929792.000,294.740,294.740,41.000,14.590,49.693,0.000
2026-10-01T14:32:00Z,3.275,4.270,924.000,7487881216.000,258.110,258.110,36.000,5.150,73.995,0.000
2026-10-01T14:33:00Z,3.230,4.080,924.000,7484735488.000,268.170,268.170,54.000,7.410,64.638,0.000
2026-10-01T14:34:00Z,4.380,4.380,924.000,,271.310,271.310,44.000,5.130,67.165,0.000
2026-10-01T14:35:00Z,2.883,4.060,924.000,7483686912.000,244.400,244.400,48.000,2.710,67.922,0.000
2026-10-01T14:36:00Z,3.185,4.130,924.000,7486832640.000,253.710,253.710,46.000,7.460,61.203,0.000
2026-10-01T14:37:00Z,2.740,3.720,924.000,7487881216.000,214.740,214.740,49.000,3.700,63.525,0.000
2026-10-01T14:38:00Z,3.010,3.950,924.000,7484735488.000,219.560,219.560,39.000,1.780,54.456,0.000
2026-10-01T14:39:00Z,2.940,3.800,,7487881216.000,214.920,214.920,37.000,1.560,,0.000
2026-10-01T14:40:00Z,2.820,3.740,924.000,7488929792.000,200.730,200.730,39.000,1.920,53.860,0.000
2026-10-01T14:41:00Z,3.020,3.660,924.000,7483686912.000,306.650,306.650,37.000,13.610,63.629,0.000
2026-10-01T14:42:00Z,3.295,4.380,,7480541184.000,244.030,244.030,38.000,2.060,,0.000
2026-10-01T14:43:00Z,2.915,3.910,924.000,7484735488.000,198.600,198.600,52.000,1.850,61.155,0.000
2026-10-01T14:44:00Z,2.805,3.770,924.000,7482638336.000,197.610,197.610,41.000,1.280,49.767,0.000
2026-10-01T14:45:00Z,2.760,3.820,924.000,7481589760.000,196.400,196.400,35.000,3.030,49.680,0.000
2026-10-01T14:46:00Z,2.995,4.030,924.000,7483686912.000,221.630,221.630,34.000,2.050,49.210,0.000
2026-10-01T14:47:00Z,3.195,4.300,924.000,7485784064.000,246.480,246.480,37.000,2.680,58.616,0.000
2026-10-01T14:48:00Z,3.135,4.060,,7484735488.000,235.890,235.890,41.000,3.650,,0.000
2026-10-01T14:49:00Z,2.920,4.000,924.000,7484735488.000,224.580,224.580,42.000,2.250,59.252,0.000
2026-10-01T14:50:00Z,3.020,4.150,924.000,7485784064.000,237.190,237.190,41.000,8.810,56.245,0.000
2026-10-01T14:51:00Z,,,924.000,,259.290,259.290,39.000,7.240,59.413,0.000
2026-10-01T14:52:00Z,3.143,4.350,924.000,7481589760.000,227.040,227.040,47.000,2.300,61.011,0.000
2026-10-01T14:53:00Z,3.110,4.190,,7484735488.000,243.540,243.540,41.000,2.830,,0.000
2026-10-01T14:54:00Z,3.415,4.230,924.000,7481589760.000,301.310,301.310,40.000,21.060,61.008,0.000
2026-10-01T14:55:00Z,2.950,4.040,924.000,7482638336.000,197.330,197.330,45.000,1.650,62.434,0.000
2026-10-01T14:56:00Z,3.000,4.090,,7479492608.000,237.150,237.150,52.000,3.490,,0.000
2026-10-01T14:57:00Z,2.940,4.100,924.000,7477395456.000,192.320,192.320,37.000,0.960,53.776,0.000
2026-10-01T14:58:00Z,2.995,3.960,,7477395456.000,251.630,251.630,39.000,14.810,,0.000
2026-10-01T14:59:00Z,,,924.000,7480541184.000,331.300,331.300,33.000,36.490,63.023,0.000
2026-10-01T15:00:00Z,3.340,4.440,924.000,7474249728.000,196.020,196.020,45.000,1.750,82.922,0.000
2026-10-01T15:01:00Z,3.035,3.870,924.000,7478444032.000,201.940,201.940,60.000,1.990,49.946,0.000
2026-10-01T15:02:00Z,3.030,3.890,,7476346880.000,288.760,288.760,35.000,12.190,,0.000
2026-10-01T15:03:00Z,3.465,4.830,924.000,7478444032.000,236.320,236.320,35.000,3.890,72.297,0.000
2026-10-01T15:04:00Z,3.235,4.080,924.000,7477395456.000,253.310,253.310,51.000,12.870,59.208,0.000
2026-10-01T15:05:00Z,2.970,3.850,924.000,7474249728.000,221.200,221.200,44.000,2.110,59.414,0.000
2026-10-01T15:06:00Z,2.985,3.850,,7473201152.000,222.030,222.030,42.000,2.050,,0.000
2026-10-01T15:07:00Z,2.750,3.820,924.000,7479492608.000,172.940,172.940,39.000,1.160,55.600,0.000
2026-10-01T15:08:00Z,3.245,3.570,924.000,7457472512.000,196.120,196.120,37.000,2.510,43.320,0.000
2026-10-01T15:09:00Z,3.430,4.450,924.000,,258.570,258.570,31.000,12.300,49.432,0.000
2026-10-01T15:10:00Z,,,924.000,7477395456.000,186.120,186.120,36.000,1.300,64.815,0.000
2026-10-01T15:11:00Z,2.940,3.760,924.000,7478444032.000,284.820,284.820,43.000,9.680,59.078,0.000
2026-10-01T15:12:00Z,3.315,4.530,,7479492608.000,239.290,239.290,34.000,3.000,,0.000
2026-10-01T15:13:00Z,3.085,4.150,924.000,7479492608.000,194.620,194.620,50.000,1.900,59.913,0.000
2026-10-01T15:14:00Z,2.940,3.910,924.000,7473201152.000,216.090,216.090,41.000,2.480,48.773,0.000
2026-10-01T15:15:00Z,3.105,4.000,924.000,7473201152.000,239.180,239.180,35.000,3.300,54.245,0.000
2026-10-01T15:16:00Z,3.160,4.090,924.000,7475298304.000,263.490,263.490,38.000,4.010,59.910,0.000
2026-10-01T15:17:00Z,3.270,4.380,924.000,7473201152.000,228.170,228.170,44.000,2.210,61.555,0.000
2026-10-01T15:18:00Z,3.125,4.010,,7472152576.000,238.910,238.910,45.000,2.330,,0.000
2026-10-01T15:19:00Z,3.200,4.170,924.000,7471104000.000,254.550,254.550,40.000,3.790,61.885,0.000
2026-10-01T15:20:00Z,3.005,3.940,,7472152576.000,228.330,228.330,45.000,6.740,,0.000
2026-10-01T15:21:00Z,3.960,3.960,924.000,7473201152.000,248.050,248.050,41.000,13.800,57.178,0.000
2026-10-01T15:22:00Z,2.917,4.540,924.000,7474249728.000,260.970,260.970,41.000,17.450,62.328,0.000
2026-10-01T15:23:00Z,2.765,3.760,924.000,7474249728.000,183.220,183.220,51.000,0.960,65.358,0.000
2026-10-01T15:24:00Z,2.580,3.640,924.000,7475298304.000,156.470,156.470,37.000,1.430,45.890,0.000
2026-10-01T15:25:00Z,2.395,3.500,924.000,7469006848.000,142.050,142.050,30.000,0.950,39.222,0.000
2026-10-01T15:26:00Z,2.645,3.660,924.000,7469006848.000,177.850,177.850,27.000,1.840,35.617,0.000
2026-10-01T15:27:00Z,2.610,3.640,924.000,7471104000.000,163.300,163.300,26.000,1.310,42.744,0.000
2026-10-01T15:28:00Z,2.745,3.750,,7470055424.000,187.860,187.860,32.000,5.400,,0.000
2026-10-01T15:29:00Z,2.700,3.500,924.000,7473201152.000,208.060,208.060,31.000,4.020,47.080,0.000
2026-10-01T15:30:00Z,2.890,3.950,924.000,7469006848.000,197.490,197.490,31.000,2.720,52.112,0.000
2026-10-01T15:31:00Z,3.225,4.130,924.000,7466909696.000,293.140,293.140,37.000,10.020,49.465,0.000
2026-10-01T15:32:00Z,3.075,4.230,924.000,7473201152.000,188.160,188.160,38.000,1.140,60.361,0.000
2026-10-01T15:33:00Z,2.945,3.870,,7474249728.000,200.200,200.200,47.000,1.470,,0.000
2026-10-01T15:34:00Z,2.805,3.920,924.000,7473201152.000,172.590,172.590,35.000,1.690,50.167,0.000
2026-10-01T15:35:00Z,2.790,3.640,924.000,7470055424.000,223.350,223.350,34.000,3.180,43.465,0.000
2026-10-01T15:36:00Z,2.955,4.000,924.000,7473201152.000,227.460,227.460,31.000,3.090,55.935,0.000
2026-10-01T15:37:00Z,3.125,4.070,924.000,7470055424.000,249.550,249.550,41.000,6.090,56.958,0.000
2026-10-01T15:38:00Z,3.045,4.030,924.000,7473201152.000,202.570,202.570,40.000,2.850,62.477,0.000
2026-10-01T15:39:00Z,3.070,3.800,924.000,7474249728.000,251.470,251.470,43.000,4.400,56.951,0.000
2026-10-01T15:40:00Z,3.115,4.130,,7467958272.000,230.330,230.330,36.000,3.420,,0.000
2026-10-01T15:41:00Z,3.080,3.910,924.000,7466909696.000,227.420,227.420,44.000,5.100,57.420,0.000
2026-10-01T15:42:00Z,3.075,4.060,,7464812544.000,243.820,243.820,40.000,5.060,,0.000
2026-10-01T15:43:00Z,2.950,4.150,924.000,7466909696.000,186.200,186.200,41.000,1.470,61.085,0.000
2026-10-01T15:44:00Z,2.680,3.700,924.000,7466909696.000,188.620,188.620,42.000,2.090,46.670,0.000
2026-10-01T15:45:00Z,2.975,3.930,924.000,7467958272.000,224.440,224.440,31.000,7.280,47.377,0.000
2026-10-01T15:46:00Z,2.735,3.790,924.000,7471104000.000,163.280,163.280,34.000,1.300,56.227,0.000
2026-10-01T15:47:00Z,2.585,3.460,924.000,7469006848.000,204.970,204.970,40.000,2.860,40.922,0.000
2026-10-01T15:48:00Z,2.870,3.850,924.000,7465861120.000,186.380,186.380,31.000,4.040,51.345,0.000
2026-10-01T15:49:00Z,2.870,3.600,924.000,7465861120.000,270.190,270.190,33.000,19.400,46.693,0.000
2026-10-01T15:50:00Z,3.045,4.360,924.000,7465861120.000,150.340,150.340,32.000,1.070,67.670,0.000
2026-10-01T15:51:00Z,2.775,3.700,924.000,7467958272.000,185.940,185.940,48.000,2.530,37.690,0.000
2026-10-01T15:52:00Z,2.740,3.610,924.000,,193.520,193.520,27.000,2.120,46.790,0.000
2026-10-01T15:53:00Z,2.660,3.490,924.000,7464812544.000,178.610,178.610,34.000,1.340,48.495,0.000
2026-10-01T15:54:00Z,2.640,3.540,924.000,7467958272.000,197.950,197.950,33.000,2.550,44.745,0.000
2026-10-01T15:55:00Z,2.775,3.820,924.000,7461666816.000,176.630,176.630,,1.830,49.602,0.000
2026-10-01T15:56:00Z,2.775,3.620,924.000,7463763968.000,207.760,207.760,34.000,2.360,48.149,0.000
2026-10-01T15:57:00Z,,,,7462715392.000,365.350,365.350,33.000,48.620,,0.000
2026-10-01T15:58:00Z,3.180,4.530,924.000,7460618240.000,218.540,218.540,37.000,5.490,91.433,0.000
2026-10-01T15:59:00Z,2.730,3.700,924.000,7459569664.000,204.820,204.820,65.000,3.110,54.725,0.000
2026-10-01T16:00:00Z,2.565,3.760,924.000,7458521088.000,136.530,136.530,36.000,1.290,51.322,0.000
2026-10-01T16:01:00Z,2.785,3.540,924.000,7459569664.000,234.860,234.860,36.000,2.340,34.225,0.000
2026-10-01T16:02:00Z,2.860,4.040,924.000,7462715392.000,203.290,203.290,42.000,1.920,59.020,0.000
2026-10-01T16:03:00Z,2.885,4.010,924.000,7458521088.000,224.520,224.520,,2.840,50.928,0.000
2026-10-01T16:04:00Z,2.785,3.910,924.000,7464812544.000,172.160,172.160,39.000,3.140,56.245,0.000
2026-10-01T16:05:00Z,2.460,3.470,924.000,7464812544.000,161.710,161.710,,1.600,43.138,0.000
2026-10-01T16:06:00Z,2.405,3.350,924.000,7465861120.000,196.710,196.710,31.000,5.270,40.517,0.000
2026-10-01T16:07:00Z,2.705,3.900,924.000,7459569664.000,149.200,149.200,35.000,1.020,43.339,0.000
2026-10-01T16:08:00Z,2.310,3.260,,7461666816.000,124.500,124.500,,0.940,,0.000
2026-10-01T16:09:00Z,3.125,4.890,924.000,7470055424.000,134.750,134.750,25.000,0.850,31.253,0.000
2026-10-01T16:10:00Z,2.350,3.390,924.000,7465861120.000,145.220,145.220,,1.240,35.264,0.000
2026-10-01T16:11:00Z,2.405,3.450,,7464812544.000,125.450,125.450,25.000,4.210,,0.000
2026-10-01T16:12:00Z,2.220,3.240,924.000,7465861120.000,108.650,108.650,,1.060,29.469,0.000
2026-10-01T16:13:00Z,2.275,3.210,,7465861120.000,137.870,137.870,21.000,1.110,,0.000
2026-10-01T16:14:00Z,2.465,3.580,924.000,7465861120.000,118.430,118.430,25.000,0.680,34.585,0.000
2026-10-01T16:15:00Z,2.170,3.250,924.000,7465861120.000,104.500,104.500,,0.560,29.880,0.000
2026-10-01T16:16:00Z,2.350,3.310,924.000,7466909696.000,127.060,127.060,20.000,0.660,26.220,0.000
2026-10-01T16:17:00Z,2.275,3.300,924.000,7465861120.000,135.870,135.870,,1.240,32.959,0.000
2026-10-01T16:18:00Z,2.465,3.570,,7464812544.000,146.980,146.980,23.000,1.720,,0.000
2026-10-01T16:19:00Z,2.630,3.690,924.000,7465861120.000,170.750,170.750,29.000,2.070,37.035,0.000
2026-10-01T16:20:00Z,2.590,3.570,924.000,7463763968.000,137.180,137.180,,0.880,42.790,0.000
2026-10-01T16:21:00Z,2.370,3.190,924.000,7462715392.000,125.100,125.100,27.000,0.930,34.385,0.000
2026-10-01T16:22:00Z,2.295,3.370,924.000,7462715392.000,102.140,102.140,24.000,0.360,31.578,0.000
2026-10-01T16:23:00Z,2.225,3.160,924.000,7457472512.000,94.440,94.440,20.000,1.710,25.650,0.000
2026-10-01T16:24:00Z,2.155,2.940,924.000,7459569664.000,108.050,108.050,18.000,0.460,25.509,0.000
2026-10-01T16:25:00Z,2.330,3.130,,7462715392.000,132.540,132.540,,1.450,,0.000
2026-10-01T16:26:00Z,2.320,3.280,924.000,7460618240.000,135.590,135.590,18.000,1.000,33.620,0.000
2026-10-01T16:27:00Z,2.305,3.370,,7460618240.000,106.880,106.880,24.000,0.480,,0.000
2026-10-01T16:28:00Z,2.320,3.320,924.000,7462715392.000,118.280,118.280,,0.580,26.817,0.000
2026-10-01T16:29:00Z,2.250,3.110,924.000,7458521088.000,125.400,125.400,22.000,1.360,30.555,0.000
2026-10-01T16:30:00Z,2.290,3.260,,7458521088.000,149.130,149.130,,1.570,,0.000
2026-10-01T16:31:00Z,2.675,3.580,924.000,7456423936.000,166.880,166.880,28.000,1.580,37.388,0.000
2026-10-01T16:32:00Z,2.335,3.190,924.000,7459569664.000,142.870,142.870,,3.740,42.013,0.000
2026-10-01T16:33:00Z,2.265,3.270,924.000,7461666816.000,146.550,146.550,27.000,2.410,35.822,0.000
2026-10-01T16:34:00Z,2.625,3.660,924.000,7458521088.000,165.490,165.490,26.000,3.440,36.755,0.000
2026-10-01T16:35:00Z,2.400,3.370,924.000,7461666816.000,129.200,129.200,27.000,0.710,41.468,0.000
2026-10-01T16:36:00Z,2.105,3.150,924.000,7458521088.000,107.400,107.400,27.000,1.060,32.392,0.000
2026-10-01T16:37:00Z,2.250,3.160,924.000,7460618240.000,140.700,140.700,20.000,3.210,26.948,0.000
2026-10-01T16:38:00Z,2.400,3.170,924.000,7455375360.000,158.600,158.600,,3.140,35.267,0.000
2026-10-01T16:39:00Z,2.590,3.430,924.000,7460618240.000,163.170,163.170,29.000,1.380,40.434,0.000
2026-10-01T16:40:00Z,2.340,3.440,,7461666816.000,110.740,110.740,,0.660,,0.000
2026-10-01T16:41:00Z,2.335,3.140,924.000,7461666816.000,139.280,139.280,28.000,1.910,27.780,0.000
2026-10-01T16:42:00Z,2.345,3.310,924.000,7460618240.000,138.540,138.540,20.000,1.290,34.950,0.000
2026-10-01T16:43:00Z,2.425,3.420,,7458521088.000,145.580,145.580,25.000,0.810,,0.000
2026-10-01T16:44:00Z,2.245,3.250,924.000,7456423936.000,108.330,108.330,26.000,1.270,36.510,0.000
2026-10-01T16:45:00Z,2.045,3.110,924.000,7455375360.000,82.700,82.700,,0.300,27.328,0.000
2026-10-01T16:46:00Z,1.970,2.960,924.000,7455375360.000,84.520,84.520,19.000,0.360,20.797,0.000
2026-10-01T16:47:00Z,2.050,3.090,924.000,7456423936.000,95.000,95.000,15.000,0.390,22.527,0.000
2026-10-01T16:48:00Z,2.080,3.140,,7456423936.000,88.830,88.830,15.000,0.610,,0.000
2026-10-01T16:49:00Z,2.235,3.200,924.000,7458521088.000,111.780,111.780,16.000,0.650,22.328,0.000
2026-10-01T16:50:00Z,2.230,3.320,924.000,7457472512.000,112.540,112.540,16.000,1.200,28.047,0.000
2026-10-01T16:51:00Z,2.450,3.590,924.000,7458521088.000,157.770,157.770,21.000,10.680,28.242,0.000
2026-10-01T16:52:00Z,2.525,3.750,924.000,7455375360.000,140.890,140.890,,2.140,37.539,0.000
2026-10-01T16:53:00Z,2.615,3.630,,7455375360.000,142.600,142.600,27.000,1.420,,0.000
2026-10-01T16:54:00Z,2.475,3.460,924.000,7456423936.000,136.720,136.720,26.000,0.810,35.765,0.000
2026-10-01T16:55:00Z,,,924.000,,174.780,174.780,23.000,2.010,34.265,0.000
2026-10-01T16:56:00Z,2.717,3.830,924.000,7455375360.000,171.620,171.620,25.000,2.940,43.800,0.000
2026-10-01T16:57:00Z,2.815,3.840,924.000,7456423936.000,220.690,220.690,33.000,5.160,43.000,0.000
2026-10-01T16:58:00Z,2.605,3.860,924.000,7456423936.000,161.830,161.830,,2.990,55.263,0.000
2026-10-01T16:59:00Z,2.695,3.890,924.000,7454326784.000,132.110,132.110,37.000,0.530,40.542,0.000
2026-10-01T17:00:00Z,2.345,3.260,924.000,7453278208.000,132.340,132.340,28.000,0.630,33.145,0.000
2026-10-01T17:01:00Z,2.640,3.480,924.000,7457472512.000,168.620,168.620,,3.280,33.182,0.000
2026-10-01T17:02:00Z,2.465,3.440,924.000,7456423936.000,189.830,189.830,26.000,7.860,42.453,0.000
2026-10-01T17:03:00Z,2.920,4.040,924.000,7454326784.000,191.150,191.150,27.000,1.930,47.731,0.000
2026-10-01T17:04:00Z,2.600,3.780,,7457472512.000,134.200,134.200,36.000,0.710,,0.000
2026-10-01T17:05:00Z,2.360,3.230,924.000,7453278208.000,149.780,149.780,32.000,0.700,33.642,0.000
2026-10-01T17:06:00Z,2.520,3.730,924.000,7454326784.000,141.570,141.570,28.000,0.970,37.530,0.000
2026-10-01T17:07:00Z,2.495,3.430,924.000,7451181056.000,162.850,162.850,,1.680,35.710,0.000
2026-10-01T17:08:00Z,2.485,3.420,924.000,7454326784.000,145.950,145.950,24.000,1.470,40.805,0.000
2026-10-01T17:09:00Z,3.065,3.610,924.000,7449083904.000,108.380,108.380,29.000,0.310,36.605,0.000
2026-10-01T17:10:00Z,2.270,3.230,924.000,7453278208.000,108.630,108.630,,0.600,27.485,0.000
2026-10-01T17:11:00Z,2.260,3.120,924.000,7453278208.000,127.750,127.750,20.000,0.910,27.343,0.000
2026-10-01T17:12:00Z,2.265,3.230,924.000,7455375360.000,116.660,116.660,22.000,0.950,30.761,0.000
2026-10-01T17:13:00Z,2.180,3.060,,7456423936.000,101.580,101.580,,0.720,,0.000
2026-10-01T17:14:00Z,2.025,2.940,924.000,7457472512.000,100.090,100.090,20.000,0.440,25.401,0.000
2026-10-01T17:15:00Z,2.145,3.140,,7455375360.000,115.400,115.400,,1.540,,0.000
2026-10-01T17:16:00Z,2.370,3.450,924.000,7454326784.000,128.150,128.150,22.000,0.830,30.550,0.000
2026-10-01T17:17:00Z,2.190,3.240,,7456423936.000,85.020,85.020,21.000,0.540,,0.000
2026-10-01T17:18:00Z,2.115,3.040,924.000,7454326784.000,99.490,99.490,,0.710,21.358,0.000
2026-10-01T17:19:00Z,2.110,3.100,924.000,7455375360.000,95.420,95.420,17.000,1.790,25.165,0.000
2026-10-01T17:20:00Z,3.150,3.150,924.000,,180.310,180.310,,3.160,23.965,0.000
2026-10-01T17:21:00Z,2.290,3.220,924.000,7450132480.000,194.300,194.300,29.000,3.130,45.163,0.000
2026-10-01T17:22:00Z,2.710,3.870,924.000,7451181056.000,149.790,149.790,35.000,1.840,48.898,0.000
2026-10-01T17:23:00Z,2.345,3.300,924.000,7449083904.000,151.560,151.560,,1.820,37.553,0.000
2026-10-01T17:24:00Z,2.695,3.530,924.000,7452229632.000,183.920,183.920,28.000,2.070,38.008,0.000
2026-10-01T17:25:00Z,,,924.000,,178.860,178.860,,2.120,46.070,0.000
2026-10-01T17:26:00Z,2.815,4.060,924.000,7451181056.000,248.740,248.740,30.000,10.150,44.812,0.000
2026-10-01T17:27:00Z,2.700,3.890,924.000,7452229632.000,144.240,144.240,42.000,0.940,49.218,0.000
2026-10-01T17:28:00Z,2.575,3.330,,7451181056.000,178.350,178.350,,3.100,,0.000
2026-10-01T17:29:00Z,2.515,3.510,924.000,7451181056.000,165.060,165.060,30.000,1.650,43.025,0.000
2026-10-01T17:30:00Z,2.680,3.620,,7448035328.000,207.670,207.670,,3.940,,0.000
2026-10-01T17:31:00Z,3.960,4.030,924.000,7443841024.000,566.390,566.390,30.000,121.120,52.015,0.000
2026-10-01T17:32:00Z,4.195,5.450,924.000,7410286592.000,398.670,398.670,41.000,51.550,120.845,0.000
2026-10-01T17:33:00Z,3.155,4.230,,7406092288.000,221.160,221.160,100.000,2.800,,0.000
2026-10-01T17:34:00Z,2.635,3.730,924.000,7408189440.000,163.970,163.970,62.000,5.380,55.400,0.000
2026-10-01T17:35:00Z,2.525,3.490,924.000,7408189440.000,164.000,164.000,38.000,1.020,41.095,0.000
2026-10-01T17:36:00Z,2.615,3.670,924.000,7408189440.000,163.430,163.430,,0.790,41.085,0.000
2026-10-01T17:37:00Z,2.690,3.700,924.000,7407140864.000,159.120,159.120,30.000,1.940,40.947,0.000
2026-10-01T17:38:00Z,2.350,3.400,924.000,7406092288.000,111.890,111.890,29.000,0.480,39.865,0.000
2026-10-01T17:39:00Z,2.295,3.230,924.000,7408189440.000,135.520,135.520,26.000,2.980,31.140,0.000
2026-10-01T17:40:00Z,2.250,3.400,,7406092288.000,97.250,97.250,23.000,0.370,,0.000
2026-10-01T17:41:00Z,2.355,3.310,924.000,7405043712.000,138.840,138.840,,0.640,24.405,0.000
2026-10-01T17:42:00Z,2.380,3.430,924.000,7406092288.000,137.380,137.380,25.000,0.870,34.749,0.000
2026-10-01T17:43:00Z,2.570,3.360,,7407140864.000,207.530,207.530,,1.910,,0.000
2026-10-01T17:44:00Z,2.900,3.950,924.000,7406092288.000,186.080,186.080,36.000,2.920,52.005,0.000
2026-10-01T17:45:00Z,2.345,3.380,924.000,7406092288.000,105.050,105.050,31.000,1.050,46.767,0.000
2026-10-01T17:46:00Z,2.230,2.910,924.000,7406092288.000,189.940,189.940,,3.620,26.380,0.000
2026-10-01T17:47:00Z,,,924.000,7409238016.000,226.390,226.390,36.000,2.780,47.583,0.000
2026-10-01T17:48:00Z,2.848,3.960,924.000,7415529472.000,181.060,181.060,,3.170,56.682,0.000
2026-10-01T17:49:00Z,2.660,3.780,924.000,7417626624.000,146.910,146.910,39.000,0.980,45.380,0.000
2026-10-01T17:50:00Z,2.420,3.410,924.000,7418675200.000,137.340,137.340,25.000,1.520,36.825,0.000
2026-10-01T17:51:00Z,2.720,3.460,924.000,7422869504.000,203.480,203.480,24.000,4.870,34.428,0.000
2026-10-01T17:52:00Z,2.715,3.890,924.000,7420772352.000,141.870,141.870,,1.990,51.175,0.000
2026-10-01T17:53:00Z,2.225,3.080,924.000,7421820928.000,119.500,119.500,36.000,1.150,35.595,0.000
2026-10-01T17:54:00Z,2.055,3.050,924.000,7420772352.000,86.430,86.430,24.000,1.370,29.973,0.000
2026-10-01T17:55:00Z,3.075,3.080,924.000,7419723776.000,397.430,397.430,16.000,55.590,60.593,0.000
2026-10-01T17:56:00Z,3.955,5.070,,7424966656.000,324.480,324.480,78.000,13.200,,0.000
2026-10-01T17:57:00Z,3.210,4.500,924.000,7421820928.000,246.740,246.740,56.000,13.180,71.509,0.000
2026-10-01T17:58:00Z,3.180,4.090,,7409238016.000,231.690,231.690,,9.830,,0.000
2026-10-01T17:59:00Z,2.665,3.680,924.000,7412383744.000,165.780,165.780,42.000,3.340,58.015,0.000
2026-10-01T18:00:00Z,2.560,3.480,924.000,7413432320.000,190.110,190.110,28.000,3.830,41.562,0.000
2026-10-01T18:01:00Z,3.110,3.960,924.000,7409238016.000,259.420,259.420,35.000,7.960,47.633,0.000
2026-10-01T18:02:00Z,3.025,4.210,924.000,7406092288.000,250.110,250.110,,13.080,65.153,0.000
2026-10-01T18:03:00Z,3.200,4.260,924.000,7405043712.000,228.390,228.390,47.000,3.950,62.642,0.000
2026-10-01T18:04:00Z,2.745,3.820,924.000,7407140864.000,167.650,167.650,41.000,2.300,57.212,0.000
2026-10-01T18:05:00Z,2.505,3.520,924.000,7411335168.000,160.820,160.820,,1.810,42.008,0.000
2026-10-01T18:06:00Z,2.600,3.600,924.000,7412383744.000,176.640,176.640,30.000,1.540,42.280,0.000
2026-10-01T18:07:00Z,2.890,3.940,,7415529472.000,216.830,216.830,,2.760,,0.000
2026-10-01T18:08:00Z,2.870,3.840,924.000,7415529472.000,199.920,199.920,35.000,1.250,54.300,0.000
2026-10-01T18:09:00Z,3.195,3.630,924.000,7413432320.000,172.960,172.960,35.000,1.190,50.108,0.000
2026-10-01T18:10:00Z,3.035,4.260,924.000,7407140864.000,186.660,186.660,32.000,2.270,43.635,0.000
2026-10-01T18:11:00Z,2.580,3.550,924.000,7406092288.000,160.620,160.620,32.000,1.310,46.820,0.000
2026-10-01T18:12:00Z,2.480,3.620,924.000,7408189440.000,159.180,159.180,28.000,4.200,40.483,0.000
2026-10-01T18:13:00Z,3.140,4.480,924.000,7413432320.000,205.800,205.800,,9.760,39.890,0.000
2026-10-01T18:14:00Z,2.870,3.620,924.000,7407140864.000,227.890,227.890,31.000,25.470,51.568,0.000
2026-10-01T18:15:00Z,2.335,3.390,924.000,7406092288.000,115.590,115.590,35.000,0.770,57.237,0.000
2026-10-01T18:16:00Z,2.420,3.250,924.000,7409238016.000,152.790,152.790,37.000,6.030,29.008,0.000
2026-10-01T18:17:00Z,2.300,3.260,924.000,7409238016.000,117.370,117.370,,1.010,33.864,0.000
2026-10-01T18:18:00Z,2.290,3.370,,7413432320.000,105.290,105.290,26.000,0.430,,0.000
2026-10-01T18:19:00Z,2.245,3.180,924.000,7416578048.000,102.080,102.080,20.000,0.930,26.124,0.000
2026-10-01T18:20:00Z,2.195,3.090,,7416578048.000,111.590,111.590,,6.030,,0.000
2026-10-01T18:21:00Z,2.245,3.230,924.000,7416578048.000,106.170,106.170,17.000,0.430,27.995,0.000
2026-10-01T18:22:00Z,2.170,3.170,924.000,7416578048.000,87.170,87.170,21.000,0.730,26.858,0.000
2026-10-01T18:23:00Z,2.355,3.060,924.000,7415529472.000,182.750,182.750,,20.330,21.890,0.000
2026-10-01T18:24:00Z,3.065,3.560,924.000,7417626624.000,322.970,322.970,15.000,46.500,45.792,0.000
2026-10-01T18:25:00Z,3.005,4.300,924.000,7420772352.000,183.640,183.640,33.000,5.550,80.815,0.000
2026-10-01T18:26:00Z,2.510,3.800,924.000,7418675200.000,115.200,115.200,61.000,2.590,46.008,0.000
2026-10-01T18:27:00Z,2.200,3.210,924.000,7420772352.000,113.640,113.640,19.000,2.120,28.703,0.000
2026-10-01T18:28:00Z,2.175,3.120,,7421820928.000,111.300,111.300,,2.400,,0.000
2026-10-01T18:29:00Z,2.235,3.160,924.000,7420772352.000,123.780,123.780,18.000,0.790,27.940,0.000
2026-10-01T18:30:00Z,2.250,3.080,924.000,7426015232.000,132.020,132.020,20.000,12.140,31.055,0.000
2026-10-01T18:31:00Z,2.370,3.130,924.000,7420772352.000,137.540,137.540,24.000,4.140,33.110,0.000
2026-10-01T18:32:00Z,2.090,3.200,924.000,7419723776.000,84.260,84.260,24.000,0.470,34.737,0.000
2026-10-01T18:33:00Z,2.200,3.150,924.000,7414480896.000,116.190,116.190,,0.920,21.175,0.000
2026-10-01T18:34:00Z,2.200,3.190,924.000,7415529472.000,123.530,123.530,15.000,1.430,29.163,0.000
2026-10-01T18:35:00Z,2.175,3.170,924.000,7414480896.000,121.190,121.190,20.000,6.230,30.985,0.000
2026-10-01T18:36:00Z,,,924.000,,335.240,335.240,,42.030,30.390,0.000
2026-10-01T18:37:00Z,2.975,4.240,924.000,7415529472.000,161.600,161.600,49.000,4.620,83.915,0.000
2026-10-01T18:38:00Z,2.260,3.200,924.000,7421820928.000,112.480,112.480,,1.290,40.490,0.000
2026-10-01T18:39:00Z,2.180,3.120,924.000,7421820928.000,124.860,124.860,26.000,0.990,28.267,0.000
2026-10-01T18:40:00Z,2.290,3.420,924.000,7418675200.000,97.800,97.800,21.000,0.600,31.468,0.000
2026-10-01T18:41:00Z,2.065,3.090,924.000,7417626624.000,77.440,77.440,21.000,0.410,22.105,0.000
2026-10-01T18:42:00Z,2.030,2.990,,7417626624.000,94.640,94.640,16.000,0.590,,0.000
2026-10-01T18:43:00Z,2.195,3.240,924.000,7418675200.000,105.690,105.690,14.000,1.180,23.777,0.000
2026-10-01T18:44:00Z,2.065,3.100,924.000,7420772352.000,89.650,89.650,18.000,0.550,26.540,0.000
2026-10-01T18:45:00Z,1.920,2.920,924.000,7422869504.000,68.440,68.440,,0.370,22.543,0.000
2026-10-01T18:46:00Z,1.900,2.980,924.000,7422869504.000,71.420,71.420,15.000,0.370,17.370,0.000
2026-10-01T18:47:00Z,2.060,2.930,924.000,7424966656.000,88.920,88.920,11.000,1.210,17.970,0.000
2026-10-01T18:48:00Z,1.995,2.960,924.000,7424966656.000,87.310,87.310,,0.950,22.323,0.000
2026-10-01T18:49:00Z,2.000,3.050,924.000,7422869504.000,79.010,79.010,16.000,0.830,20.892,0.000
2026-10-01T18:50:00Z,1.965,3.130,,7421820928.000,58.230,58.230,13.000,0.240,,0.000
2026-10-01T18:51:00Z,1.990,2.910,924.000,7421820928.000,94.030,94.030,11.000,0.540,19.254,0.000
2026-10-01T18:52:00Z,2.120,3.110,,7422869504.000,85.540,85.540,15.000,0.760,,0.000
2026-10-01T18:53:00Z,2.150,3.090,924.000,7423918080.000,97.680,97.680,,0.710,21.483,0.000
2026-10-01T18:54:00Z,2.015,3.160,924.000,7423918080.000,61.280,61.280,15.000,0.220,24.535,0.000
2026-10-01T18:55:00Z,1.975,2.940,924.000,7423918080.000,70.840,70.840,17.000,0.580,15.412,0.000
2026-10-01T18:56:00Z,1.990,2.810,924.000,7419723776.000,124.440,124.440,13.000,4.530,24.508,0.000
2026-10-01T18:57:00Z,2.125,3.360,,7416578048.000,62.810,62.810,,0.320,,0.000
2026-10-01T18:58:00Z,1.895,2.780,924.000,7414480896.000,74.260,74.260,22.000,0.340,15.805,0.000
2026-10-01T18:59:00Z,1.995,2.910,924.000,7414480896.000,82.240,82.240,13.000,0.420,18.680,0.000
2026-10-01T19:00:00Z,1.980,3.070,924.000,7413432320.000,96.620,96.620,,1.140,22.460,0.000
2026-10-01T19:01:00Z,2.400,3.400,,7416578048.000,131.310,131.310,14.000,1.550,,0.000
2026-10-01T19:02:00Z,2.195,3.330,924.000,7416578048.000,110.940,110.940,23.000,0.880,33.125,0.000
2026-10-01T19:03:00Z,2.220,3.330,924.000,7417626624.000,96.720,96.720,,0.670,27.850,0.000
2026-10-01T19:04:00Z,2.130,3.120,924.000,7416578048.000,101.440,101.440,17.000,1.670,24.290,0.000
2026-10-01T19:05:00Z,2.015,3.180,924.000,7415529472.000,85.910,85.910,19.000,1.960,25.457,0.000
2026-10-01T19:06:00Z,1.975,3.100,924.000,7419723776.000,74.810,74.810,,2.080,21.580,0.000
2026-10-01T19:07:00Z,1.895,2.860,924.000,7423918080.000,64.220,64.220,15.000,0.350,18.795,0.000
2026-10-01T19:08:00Z,1.830,2.810,924.000,7422869504.000,60.180,60.180,12.000,0.260,16.128,0.000
2026-10-01T19:09:00Z,1.785,2.840,924.000,7419723776.000,60.020,60.020,11.000,0.260,15.137,0.000
2026-10-01T19:10:00Z,2.885,4.840,,7424966656.000,63.840,63.840,,0.330,,0.000
2026-10-01T19:11:00Z,1.935,2.860,924.000,7424966656.000,80.420,80.420,11.000,0.540,16.433,0.000
2026-10-01T19:12:00Z,1.935,3.120,924.000,7424966656.000,68.630,68.630,14.000,0.470,18.848,0.000
2026-10-01T19:13:00Z,1.860,2.920,,7423918080.000,51.020,51.020,,0.300,,0.000
2026-10-01T19:14:00Z,1.805,2.710,924.000,7424966656.000,71.930,71.930,11.000,0.680,12.873,0.000
2026-10-01T19:15:00Z,1.805,2.920,924.000,7421820928.000,53.870,53.870,13.000,0.360,18.247,0.000
2026-10-01T19:16:00Z,1.750,2.760,924.000,7419723776.000,70.080,70.080,7.000,0.620,15.605,0.000
2026-10-01T19:17:00Z,1.980,3.110,,,62.440,62.440,,0.560,,0.000
2026-10-01T19:18:00Z,1.875,2.810,924.000,7418675200.000,86.420,86.420,14.000,0.840,15.700,0.000
2026-10-01T19:19:00Z,1.975,3.060,924.000,7417626624.000,63.980,63.980,14.000,0.210,19.003,0.000
2026-10-01T19:20:00Z,2.020,3.110,,7416578048.000,73.920,73.920,,0.620,,0.000
2026-10-01T19:21:00Z,1.905,2.820,924.000,7416578048.000,73.580,73.580,13.000,0.620,18.578,0.000
2026-10-01T19:22:00Z,1.865,2.880,924.000,7417626624.000,61.100,61.100,,0.320,17.041,0.000
2026-10-01T19:23:00Z,1.925,2.920,,7418675200.000,66.200,66.200,12.000,0.350,,0.000
2026-10-01T19:24:00Z,1.925,3.030,924.000,7419723776.000,60.550,60.550,11.000,0.420,16.648,0.000
2026-10-01T19:25:00Z,,,924.000,7417626624.000,79.170,79.170,10.000,1.990,15.260,0.000
2026-10-01T19:26:00Z,1.968,2.970,924.000,7416578048.000,70.830,70.830,11.000,0.630,18.845,0.000
2026-10-01T19:27:00Z,1.830,2.810,,7416578048.000,70.850,70.850,14.000,0.680,,0.000
2026-10-01T19:28:00Z,2.010,3.160,924.000,7418675200.000,64.210,64.210,11.000,0.640,17.810,0.000
2026-10-01T19:29:00Z,1.870,2.800,924.000,7419723776.000,64.250,64.250,14.000,0.940,16.172,0.000
2026-10-01T19:30:00Z,1.860,2.850,924.000,7422869504.000,54.990,54.990,9.000,0.820,15.008,0.000
2026-10-01T19:31:00Z,2.105,2.990,,7420772352.000,103.270,103.270,11.000,1.930,,0.000
2026-10-01T19:32:00Z,2.130,3.080,924.000,7419723776.000,109.020,109.020,12.000,1.240,26.750,0.000
2026-10-01T19:33:00Z,2.095,3.110,,7419723776.000,84.330,84.330,17.000,0.650,,0.000
2026-10-01T19:34:00Z,1.965,3.060,924.000,7418675200.000,75.980,75.980,18.000,0.590,21.168,0.000
2026-10-01T19:35:00Z,1.960,2.990,924.000,7419723776.000,102.940,102.940,16.000,1.070,19.100,0.000
2026-10-01T19:36:00Z,2.035,3.200,924.000,7420772352.000,83.650,83.650,13.000,1.060,25.837,0.000
2026-10-01T19:37:00Z,2.160,3.210,924.000,7414480896.000,98.660,98.660,17.000,1.540,21.005,0.000
2026-10-01T19:38:00Z,2.110,3.010,924.000,7413432320.000,96.440,96.440,15.000,0.530,24.767,0.000
2026-10-01T19:39:00Z,2.015,2.980,924.000,7412383744.000,91.960,91.960,17.000,1.470,24.238,0.000
2026-10-01T19:40:00Z,1.960,3.000,924.000,7409238016.000,75.590,75.590,17.000,0.660,23.250,0.000
2026-10-01T19:41:00Z,1.975,2.960,924.000,7411335168.000,95.450,95.450,15.000,0.800,19.005,0.000
2026-10-01T19:42:00Z,2.075,3.180,924.000,7411335168.000,83.220,83.220,13.000,0.550,22.546,0.000
2026-10-01T19:43:00Z,1.950,3.060,,7409238016.000,71.260,71.260,16.000,0.510,,0.000
2026-10-01T19:44:00Z,2.005,2.980,924.000,7408189440.000,84.660,84.660,14.000,0.670,17.933,0.000
2026-10-01T19:45:00Z,1.880,2.920,924.000,7409238016.000,59.760,59.760,12.000,0.380,21.312,0.000
2026-10-01T19:46:00Z,2.100,3.040,924.000,7407140864.000,150.900,150.900,14.000,8.450,15.182,0.000
2026-10-01T19:47:00Z,2.460,3.430,924.000,7410286592.000,138.820,138.820,14.000,6.120,37.828,0.000
2026-10-01T19:48:00Z,2.025,3.160,924.000,7410286592.000,67.020,67.020,24.000,0.540,34.795,0.000
2026-10-01T19:49:00Z,1.945,2.990,924.000,7409238016.000,68.480,68.480,24.000,0.600,16.872,0.000
2026-10-01T19:50:00Z,1.990,3.040,924.000,7412383744.000,80.300,80.300,11.000,0.880,17.218,0.000
2026-10-01T19:51:00Z,2.940,3.700,924.000,7411335168.000,271.560,271.560,12.000,18.880,20.152,0.000
2026-10-01T19:52:00Z,2.890,3.970,924.000,7407140864.000,185.370,185.370,21.000,5.190,57.331,0.000
2026-10-01T19:53:00Z,2.495,3.340,,7407140864.000,156.620,156.620,45.000,3.210,,0.000
2026-10-01T19:54:00Z,2.260,3.340,924.000,7407140864.000,116.810,116.810,31.000,1.830,39.265,0.000
2026-10-01T19:55:00Z,2.415,3.250,924.000,7406092288.000,210.320,210.320,28.000,13.050,40.985,0.000
2026-10-01T19:56:00Z,,,,,313.020,313.020,21.000,28.120,,0.000
2026-10-01T19:57:00Z,3.000,4.310,924.000,7403995136.000,148.570,148.570,42.000,2.230,78.353,0.000
2026-10-01T19:58:00Z,2.350,3.330,924.000,7400849408.000,142.020,142.020,49.000,1.520,37.235,0.000
2026-10-01T19:59:00Z,2.505,3.470,924.000,7396655104.000,189.620,189.620,27.000,4.300,35.615,0.000
2026-10-01T20:00:00Z,4.035,4.430,924.000,7393509376.000,593.050,593.050,25.000,126.420,47.508,0.000
2026-10-01T20:01:00Z,4.865,6.580,924.000,7385120768.000,602.870,602.870,40.000,132.290,148.360,0.000
2026-10-01T20:02:00Z,3.835,4.780,924.000,7390363648.000,501.660,501.660,100.000,101.750,151.035,0.000
2026-10-01T20:03:00Z,2.410,3.870,924.000,7386169344.000,77.900,77.900,100.000,0.340,125.520,0.000
2026-10-01T20:04:00Z,1.850,2.840,924.000,7387217920.000,64.000,64.000,79.000,1.130,19.595,0.000
2026-10-01T20:05:00Z,1.905,2.830,924.000,7388266496.000,66.590,66.590,11.000,0.230,16.090,0.000
2026-10-01T20:06:00Z,1.875,2.970,924.000,7390363648.000,72.470,72.470,13.000,0.320,16.738,0.000
2026-10-01T20:07:00Z,1.865,2.980,924.000,7387217920.000,54.850,54.850,12.000,0.200,16.011,0.000
2026-10-01T20:08:00Z,1.850,2.920,,7388266496.000,42.510,42.510,,0.130,,0.000
2026-10-01T20:09:00Z,1.545,2.520,924.000,7388266496.000,26.850,26.850,10.000,0.050,10.713,0.000
2026-10-01T20:10:00Z,2.660,3.320,924.000,7370440704.000,51.020,51.020,,0.300,6.822,0.000
2026-10-01T20:11:00Z,1.650,2.680,924.000,7389315072.000,30.890,30.890,8.000,0.100,13.133,0.000
2026-10-01T20:12:00Z,1.630,2.700,924.000,7389315072.000,20.390,20.390,4.000,0.080,8.133,0.000
2026-10-01T20:13:00Z,1.605,2.600,924.000,7389315072.000,21.730,21.730,,0.060,5.200,0.000
2026-10-01T20:14:00Z,1.670,2.580,924.000,7390363648.000,41.370,41.370,4.000,0.160,5.518,0.000
2026-10-01T20:15:00Z,1.680,2.680,924.000,7390363648.000,46.960,46.960,7.000,0.170,10.470,0.000
2026-10-01T20:16:00Z,1.665,2.790,924.000,7391412224.000,22.610,22.610,8.000,0.040,11.980,0.000
2026-10-01T20:17:00Z,1.650,2.550,924.000,7390363648.000,38.010,38.010,3.000,0.150,7.680,0.000
2026-10-01T20:18:00Z,1.600,2.600,,7390363648.000,20.290,20.290,,0.040,,0.000
2026-10-01T20:19:00Z,1.500,2.520,924.000,7390363648.000,12.860,12.860,6.000,0.020,5.340,0.000
2026-10-01T20:20:00Z,1.455,2.410,924.000,7390363648.000,17.510,17.510,2.000,0.040,3.337,0.000
2026-10-01T20:21:00Z,1.585,2.630,924.000,7390363648.000,30.210,30.210,4.000,0.260,6.168,0.000
2026-10-01T20:22:00Z,1.530,2.500,,7390363648.000,16.900,16.900,,0.040,,0.000
2026-10-01T20:23:00Z,1.475,2.460,924.000,7390363648.000,8.340,8.340,3.000,0.010,4.332,0.000
2026-10-01T20:24:00Z,1.500,2.560,924.000,7390363648.000,10.410,10.410,3.000,0.010,2.183,0.000
2026-10-01T20:25:00Z,1.510,2.570,924.000,7390363648.000,7.610,7.610,,0.010,2.717,0.000
2026-10-01T20:26:00Z,1.450,2.450,924.000,7390363648.000,9.650,9.650,1.000,0.120,1.995,0.000
2026-10-01T20:27:00Z,1.460,2.420,924.000,7390363648.000,10.560,10.560,1.000,0.130,2.621,0.000
2026-10-01T20:28:00Z,1.460,2.480,,,7.960,7.960,1.000,0.010,,0.000
2026-10-01T20:29:00Z,1.440,2.420,924.000,7390363648.000,13.110,13.110,2.000,0.070,2.075,0.000
2026-10-01T20:30:00Z,1.565,2.500,924.000,7390363648.000,14.490,14.490,2.000,0.020,3.388,0.000
2026-10-01T20:31:00Z,1.515,2.530,924.000,7390363648.000,11.180,11.180,2.000,0.020,3.933,0.000
2026-10-01T20:32:00Z,1.465,2.460,924.000,7390363648.000,6.180,6.180,,0.010,2.377,0.000
2026-10-01T20:33:00Z,2.585,4.670,,7390363648.000,8.280,8.280,1.000,0.020,,0.000
2026-10-01T20:34:00Z,1.435,2.460,924.000,7390363648.000,5.340,5.340,0.000,0.000,2.442,0.000
2026-10-01T20:35:00Z,1.490,2.520,924.000,7390363648.000,12.310,12.310,1.000,0.030,1.462,0.000
2026-10-01T20:36:00Z,1.455,2.420,924.000,7390363648.000,22.750,22.750,1.000,0.060,4.479,0.000
2026-10-01T20:37:00Z,1.550,2.620,,7389315072.000,13.760,13.760,4.000,0.020,,0.000
2026-10-01T20:38:00Z,1.530,2.450,924.000,7389315072.000,19.340,19.340,,0.040,3.530,0.000
2026-10-01T20:39:00Z,1.560,2.550,924.000,7389315072.000,21.110,21.110,4.000,0.060,4.963,0.000
2026-10-01T20:40:00Z,1.525,2.580,924.000,7389315072.000,11.730,11.730,3.000,0.020,5.543,0.000
2026-10-01T20:41:00Z,1.480,2.470,924.000,7388266496.000,16.790,16.790,1.000,0.030,3.047,0.000
2026-10-01T20:42:00Z,1.465,2.470,924.000,7388266496.000,10.110,10.110,2.000,0.010,4.570,0.000
2026-10-01T20:43:00Z,1.510,2.450,924.000,7388266496.000,13.010,13.010,,0.020,2.632,0.000
2026-10-01T20:44:00Z,1.445,2.440,924.000,7388266496.000,7.410,7.410,2.000,0.010,3.395,0.000
2026-10-01T20:45:00Z,1.435,2.430,924.000,7388266496.000,10.610,10.610,,0.010,1.970,0.000
2026-10-01T20:46:00Z,1.430,2.440,924.000,7388266496.000,10.340,10.340,1.000,0.060,2.900,0.000
2026-10-01T20:47:00Z,1.480,2.460,924.000,7389315072.000,13.960,13.960,1.000,0.030,3.132,0.000
2026-10-01T20:48:00Z,1.480,2.470,,7388266496.000,8.540,8.540,1.000,0.010,,0.000
2026-10-01T20:49:00Z,1.440,2.390,924.000,7388266496.000,16.450,16.450,2.000,0.170,2.250,0.000
2026-10-01T20:50:00Z,1.425,2.420,924.000,7388266496.000,4.960,4.960,1.000,0.000,4.220,0.000
2026-10-01T20:51:00Z,1.590,2.570,924.000,7389315072.000,26.450,26.450,2.000,0.140,1.325,0.000
2026-10-01T20:52:00Z,1.475,2.470,924.000,7390363648.000,12.160,12.160,4.000,0.020,5.071,0.000
2026-10-01T20:53:00Z,,,,7390363648.000,15.010,15.010,,0.050,,0.000
2026-10-01T20:54:00Z,1.485,2.460,924.000,7390363648.000,11.440,11.440,2.000,0.030,3.415,0.000
2026-10-01T20:55:00Z,1.445,2.430,,7391412224.000,29.710,29.710,1.000,0.550,,0.000
2026-10-01T20:56:00Z,1.620,2.760,924.000,7388266496.000,21.220,21.220,,0.510,7.518,0.000
2026-10-01T20:57:00Z,1.510,2.490,924.000,7388266496.000,13.510,13.510,5.000,0.030,4.434,0.000
2026-10-01T20:58:00Z,1.460,2.410,,7388266496.000,9.690,9.690,,0.010,,0.000
2026-10-01T20:59:00Z,1.475,2.460,924.000,7387217920.000,15.040,15.040,2.000,0.040,2.538,0.000
2026-10-01T21:00:00Z,1.490,2.500,924.000,7386169344.000,17.890,17.890,1.000,0.030,4.207,0.000
2026-10-01T21:01:00Z,9.110,11.720,,7385120768.000,2.530,2.530,3.000,0.000,,0.000
2026-10-01T21:02:00Z,1.285,2.280,924.000,7509901312.000,0.040,0.040,2.000,0.000,0.948,0.000
2026-10-01T21:03:00Z,1.325,2.320,924.000,7509901312.000,0.000,0.000,,0.000,0.115,0.000
2026-10-01T21:04:00Z,1.320,2.330,924.000,7509901312.000,0.000,0.000,0.000,0.000,0.090,0.000
2026-10-01T21:05:00Z,1.300,2.310,924.000,7509901312.000,0.000,0.000,0.000,0.000,0.117,0.000
2026-10-01T21:06:00Z,1.260,2.230,924.000,7509901312.000,0.000,0.000,,0.000,0.095,0.000
2026-10-01T21:07:00Z,1.295,2.290,,7509901312.000,0.000,0.000,0.000,0.000,,0.000
2026-10-01T21:08:00Z,1.310,2.310,924.000,7509901312.000,0.000,0.000,,0.000,0.098,0.000
2026-10-01T21:09:00Z,1.295,2.290,924.000,,0.000,0.000,0.000,0.000,0.110,0.000
2026-10-01T21:10:00Z,2.035,2.310,924.000,7501512704.000,0.000,0.000,,0.000,0.092,0.000
2026-10-01T21:11:00Z,1.530,2.740,924.000,7592738816.000,0.000,0.000,0.000,0.000,0.385,0.000
2026-10-01T21:12:00Z,1.305,2.320,924.000,7592738816.000,0.000,0.000,0.000,0.000,0.790,0.000
2026-10-01T21:13:00Z,1.300,2.280,924.000,7592738816.000,0.000,0.000,,0.000,0.140,0.000
2026-10-01T21:14:00Z,1.300,2.300,924.000,7592738816.000,0.000,0.000,0.000,0.000,0.092,0.000
2026-10-01T21:15:00Z,1.300,2.290,924.000,7592738816.000,0.000,0.000,0.000,0.000,0.110,0.000
2026-10-01T21:16:00Z,1.360,2.410,924.000,7592738816.000,0.000,0.000,0.000,0.000,0.287,0.000
2026-10-01T21:17:00Z,1.315,2.330,,7592738816.000,0.000,0.000,0.000,0.000,,0.000
2026-10-01T21:18:00Z,1.345,2.370,924.000,7592738816.000,0.000,0.000,,0.000,0.090,0.000
2026-10-01T21:19:00Z,1.340,2.370,924.000,7592738816.000,0.000,0.000,0.000,0.000,0.328,0.000
2026-10-01T21:20:00Z,1.290,2.290,924.000,7592738816.000,0.000,0.000,0.000,0.000,0.098,0.000
2026-10-01T21:21:00Z,1.330,2.360,924.000,7592738816.000,0.000,0.000,,0.000,0.090,0.000
2026-10-01T21:22:00Z,1.295,2.290,924.000,7592738816.000,0.000,0.000,0.000,0.000,0.200,0.000
2026-10-01T21:23:00Z,1.310,2.280,,7592738816.000,0.000,0.000,0.000,0.000,,0.000
2026-10-01T21:24:00Z,1.285,2.260,924.000,7592738816.000,0.000,0.000,0.000,0.000,0.110,0.000
2026-10-01T21:25:00Z,1.305,2.300,924.000,7592738816.000,0.000,0.000,,0.000,0.090,0.000
2026-10-01T21:26:00Z,1.290,2.280,924.000,7592738816.000,0.000,0.000,0.000,0.000,0.090,0.000
2026-10-01T21:27:00Z,1.310,2.300,924.000,7592738816.000,0.000,0.000,,0.000,0.092,0.000
2026-10-01T21:28:00Z,1.330,2.320,924.000,7591690240.000,0.000,0.000,0.000,0.000,0.090,0.000
2026-10-01T21:29:00Z,1.295,2.280,924.000,7592738816.000,0.000,0.000,0.000,0.000,0.110,0.000
2026-10-01T21:30:00Z,1.300,2.290,924.000,7592738816.000,0.000,0.000,0.000,0.000,0.102,0.000
2026-10-01T21:31:00Z,1.335,2.350,924.000,7592738816.000,0.000,0.000,,0.000,0.090,0.000
2026-10-01T21:32:00Z,1.290,2.260,924.000,7592738816.000,0.000,0.000,0.000,0.000,0.207,0.000
2026-10-01T21:33:00Z,1.365,2.380,,7592738816.000,0.000,0.000,,0.000,,0.000
2026-10-01T21:34:00Z,,,924.000,7592738816.000,0.000,0.000,0.000,0.000,0.098,0.000
2026-10-01T21:35:00Z,1.335,2.390,924.000,7592738816.000,0.000,0.000,0.000,0.000,0.117,0.000
2026-10-01T21:36:00Z,1.265,2.220,924.000,7592738816.000,0.000,0.000,0.000,0.000,0.098,0.000
2026-10-01T21:37:00Z,1.275,2.230,924.000,7592738816.000,0.000,0.000,0.000,0.000,0.098,0.000
2026-10-01T21:38:00Z,1.290,2.240,924.000,7592738816.000,0.000,0.000,,0.000,0.109,0.000
2026-10-01T21:39:00Z,1.335,2.340,,7592738816.000,0.000,0.000,0.000,0.000,,0.000
2026-10-01T21:40:00Z,1.290,2.280,924.000,7592738816.000,0.000,0.000,0.000,0.000,0.285,0.000
2026-10-01T21:41:00Z,1.320,2.340,924.000,,0.000,0.000,0.000,0.000,0.095,0.000
2026-10-01T21:42:00Z,1.310,2.310,924.000,7592738816.000,0.000,0.000,0.000,0.000,0.225,0.000
2026-10-01T21:43:00Z,,,,,0.000,0.000,,0.000,,0.000
2026-10-01T21:44:00Z,1.520,3.030,924.000,7591690240.000,0.000,0.000,0.000,0.000,0.552,0.000
2026-10-01T21:45:00Z,,,924.000,,0.000,0.000,,0.000,0.110,0.000
2026-10-01T21:46:00Z,1.262,2.230,924.000,7591690240.000,0.000,0.000,0.000,0.000,0.174,0.000
2026-10-01T21:47:00Z,1.325,2.350,,7591690240.000,0.000,0.000,0.000,0.000,,0.000
2026-10-01T21:48:00Z,1.300,2.280,924.000,7591690240.000,0.000,0.000,,0.000,0.090,0.000
2026-10-01T21:49:00Z,1.315,2.330,924.000,7591690240.000,0.000,0.000,0.000,0.000,0.110,0.000
2026-10-01T21:50:00Z,1.295,2.290,924.000,7591690240.000,0.000,0.000,0.000,0.000,0.085,0.000
2026-10-01T21:51:00Z,1.410,2.520,924.000,7591690240.000,0.000,0.000,0.000,0.000,0.098,0.000
2026-10-01T21:52:00Z,1.365,2.430,924.000,7591690240.000,0.000,0.000,0.000,0.000,0.310,0.000
2026-10-01T21:53:00Z,1.290,2.260,924.000,7591690240.000,0.000,0.000,,0.000,0.102,0.000
2026-10-01T21:54:00Z,1.285,2.280,924.000,7591690240.000,0.000,0.000,0.000,0.000,0.110,0.000
2026-10-01T21:55:00Z,1.315,2.340,924.000,7591690240.000,0.000,0.000,,0.000,0.095,0.000
2026-10-01T21:56:00Z,1.870,3.430,924.000,7553941504.000,0.000,0.000,0.000,0.000,0.090,0.000
2026-10-01T21:57:00Z,1.305,2.310,924.000,7553941504.000,0.000,0.000,0.000,0.000,0.410,0.000
2026-10-01T21:58:00Z,1.325,2.330,,7553941504.000,0.000,0.000,0.000,0.000,,0.000
2026-10-01T21:59:00Z,1.280,2.270,924.000,7553941504.000,0.000,0.000,0.000,0.000,0.089,0.000
2026-10-01T22:00:00Z,1.290,2.290,,7553941504.000,0.000,0.000,0.000,0.000,,0.000
2026-10-01T22:01:00Z,1.640,2.650,924.000,7554990080.000,24.900,24.900,,0.040,0.090,0.000
2026-10-01T22:02:00Z,1.530,2.520,924.000,7556038656.000,11.130,11.130,3.000,0.010,4.707,0.000
2026-10-01T22:03:00Z,1.505,2.490,,7556038656.000,7.400,7.400,,0.010,,0.000
2026-10-01T22:04:00Z,,,924.000,7556038656.000,6.880,6.880,1.000,0.010,1.935,0.000
2026-10-01T22:05:00Z,1.512,2.600,924.000,7556038656.000,9.280,9.280,1.000,0.010,1.825,0.000
2026-10-01T22:06:00Z,1.525,2.540,924.000,7556038656.000,10.340,10.340,1.000,0.010,2.415,0.000
2026-10-01T22:07:00Z,1.455,2.440,924.000,7556038656.000,6.930,6.930,1.000,0.010,2.683,0.000
2026-10-01T22:08:00Z,1.480,2.390,924.000,7556038656.000,11.710,11.710,,0.020,1.823,0.000
2026-10-01T22:09:00Z,1.405,2.340,924.000,7556038656.000,7.460,7.460,1.000,0.010,3.018,0.000
2026-10-01T22:10:00Z,1.485,2.430,924.000,7556038656.000,15.570,15.570,1.000,0.020,1.985,0.000
2026-10-01T22:11:00Z,2.355,4.230,924.000,7550795776.000,7.310,7.310,,0.010,4.008,0.000
2026-10-01T22:12:00Z,1.455,2.450,924.000,7550795776.000,6.430,6.430,2.000,0.010,2.005,0.000
2026-10-01T22:13:00Z,1.500,2.510,,7549747200.000,5.740,5.740,,0.000,,0.000
2026-10-01T22:14:00Z,1.435,2.450,924.000,7549747200.000,3.260,3.260,1.000,0.000,1.540,0.000
2026-10-01T22:15:00Z,1.485,2.520,924.000,7549747200.000,7.290,7.290,0.000,0.010,0.925,0.000
2026-10-01T22:16:00Z,1.500,2.490,924.000,7550795776.000,8.010,8.010,0.000,0.010,2.084,0.000
2026-10-01T22:17:00Z,1.435,2.440,,7550795776.000,4.030,4.030,1.000,0.000,,0.000
2026-10-01T22:18:00Z,1.465,2.460,924.000,7550795776.000,3.880,3.880,,0.000,1.110,0.000
2026-10-01T22:19:00Z,1.410,2.420,924.000,7550795776.000,4.390,4.390,0.000,0.000,1.268,0.000
2026-10-01T22:20:00Z,1.440,2.470,924.000,7550795776.000,4.330,4.330,0.000,0.000,1.190,0.000
2026-10-01T22:21:00Z,1.455,2.470,924.000,7550795776.000,5.960,5.960,0.000,0.010,1.173,0.000
2026-10-01T22:22:00Z,1.430,2.450,924.000,7551844352.000,2.480,2.480,,0.000,1.255,0.000
2026-10-01T22:23:00Z,1.455,2.460,,7551844352.000,3.860,3.860,1.000,0.000,,0.000
2026-10-01T22:24:00Z,1.475,2.460,924.000,7551844352.000,9.980,9.980,0.000,0.010,1.060,0.000
2026-10-01T22:25:00Z,1.430,2.420,924.000,7551844352.000,5.510,5.510,,0.000,2.610,0.000
2026-10-01T22:26:00Z,1.385,2.370,924.000,7551844352.000,6.760,6.760,1.000,0.010,1.626,0.000
2026-10-01T22:27:00Z,1.430,2.460,,7551844352.000,3.410,3.410,0.000,0.000,,0.000
2026-10-01T22:28:00Z,1.405,2.390,924.000,7551844352.000,3.540,3.540,1.000,0.000,0.950,0.000
2026-10-01T22:29:00Z,1.400,2.400,924.000,7551844352.000,1.930,1.930,0.000,0.000,0.995,0.000
2026-10-01T22:30:00Z,1.375,2.360,924.000,7551844352.000,2.410,2.410,0.000,0.000,0.575,0.000
2026-10-01T22:31:00Z,1.470,2.490,924.000,7551844352.000,6.380,6.380,0.000,0.010,0.688,0.000
2026-10-01T22:32:00Z,1.445,2.470,924.000,7551844352.000,5.080,5.080,,0.000,1.900,0.000
2026-10-01T22:33:00Z,1.465,2.490,924.000,7551844352.000,4.940,4.940,1.000,0.000,1.367,0.000
2026-10-01T22:34:00Z,1.445,2.490,924.000,7551844352.000,5.160,5.160,0.000,0.000,1.345,0.000
2026-10-01T22:35:00Z,1.415,2.410,924.000,7551844352.000,3.510,3.510,0.000,0.000,1.393,0.000
2026-10-01T22:36:00Z,1.400,2.390,924.000,7551844352.000,4.650,4.650,,0.000,0.968,0.000
2026-10-01T22:37:00Z,1.415,2.420,924.000,7551844352.000,3.860,3.860,0.000,0.000,1.156,0.000
2026-10-01T22:38:00Z,1.415,2.390,,7550795776.000,4.510,4.510,,0.000,,0.000
2026-10-01T22:39:00Z,1.400,2.400,924.000,7550795776.000,2.380,2.380,0.000,0.000,1.056,0.000
2026-10-01T22:40:00Z,1.400,2.420,,7550795776.000,4.130,4.130,0.000,0.000,,0.000
2026-10-01T22:41:00Z,1.420,2.440,924.000,7550795776.000,3.690,3.690,0.000,0.000,1.130,0.000
2026-10-01T22:42:00Z,1.485,2.560,924.000,7550795776.000,2.490,2.490,,0.000,1.218,0.000
2026-10-01T22:43:00Z,1.400,2.390,924.000,7550795776.000,3.060,3.060,0.000,0.000,0.932,0.000
2026-10-01T22:44:00Z,1.410,2.400,924.000,7550795776.000,3.790,3.790,0.000,0.000,0.907,0.000
2026-10-01T22:45:00Z,1.395,2.410,924.000,7550795776.000,2.190,2.190,0.000,0.000,1.045,0.000
2026-10-01T22:46:00Z,1.415,2.440,924.000,7550795776.000,2.860,2.860,,0.000,0.802,0.000
2026-10-01T22:47:00Z,1.445,2.450,924.000,7550795776.000,4.080,4.080,0.000,0.000,0.966,0.000
2026-10-01T22:48:00Z,1.420,2.430,,7549747200.000,3.180,3.180,,0.000,,0.000
2026-10-01T22:49:00Z,1.395,2.380,924.000,7549747200.000,2.490,2.490,0.000,0.000,0.912,0.000
2026-10-01T22:50:00Z,1.405,2.410,924.000,7549747200.000,1.110,1.110,0.000,0.000,0.715,0.000
2026-10-01T22:51:00Z,1.450,2.490,924.000,7550795776.000,2.680,2.680,0.000,0.000,0.380,0.000
2026-10-01T22:52:00Z,1.400,2.400,924.000,7550795776.000,2.440,2.440,0.000,0.000,0.851,0.000
2026-10-01T22:53:00Z,1.430,2.420,,7550795776.000,3.480,3.480,,0.000,,0.000
2026-10-01T22:54:00Z,1.425,2.420,924.000,7550795776.000,4.310,4.310,0.000,0.000,0.985,0.000
2026-10-01T22:55:00Z,1.415,2.370,924.000,7550795776.000,6.180,6.180,0.000,0.010,1.175,0.000
2026-10-01T22:56:00Z,1.465,2.380,924.000,7551844352.000,12.830,12.830,1.000,0.020,1.635,0.000
2026-10-01T22:57:00Z,1.470,2.480,924.000,7551844352.000,9.180,9.180,2.000,0.010,2.842,0.000
2026-10-01T22:58:00Z,1.445,2.430,,7551844352.000,5.340,5.340,,0.000,,0.000
2026-10-01T22:59:00Z,1.390,2.360,924.000,7551844352.000,7.280,7.280,1.000,0.010,1.458,0.000
2026-10-01T23:00:00Z,1.480,2.490,924.000,7551844352.000,13.020,13.020,1.000,0.020,2.631,0.000
2026-10-01T23:01:00Z,1.545,2.620,,7551844352.000,14.080,14.080,,0.040,,0.000
2026-10-01T23:02:00Z,1.415,2.380,924.000,7551844352.000,6.330,6.330,2.000,0.010,2.756,0.000
2026-10-01T23:03:00Z,1.510,2.520,,7551844352.000,8.380,8.380,2.000,0.010,,0.000
2026-10-01T23:04:00Z,1.505,2.430,924.000,7551844352.000,17.540,17.540,1.000,0.030,2.210,0.000
2026-10-01T23:05:00Z,1.535,2.520,924.000,7551844352.000,14.860,14.860,3.000,0.020,4.478,0.000
2026-10-01T23:06:00Z,1.465,2.460,924.000,7551844352.000,10.090,10.090,,0.010,3.805,0.000
2026-10-01T23:07:00Z,1.515,2.530,924.000,7551844352.000,15.610,15.610,2.000,0.020,2.625,0.000
2026-10-01T23:08:00Z,1.485,2.490,924.000,7551844352.000,8.240,8.240,1.000,0.010,3.998,0.000
2026-10-01T23:09:00Z,1.455,2.450,924.000,7552892928.000,9.710,9.710,2.000,0.010,2.178,0.000
2026-10-01T23:10:00Z,1.435,2.430,924.000,7551844352.000,7.760,7.760,1.000,0.010,2.525,0.000
2026-10-01T23:11:00Z,2.295,3.250,924.000,7532969984.000,8.710,8.710,1.000,0.010,2.025,0.000
2026-10-01T23:12:00Z,1.450,2.470,924.000,7558135808.000,7.060,7.060,1.000,0.010,2.297,0.000
2026-10-01T23:13:00Z,1.490,2.530,,7558135808.000,6.630,6.630,,0.010,,0.000
2026-10-01T23:14:00Z,1.430,2.420,924.000,7558135808.000,6.060,6.060,1.000,0.010,1.768,0.000
2026-10-01T23:15:00Z,1.475,2.470,924.000,7558135808.000,11.090,11.090,,0.010,2.314,0.000
2026-10-01T23:16:00Z,1.510,2.430,,7558135808.000,14.500,14.500,1.000,0.020,,0.000
2026-10-01T23:17:00Z,1.415,2.400,924.000,7558135808.000,7.480,7.480,2.000,0.010,3.728,0.000
2026-10-01T23:18:00Z,1.480,2.520,924.000,7557087232.000,6.830,6.830,,0.010,1.975,0.000
2026-10-01T23:19:00Z,1.480,2.490,924.000,7557087232.000,8.150,8.150,1.000,0.010,1.980,0.000
2026-10-01T23:20:00Z,1.395,2.390,924.000,7557087232.000,3.780,3.780,1.000,0.000,2.183,0.000
2026-10-01T23:21:00Z,1.435,2.470,924.000,7556038656.000,3.090,3.090,0.000,0.000,1.048,0.000
2026-10-01T23:22:00Z,1.445,2.480,924.000,7556038656.000,4.360,4.360,0.000,0.000,1.131,0.000
2026-10-01T23:23:00Z,1.425,2.410,,7554990080.000,5.560,5.560,,0.000,,0.000
2026-10-01T23:24:00Z,1.435,2.440,924.000,7554990080.000,5.350,5.350,0.000,0.000,1.492,0.000
2026-10-01T23:25:00Z,1.385,2.380,924.000,7556038656.000,3.290,3.290,1.000,0.000,1.170,0.000
2026-10-01T23:26:00Z,1.420,2.430,,7556038656.000,5.560,5.560,0.000,0.000,,0.000
2026-10-01T23:27:00Z,1.390,2.370,924.000,7556038656.000,4.760,4.760,,0.000,1.384,0.000
2026-10-01T23:28:00Z,1.430,2.440,,7554990080.000,2.730,2.730,0.000,0.000,,0.000
2026-10-01T23:29:00Z,1.400,2.390,924.000,7554990080.000,3.790,3.790,0.000,0.000,0.920,0.000
2026-10-01T23:30:00Z,1.380,2.390,,7554990080.000,1.230,1.230,0.000,0.000,,0.000
2026-10-01T23:31:00Z,1.430,2.450,924.000,7554990080.000,5.980,5.980,0.000,0.010,0.398,0.000
2026-10-01T23:32:00Z,1.515,2.510,924.000,7554990080.000,16.030,16.030,1.000,0.030,1.798,0.000
2026-10-01T23:33:00Z,1.520,2.480,924.000,7557087232.000,12.210,12.210,,0.020,4.117,0.000
2026-10-01T23:34:00Z,1.470,2.460,924.000,7557087232.000,13.310,13.310,2.000,0.020,3.163,0.000
2026-10-01T23:35:00Z,1.480,2.510,924.000,7557087232.000,6.790,6.790,,0.010,2.604,0.000
2026-10-01T23:36:00Z,,,,7557087232.000,4.990,4.990,2.000,0.000,,0.000
2026-10-01T23:37:00Z,1.438,2.450,924.000,7557087232.000,7.040,7.040,1.000,0.010,1.595,0.000
2026-10-01T23:38:00Z,1.475,2.410,,7557087232.000,11.110,11.110,,0.010,,0.000
2026-10-01T23:39:00Z,,,924.000,7557087232.000,4.910,4.910,1.000,0.000,2.905,0.000
2026-10-01T23:40:00Z,1.442,2.460,924.000,7557087232.000,5.410,5.410,1.000,0.000,1.488,0.000
2026-10-01T23:41:00Z,1.515,2.480,924.000,7557087232.000,12.910,12.910,0.000,0.020,1.450,0.000
2026-10-01T23:42:00Z,1.430,2.450,924.000,7557087232.000,4.740,4.740,2.000,0.000,2.410,0.000
2026-10-01T23:43:00Z,1.450,2.440,,7557087232.000,6.580,6.580,,0.010,,0.000
2026-10-01T23:44:00Z,1.445,2.460,924.000,7557087232.000,6.250,6.250,1.000,0.010,1.788,0.000
2026-10-01T23:45:00Z,1.465,2.390,924.000,7557087232.000,11.760,11.760,0.000,0.020,1.677,0.000
2026-10-01T23:46:00Z,1.575,2.590,924.000,7557087232.000,19.840,19.840,2.000,0.030,3.195,0.000
2026-10-01T23:47:00Z,1.555,2.610,924.000,7557087232.000,16.360,16.360,3.000,0.050,4.635,0.000
2026-10-01T23:48:00Z,1.450,2.420,,7557087232.000,7.640,7.640,,0.010,,0.000
2026-10-01T23:49:00Z,1.425,2.390,924.000,7557087232.000,5.160,5.160,1.000,0.000,2.033,0.000
2026-10-01T23:50:00Z,1.545,2.570,924.000,7557087232.000,15.060,15.060,1.000,0.020,1.413,0.000
2026-10-01T23:51:00Z,,,924.000,7557087232.000,33.510,33.510,,0.060,4.055,0.000
2026-10-01T23:52:00Z,1.670,2.660,924.000,,15.830,15.830,5.000,0.020,8.688,0.000
2026-10-01T23:53:00Z,1.607,2.700,924.000,7557087232.000,11.430,11.430,,0.010,4.055,0.000
2026-10-01T23:54:00Z,1.495,2.390,924.000,7557087232.000,19.620,19.620,2.000,0.100,2.967,0.000
2026-10-01T23:55:00Z,1.455,2.470,924.000,7557087232.000,10.910,10.910,,0.010,4.997,0.000
2026-10-01T23:56:00Z,1.435,2.450,924.000,7557087232.000,5.860,5.860,3.000,0.010,2.812,0.000
2026-10-01T23:57:00Z,1.415,2.430,924.000,7557087232.000,5.330,5.330,,0.000,1.496,0.000
2026-10-01T23:58:00Z,1.495,2.480,,7557087232.000,8.460,8.460,0.000,0.010,,0.000
2026-10-01T23:59:00Z,1.420,2.430,924.000,7557087232.000,6.610,6.610,1.000,0.010,2.382,0.000
2026-10-02T00:00:00Z,1.470,2.480,924.000,7557087232.000,11.760,11.760,1.000,0.020,2.396,0.000
2026-10-02T00:01:00Z,1.790,2.820,,7556038656.000,41.360,41.360,,0.120,,0.000
2026-10-02T00:02:00Z,1.660,2.660,924.000,7556038656.000,22.540,22.540,3.000,0.040,10.793,0.000
2026-10-02T00:03:00Z,1.520,2.550,924.000,7556038656.000,9.060,9.060,6.000,0.010,5.725,0.000
2026-10-02T00:04:00Z,1.470,2.480,924.000,7556038656.000,14.000,14.000,3.000,0.020,2.382,0.000
2026-10-02T00:05:00Z,1.570,2.660,924.000,7557087232.000,11.060,11.060,,0.020,3.607,0.000
2026-10-02T00:06:00Z,1.555,2.550,924.000,7557087232.000,18.410,18.410,2.000,0.030,3.087,0.000
2026-10-02T00:07:00Z,1.520,2.540,924.000,7557087232.000,16.660,16.660,3.000,0.030,4.745,0.000
2026-10-02T00:08:00Z,1.650,2.730,924.000,7558135808.000,13.850,13.850,,0.030,4.235,0.000
2026-10-02T00:09:00Z,1.470,2.480,924.000,7559184384.000,11.960,11.960,2.000,0.020,3.933,0.000
2026-10-02T00:10:00Z,,,924.000,,13.680,13.680,2.000,0.020,3.095,0.000
2026-10-02T00:11:00Z,2.060,2.640,924.000,7545552896.000,42.210,42.210,,0.110,3.515,0.000
2026-10-02T00:12:00Z,1.655,2.700,924.000,7553941504.000,24.890,24.890,2.000,0.040,8.797,0.000
2026-10-02T00:13:00Z,1.570,2.610,,7553941504.000,19.930,19.930,7.000,0.040,,0.000
2026-10-02T00:14:00Z,1.570,2.620,924.000,7549747200.000,17.280,17.280,4.000,0.030,5.093,0.000
2026-10-02T00:15:00Z,1.520,2.520,924.000,7549747200.000,14.200,14.200,3.000,0.020,4.043,0.000
2026-10-02T00:16:00Z,1.660,2.610,,7549747200.000,37.260,37.260,,0.100,,0.000
2026-10-02T00:17:00Z,1.700,2.740,924.000,7549747200.000,29.150,29.150,6.000,0.050,9.580,0.000
2026-10-02T00:18:00Z,1.710,2.670,924.000,7549747200.000,32.770,32.770,,0.060,7.383,0.000
2026-10-02T00:19:00Z,1.520,2.520,924.000,7550795776.000,31.270,31.270,4.000,0.070,8.447,0.000
2026-10-02T00:20:00Z,1.825,2.910,924.000,7550795776.000,34.780,34.780,5.000,0.070,7.952,0.000
2026-10-02T00:21:00Z,1.655,2.710,924.000,7550795776.000,24.460,24.460,6.000,0.040,8.793,0.000
2026-10-02T00:22:00Z,1.810,2.770,924.000,7550795776.000,56.660,56.660,5.000,0.350,6.435,0.000
2026-10-02T00:23:00Z,1.660,2.730,924.000,7550795776.000,22.250,22.250,,0.040,14.262,0.000
2026-10-02T00:24:00Z,1.710,2.630,924.000,7548698624.000,43.490,43.490,10.000,0.380,5.670,0.000
2026-10-02T00:25:00Z,1.630,2.680,924.000,7548698624.000,23.340,23.340,,0.040,11.002,0.000
2026-10-02T00:26:00Z,1.635,2.610,924.000,7547650048.000,33.740,33.740,7.000,0.060,5.938,0.000
2026-10-02T00:27:00Z,1.695,2.670,924.000,7547650048.000,40.600,40.600,5.000,0.110,9.380,0.000
2026-10-02T00:28:00Z,1.755,2.770,,7546601472.000,40.370,40.370,,0.150,,0.000
2026-10-02T00:29:00Z,1.680,2.680,924.000,7546601472.000,31.170,31.170,7.000,0.060,10.215,0.000
2026-10-02T00:30:00Z,1.550,2.530,924.000,7546601472.000,19.010,19.010,5.000,0.030,6.367,0.000
2026-10-02T00:31:00Z,1.685,2.670,,7545552896.000,31.820,31.820,,0.060,,0.000
2026-10-02T00:32:00Z,1.740,2.780,924.000,7545552896.000,33.870,33.870,6.000,0.060,8.415,0.000
2026-10-02T00:33:00Z,3.095,5.450,,7365197824.000,22.230,22.230,,0.050,,0.000
2026-10-02T00:34:00Z,1.575,2.580,924.000,7545552896.000,19.680,19.680,5.000,0.030,6.075,0.000
2026-10-02T00:35:00Z,1.615,2.550,924.000,7545552896.000,30.620,30.620,,0.060,5.060,0.000
2026-10-02T00:36:00Z,1.560,2.560,924.000,7545552896.000,20.660,20.660,5.000,0.030,7.740,0.000
2026-10-02T00:37:00Z,1.545,2.560,924.000,7546601472.000,16.390,16.390,,0.020,5.270,0.000
2026-10-02T00:38:00Z,1.520,2.490,924.000,7547650048.000,13.180,13.180,3.000,0.020,4.188,0.000
2026-10-02T00:39:00Z,1.530,2.510,924.000,7547650048.000,20.020,20.020,2.000,0.030,3.435,0.000
2026-10-02T00:40:00Z,1.565,2.570,924.000,7547650048.000,18.010,18.010,2.000,0.030,5.265,0.000
2026-10-02T00:41:00Z,1.590,2.590,924.000,7547650048.000,23.310,23.310,3.000,0.040,4.593,0.000
2026-10-02T00:42:00Z,1.640,2.550,924.000,7547650048.000,35.510,35.510,,0.130,7.558,0.000
2026-10-02T00:43:00Z,1.590,2.650,,7547650048.000,16.460,16.460,4.000,0.030,,0.000
2026-10-02T00:44:00Z,1.480,2.490,924.000,7547650048.000,12.740,12.740,6.000,0.020,4.237,0.000
2026-10-02T00:45:00Z,1.485,2.450,924.000,7547650048.000,15.050,15.050,2.000,0.020,3.303,0.000
2026-10-02T00:46:00Z,1.575,2.600,924.000,7547650048.000,17.980,17.980,,0.030,3.870,0.000
2026-10-02T00:47:00Z,1.520,2.520,924.000,7547650048.000,15.980,15.980,3.000,0.020,4.768,0.000
2026-10-02T00:48:00Z,1.480,2.430,924.000,7547650048.000,15.910,15.910,,0.020,4.088,0.000
2026-10-02T00:49:00Z,1.535,2.540,924.000,7547650048.000,16.310,16.310,2.000,0.050,4.105,0.000
2026-10-02T00:50:00Z,1.470,2.450,924.000,7547650048.000,13.560,13.560,2.000,0.020,3.821,0.000
2026-10-02T00:51:00Z,1.500,2.530,,7548698624.000,12.230,12.230,2.000,0.020,,0.000
2026-10-02T00:52:00Z,1.455,2.480,924.000,7548698624.000,7.430,7.430,2.000,0.010,3.385,0.000
2026-10-02T00:53:00Z,1.450,2.460,924.000,,8.930,8.930,,0.010,1.972,0.000
2026-10-02T00:54:00Z,1.485,2.500,924.000,7549747200.000,13.180,13.180,1.000,0.020,2.350,0.000
2026-10-02T00:55:00Z,1.475,2.490,924.000,7549747200.000,12.960,12.960,2.000,0.020,3.397,0.000
2026-10-02T00:56:00Z,1.515,2.470,924.000,7549747200.000,18.010,18.010,,0.030,3.330,0.000
2026-10-02T00:57:00Z,1.470,2.470,924.000,7549747200.000,7.740,7.740,3.000,0.010,3.310,0.000
2026-10-02T00:58:00Z,1.485,2.440,,7549747200.000,13.210,13.210,,0.020,,0.000
2026-10-02T00:59:00Z,,,924.000,,6.980,6.980,2.000,0.010,3.420,0.000
2026-10-02T01:00:00Z,1.470,2.490,924.000,7549747200.000,16.260,16.260,1.000,0.030,1.843,0.000
2026-10-02T01:01:00Z,1.650,2.720,924.000,7549747200.000,31.220,31.220,3.000,0.060,4.150,0.000
2026-10-02T01:02:00Z,1.610,2.610,924.000,7549747200.000,29.000,29.000,4.000,0.050,8.098,0.000
2026-10-02T01:03:00Z,1.680,2.720,924.000,7549747200.000,26.820,26.820,,0.060,7.353,0.000
2026-10-02T01:04:00Z,1.540,2.490,924.000,7549747200.000,25.070,25.070,5.000,0.060,6.815,0.000
2026-10-02T01:05:00Z,1.520,2.550,924.000,7549747200.000,14.590,14.590,,0.020,6.360,0.000
2026-10-02T01:06:00Z,1.630,2.650,924.000,7549747200.000,22.690,22.690,4.000,0.040,4.768,0.000
2026-10-02T01:07:00Z,1.480,2.510,,7549747200.000,9.880,9.880,2.000,0.010,,0.000
2026-10-02T01:08:00Z,1.510,2.450,924.000,7549747200.000,14.930,14.930,3.000,0.020,2.560,0.000
2026-10-02T01:09:00Z,1.535,2.540,924.000,7549747200.000,17.020,17.020,2.000,0.030,3.855,0.000
2026-10-02T01:10:00Z,1.530,2.570,924.000,7549747200.000,13.710,13.710,,0.020,4.357,0.000
2026-10-02T01:11:00Z,1.670,2.520,924.000,7549747200.000,28.300,28.300,3.000,0.050,3.518,0.000
2026-10-02T01:12:00Z,2.280,4.050,924.000,7549747200.000,11.290,11.290,5.000,0.020,7.383,0.000
2026-10-02T01:13:00Z,1.535,2.530,924.000,7549747200.000,10.830,10.830,,0.010,3.225,0.000
2026-10-02T01:14:00Z,1.440,2.410,924.000,7549747200.000,8.610,8.610,1.000,0.010,2.848,0.000
2026-10-02T01:15:00Z,1.455,2.430,924.000,7549747200.000,9.250,9.250,1.000,0.010,2.330,0.000
2026-10-02T01:16:00Z,1.535,2.490,,7549747200.000,19.590,19.590,1.000,0.030,,0.000
2026-10-02T01:17:00Z,1.535,2.530,924.000,7549747200.000,13.200,13.200,3.000,0.020,5.138,0.000
2026-10-02T01:18:00Z,1.505,2.500,924.000,7549747200.000,10.040,10.040,,0.010,3.422,0.000
2026-10-02T01:19:00Z,1.425,2.400,924.000,7549747200.000,11.310,11.310,2.000,0.030,2.873,0.000
2026-10-02T01:20:00Z,1.475,2.500,,7549747200.000,12.360,12.360,1.000,0.020,,0.000
2026-10-02T01:21:00Z,1.535,2.570,924.000,7549747200.000,16.460,16.460,2.000,0.030,3.188,0.000
2026-10-02T01:22:00Z,1.600,2.600,924.000,7549747200.000,22.830,22.830,3.000,0.040,5.120,0.000
2026-10-02T01:23:00Z,1.590,2.570,,7549747200.000,24.860,24.860,,0.120,,0.000
2026-10-02T01:24:00Z,1.495,2.480,924.000,7549747200.000,16.960,16.960,4.000,0.030,6.320,0.000
2026-10-02T01:25:00Z,,,924.000,,11.260,11.260,,0.010,4.355,0.000
2026-10-02T01:26:00Z,1.512,2.530,924.000,7550795776.000,15.810,15.810,3.000,0.020,2.917,0.000
2026-10-02T01:27:00Z,1.505,2.500,924.000,7550795776.000,14.140,14.140,3.000,0.020,3.850,0.000
2026-10-02T01:28:00Z,1.485,2.470,,7550795776.000,11.490,11.490,,0.020,,0.000
2026-10-02T01:29:00Z,1.480,2.460,924.000,7550795776.000,14.020,14.020,2.000,0.020,2.987,0.000
2026-10-02T01:30:00Z,1.510,2.490,924.000,7549747200.000,16.120,16.120,2.000,0.030,3.598,0.000
2026-10-02T01:31:00Z,1.580,2.630,924.000,7549747200.000,22.860,22.860,3.000,0.050,4.120,0.000
2026-10-02T01:32:00Z,1.505,2.500,924.000,7549747200.000,13.210,13.210,3.000,0.030,4.718,0.000
2026-10-02T01:33:00Z,1.520,2.550,,7549747200.000,18.470,18.470,,0.030,,0.000
2026-10-02T01:34:00Z,1.535,2.560,924.000,7549747200.000,14.860,14.860,3.000,0.020,4.259,0.000
2026-10-02T01:35:00Z,1.510,2.550,,7549747200.000,13.660,13.660,,0.020,,0.000
2026-10-02T01:36:00Z,1.550,2.600,924.000,7549747200.000,18.530,18.530,2.000,0.030,3.513,0.000
2026-10-02T01:37:00Z,1.525,2.610,924.000,7549747200.000,16.030,16.030,,0.060,4.410,0.000
2026-10-02T01:38:00Z,1.570,2.610,,7549747200.000,18.430,18.430,2.000,0.050,,0.000
2026-10-02T01:39:00Z,1.530,2.610,924.000,7549747200.000,10.330,10.330,3.000,0.010,3.768,0.000
2026-10-02T01:40:00Z,1.485,2.500,,7549747200.000,10.680,10.680,3.000,0.010,,0.000
2026-10-02T01:41:00Z,1.515,2.520,924.000,7548698624.000,,,2.000,,2.788,
2026-10-02T01:42:00Z,1.510,2.480,924.000,7548698624.000,12.320,12.320,,0.020,3.385,0.000
2026-10-02T01:43:00Z,1.520,2.510,,7549747200.000,16.110,16.110,2.000,0.030,,0.000
2026-10-02T01:44:00Z,1.415,2.340,924.000,7548698624.000,12.990,12.990,3.000,0.020,4.145,0.000
2026-10-02T01:45:00Z,1.465,2.430,924.000,7548698624.000,11.550,11.550,2.000,0.010,3.370,0.000
2026-10-02T01:46:00Z,1.490,2.490,924.000,7548698624.000,12.420,12.420,2.000,0.020,3.002,0.000
2026-10-02T01:47:00Z,1.500,2.520,924.000,7548698624.000,12.990,12.990,,0.020,3.228,0.000
2026-10-02T01:48:00Z,1.475,2.440,924.000,7548698624.000,11.290,11.290,2.000,0.020,3.525,0.000
2026-10-02T01:49:00Z,1.470,2.470,924.000,7548698624.000,13.090,13.090,1.000,0.020,2.920,0.000
2026-10-02T01:50:00Z,1.475,2.450,924.000,7548698624.000,9.830,9.830,2.000,0.010,3.377,0.000
2026-10-02T01:51:00Z,1.585,2.510,924.000,7548698624.000,8.590,8.590,,0.010,2.550,0.000
2026-10-02T01:52:00Z,1.540,2.580,924.000,7548698624.000,26.670,26.670,4.000,0.110,2.240,0.000
2026-10-02T01:53:00Z,1.780,2.740,924.000,7548698624.000,18.620,18.620,,0.030,6.970,0.000
2026-10-02T01:54:00Z,1.550,2.540,924.000,7549747200.000,40.230,40.230,6.000,0.080,4.760,0.000
2026-10-02T01:55:00Z,1.545,2.540,924.000,7549747200.000,16.440,16.440,,0.020,10.155,0.000
2026-10-02T01:56:00Z,1.630,2.710,924.000,7549747200.000,20.540,20.540,3.000,0.030,4.232,0.000
2026-10-02T01:57:00Z,1.520,2.530,924.000,7548698624.000,19.090,19.090,,0.030,5.224,0.000
2026-10-02T01:58:00Z,,,,7548698624.000,11.690,11.690,3.000,0.020,,0.000
2026-10-02T01:59:00Z,1.515,2.470,924.000,7548698624.000,17.780,17.780,2.000,0.030,3.033,0.000
2026-10-02T02:00:00Z,1.480,2.470,924.000,7548698624.000,15.890,15.890,2.000,0.020,4.555,0.000
2026-10-02T02:01:00Z,1.580,2.590,924.000,7548698624.000,12.310,12.310,2.000,0.020,4.065,0.000
2026-10-02T02:02:00Z,,,924.000,7548698624.000,22.470,22.470,3.000,0.060,3.167,0.000
2026-10-02T02:03:00Z,1.558,2.570,924.000,7548698624.000,18.610,18.610,,0.030,5.965,0.000
2026-10-02T02:04:00Z,1.530,2.510,924.000,7548698624.000,20.980,20.980,3.000,0.030,4.750,0.000
2026-10-02T02:05:00Z,1.585,2.570,924.000,7548698624.000,16.980,16.980,3.000,0.030,5.355,0.000
2026-10-02T02:06:00Z,1.605,2.670,924.000,7548698624.000,22.560,22.560,4.000,0.040,4.338,0.000
2026-10-02T02:07:00Z,1.490,2.500,924.000,7548698624.000,16.090,16.090,,0.040,4.921,0.000
2026-10-02T02:08:00Z,1.520,2.520,,7548698624.000,12.760,12.760,2.000,0.020,,0.000
2026-10-02T02:09:00Z,,,924.000,7548698624.000,10.840,10.840,2.000,0.010,3.280,0.000
2026-10-02T02:10:00Z,1.515,2.490,924.000,7548698624.000,19.190,19.190,3.000,0.040,2.820,0.000
2026-10-02T02:11:00Z,1.565,2.590,924.000,7546601472.000,19.310,19.310,,0.040,4.890,0.000
2026-10-02T02:12:00Z,2.425,3.550,924.000,7529824256.000,15.290,15.290,3.000,0.030,4.918,0.000
2026-10-02T02:13:00Z,1.510,2.550,924.000,7550795776.000,22.740,22.740,2.000,0.040,4.133,0.000
2026-10-02T02:14:00Z,1.480,2.510,924.000,7550795776.000,12.930,12.930,4.000,0.020,6.120,0.000
2026-10-02T02:15:00Z,1.590,2.710,924.000,7550795776.000,20.380,20.380,4.000,0.120,3.368,0.000
2026-10-02T02:16:00Z,1.490,2.460,924.000,7551844352.000,13.780,13.780,2.000,0.020,4.362,0.000
2026-10-02T02:17:00Z,1.565,2.540,,7550795776.000,17.670,17.670,3.000,0.040,,0.000
2026-10-02T02:18:00Z,1.670,2.660,924.000,7551844352.000,22.610,22.610,,0.060,4.640,0.000
2026-10-02T02:19:00Z,1.535,2.590,924.000,7551844352.000,32.060,32.060,4.000,0.060,5.770,0.000
2026-10-02T02:20:00Z,1.505,2.500,924.000,7551844352.000,11.230,11.230,5.000,0.020,8.325,0.000
2026-10-02T02:21:00Z,1.495,2.520,924.000,7550795776.000,14.010,14.010,1.000,0.020,2.905,0.000
2026-10-02T02:22:00Z,1.480,2.470,924.000,7550795776.000,10.530,10.530,2.000,0.010,3.280,0.000
2026-10-02T02:23:00Z,1.465,2.440,,7550795776.000,11.040,11.040,,0.020,,0.000
2026-10-02T02:24:00Z,1.465,2.500,924.000,7550795776.000,8.830,8.830,1.000,0.010,2.870,0.000
2026-10-02T02:25:00Z,1.450,2.470,924.000,7550795776.000,7.760,7.760,1.000,0.010,2.175,0.000
2026-10-02T02:26:00Z,1.425,2.430,,7549747200.000,7.790,7.790,1.000,0.010,,0.000
2026-10-02T02:27:00Z,1.475,2.450,924.000,7549747200.000,4.790,4.790,,0.000,2.045,0.000
2026-10-02T02:28:00Z,1.560,2.540,924.000,7549747200.000,12.430,12.430,1.000,0.030,1.302,0.000
2026-10-02T02:29:00Z,1.485,2.440,924.000,,14.860,14.860,2.000,0.020,3.205,0.000
2026-10-02T02:30:00Z,2.370,2.370,924.000,7548698624.000,9.450,9.450,2.000,0.010,3.825,0.000
2026-10-02T02:31:00Z,1.180,2.470,924.000,7546601472.000,7.290,7.290,1.000,0.010,2.460,0.000
2026-10-02T02:32:00Z,1.435,2.380,924.000,7546601472.000,8.130,8.130,1.000,0.010,2.160,0.000
2026-10-02T02:33:00Z,1.570,2.580,,7546601472.000,9.510,9.510,,0.010,,0.000
2026-10-02T02:34:00Z,1.420,2.380,924.000,7546601472.000,14.130,14.130,2.000,0.020,2.482,0.000
2026-10-02T02:35:00Z,1.385,2.330,924.000,7547650048.000,7.510,7.510,,0.010,3.660,0.000
2026-10-02T02:36:00Z,1.490,2.440,924.000,7546601472.000,7.310,7.310,1.000,0.010,1.968,0.000
2026-10-02T02:37:00Z,1.415,2.320,924.000,7546601472.000,15.140,15.140,1.000,0.050,2.901,0.000
2026-10-02T02:38:00Z,1.435,2.360,,7546601472.000,8.290,8.290,2.000,0.010,,0.000
2026-10-02T02:39:00Z,1.400,2.380,924.000,7546601472.000,10.210,10.210,1.000,0.010,2.163,0.000
2026-10-02T02:40:00Z,1.435,2.360,924.000,7547650048.000,4.590,4.590,,0.000,2.667,0.000
2026-10-02T02:41:00Z,1.485,2.510,924.000,7546601472.000,14.290,14.290,0.000,0.020,1.415,0.000
2026-10-02T02:42:00Z,1.440,2.430,924.000,7546601472.000,9.510,9.510,2.000,0.020,3.189,0.000
2026-10-02T02:43:00Z,1.440,2.400,,7546601472.000,7.760,7.760,,0.010,,0.000
2026-10-02T02:44:00Z,1.400,2.370,924.000,7546601472.000,6.740,6.740,1.000,0.010,2.025,0.000
2026-10-02T02:45:00Z,1.415,2.390,924.000,7546601472.000,4.610,4.610,,0.000,1.802,0.000
2026-10-02T02:46:00Z,1.545,2.600,924.000,7546601472.000,6.230,6.230,1.000,0.010,1.280,0.000
2026-10-02T02:47:00Z,1.455,2.460,924.000,7546601472.000,10.880,10.880,,0.020,2.322,0.000
2026-10-02T02:48:00Z,1.480,2.470,,7546601472.000,13.060,13.060,1.000,0.020,,0.000
2026-10-02T02:49:00Z,1.505,2.500,924.000,7546601472.000,10.010,10.010,2.000,0.010,3.355,0.000
2026-10-02T02:50:00Z,1.525,2.500,924.000,7546601472.000,14.940,14.940,,0.020,2.612,0.000
2026-10-02T02:51:00Z,1.510,2.580,924.000,7546601472.000,16.760,16.760,2.000,0.050,3.828,0.000
2026-10-02T02:52:00Z,1.465,2.480,924.000,7547650048.000,11.580,11.580,3.000,0.020,3.740,0.000
2026-10-02T02:53:00Z,1.475,2.480,,7547650048.000,8.440,8.440,1.000,0.010,,0.000
2026-10-02T02:54:00Z,1.470,2.490,924.000,7548698624.000,9.710,9.710,1.000,0.010,2.215,0.000
2026-10-02T02:55:00Z,1.425,2.410,924.000,7548698624.000,8.250,8.250,1.000,0.010,2.518,0.000
2026-10-02T02:56:00Z,1.465,2.460,924.000,7548698624.000,7.580,7.580,,0.010,2.172,0.000
2026-10-02T02:57:00Z,1.465,2.490,924.000,7548698624.000,12.760,12.760,2.000,0.020,1.988,0.000
2026-10-02T02:58:00Z,1.470,2.410,924.000,7549747200.000,7.810,7.810,,0.010,3.283,0.000
2026-10-02T02:59:00Z,1.425,2.440,924.000,7549747200.000,11.730,11.730,2.000,0.010,2.042,0.000
2026-10-02T03:00:00Z,,,924.000,,6.230,6.230,,0.010,3.042,0.000
2026-10-02T03:01:00Z,1.518,2.560,924.000,7549747200.000,12.140,12.140,2.000,0.020,1.630,0.000
2026-10-02T03:02:00Z,1.615,2.580,924.000,7550795776.000,16.080,16.080,,0.020,3.725,0.000
2026-10-02T03:03:00Z,1.525,2.560,,7549747200.000,23.370,23.370,2.000,0.040,,0.000
2026-10-02T03:04:00Z,1.480,2.520,924.000,7549747200.000,10.060,10.060,4.000,0.010,5.947,0.000
2026-10-02T03:05:00Z,1.435,2.420,924.000,7550795776.000,7.740,7.740,1.000,0.010,2.330,0.000
2026-10-02T03:06:00Z,1.465,2.450,,7550795776.000,8.140,8.140,1.000,0.010,,0.000
2026-10-02T03:07:00Z,1.400,2.370,924.000,7550795776.000,9.610,9.610,,0.010,2.310,0.000
2026-10-02T03:08:00Z,1.475,2.440,,7549747200.000,5.490,5.490,1.000,0.000,,0.000
2026-10-02T03:09:00Z,1.415,2.350,924.000,7549747200.000,10.860,10.860,1.000,0.010,1.458,0.000
2026-10-02T03:10:00Z,1.480,2.450,924.000,7550795776.000,9.730,9.730,1.000,0.010,2.830,0.000
2026-10-02T03:11:00Z,1.510,2.510,924.000,7550795776.000,14.330,14.330,,0.030,2.525,0.000
2026-10-02T03:12:00Z,2.335,2.490,924.000,7550795776.000,11.160,11.160,2.000,0.010,3.439,0.000
2026-10-02T03:13:00Z,1.500,2.510,,7554990080.000,13.810,13.810,,0.020,,0.000
2026-10-02T03:14:00Z,1.465,2.450,924.000,7554990080.000,11.110,11.110,2.000,0.010,3.835,0.000
2026-10-02T03:15:00Z,1.435,2.420,924.000,7553941504.000,7.930,7.930,,0.010,2.950,0.000
2026-10-02T03:16:00Z,1.425,2.400,924.000,7553941504.000,6.590,6.590,1.000,0.010,1.904,0.000
2026-10-02T03:17:00Z,1.505,2.530,,,8.410,8.410,,0.010,,0.000
2026-10-02T03:18:00Z,1.520,2.570,924.000,7551844352.000,7.790,7.790,1.000,0.010,2.375,0.000
2026-10-02T03:19:00Z,1.415,2.400,924.000,7551844352.000,6.590,6.590,1.000,0.010,2.062,0.000
2026-10-02T03:20:00Z,1.430,2.410,924.000,7551844352.000,8.140,8.140,,0.010,1.933,0.000
2026-10-02T03:21:00Z,1.440,2.460,924.000,7551844352.000,7.090,7.090,1.000,0.010,2.140,0.000
2026-10-02T03:22:00Z,1.455,2.420,924.000,7551844352.000,3.580,3.580,1.000,0.000,1.556,0.000
2026-10-02T03:23:00Z,1.465,2.440,,7551844352.000,8.940,8.940,0.000,0.010,,0.000
2026-10-02T03:24:00Z,1.405,2.350,924.000,7551844352.000,6.430,6.430,1.000,0.010,2.345,0.000
2026-10-02T03:25:00Z,1.415,2.400,924.000,7551844352.000,6.010,6.010,1.000,0.010,1.718,0.000
2026-10-02T03:26:00Z,1.485,2.430,924.000,7551844352.000,4.990,4.990,1.000,0.000,1.605,0.000
2026-10-02T03:27:00Z,1.450,2.440,924.000,7551844352.000,13.130,13.130,2.000,0.020,2.354,0.000
2026-10-02T03:28:00Z,1.500,2.460,,7551844352.000,9.130,9.130,,0.010,,0.000
2026-10-02T03:29:00Z,1.400,2.370,924.000,7551844352.000,11.150,11.150,1.000,0.010,2.629,0.000
2026-10-02T03:30:00Z,1.425,2.450,,7551844352.000,5.090,5.090,1.000,0.000,,0.000
2026-10-02T03:31:00Z,1.510,2.540,924.000,7550795776.000,4.790,4.790,0.000,0.000,1.383,0.000
2026-10-02T03:32:00Z,1.525,2.500,924.000,7550795776.000,12.840,12.840,1.000,0.020,1.300,0.000
2026-10-02T03:33:00Z,1.475,2.490,924.000,7550795776.000,11.990,11.990,2.000,0.020,3.520,0.000
2026-10-02T03:34:00Z,1.425,2.390,924.000,7550795776.000,8.730,8.730,2.000,0.010,2.712,0.000
2026-10-02T03:35:00Z,1.460,2.450,,7550795776.000,8.530,8.530,1.000,0.010,,0.000
2026-10-02T03:36:00Z,1.415,2.420,924.000,7550795776.000,8.240,8.240,1.000,0.010,2.237,0.000
2026-10-02T03:37:00Z,1.465,2.460,924.000,7550795776.000,7.190,7.190,1.000,0.010,2.029,0.000
2026-10-02T03:38:00Z,1.430,2.410,,7550795776.000,9.380,9.380,,0.010,,0.000
2026-10-02T03:39:00Z,1.505,2.560,924.000,7550795776.000,7.490,7.490,1.000,0.010,2.442,0.000
2026-10-02T03:40:00Z,1.450,2.440,924.000,7550795776.000,5.140,5.140,0.000,0.000,1.835,0.000
2026-10-02T03:41:00Z,1.485,2.530,,7549747200.000,9.510,9.510,,0.010,,0.000
2026-10-02T03:42:00Z,1.405,2.400,924.000,7549747200.000,5.760,5.760,1.000,0.000,2.119,0.000
2026-10-02T03:43:00Z,1.445,2.440,,7549747200.000,5.360,5.360,0.000,0.000,,0.000
2026-10-02T03:44:00Z,1.405,2.400,924.000,7549747200.000,7.680,7.680,1.000,0.010,1.735,0.000
2026-10-02T03:45:00Z,1.445,2.450,,7549747200.000,4.530,4.530,1.000,0.000,,0.000
2026-10-02T03:46:00Z,1.510,2.460,924.000,7549747200.000,8.140,8.140,1.000,0.010,1.250,0.000
2026-10-02T03:47:00Z,1.510,2.550,924.000,7549747200.000,15.770,15.770,2.000,0.020,3.174,0.000
2026-10-02T03:48:00Z,1.470,2.480,,7549747200.000,11.050,11.050,,0.010,,0.000
2026-10-02T03:49:00Z,1.445,2.440,924.000,7549747200.000,10.510,10.510,2.000,0.010,2.812,0.000
2026-10-02T03:50:00Z,1.450,2.440,,7549747200.000,8.850,8.850,1.000,0.010,,0.000
2026-10-02T03:51:00Z,1.550,2.540,924.000,7549747200.000,8.510,8.510,,0.010,2.303,0.000
2026-10-02T03:52:00Z,1.470,2.510,924.000,7550795776.000,17.520,17.520,1.000,0.050,3.464,0.000
2026-10-02T03:53:00Z,1.450,2.430,,7549747200.000,6.790,6.790,3.000,0.010,,0.000
2026-10-02T03:54:00Z,1.435,2.410,924.000,7549747200.000,6.890,6.890,1.000,0.010,1.814,0.000
2026-10-02T03:55:00Z,1.405,2.400,,7549747200.000,7.750,7.750,1.000,0.010,,0.000
2026-10-02T03:56:00Z,1.425,2.410,924.000,7549747200.000,3.760,3.760,0.000,0.000,2.033,0.000
2026-10-02T03:57:00Z,,,924.000,,5.880,5.880,,0.010,1.025,0.000
2026-10-02T03:58:00Z,1.438,2.450,924.000,7549747200.000,8.080,8.080,1.000,0.010,1.560,0.000
2026-10-02T03:59:00Z,1.415,2.380,924.000,7549747200.000,4.680,4.680,1.000,0.000,2.118,0.000
2026-10-02T04:00:00Z,1.445,2.440,924.000,7549747200.000,8.910,8.910,1.000,0.010,1.285,0.000
2026-10-02T04:01:00Z,1.565,2.520,924.000,7550795776.000,7.930,7.930,,0.010,2.330,0.000
2026-10-02T04:02:00Z,1.545,2.570,924.000,7550795776.000,25.100,25.100,4.000,0.050,4.338,0.000
2026-10-02T04:03:00Z,1.550,2.560,,7550795776.000,17.940,17.940,,0.100,,0.000
2026-10-02T04:04:00Z,1.490,2.490,924.000,7550795776.000,16.830,16.830,3.000,0.030,4.582,0.000
2026-10-02T04:05:00Z,1.465,2.470,924.000,7550795776.000,10.610,10.610,,0.020,4.317,0.000
2026-10-02T04:06:00Z,1.465,2.450,924.000,7550795776.000,9.390,9.390,2.000,0.010,2.743,0.000
2026-10-02T04:07:00Z,1.435,2.410,924.000,7550795776.000,12.010,12.010,2.000,0.020,2.766,0.000
2026-10-02T04:08:00Z,1.510,2.490,,7550795776.000,13.690,13.690,,0.020,,0.000
2026-10-02T04:09:00Z,1.460,2.450,924.000,7550795776.000,12.250,12.250,2.000,0.020,3.520,0.000
2026-10-02T04:10:00Z,1.455,2.440,924.000,7550795776.000,7.800,7.800,1.000,0.010,3.178,0.000
2026-10-02T04:11:00Z,2.460,2.460,924.000,7550795776.000,8.260,8.260,,0.010,2.045,0.000
2026-10-02T04:12:00Z,1.307,2.550,924.000,7545552896.000,11.410,11.410,1.000,0.020,2.667,0.000
2026-10-02T04:13:00Z,2.130,3.770,,7552892928.000,15.530,15.530,2.000,0.030,,0.000
2026-10-02T04:14:00Z,,,924.000,,9.130,9.130,2.000,0.010,3.990,0.000
2026-10-02T04:15:00Z,1.472,2.520,924.000,7551844352.000,9.890,9.890,,0.010,2.631,0.000
2026-10-02T04:16:00Z,1.445,2.410,,7551844352.000,6.310,6.310,1.000,0.010,,0.000
2026-10-02T04:17:00Z,1.450,2.460,924.000,7551844352.000,11.650,11.650,1.000,0.020,1.667,0.000
2026-10-02T04:18:00Z,1.465,2.460,924.000,7550795776.000,5.810,5.810,,0.010,3.190,0.000
2026-10-02T04:19:00Z,1.465,2.490,924.000,7550795776.000,8.610,8.610,1.000,0.010,1.567,0.000
2026-10-02T04:20:00Z,1.435,2.450,924.000,7550795776.000,6.760,6.760,,0.010,2.450,0.000
2026-10-02T04:21:00Z,1.500,2.540,924.000,7548698624.000,8.840,8.840,1.000,0.010,1.782,0.000
2026-10-02T04:22:00Z,1.465,2.460,924.000,7548698624.000,6.080,6.080,1.000,0.010,2.062,0.000
2026-10-02T04:23:00Z,1.425,2.400,,7548698624.000,9.280,9.280,1.000,0.010,,0.000
2026-10-02T04:24:00Z,1.435,2.450,924.000,7548698624.000,5.860,5.860,1.000,0.010,2.410,0.000
2026-10-02T04:25:00Z,1.445,2.460,924.000,7548698624.000,5.110,5.110,0.000,0.000,1.575,0.000
2026-10-02T04:26:00Z,1.425,2.380,924.000,7548698624.000,7.710,7.710,1.000,0.010,1.684,0.000
2026-10-02T04:27:00Z,1.445,2.450,,7548698624.000,9.540,9.540,,0.010,,0.000
2026-10-02T04:28:00Z,1.455,2.440,924.000,7548698624.000,5.530,5.530,1.000,0.000,2.475,0.000
2026-10-02T04:29:00Z,1.455,2.480,924.000,7548698624.000,10.180,10.180,1.000,0.010,1.472,0.000
2026-10-02T04:30:00Z,1.450,2.440,924.000,7548698624.000,5.430,5.430,1.000,0.010,2.655,0.000
2026-10-02T04:31:00Z,1.480,2.500,924.000,7546601472.000,8.240,8.240,1.000,0.010,1.450,0.000
2026-10-02T04:32:00Z,1.470,2.500,924.000,7546601472.000,6.010,6.010,,0.010,1.978,0.000
2026-10-02T04:33:00Z,1.490,2.500,,7547650048.000,5.510,5.510,1.000,0.010,,0.000
2026-10-02T04:34:00Z,1.495,2.510,924.000,7547650048.000,10.890,10.890,0.000,0.010,1.492,0.000
2026-10-02T04:35:00Z,,,924.000,,9.600,9.600,2.000,0.010,2.833,0.000
2026-10-02T04:36:00Z,1.438,2.430,924.000,7547650048.000,5.740,5.740,1.000,0.010,2.029,0.000
2026-10-02T04:37:00Z,1.470,2.520,,7547650048.000,8.410,8.410,0.000,0.010,,0.000
2026-10-02T04:38:00Z,1.455,2.430,924.000,7547650048.000,6.280,6.280,1.000,0.010,2.197,0.000
2026-10-02T04:39:00Z,,,924.000,,6.860,6.860,0.000,0.010,1.663,0.000
2026-10-02T04:40:00Z,1.417,2.410,924.000,7547650048.000,4.010,4.010,1.000,0.000,1.808,0.000
2026-10-02T04:41:00Z,1.440,2.400,924.000,7547650048.000,3.100,3.100,0.000,0.000,1.305,0.000
2026-10-02T04:42:00Z,1.440,2.410,924.000,7547650048.000,5.910,5.910,,0.010,1.343,0.000
2026-10-02T04:43:00Z,1.490,2.450,,7547650048.000,8.040,8.040,0.000,0.010,,0.000
2026-10-02T04:44:00Z,1.425,2.370,924.000,7547650048.000,9.690,9.690,1.000,0.010,2.100,0.000
2026-10-02T04:45:00Z,1.420,2.410,924.000,7547650048.000,9.380,9.380,1.000,0.030,2.570,0.000
2026-10-02T04:46:00Z,1.490,2.400,924.000,7547650048.000,4.960,4.960,1.000,0.000,2.442,0.000
2026-10-02T04:47:00Z,1.475,2.450,924.000,7547650048.000,4.930,4.930,,0.000,1.475,0.000
2026-10-02T04:48:00Z,1.515,2.530,,7547650048.000,11.250,11.250,0.000,0.020,,0.000
2026-10-02T04:49:00Z,1.435,2.390,924.000,7547650048.000,8.910,8.910,2.000,0.010,2.647,0.000
2026-10-02T04:50:00Z,1.485,2.450,,7547650048.000,8.160,8.160,1.000,0.010,,0.000
2026-10-02T04:51:00Z,1.480,2.500,924.000,7547650048.000,10.710,10.710,,0.020,2.130,0.000
2026-10-02T04:52:00Z,1.485,2.480,924.000,7547650048.000,7.800,7.800,1.000,0.010,2.531,0.000
2026-10-02T04:53:00Z,1.460,2.450,,7547650048.000,10.390,10.390,1.000,0.020,,0.000
2026-10-02T04:54:00Z,1.575,2.560,924.000,7547650048.000,11.090,11.090,1.000,0.020,2.695,0.000
2026-10-02T04:55:00Z,1.455,2.430,924.000,7547650048.000,18.170,18.170,2.000,0.040,2.888,0.000
2026-10-02T04:56:00Z,1.450,2.440,924.000,7547650048.000,11.640,11.640,2.000,0.020,4.635,0.000
2026-10-02T04:57:00Z,1.460,2.450,924.000,7547650048.000,7.260,7.260,2.000,0.010,2.454,0.000
2026-10-02T04:58:00Z,1.445,2.440,,7547650048.000,6.830,6.830,,0.010,,0.000
2026-10-02T04:59:00Z,2.470,2.470,924.000,7547650048.000,5.730,5.730,1.000,0.010,1.792,0.000
2026-10-02T05:00:00Z,1.203,2.630,924.000,7547650048.000,6.260,6.260,1.000,0.010,1.604,0.000
2026-10-02T05:01:00Z,1.640,2.740,,7547650048.000,22.330,22.330,4.000,0.080,,0.000
2026-10-02T05:02:00Z,1.490,2.510,924.000,7547650048.000,24.030,24.030,3.000,0.040,5.673,0.000
2026-10-02T05:03:00Z,1.680,2.830,924.000,7546601472.000,27.840,27.840,,1.580,6.330,0.000
2026-10-02T05:04:00Z,1.460,2.460,924.000,7546601472.000,14.810,14.810,5.000,0.020,7.065,0.000
2026-10-02T05:05:00Z,1.505,2.550,924.000,7546601472.000,12.960,12.960,2.000,0.020,3.820,0.000
2026-10-02T05:06:00Z,1.465,2.450,924.000,7546601472.000,12.950,12.950,,0.020,3.345,0.000
2026-10-02T05:07:00Z,1.555,2.630,924.000,7546601472.000,16.890,16.890,3.000,0.030,3.830,0.000
2026-10-02T05:08:00Z,1.545,2.630,,7546601472.000,12.410,12.410,,0.020,,0.000
2026-10-02T05:09:00Z,1.590,2.660,924.000,7546601472.000,11.040,11.040,2.000,0.010,3.200,0.000
2026-10-02T05:10:00Z,1.475,2.480,924.000,7546601472.000,22.920,22.920,3.000,0.070,3.025,0.000
2026-10-02T05:11:00Z,1.565,2.550,924.000,7546601472.000,11.460,11.460,,0.010,5.853,0.000
2026-10-02T05:12:00Z,1.560,2.560,924.000,7546601472.000,22.580,22.580,2.000,0.040,4.452,0.000
2026-10-02T05:13:00Z,2.350,3.780,,7528775680.000,18.560,18.560,4.000,0.030,,0.000
2026-10-02T05:14:00Z,1.505,2.550,924.000,7550795776.000,9.080,9.080,3.000,0.010,4.742,0.000
2026-10-02T05:15:00Z,1.510,2.490,924.000,7550795776.000,10.840,10.840,2.000,0.010,2.865,0.000
2026-10-02T05:16:00Z,1.530,2.520,,7550795776.000,17.230,17.230,2.000,0.020,,0.000
2026-10-02T05:17:00Z,2.480,2.480,924.000,7550795776.000,16.310,16.310,2.000,0.030,4.400,0.000
2026-10-02T05:18:00Z,1.180,2.510,924.000,7550795776.000,12.190,12.190,,0.020,4.330,0.000
2026-10-02T05:19:00Z,1.480,2.480,924.000,7550795776.000,10.750,10.750,2.000,0.010,3.163,0.000
2026-10-02T05:20:00Z,1.460,2.470,924.000,7550795776.000,10.730,10.730,,0.010,2.995,0.000
2026-10-02T05:21:00Z,1.455,2.480,924.000,7550795776.000,9.010,9.010,1.000,0.010,2.785,0.000
2026-10-02T05:22:00Z,1.465,2.450,924.000,7550795776.000,5.560,5.560,,0.000,2.016,0.000
2026-10-02T05:23:00Z,1.510,2.490,,7550795776.000,11.190,11.190,1.000,0.020,,0.000
2026-10-02T05:24:00Z,1.485,2.520,924.000,7550795776.000,13.620,13.620,2.000,0.020,2.902,0.000
2026-10-02T05:25:00Z,1.455,2.460,924.000,7550795776.000,6.590,6.590,1.000,0.010,3.510,0.000
2026-10-02T05:26:00Z,,,924.000,,7.310,7.310,,0.010,1.740,0.000
2026-10-02T05:27:00Z,1.465,2.510,924.000,7550795776.000,12.440,12.440,1.000,0.020,2.560,0.000
2026-10-02T05:28:00Z,1.490,2.460,,7550795776.000,7.430,7.430,1.000,0.010,,0.000
2026-10-02T05:29:00Z,1.495,2.480,924.000,7550795776.000,11.180,11.180,1.000,0.010,1.948,0.000
2026-10-02T05:30:00Z,1.435,2.420,924.000,7550795776.000,11.210,11.210,2.000,0.010,2.905,0.000
2026-10-02T05:31:00Z,1.595,2.560,924.000,7550795776.000,8.730,8.730,1.000,0.020,2.895,0.000
2026-10-02T05:32:00Z,1.620,2.620,924.000,7550795776.000,23.420,23.420,4.000,0.040,4.215,0.000
2026-10-02T05:33:00Z,1.510,2.530,,7550795776.000,23.060,23.060,,0.060,,0.000
2026-10-02T05:34:00Z,1.450,2.430,924.000,7550795776.000,9.330,9.330,4.000,0.010,5.867,0.000
2026-10-02T05:35:00Z,1.505,2.560,924.000,7551844352.000,14.080,14.080,1.000,0.020,2.447,0.000
2026-10-02T05:36:00Z,1.465,2.460,924.000,7551844352.000,8.030,8.030,2.000,0.010,3.623,0.000
2026-10-02T05:37:00Z,1.460,2.450,924.000,7551844352.000,10.510,10.510,,0.010,2.409,0.000
2026-10-02T05:38:00Z,1.495,2.490,,7551844352.000,8.480,8.480,1.000,0.010,,0.000
2026-10-02T05:39:00Z,1.425,2.390,924.000,7551844352.000,10.830,10.830,1.000,0.010,2.210,0.000
2026-10-02T05:40:00Z,,,924.000,,6.560,6.560,1.000,0.010,2.828,0.000
2026-10-02T05:41:00Z,1.435,2.460,924.000,7551844352.000,5.200,5.200,1.000,0.000,1.917,0.000
2026-10-02T05:42:00Z,1.522,2.620,924.000,7549747200.000,9.310,9.310,0.000,0.010,2.046,0.000
2026-10-02T05:43:00Z,1.430,2.420,,7550795776.000,9.860,9.860,1.000,0.010,,0.000
2026-10-02T05:44:00Z,1.455,2.480,924.000,7550795776.000,6.600,6.600,1.000,0.010,2.580,0.000
2026-10-02T05:45:00Z,1.440,2.420,924.000,7550795776.000,7.560,7.560,1.000,0.010,1.823,0.000
2026-10-02T05:46:00Z,1.435,2.400,924.000,7550795776.000,8.530,8.530,1.000,0.010,2.100,0.000
2026-10-02T05:47:00Z,1.485,2.480,,7550795776.000,9.410,9.410,1.000,0.010,,0.000
2026-10-02T05:48:00Z,1.500,2.490,924.000,7550795776.000,11.560,11.560,1.000,0.010,2.630,0.000
2026-10-02T05:49:00Z,1.445,2.490,924.000,7550795776.000,11.840,11.840,1.000,0.010,3.005,0.000
2026-10-02T05:50:00Z,1.475,2.480,924.000,7550795776.000,6.010,6.010,2.000,0.010,3.075,0.000
2026-10-02T05:51:00Z,1.495,2.520,924.000,7550795776.000,7.430,7.430,1.000,0.010,1.593,0.000
2026-10-02T05:52:00Z,1.490,2.500,924.000,7550795776.000,10.040,10.040,1.000,0.010,1.948,0.000
2026-10-02T05:53:00Z,1.420,2.400,924.000,7550795776.000,9.280,9.280,1.000,0.010,2.812,0.000
2026-10-02T05:54:00Z,1.430,2.420,924.000,7550795776.000,4.290,4.290,1.000,0.000,2.413,0.000
2026-10-02T05:55:00Z,1.470,2.460,924.000,7550795776.000,8.990,8.990,1.000,0.010,1.177,0.000
2026-10-02T05:56:00Z,1.445,2.460,924.000,7550795776.000,8.860,8.860,,0.010,2.337,0.000
2026-10-02T05:57:00Z,1.465,2.490,924.000,7550795776.000,7.860,7.860,1.000,0.010,2.181,0.000
2026-10-02T05:58:00Z,,,,,11.130,11.130,1.000,0.010,,0.000
2026-10-02T05:59:00Z,1.480,2.520,924.000,7550795776.000,18.360,18.360,2.000,0.030,2.873,0.000
2026-10-02T06:00:00Z,1.465,2.470,924.000,7551844352.000,6.760,6.760,2.000,0.010,3.244,0.000
2026-10-02T06:01:00Z,1.635,2.660,,7549747200.000,14.080,14.080,,0.020,,0.000
2026-10-02T06:02:00Z,1.675,2.650,924.000,7550795776.000,25.140,25.140,2.000,0.040,3.615,0.000
2026-10-02T06:03:00Z,1.615,2.540,924.000,7550795776.000,30.850,30.850,4.000,0.050,6.607,0.000
2026-10-02T06:04:00Z,1.595,2.640,924.000,7550795776.000,26.710,26.710,5.000,0.050,7.810,0.000
2026-10-02T06:05:00Z,1.695,2.720,924.000,7550795776.000,21.670,21.670,,0.030,6.795,0.000
2026-10-02T06:06:00Z,1.700,2.750,924.000,7550795776.000,33.050,33.050,6.000,0.060,5.503,0.000
2026-10-02T06:07:00Z,1.630,2.610,924.000,7550795776.000,34.540,34.540,,0.060,8.355,0.000
2026-10-02T06:08:00Z,1.645,2.650,924.000,7549747200.000,26.630,26.630,5.000,0.040,8.727,0.000
2026-10-02T06:09:00Z,1.620,2.580,924.000,7549747200.000,28.140,28.140,5.000,0.040,6.765,0.000
2026-10-02T06:10:00Z,2.730,2.730,924.000,,30.240,30.240,,0.050,7.145,0.000
2026-10-02T06:11:00Z,1.297,2.730,924.000,7550795776.000,30.610,30.610,5.000,0.090,7.665,0.000
2026-10-02T06:12:00Z,1.585,2.560,924.000,7550795776.000,21.430,21.430,,0.030,6.696,0.000
2026-10-02T06:13:00Z,2.465,2.660,,7548698624.000,23.890,23.890,3.000,0.040,,0.000
2026-10-02T06:14:00Z,1.575,2.560,924.000,7548698624.000,25.710,25.710,4.000,0.040,6.082,0.000
2026-10-02T06:15:00Z,1.565,2.570,924.000,7548698624.000,19.640,19.640,4.000,0.030,5.945,0.000
2026-10-02T06:16:00Z,1.660,2.650,,7548698624.000,18.460,18.460,3.000,0.030,,0.000
2026-10-02T06:17:00Z,1.555,2.510,924.000,,30.850,30.850,3.000,0.050,4.720,0.000
2026-10-02T06:18:00Z,1.640,2.540,924.000,7548698624.000,20.030,20.030,4.000,0.030,7.980,0.000
2026-10-02T06:19:00Z,1.550,2.500,924.000,7548698624.000,22.650,22.650,3.000,0.040,5.147,0.000
2026-10-02T06:20:00Z,1.575,2.600,924.000,7548698624.000,26.570,26.570,4.000,0.050,5.935,0.000
2026-10-02T06:21:00Z,1.565,2.600,924.000,7548698624.000,20.660,20.660,3.000,0.030,6.935,0.000
2026-10-02T06:22:00Z,1.595,2.580,924.000,7549747200.000,14.680,14.680,,0.020,4.628,0.000
2026-10-02T06:23:00Z,1.570,2.530,,7547650048.000,22.170,22.170,2.000,0.030,,0.000
2026-10-02T06:24:00Z,1.570,2.600,924.000,7547650048.000,21.690,21.690,4.000,0.030,5.593,0.000
2026-10-02T06:25:00Z,1.575,2.620,,7547650048.000,20.330,20.330,3.000,0.030,,0.000
2026-10-02T06:26:00Z,1.530,2.530,924.000,7547650048.000,18.830,18.830,,0.030,5.168,0.000
2026-10-02T06:27:00Z,1.590,2.660,924.000,7546601472.000,18.960,18.960,3.000,0.040,4.827,0.000
2026-10-02T06:28:00Z,1.575,2.580,924.000,7546601472.000,18.390,18.390,,0.030,5.020,0.000
2026-10-02T06:29:00Z,1.585,2.530,924.000,7545552896.000,17.240,17.240,3.000,0.020,4.688,0.000
2026-10-02T06:30:00Z,1.580,2.570,924.000,7544504320.000,28.570,28.570,5.000,0.050,4.428,0.000
2026-10-02T06:31:00Z,1.700,2.750,924.000,7545552896.000,31.290,31.290,5.000,0.120,7.581,0.000
2026-10-02T06:32:00Z,1.605,2.610,,7545552896.000,27.520,27.520,,0.050,,0.000
2026-10-02T06:33:00Z,1.585,2.580,924.000,7545552896.000,26.420,26.420,4.000,0.050,7.185,0.000
2026-10-02T06:34:00Z,1.575,2.570,924.000,7545552896.000,19.020,19.020,4.000,0.030,6.707,0.000
2026-10-02T06:35:00Z,,,924.000,,32.510,32.510,6.000,0.090,4.865,0.000
2026-10-02T06:36:00Z,1.663,2.790,924.000,7545552896.000,28.120,28.120,,0.050,8.210,0.000
2026-10-02T06:37:00Z,1.550,2.530,924.000,7545552896.000,21.680,21.680,5.000,0.030,7.122,0.000
2026-10-02T06:38:00Z,1.725,2.690,924.000,7545552896.000,23.760,23.760,3.000,0.040,5.776,0.000
2026-10-02T06:39:00Z,1.685,2.640,,7545552896.000,36.670,36.670,6.000,0.060,,0.000
2026-10-02T06:40:00Z,1.635,2.600,924.000,7546601472.000,34.850,34.850,,0.060,9.252,0.000
2026-10-02T06:41:00Z,1.665,2.760,924.000,7546601472.000,37.510,37.510,6.000,0.340,9.010,0.000
2026-10-02T06:42:00Z,1.680,2.770,924.000,7546601472.000,33.140,33.140,6.000,0.440,9.054,0.000
2026-10-02T06:43:00Z,1.595,2.690,,7546601472.000,24.080,24.080,,0.040,,0.000
2026-10-02T06:44:00Z,1.585,2.620,924.000,7546601472.000,18.510,18.510,3.000,0.030,6.105,0.000
2026-10-02T06:45:00Z,1.585,2.550,924.000,7546601472.000,17.210,17.210,3.000,0.030,4.768,0.000
2026-10-02T06:46:00Z,1.735,2.890,924.000,7545552896.000,43.660,43.660,3.000,0.450,7.718,0.000
2026-10-02T06:47:00Z,1.690,2.720,,7546601472.000,26.660,26.660,7.000,0.050,,0.000
2026-10-02T06:48:00Z,1.590,2.550,924.000,7545552896.000,27.070,27.070,,0.050,6.782,0.000
2026-10-02T06:49:00Z,1.655,2.620,924.000,7545552896.000,22.330,22.330,4.000,0.040,6.356,0.000
2026-10-02T06:50:00Z,1.625,2.640,,7546601472.000,33.640,33.640,4.000,0.080,,0.000
2026-10-02T06:51:00Z,,,924.000,,27.460,27.460,5.000,0.050,8.512,0.000
2026-10-02T06:52:00Z,1.625,2.690,924.000,7546601472.000,25.950,25.950,4.000,0.040,6.955,0.000
2026-10-02T06:53:00Z,1.555,2.580,924.000,7546601472.000,19.330,19.330,,0.030,6.798,0.000
2026-10-02T06:54:00Z,1.530,2.490,924.000,7546601472.000,12.410,12.410,3.000,0.020,4.930,0.000
2026-10-02T06:55:00Z,1.545,2.520,924.000,7545552896.000,19.160,19.160,3.000,0.030,3.217,0.000
2026-10-02T06:56:00Z,1.600,2.600,924.000,7545552896.000,18.600,18.600,,0.030,4.883,0.000
2026-10-02T06:57:00Z,1.510,2.520,924.000,7545552896.000,21.190,21.190,3.000,0.040,5.064,0.000
2026-10-02T06:58:00Z,1.615,2.680,,7544504320.000,12.660,12.660,3.000,0.020,,0.000
2026-10-02T06:59:00Z,1.545,2.510,924.000,7544504320.000,25.000,25.000,4.000,0.140,3.257,0.000
2026-10-02T07:00:00Z,1.590,2.540,924.000,7544504320.000,16.010,16.010,3.000,0.020,6.357,0.000
2026-10-02T07:01:00Z,1.780,2.780,924.000,7542407168.000,24.850,24.850,4.000,0.280,4.095,0.000
2026-10-02T07:02:00Z,1.780,2.830,924.000,7542407168.000,44.240,44.240,8.000,0.080,8.824,0.000
2026-10-02T07:03:00Z,1.680,2.650,,7542407168.000,32.760,32.760,,0.060,,0.000
2026-10-02T07:04:00Z,1.625,2.630,924.000,7543455744.000,31.020,31.020,5.000,0.060,8.295,0.000
2026-10-02T07:05:00Z,1.655,2.670,924.000,7542407168.000,26.890,26.890,5.000,0.050,7.870,0.000
2026-10-02T07:06:00Z,1.705,2.630,924.000,7542407168.000,26.340,26.340,,0.040,6.750,0.000
2026-10-02T07:07:00Z,1.730,2.770,,7542407168.000,44.320,44.320,4.000,0.080,,0.000
2026-10-02T07:08:00Z,1.660,2.710,924.000,7542407168.000,34.730,34.730,7.000,0.060,11.175,0.000
2026-10-02T07:09:00Z,1.695,2.680,924.000,7542407168.000,26.310,26.310,6.000,0.040,8.780,0.000
2026-10-02T07:10:00Z,1.615,2.620,924.000,7543455744.000,33.440,33.440,,0.060,6.668,0.000
2026-10-02T07:11:00Z,1.705,2.730,924.000,7543455744.000,27.840,27.840,6.000,0.050,8.470,0.000
2026-10-02T07:12:00Z,1.745,2.730,924.000,7543455744.000,33.490,33.490,4.000,0.060,7.859,0.000
2026-10-02T07:13:00Z,2.065,2.820,,7526678528.000,38.740,38.740,5.000,0.070,,0.000
2026-10-02T07:14:00Z,2.300,3.830,924.000,7538212864.000,36.100,36.100,7.000,0.060,9.476,0.000
2026-10-02T07:15:00Z,1.740,2.740,,7538212864.000,40.650,40.650,7.000,0.070,,0.000
2026-10-02T07:16:00Z,1.755,2.770,924.000,7538212864.000,39.290,39.290,,0.070,10.580,0.000
2026-10-02T07:17:00Z,1.685,2.670,924.000,7539261440.000,37.100,37.100,7.000,0.060,9.915,0.000
2026-10-02T07:18:00Z,1.790,2.820,924.000,7538212864.000,30.740,30.740,6.000,0.050,9.385,0.000
2026-10-02T07:19:00Z,1.705,2.770,924.000,7538212864.000,34.800,34.800,5.000,0.060,7.920,0.000
2026-10-02T07:20:00Z,1.650,2.640,924.000,7538212864.000,27.960,27.960,6.000,0.090,8.990,0.000
2026-10-02T07:21:00Z,1.725,2.830,924.000,7539261440.000,31.530,31.530,,0.060,7.098,0.000
2026-10-02T07:22:00Z,1.690,2.700,924.000,7539261440.000,33.740,33.740,5.000,0.110,7.980,0.000
2026-10-02T07:23:00Z,1.605,2.570,924.000,7539261440.000,30.250,30.250,,0.060,8.740,0.000
2026-10-02T07:24:00Z,1.640,2.550,924.000,7539261440.000,22.570,22.570,5.000,0.040,6.706,0.000
2026-10-02T07:25:00Z,1.595,2.650,,7539261440.000,32.290,32.290,5.000,0.060,,0.000
2026-10-02T07:26:00Z,1.625,2.650,924.000,7539261440.000,15.690,15.690,,0.020,8.162,0.000
2026-10-02T07:27:00Z,1.595,2.580,924.000,7539261440.000,33.580,33.580,3.000,0.060,6.245,0.000
2026-10-02T07:28:00Z,1.550,2.530,,7539261440.000,23.190,23.190,5.000,0.040,,0.000
2026-10-02T07:29:00Z,1.635,2.590,924.000,7539261440.000,21.490,21.490,3.000,0.030,5.890,0.000
2026-10-02T07:30:00Z,1.600,2.630,924.000,7539261440.000,27.110,27.110,5.000,0.050,5.487,0.000
2026-10-02T07:31:00Z,1.655,2.670,924.000,7539261440.000,25.010,25.010,4.000,0.040,6.610,0.000
2026-10-02T07:32:00Z,1.620,2.650,,7539261440.000,31.050,31.050,,0.060,,0.000
2026-10-02T07:33:00Z,1.595,2.590,924.000,7539261440.000,22.540,22.540,5.000,0.040,8.065,0.000
2026-10-02T07:34:00Z,1.635,2.590,924.000,7539261440.000,18.960,18.960,3.000,0.030,5.740,0.000
2026-10-02T07:35:00Z,1.535,2.510,924.000,7538212864.000,27.310,27.310,4.000,0.040,4.850,0.000
2026-10-02T07:36:00Z,1.630,2.590,924.000,7538212864.000,17.730,17.730,,0.030,5.725,0.000
2026-10-02T07:37:00Z,1.625,2.630,,7538212864.000,25.040,25.040,3.000,0.040,,0.000
2026-10-02T07:38:00Z,1.615,2.690,924.000,7538212864.000,23.190,23.190,4.000,0.040,6.353,0.000
2026-10-02T07:39:00Z,1.625,2.600,924.000,7538212864.000,23.800,23.800,4.000,0.190,5.888,0.000
2026-10-02T07:40:00Z,1.580,2.510,924.000,7538212864.000,18.710,18.710,,0.030,6.065,0.000
2026-10-02T07:41:00Z,1.595,2.580,924.000,7538212864.000,24.880,24.880,3.000,0.040,4.780,0.000
2026-10-02T07:42:00Z,1.600,2.600,924.000,7538212864.000,22.800,22.800,4.000,0.040,6.475,0.000
2026-10-02T07:43:00Z,1.620,2.640,924.000,7537164288.000,26.410,26.410,,0.040,6.022,0.000
2026-10-02T07:44:00Z,1.630,2.620,924.000,7538212864.000,25.110,25.110,4.000,0.040,6.705,0.000
2026-10-02T07:45:00Z,1.615,2.640,924.000,7538212864.000,25.980,25.980,4.000,0.040,6.367,0.000
2026-10-02T07:46:00Z,1.595,2.530,924.000,7538212864.000,24.080,24.080,4.000,0.040,6.650,0.000
2026-10-02T07:47:00Z,1.625,2.600,924.000,7538212864.000,26.860,26.860,,0.040,6.471,0.000
2026-10-02T07:48:00Z,1.575,2.580,,7538212864.000,26.530,26.530,4.000,0.040,,0.000
2026-10-02T07:49:00Z,1.625,2.650,924.000,7538212864.000,21.630,21.630,4.000,0.040,6.890,0.000
2026-10-02T07:50:00Z,1.550,2.560,924.000,7538212864.000,21.180,21.180,4.000,0.030,5.465,0.000
2026-10-02T07:51:00Z,1.680,2.650,,7537164288.000,22.280,22.280,3.000,0.040,,0.000
2026-10-02T07:52:00Z,1.720,2.830,924.000,7537164288.000,38.410,38.410,6.000,0.190,7.790,0.000
2026-10-02T07:53:00Z,1.600,2.630,,7537164288.000,26.600,26.600,,0.050,,0.000
2026-10-02T07:54:00Z,1.600,2.540,924.000,7537164288.000,21.390,21.390,4.000,0.040,6.760,0.000
2026-10-02T07:55:00Z,1.645,2.530,924.000,7536115712.000,24.440,24.440,4.000,0.040,5.463,0.000
2026-10-02T07:56:00Z,1.585,2.640,924.000,7537164288.000,39.710,39.710,,0.920,6.202,0.000
2026-10-02T07:57:00Z,1.770,2.840,924.000,7537164288.000,21.510,21.510,7.000,0.040,10.025,0.000
2026-10-02T07:58:00Z,1.775,2.700,924.000,7537164288.000,41.420,41.420,3.000,0.550,5.468,0.000
2026-10-02T07:59:00Z,2.375,3.960,924.000,7535067136.000,108.300,108.300,20.000,7.510,10.665,0.000
2026-10-02T08:00:00Z,1.695,2.770,924.000,7535067136.000,56.330,56.330,,0.110,27.185,0.000
2026-10-02T08:01:00Z,1.935,3.030,924.000,7536115712.000,40.430,40.430,9.000,0.080,12.172,0.000
2026-10-02T08:02:00Z,1.730,2.760,,7535067136.000,55.130,55.130,9.000,0.100,,0.000
2026-10-02T08:03:00Z,1.765,2.800,924.000,7535067136.000,39.820,39.820,,0.170,14.092,0.000
2026-10-02T08:04:00Z,1.800,2.830,924.000,7536115712.000,36.620,36.620,7.000,0.150,10.053,0.000
2026-10-02T08:05:00Z,1.775,2.880,924.000,7536115712.000,47.620,47.620,8.000,0.090,9.270,0.000
2026-10-02T08:06:00Z,1.670,2.630,924.000,7537164288.000,39.080,39.080,,0.080,11.998,0.000
2026-10-02T08:07:00Z,1.685,2.650,924.000,7538212864.000,30.040,30.040,6.000,0.060,9.855,0.000
2026-10-02T08:08:00Z,1.840,2.930,924.000,7537164288.000,42.260,42.260,,0.100,7.595,0.000
2026-10-02T08:09:00Z,1.855,3.090,924.000,7538212864.000,55.830,55.830,8.000,0.130,10.662,0.000
2026-10-02T08:10:00Z,1.795,2.840,924.000,7536115712.000,38.670,38.670,9.000,0.070,14.072,0.000
2026-10-02T08:11:00Z,1.765,2.830,924.000,7536115712.000,44.430,44.430,8.000,0.090,9.760,0.000
2026-10-02T08:12:00Z,1.745,2.740,924.000,7536115712.000,35.490,35.490,,0.060,10.291,0.000
2026-10-02T08:13:00Z,1.710,2.740,,7536115712.000,38.090,38.090,6.000,0.070,,0.000
2026-10-02T08:14:00Z,2.545,4.170,924.000,7513047040.000,36.010,36.010,7.000,0.070,9.633,0.000
2026-10-02T08:15:00Z,1.700,2.670,924.000,7536115712.000,36.690,36.690,6.000,0.070,9.117,0.000
2026-10-02T08:16:00Z,1.695,2.680,924.000,7536115712.000,35.540,35.540,,0.060,9.316,0.000
2026-10-02T08:17:00Z,1.720,2.740,,7536115712.000,35.050,35.050,6.000,0.070,,0.000
2026-10-02T08:18:00Z,1.745,2.820,924.000,7536115712.000,34.380,34.380,6.000,0.080,8.873,0.000
2026-10-02T08:19:00Z,1.670,2.740,924.000,7536115712.000,30.020,30.020,5.000,0.060,8.838,0.000
2026-10-02T08:20:00Z,1.665,2.650,924.000,7537164288.000,26.040,26.040,4.000,0.050,7.795,0.000
2026-10-02T08:21:00Z,1.700,2.730,924.000,7535067136.000,30.890,30.890,,0.050,7.216,0.000
2026-10-02T08:22:00Z,2.005,2.930,,7534018560.000,33.510,33.510,5.000,0.080,,0.000
2026-10-02T08:23:00Z,1.720,2.690,924.000,7535067136.000,79.810,79.810,5.000,4.140,14.359,0.000
2026-10-02T08:24:00Z,1.700,2.660,,7535067136.000,36.270,36.270,14.000,0.290,,0.000
2026-10-02T08:25:00Z,1.680,2.690,924.000,7535067136.000,41.240,41.240,6.000,0.090,9.185,0.000
2026-10-02T08:26:00Z,1.630,2.650,924.000,7535067136.000,35.150,35.150,7.000,0.120,10.420,0.000
2026-10-02T08:27:00Z,1.720,2.680,924.000,7535067136.000,24.760,24.760,6.000,0.040,8.885,0.000
2026-10-02T08:28:00Z,1.615,2.530,924.000,7535067136.000,30.540,30.540,4.000,0.230,7.004,0.000
2026-10-02T08:29:00Z,1.535,2.490,,7535067136.000,26.060,26.060,5.000,0.130,,0.000
2026-10-02T08:30:00Z,,,924.000,,21.730,21.730,4.000,0.030,6.625,0.000
2026-10-02T08:31:00Z,1.680,2.750,924.000,7535067136.000,32.590,32.590,,0.050,5.530,0.000
2026-10-02T08:32:00Z,1.630,2.590,924.000,7535067136.000,30.950,30.950,5.000,0.060,8.232,0.000
2026-10-02T08:33:00Z,1.655,2.620,924.000,7535067136.000,25.270,25.270,5.000,0.040,8.035,0.000
2026-10-02T08:34:00Z,2.590,2.590,924.000,7535067136.000,28.120,28.120,4.000,0.050,6.423,0.000
2026-10-02T08:35:00Z,1.253,2.600,924.000,7535067136.000,20.810,20.810,5.000,0.030,7.140,0.000
2026-10-02T08:36:00Z,1.640,2.680,924.000,7535067136.000,21.040,21.040,3.000,0.040,5.295,0.000
2026-10-02T08:37:00Z,1.695,2.770,924.000,7536115712.000,25.620,25.620,4.000,0.050,5.362,0.000
2026-10-02T08:38:00Z,1.640,2.700,924.000,7536115712.000,30.010,30.010,,0.060,6.497,0.000
2026-10-02T08:39:00Z,1.620,2.580,924.000,7536115712.000,24.060,24.060,5.000,0.050,7.600,0.000
2026-10-02T08:40:00Z,1.530,2.590,924.000,7536115712.000,24.690,24.690,4.000,0.040,6.130,0.000
2026-10-02T08:41:00Z,1.580,2.610,924.000,7536115712.000,15.560,15.560,2.000,0.020,6.282,0.000
2026-10-02T08:42:00Z,1.640,2.650,924.000,7536115712.000,17.510,17.510,,0.030,4.145,0.000
2026-10-02T08:43:00Z,1.540,2.570,924.000,,32.840,32.840,3.000,0.150,4.695,0.000
2026-10-02T08:44:00Z,1.570,2.590,924.000,7536115712.000,19.710,19.710,5.000,0.030,6.661,0.000
2026-10-02T08:45:00Z,1.700,2.730,,7536115712.000,21.760,21.760,,0.040,,0.000
2026-10-02T08:46:00Z,1.550,2.570,924.000,7536115712.000,34.310,34.310,3.000,0.080,5.580,0.000
2026-10-02T08:47:00Z,1.615,2.640,924.000,7536115712.000,23.710,23.710,5.000,0.040,8.662,0.000
2026-10-02T08:48:00Z,1.620,2.580,924.000,7536115712.000,21.120,21.120,,0.040,6.043,0.000
2026-10-02T08:49:00Z,1.615,2.600,924.000,7537164288.000,24.390,24.390,4.000,0.170,5.540,0.000
2026-10-02T08:50:00Z,,,924.000,,26.610,26.610,,0.050,6.215,0.000
2026-10-02T08:51:00Z,1.562,2.550,924.000,7536115712.000,18.690,18.690,4.000,0.030,6.745,0.000
2026-10-02T08:52:00Z,1.600,2.640,924.000,7536115712.000,26.040,26.040,4.000,0.060,4.763,0.000
2026-10-02T08:53:00Z,2.500,2.500,924.000,7536115712.000,18.000,18.000,,0.030,6.840,0.000
2026-10-02T08:54:00Z,1.237,2.530,924.000,7536115712.000,20.150,20.150,3.000,0.030,4.610,0.000
2026-10-02T08:55:00Z,1.560,2.490,924.000,7536115712.000,17.420,17.420,3.000,0.030,4.805,0.000
2026-10-02T08:56:00Z,1.530,2.520,,7536115712.000,21.410,21.410,,0.050,,0.000
2026-10-02T08:57:00Z,1.530,2.440,924.000,7536115712.000,17.210,17.210,3.000,0.030,4.930,0.000
2026-10-02T08:58:00Z,1.600,2.620,,7535067136.000,21.420,21.420,,0.040,,0.000
2026-10-02T08:59:00Z,,,924.000,,22.340,22.340,3.000,0.050,5.428,0.000
2026-10-02T09:00:00Z,1.518,2.520,924.000,7535067136.000,17.290,17.290,3.000,0.030,5.700,0.000
2026-10-02T09:01:00Z,1.710,2.720,924.000,7535067136.000,19.630,19.630,3.000,0.040,4.428,0.000
2026-10-02T09:02:00Z,1.655,2.610,924.000,7536115712.000,34.270,34.270,5.000,0.070,5.005,0.000
2026-10-02T09:03:00Z,1.650,2.680,924.000,7535067136.000,31.370,31.370,,0.050,8.857,0.000
2026-10-02T09:04:00Z,1.700,2.670,924.000,7535067136.000,25.280,25.280,5.000,0.040,7.960,0.000
2026-10-02T09:05:00Z,1.650,2.670,924.000,7535067136.000,40.520,40.520,7.000,0.090,6.435,0.000
2026-10-02T09:06:00Z,1.590,2.580,924.000,7535067136.000,27.120,27.120,4.000,0.060,10.223,0.000
2026-10-02T09:07:00Z,1.505,2.450,924.000,7535067136.000,17.390,17.390,,0.030,6.870,0.000
2026-10-02T09:08:00Z,1.560,2.560,924.000,7535067136.000,14.840,14.840,2.000,0.020,4.445,0.000
2026-10-02T09:09:00Z,1.485,2.440,924.000,7534018560.000,15.050,15.050,2.000,0.020,3.839,0.000
2026-10-02T09:10:00Z,1.545,2.530,,7535067136.000,17.340,17.340,,0.030,,0.000
2026-10-02T09:11:00Z,1.710,2.640,924.000,7535067136.000,20.580,20.580,3.000,0.030,4.428,0.000
2026-10-02T09:12:00Z,1.600,2.600,924.000,7535067136.000,33.920,33.920,6.000,0.080,5.235,0.000
2026-10-02T09:13:00Z,1.560,2.490,924.000,7536115712.000,20.700,20.700,,0.040,8.773,0.000
2026-10-02T09:14:00Z,2.590,2.590,924.000,7536115712.000,24.860,24.860,4.000,0.040,5.285,0.000
2026-10-02T09:15:00Z,1.900,2.610,924.000,7536115712.000,36.740,36.740,6.000,0.260,6.338,0.000
2026-10-02T09:16:00Z,1.530,2.480,924.000,7536115712.000,28.870,28.870,5.000,0.160,9.595,0.000
2026-10-02T09:17:00Z,1.855,2.530,924.000,7536115712.000,19.340,19.340,,0.030,7.370,0.000
2026-10-02T09:18:00Z,1.740,2.840,924.000,7536115712.000,70.270,70.270,3.000,4.730,11.386,0.000
2026-10-02T09:19:00Z,1.595,2.580,,7535067136.000,27.900,27.900,12.000,0.110,,0.000
2026-10-02T09:20:00Z,1.525,2.550,924.000,7534018560.000,21.770,21.770,,0.040,7.270,0.000
2026-10-02T09:21:00Z,1.640,2.690,924.000,7531921408.000,22.040,22.040,4.000,0.040,5.535,0.000
2026-10-02T09:22:00Z,1.580,2.610,924.000,7532969984.000,22.190,22.190,3.000,0.040,5.600,0.000
2026-10-02T09:23:00Z,1.575,2.570,924.000,7532969984.000,20.680,20.680,,0.040,5.560,0.000
2026-10-02T09:24:00Z,1.530,2.530,,7532969984.000,22.800,22.800,3.000,0.040,,0.000
2026-10-02T09:25:00Z,1.600,2.620,924.000,7532969984.000,18.430,18.430,4.000,0.030,5.810,0.000
2026-10-02T09:26:00Z,1.490,2.510,924.000,7532969984.000,21.320,21.320,,0.040,5.067,0.000
2026-10-02T09:27:00Z,1.525,2.510,,7532969984.000,13.740,13.740,3.000,0.020,,0.000
2026-10-02T09:28:00Z,1.570,2.510,924.000,7532969984.000,15.010,15.010,2.000,0.020,3.520,0.000
2026-10-02T09:29:00Z,1.510,2.440,924.000,7532969984.000,22.890,22.890,2.000,0.040,3.842,0.000
2026-10-02T09:30:00Z,1.520,2.520,924.000,7532969984.000,22.050,22.050,3.000,0.040,5.808,0.000
2026-10-02T09:31:00Z,,,924.000,,15.540,15.540,2.000,0.020,5.630,0.000
2026-10-02T09:32:00Z,1.552,2.600,924.000,7532969984.000,19.600,19.600,3.000,0.030,3.982,0.000
2026-10-02T09:33:00Z,1.535,2.560,924.000,7532969984.000,11.610,11.610,,0.020,5.197,0.000
2026-10-02T09:34:00Z,2.490,2.490,924.000,7532969984.000,13.210,13.210,2.000,0.020,3.007,0.000
2026-10-02T09:35:00Z,1.277,2.640,924.000,7532969984.000,20.490,20.490,3.000,0.040,3.417,0.000
2026-10-02T09:36:00Z,1.565,2.540,924.000,7532969984.000,25.710,25.710,,0.070,5.866,0.000
2026-10-02T09:37:00Z,1.565,2.600,,7532969984.000,23.530,23.530,4.000,0.040,,0.000
2026-10-02T09:38:00Z,1.665,2.720,924.000,7531921408.000,19.210,19.210,4.000,0.030,5.975,0.000
2026-10-02T09:39:00Z,1.590,2.520,924.000,7532969984.000,21.070,21.070,3.000,0.030,4.900,0.000
2026-10-02T09:40:00Z,1.535,2.490,924.000,7534018560.000,23.540,23.540,4.000,0.050,5.595,0.000
2026-10-02T09:41:00Z,1.540,2.530,924.000,7534018560.000,15.640,15.640,,0.020,5.982,0.000
2026-10-02T09:42:00Z,1.560,2.540,924.000,7534018560.000,18.070,18.070,3.000,0.030,4.165,0.000
2026-10-02T09:43:00Z,1.530,2.500,924.000,7534018560.000,17.290,17.290,,0.030,4.840,0.000
2026-10-02T09:44:00Z,,,924.000,,15.410,15.410,3.000,0.020,4.415,0.000
2026-10-02T09:45:00Z,1.498,2.490,924.000,7534018560.000,14.130,14.130,,0.020,3.812,0.000
2026-10-02T09:46:00Z,1.520,2.560,,7536115712.000,13.270,13.270,2.000,0.020,,0.000
2026-10-02T09:47:00Z,1.585,2.450,924.000,7536115712.000,15.290,15.290,,0.030,3.402,0.000
2026-10-02T09:48:00Z,2.145,3.470,924.000,7528775680.000,77.060,77.060,2.000,8.020,11.725,0.000
2026-10-02T09:49:00Z,1.750,2.670,,7526678528.000,57.940,57.940,13.000,1.310,,0.000
2026-10-02T09:50:00Z,1.910,3.060,924.000,7527727104.000,48.570,48.570,10.000,1.730,13.419,0.000
2026-10-02T09:51:00Z,1.840,3.040,,7528775680.000,75.220,75.220,12.000,1.260,,0.000
2026-10-02T09:52:00Z,1.540,2.540,924.000,7528775680.000,27.970,27.970,,0.180,18.895,0.000
2026-10-02T09:53:00Z,1.560,2.560,924.000,7528775680.000,15.250,15.250,5.000,0.020,7.298,0.000
2026-10-02T09:54:00Z,1.605,2.620,924.000,7529824256.000,21.660,21.660,3.000,0.030,3.915,0.000
2026-10-02T09:55:00Z,1.570,2.500,924.000,7528775680.000,18.540,18.540,3.000,0.030,5.532,0.000
2026-10-02T09:56:00Z,1.580,2.510,924.000,7529824256.000,22.180,22.180,,0.040,4.728,0.000
2026-10-02T09:57:00Z,1.510,2.530,924.000,7529824256.000,22.900,22.900,4.000,0.040,5.643,0.000
2026-10-02T09:58:00Z,1.530,2.570,924.000,7529824256.000,12.780,12.780,3.000,0.020,5.810,0.000
2026-10-02T09:59:00Z,1.495,2.460,924.000,7529824256.000,15.110,15.110,2.000,0.020,3.288,0.000
2026-10-02T10:00:00Z,1.605,2.520,924.000,7529824256.000,16.200,16.200,2.000,0.020,3.897,0.000
2026-10-02T10:01:00Z,1.620,2.670,924.000,7529824256.000,30.560,30.560,,0.050,5.935,0.000
2026-10-02T10:02:00Z,1.530,2.500,,7529824256.000,20.540,20.540,5.000,0.040,,0.000
2026-10-02T10:03:00Z,1.640,2.570,924.000,7529824256.000,16.180,16.180,3.000,0.030,4.789,0.000
2026-10-02T10:04:00Z,1.560,2.610,,7529824256.000,32.940,32.940,2.000,0.420,,0.000
2026-10-02T10:05:00Z,1.725,2.520,924.000,7529824256.000,14.520,14.520,5.000,0.020,8.345,0.000
2026-10-02T10:06:00Z,1.530,2.500,924.000,7528775680.000,44.680,44.680,8.000,2.710,3.740,0.000
2026-10-02T10:07:00Z,1.565,2.510,924.000,7528775680.000,19.710,19.710,3.000,0.030,11.262,0.000
2026-10-02T10:08:00Z,1.555,2.610,924.000,7528775680.000,24.200,24.200,,0.040,5.022,0.000
2026-10-02T10:09:00Z,1.570,2.580,924.000,7528775680.000,18.370,18.370,4.000,0.030,6.135,0.000
2026-10-02T10:10:00Z,1.585,2.610,924.000,7527727104.000,23.930,23.930,4.000,0.040,5.383,0.000
2026-10-02T10:11:00Z,1.785,2.930,,7527727104.000,20.890,20.890,,0.030,,0.000
2026-10-02T10:12:00Z,1.730,2.830,924.000,7527727104.000,22.160,22.160,3.000,0.040,5.312,0.000
2026-10-02T10:13:00Z,1.565,2.600,924.000,7527727104.000,26.360,26.360,,0.050,5.832,0.000
2026-10-02T10:14:00Z,1.995,2.550,924.000,7511998464.000,17.860,17.860,4.000,0.030,5.638,0.000
2026-10-02T10:15:00Z,2.040,3.550,,7534018560.000,24.440,24.440,4.000,0.040,,0.000
2026-10-02T10:16:00Z,1.690,2.780,924.000,7534018560.000,19.910,19.910,3.000,0.030,6.232,0.000
2026-10-02T10:17:00Z,1.600,2.580,924.000,7534018560.000,19.740,19.740,,0.030,5.395,0.000
2026-10-02T10:18:00Z,1.680,2.720,924.000,7531921408.000,25.620,25.620,3.000,0.050,5.037,0.000
2026-10-02T10:19:00Z,1.625,2.680,924.000,7531921408.000,19.340,19.340,4.000,0.030,6.670,0.000
2026-10-02T10:20:00Z,1.580,2.590,924.000,7532969984.000,16.590,16.590,3.000,0.020,4.689,0.000
2026-10-02T10:21:00Z,1.530,2.520,,7531921408.000,19.430,19.430,3.000,0.030,,0.000
2026-10-02T10:22:00Z,1.935,2.600,924.000,7528775680.000,14.990,14.990,,0.020,4.504,0.000
2026-10-02T10:23:00Z,1.890,3.020,,7528775680.000,79.170,79.170,2.000,2.860,,0.000
2026-10-02T10:24:00Z,1.570,2.500,924.000,7529824256.000,36.430,36.430,14.000,0.260,19.910,0.000
2026-10-02T10:25:00Z,1.760,2.810,924.000,7529824256.000,30.270,30.270,,0.060,9.217,0.000
2026-10-02T10:26:00Z,1.650,2.670,924.000,7529824256.000,37.180,37.180,6.000,0.070,7.660,0.000
2026-10-02T10:27:00Z,1.660,2.560,924.000,7529824256.000,30.210,30.210,,0.050,9.393,0.000
2026-10-02T10:28:00Z,1.685,2.670,924.000,7529824256.000,33.430,33.430,5.000,0.080,7.643,0.000
2026-10-02T10:29:00Z,1.635,2.720,924.000,7529824256.000,38.780,38.780,6.000,0.090,8.455,0.000
2026-10-02T10:30:00Z,1.650,2.540,924.000,7530872832.000,20.740,20.740,,0.030,9.805,0.000
2026-10-02T10:31:00Z,1.655,2.730,924.000,7530872832.000,37.810,37.810,6.000,0.080,5.277,0.000
2026-10-02T10:32:00Z,1.675,2.700,924.000,7530872832.000,23.330,23.330,,0.040,7.849,0.000
2026-10-02T10:33:00Z,1.605,2.640,,,27.400,27.400,4.000,0.050,,0.000
2026-10-02T10:34:00Z,1.555,2.510,924.000,7530872832.000,20.790,20.790,5.000,0.030,6.947,0.000
2026-10-02T10:35:00Z,1.595,2.490,924.000,7530872832.000,15.310,15.310,3.000,0.020,5.315,0.000
2026-10-02T10:36:00Z,,,924.000,7530872832.000,31.780,31.780,5.000,0.050,3.933,0.000
2026-10-02T10:37:00Z,1.573,2.630,924.000,7530872832.000,20.440,20.440,,0.030,8.043,0.000
2026-10-02T10:38:00Z,1.610,2.650,924.000,7530872832.000,15.910,15.910,3.000,0.020,5.213,0.000
2026-10-02T10:39:00Z,1.475,2.450,924.000,7529824256.000,19.390,19.390,2.000,0.030,4.067,0.000
2026-10-02T10:40:00Z,1.535,2.520,924.000,7528775680.000,13.290,13.290,3.000,0.020,4.957,0.000
2026-10-02T10:41:00Z,1.530,2.520,924.000,7528775680.000,15.890,15.890,2.000,0.020,3.841,0.000
2026-10-02T10:42:00Z,1.490,2.480,,7528775680.000,14.680,14.680,2.000,0.020,,0.000
2026-10-02T10:43:00Z,1.530,2.510,924.000,7528775680.000,14.280,14.280,,0.020,3.993,0.000
2026-10-02T10:44:00Z,1.535,2.530,924.000,7528775680.000,18.480,18.480,3.000,0.030,4.204,0.000
2026-10-02T10:45:00Z,1.540,2.510,,7528775680.000,16.570,16.570,2.000,0.030,,0.000
2026-10-02T10:46:00Z,1.540,2.470,924.000,7528775680.000,17.090,17.090,3.000,0.030,4.319,0.000
2026-10-02T10:47:00Z,1.605,2.630,,7529824256.000,22.330,22.330,,0.040,,0.000
2026-10-02T10:48:00Z,1.570,2.610,924.000,7529824256.000,24.810,24.810,4.000,0.040,5.675,0.000
2026-10-02T10:49:00Z,1.515,2.510,924.000,7528775680.000,19.460,19.460,4.000,0.030,6.463,0.000
2026-10-02T10:50:00Z,1.560,2.600,924.000,7528775680.000,20.210,20.210,3.000,0.090,4.980,0.000
2026-10-02T10:51:00Z,1.680,2.670,924.000,7528775680.000,22.210,22.210,4.000,0.040,5.150,0.000
2026-10-02T10:52:00Z,1.540,2.580,924.000,7528775680.000,25.480,25.480,,0.060,5.643,0.000
2026-10-02T10:53:00Z,1.595,2.680,924.000,7528775680.000,15.710,15.710,4.000,0.020,6.670,0.000
2026-10-02T10:54:00Z,1.580,2.530,924.000,7526678528.000,19.060,19.060,3.000,0.030,4.030,0.000
2026-10-02T10:55:00Z,1.535,2.560,924.000,7527727104.000,16.960,16.960,,0.030,4.606,0.000
2026-10-02T10:56:00Z,1.500,2.520,,7527727104.000,15.960,15.960,3.000,0.040,,0.000
2026-10-02T10:57:00Z,1.530,2.570,924.000,7528775680.000,11.530,11.530,2.000,0.020,4.272,0.000
2026-10-02T10:58:00Z,1.540,2.570,924.000,7528775680.000,14.710,14.710,2.000,0.020,2.967,0.000
2026-10-02T10:59:00Z,1.465,2.410,924.000,7528775680.000,16.060,16.060,2.000,0.020,3.768,0.000
2026-10-02T11:00:00Z,1.585,2.530,924.000,7528775680.000,10.480,10.480,1.000,0.010,4.120,0.000
2026-10-02T11:01:00Z,1.870,3.010,924.000,7526678528.000,34.620,34.620,6.000,0.230,2.717,0.000
2026-10-02T11:02:00Z,1.600,2.610,924.000,7527727104.000,42.950,42.950,7.000,0.090,8.745,0.000
2026-10-02T11:03:00Z,1.605,2.600,924.000,7527727104.000,25.170,25.170,,0.050,11.027,0.000
2026-10-02T11:04:00Z,2.710,2.710,924.000,7527727104.000,25.610,25.610,4.000,0.070,6.407,0.000
2026-10-02T11:05:00Z,1.217,2.540,924.000,7527727104.000,17.740,17.740,4.000,0.030,6.520,0.000
2026-10-02T11:06:00Z,1.600,2.610,924.000,7527727104.000,23.480,23.480,,0.040,4.537,0.000
2026-10-02T11:07:00Z,1.690,2.820,924.000,7527727104.000,23.910,23.910,4.000,0.040,5.960,0.000
2026-10-02T11:08:00Z,1.585,2.570,924.000,7528775680.000,20.050,20.050,4.000,0.030,6.070,0.000
2026-10-02T11:09:00Z,1.590,2.510,924.000,7528775680.000,23.060,23.060,3.000,0.040,5.492,0.000
2026-10-02T11:10:00Z,1.610,2.580,,7528775680.000,22.910,22.910,4.000,0.040,,0.000
2026-10-02T11:11:00Z,1.715,2.760,924.000,7527727104.000,29.570,29.570,4.000,0.050,6.657,0.000
2026-10-02T11:12:00Z,1.720,2.730,,7527727104.000,27.390,27.390,5.000,0.050,,0.000
2026-10-02T11:13:00Z,1.705,2.770,924.000,7527727104.000,33.730,33.730,4.000,0.070,7.150,0.000
2026-10-02T11:14:00Z,1.580,2.590,924.000,7527727104.000,28.520,28.520,6.000,0.060,7.994,0.000
2026-10-02T11:15:00Z,2.380,4.120,,7505707008.000,17.070,17.070,5.000,0.030,,0.000
2026-10-02T11:16:00Z,1.605,2.610,924.000,7529824256.000,26.410,26.410,,0.120,4.360,0.000
2026-10-02T11:17:00Z,1.765,2.890,924.000,7529824256.000,25.980,25.980,4.000,0.050,7.000,0.000
2026-10-02T11:18:00Z,1.680,2.710,924.000,7529824256.000,21.210,21.210,,0.040,6.635,0.000
2026-10-02T11:19:00Z,1.625,2.690,924.000,7529824256.000,24.940,24.940,4.000,0.040,5.588,0.000
2026-10-02T11:20:00Z,1.670,2.730,924.000,7529824256.000,15.360,15.360,2.000,0.020,6.558,0.000
2026-10-02T11:21:00Z,1.690,2.730,924.000,7529824256.000,24.890,24.890,,0.040,3.942,0.000
2026-10-02T11:22:00Z,1.595,2.580,924.000,7529824256.000,24.420,24.420,4.000,0.050,6.312,0.000
2026-10-02T11:23:00Z,1.615,2.520,924.000,7529824256.000,22.170,22.170,,0.040,6.420,0.000
2026-10-02T11:24:00Z,1.565,2.560,924.000,7529824256.000,23.410,23.410,4.000,0.040,5.633,0.000
2026-10-02T11:25:00Z,1.625,2.630,924.000,7529824256.000,24.310,24.310,4.000,0.040,5.963,0.000
2026-10-02T11:26:00Z,1.570,2.540,924.000,7529824256.000,24.040,24.040,4.000,0.050,6.138,0.000
2026-10-02T11:27:00Z,1.545,2.520,,7530872832.000,18.960,18.960,,0.030,,0.000
2026-10-02T11:28:00Z,1.565,2.630,924.000,7528775680.000,15.610,15.610,3.000,0.020,4.843,0.000
2026-10-02T11:29:00Z,1.585,2.630,924.000,7528775680.000,26.240,26.240,2.000,0.250,4.000,0.000
2026-10-02T11:30:00Z,1.515,2.520,924.000,7528775680.000,19.590,19.590,4.000,0.030,6.675,0.000
2026-10-02T11:31:00Z,1.560,2.510,924.000,7527727104.000,11.480,11.480,,0.020,4.987,0.000
2026-10-02T11:32:00Z,1.580,2.580,924.000,7527727104.000,23.530,23.530,4.000,0.040,4.566,0.000
2026-10-02T11:33:00Z,1.625,2.700,,7527727104.000,20.840,20.840,,0.030,,0.000
2026-10-02T11:34:00Z,1.860,3.120,924.000,7527727104.000,48.220,48.220,8.000,1.090,5.325,0.000
2026-10-02T11:35:00Z,1.525,2.410,924.000,7527727104.000,23.970,23.970,4.000,0.040,12.175,0.000
2026-10-02T11:36:00Z,1.580,2.560,924.000,7527727104.000,26.540,26.540,4.000,0.050,6.410,0.000
2026-10-02T11:37:00Z,1.520,2.470,,7527727104.000,25.720,25.720,,0.040,,0.000
2026-10-02T11:38:00Z,1.600,2.650,924.000,7527727104.000,19.680,19.680,4.000,0.030,6.532,0.000
2026-10-02T11:39:00Z,1.500,2.450,924.000,7526678528.000,21.420,21.420,3.000,0.050,5.010,0.000
2026-10-02T11:40:00Z,1.540,2.550,924.000,7526678528.000,16.040,16.040,3.000,0.020,5.445,0.000
2026-10-02T11:41:00Z,1.560,2.550,924.000,7526678528.000,15.760,15.760,2.000,0.030,4.140,0.000
2026-10-02T11:42:00Z,1.585,2.610,924.000,7527727104.000,20.240,20.240,3.000,0.030,4.205,0.000
2026-10-02T11:43:00Z,1.645,2.690,924.000,7526678528.000,24.570,24.570,,0.040,5.365,0.000
2026-10-02T11:44:00Z,1.620,2.600,924.000,7527727104.000,26.600,26.600,4.000,0.050,6.235,0.000
2026-10-02T11:45:00Z,1.590,2.600,924.000,7527727104.000,28.840,28.840,5.000,0.100,6.772,0.000
2026-10-02T11:46:00Z,1.615,2.600,924.000,7527727104.000,23.910,23.910,4.000,0.040,7.340,0.000
2026-10-02T11:47:00Z,1.550,2.500,924.000,7527727104.000,24.890,24.890,,0.040,6.067,0.000
2026-10-02T11:48:00Z,1.650,2.640,924.000,7526678528.000,22.320,22.320,4.000,0.040,6.320,0.000
2026-10-02T11:49:00Z,1.815,2.930,924.000,7528775680.000,28.070,28.070,5.000,0.080,5.845,0.000
2026-10-02T11:50:00Z,1.730,2.760,924.000,7526678528.000,32.980,32.980,,0.060,7.527,0.000
2026-10-02T11:51:00Z,1.635,2.670,924.000,7525629952.000,34.060,34.060,5.000,0.080,8.768,0.000
2026-10-02T11:52:00Z,1.635,2.610,924.000,7525629952.000,25.550,25.550,5.000,0.040,8.605,0.000
2026-10-02T11:53:00Z,1.580,2.560,924.000,7526678528.000,23.730,23.730,,0.040,6.707,0.000
2026-10-02T11:54:00Z,1.590,2.620,924.000,7526678528.000,21.630,21.630,4.000,0.030,6.037,0.000
2026-10-02T11:55:00Z,1.590,2.610,924.000,7526678528.000,20.860,20.860,3.000,0.030,5.530,0.000
2026-10-02T11:56:00Z,1.630,2.610,924.000,7524581376.000,23.660,23.660,,0.050,5.656,0.000
2026-10-02T11:57:00Z,1.650,2.670,,7525629952.000,31.310,31.310,4.000,0.060,,0.000
2026-10-02T11:58:00Z,1.700,2.710,924.000,7525629952.000,32.130,32.130,5.000,0.060,7.900,0.000
2026-10-02T11:59:00Z,1.560,2.550,924.000,7524581376.000,31.970,31.970,5.000,0.060,8.123,0.000
2026-10-02T12:00:00Z,1.520,2.490,924.000,7526678528.000,20.290,20.290,5.000,0.030,8.110,0.000
2026-10-02T12:01:00Z,1.720,2.750,924.000,7527727104.000,23.490,23.490,3.000,0.070,5.575,0.000
2026-10-02T12:02:00Z,1.625,2.670,,7528775680.000,39.740,39.740,4.000,0.100,,0.000
2026-10-02T12:03:00Z,1.615,2.670,924.000,7528775680.000,19.140,19.140,7.000,0.040,10.240,0.000
2026-10-02T12:04:00Z,1.580,2.580,924.000,7527727104.000,17.860,17.860,3.000,0.030,4.890,0.000
2026-10-02T12:05:00Z,1.625,2.600,924.000,7527727104.000,27.660,27.660,,0.060,4.575,0.000
2026-10-02T12:06:00Z,1.635,2.620,924.000,7527727104.000,30.780,30.780,4.000,0.130,7.008,0.000
2026-10-02T12:07:00Z,1.605,2.610,924.000,7527727104.000,25.840,25.840,5.000,0.050,7.810,0.000
2026-10-02T12:08:00Z,1.675,2.720,924.000,7527727104.000,25.630,25.630,,0.050,6.540,0.000
2026-10-02T12:09:00Z,1.750,2.730,924.000,7527727104.000,30.940,30.940,4.000,0.100,6.505,0.000
2026-10-02T12:10:00Z,1.620,2.610,924.000,7527727104.000,37.820,37.820,5.000,0.090,7.827,0.000
2026-10-02T12:11:00Z,1.610,2.660,924.000,7526678528.000,23.150,23.150,6.000,0.040,9.570,0.000
2026-10-02T12:12:00Z,1.625,2.620,924.000,7526678528.000,20.540,20.540,,0.040,5.910,0.000
2026-10-02T12:13:00Z,,,924.000,,24.930,24.930,3.000,0.040,5.412,0.000
2026-10-02T12:14:00Z,1.667,2.730,924.000,7524581376.000,31.850,31.850,5.000,0.060,6.343,0.000
2026-10-02T12:15:00Z,2.440,2.810,924.000,7521435648.000,34.510,34.510,6.000,0.060,8.078,0.000
2026-10-02T12:16:00Z,1.670,2.760,924.000,7527727104.000,24.740,24.740,,0.060,8.720,0.000
2026-10-02T12:17:00Z,1.680,2.710,924.000,7527727104.000,28.620,28.620,5.000,0.050,6.582,0.000
2026-10-02T12:18:00Z,1.685,2.740,924.000,7527727104.000,35.790,35.790,,0.210,7.265,0.000
2026-10-02T12:19:00Z,1.635,2.650,924.000,7527727104.000,25.850,25.850,6.000,0.050,9.057,0.000
2026-10-02T12:20:00Z,,,924.000,7528775680.000,26.540,26.540,4.000,0.070,6.827,0.000
2026-10-02T12:21:00Z,1.810,2.950,924.000,,55.770,55.770,10.000,1.740,6.737,0.000
2026-10-02T12:22:00Z,1.700,2.740,924.000,7526678528.000,32.580,32.580,,0.110,14.040,0.000
2026-10-02T12:23:00Z,1.750,2.840,924.000,7527727104.000,39.800,39.800,5.000,0.150,8.450,0.000
2026-10-02T12:24:00Z,1.685,2.670,924.000,7526678528.000,36.940,36.940,7.000,0.080,10.043,0.000
2026-10-02T12:25:00Z,1.650,2.610,924.000,7526678528.000,33.540,33.540,,0.150,9.345,0.000
2026-10-02T12:26:00Z,1.770,2.680,924.000,7527727104.000,32.700,32.700,5.000,0.070,8.488,0.000
2026-10-02T12:27:00Z,1.720,2.770,924.000,7527727104.000,46.790,46.790,,0.150,8.260,0.000
2026-10-02T12:28:00Z,1.750,2.710,924.000,7527727104.000,30.990,30.990,8.000,0.060,11.783,0.000
2026-10-02T12:29:00Z,1.690,2.710,924.000,7527727104.000,33.240,33.240,5.000,0.060,7.838,0.000
2026-10-02T12:30:00Z,1.840,2.760,924.000,7526678528.000,38.440,38.440,5.000,0.080,8.425,0.000
2026-10-02T12:31:00Z,3.185,4.210,924.000,7523532800.000,76.310,76.310,6.000,3.610,9.915,0.000
2026-10-02T12:32:00Z,3.260,4.240,924.000,7521435648.000,241.760,241.760,43.000,5.120,19.163,0.000
2026-10-02T12:33:00Z,2.970,4.000,924.000,7524581376.000,237.770,237.770,,3.730,60.755,0.000
2026-10-02T12:34:00Z,2.970,3.840,924.000,7521435648.000,187.230,187.230,42.000,0.960,59.545,0.000
2026-10-02T12:35:00Z,2.800,3.790,924.000,7521435648.000,198.350,198.350,35.000,1.130,46.930,0.000
2026-10-02T12:36:00Z,2.430,3.500,924.000,7521435648.000,173.750,173.750,30.000,1.220,49.690,0.000
2026-10-02T12:37:00Z,2.625,3.660,924.000,7520387072.000,128.730,128.730,22.000,0.560,43.535,0.000
2026-10-02T12:38:00Z,2.595,3.630,924.000,7520387072.000,155.690,155.690,,1.620,32.278,0.000
2026-10-02T12:39:00Z,2.500,3.780,924.000,7521435648.000,158.880,158.880,27.000,0.580,39.028,0.000
2026-10-02T12:40:00Z,2.520,3.640,924.000,7520387072.000,138.510,138.510,28.000,0.910,39.830,0.000
2026-10-02T12:41:00Z,2.430,3.480,924.000,7522484224.000,139.370,139.370,24.000,0.710,34.737,0.000
2026-10-02T12:42:00Z,,,924.000,,122.930,122.930,21.000,1.840,35.097,0.000
2026-10-02T12:43:00Z,2.333,3.530,924.000,7522484224.000,128.210,128.210,,1.180,31.055,0.000
2026-10-02T12:44:00Z,2.115,3.020,924.000,7521435648.000,104.990,104.990,22.000,0.250,32.157,0.000
2026-10-02T12:45:00Z,2.230,3.200,924.000,7519338496.000,97.470,97.470,17.000,0.240,26.370,0.000
2026-10-02T12:46:00Z,2.295,3.200,924.000,7520387072.000,98.390,98.390,17.000,0.280,24.508,0.000
2026-10-02T12:47:00Z,2.065,3.050,924.000,7518289920.000,101.450,101.450,,1.020,24.688,0.000
2026-10-02T12:48:00Z,2.085,3.140,924.000,7520387072.000,81.220,81.220,18.000,0.190,25.453,0.000
2026-10-02T12:49:00Z,2.050,3.010,924.000,7520387072.000,79.520,79.520,14.000,0.330,20.420,0.000
2026-10-02T12:50:00Z,2.045,3.060,924.000,7519338496.000,82.610,82.610,14.000,0.310,20.122,0.000
2026-10-02T12:51:00Z,2.110,3.150,924.000,7519338496.000,78.370,78.370,14.000,0.190,20.745,0.000
2026-10-02T12:52:00Z,1.945,2.990,924.000,7519338496.000,82.640,82.640,13.000,0.300,19.683,0.000
2026-10-02T12:53:00Z,1.890,2.870,924.000,7519338496.000,57.220,57.220,14.000,0.110,20.975,0.000
2026-10-02T12:54:00Z,1.895,2.920,924.000,7519338496.000,62.370,62.370,11.000,0.130,14.408,0.000
2026-10-02T12:55:00Z,2.115,3.050,924.000,7519338496.000,55.560,55.560,,0.120,15.707,0.000
2026-10-02T12:56:00Z,2.090,3.110,924.000,7518289920.000,101.610,101.610,9.000,1.110,13.988,0.000
2026-10-02T12:57:00Z,1.860,3.020,924.000,7519338496.000,81.570,81.570,18.000,0.280,25.505,0.000
2026-10-02T12:58:00Z,1.945,2.960,924.000,7518289920.000,53.740,53.740,14.000,0.210,20.490,0.000
2026-10-02T12:59:00Z,1.900,2.860,924.000,7519338496.000,61.130,61.130,10.000,0.170,13.533,0.000
2026-10-02T13:00:00Z,2.070,3.250,924.000,7519338496.000,84.340,84.340,,0.460,15.398,0.000
2026-10-02T13:01:00Z,2.140,3.170,924.000,7519338496.000,76.870,76.870,14.000,0.370,21.188,0.000
2026-10-02T13:02:00Z,2.180,3.060,924.000,7518289920.000,85.290,85.290,15.000,0.240,19.312,0.000
2026-10-02T13:03:00Z,2.190,3.430,924.000,7519338496.000,127.850,127.850,,2.630,21.620,0.000
2026-10-02T13:04:00Z,2.065,3.020,924.000,7520387072.000,78.010,78.010,22.000,0.300,32.045,0.000
2026-10-02T13:05:00Z,2.235,3.300,924.000,7518289920.000,91.180,91.180,16.000,0.500,19.587,0.000
2026-10-02T13:06:00Z,2.190,3.110,924.000,7518289920.000,113.290,113.290,20.000,0.520,22.900,0.000
2026-10-02T13:07:00Z,2.255,3.500,924.000,7519338496.000,110.490,110.490,,0.360,28.438,0.000
2026-10-02T13:08:00Z,2.285,3.260,924.000,7517241344.000,97.650,97.650,19.000,0.330,27.705,0.000
2026-10-02T13:09:00Z,2.025,3.050,924.000,7516192768.000,105.190,105.190,18.000,0.570,24.503,0.000
2026-10-02T13:10:00Z,2.015,2.940,924.000,7517241344.000,81.120,81.120,14.000,0.620,26.425,0.000
2026-10-02T13:11:00Z,,,924.000,,66.550,66.550,11.000,0.280,20.385,0.000
2026-10-02T13:12:00Z,2.038,3.210,924.000,7517241344.000,72.930,72.930,,0.180,16.747,0.000
2026-10-02T13:13:00Z,2.065,3.220,924.000,7518289920.000,67.200,67.200,13.000,0.710,18.593,0.000
2026-10-02T13:14:00Z,1.815,2.870,924.000,7519338496.000,70.300,70.300,12.000,0.350,16.898,0.000
2026-10-02T13:15:00Z,2.565,2.960,924.000,7498366976.000,48.270,48.270,,0.140,17.690,0.000
2026-10-02T13:16:00Z,2.420,3.770,924.000,7522484224.000,76.140,76.140,13.000,0.270,12.172,0.000
2026-10-02T13:17:00Z,2.055,3.190,924.000,7521435648.000,90.720,90.720,16.000,0.360,19.407,0.000
2026-10-02T13:18:00Z,2.005,3.240,924.000,7521435648.000,82.270,82.270,,0.860,23.040,0.000
2026-10-02T13:19:00Z,1.860,2.820,924.000,7521435648.000,56.420,56.420,14.000,0.890,20.670,0.000
2026-10-02T13:20:00Z,1.815,2.800,924.000,7522484224.000,49.630,49.630,8.000,0.110,14.473,0.000
2026-10-02T13:21:00Z,1.900,2.950,924.000,7520387072.000,42.120,42.120,7.000,0.080,12.505,0.000
2026-10-02T13:22:00Z,1.975,3.090,924.000,7521435648.000,47.900,47.900,8.000,0.090,10.648,0.000
2026-10-02T13:23:00Z,1.920,3.040,924.000,7521435648.000,58.200,58.200,,0.120,12.248,0.000
2026-10-02T13:24:00Z,2.065,3.170,924.000,7521435648.000,45.310,45.310,10.000,0.080,14.660,0.000
2026-10-02T13:25:00Z,2.035,3.050,924.000,7522484224.000,62.140,62.140,,0.630,11.438,0.000
2026-10-02T13:26:00Z,3.370,3.370,924.000,7520387072.000,95.750,95.750,11.000,3.040,15.627,0.000
2026-10-02T13:27:00Z,1.577,2.910,924.000,7520387072.000,74.370,74.370,17.000,0.490,24.047,0.000
2026-10-02T13:28:00Z,1.970,2.930,924.000,7520387072.000,49.650,49.650,13.000,0.090,18.672,0.000
2026-10-02T13:29:00Z,1.990,3.090,924.000,7520387072.000,70.690,70.690,8.000,2.480,12.508,0.000
2026-10-02T13:30:00Z,2.215,3.130,924.000,7520387072.000,61.070,61.070,12.000,0.290,17.782,0.000
2026-10-02T13:31:00Z,3.960,5.330,924.000,7496269824.000,160.050,160.050,28.000,13.080,15.370,0.000
2026-10-02T13:32:00Z,3.740,4.650,924.000,7505707008.000,361.290,361.290,64.000,19.160,40.133,0.000
2026-10-02T13:33:00Z,3.575,4.800,924.000,7504658432.000,334.220,334.220,,7.990,90.612,0.000
2026-10-02T13:34:00Z,3.240,4.310,924.000,7506755584.000,287.510,287.510,59.000,3.290,83.660,0.000
2026-10-02T13:35:00Z,3.030,3.940,924.000,7505707008.000,247.530,247.530,51.000,3.740,71.972,0.000
2026-10-02T13:36:00Z,3.440,4.580,924.000,7508852736.000,237.250,237.250,43.000,5.060,61.992,0.000
2026-10-02T13:37:00Z,3.030,4.130,924.000,7505707008.000,258.070,258.070,,2.770,59.410,0.000
2026-10-02T13:38:00Z,3.470,4.440,924.000,7505707008.000,232.570,232.570,45.000,2.040,64.610,0.000
2026-10-02T13:39:00Z,3.040,3.960,924.000,7505707008.000,267.500,267.500,41.000,21.820,58.235,0.000
2026-10-02T13:40:00Z,2.925,3.860,924.000,7501512704.000,222.490,222.490,47.000,4.890,66.980,0.000
2026-10-02T13:41:00Z,2.860,3.910,924.000,7502561280.000,212.230,212.230,39.000,2.150,55.737,0.000
2026-10-02T13:42:00Z,,,924.000,,203.150,203.150,37.000,1.580,53.325,0.000
2026-10-02T13:43:00Z,3.115,4.260,924.000,7505707008.000,239.550,239.550,36.000,1.870,51.130,0.000
2026-10-02T13:44:00Z,3.275,4.200,924.000,7494172672.000,203.300,203.300,42.000,2.610,59.990,0.000
2026-10-02T13:45:00Z,2.750,3.800,924.000,7503609856.000,294.740,294.740,52.000,17.770,50.898,0.000
2026-10-02T13:46:00Z,3.175,4.280,924.000,7500464128.000,215.790,215.790,38.000,2.880,73.815,0.000
2026-10-02T13:47:00Z,,,924.000,,250.440,250.440,,2.580,54.075,0.000
2026-10-02T13:48:00Z,2.940,4.000,924.000,7500464128.000,223.170,223.170,44.000,3.000,62.700,0.000
2026-10-02T13:49:00Z,3.085,3.810,924.000,7499415552.000,216.470,216.470,39.000,4.440,55.915,0.000
2026-10-02T13:50:00Z,3.020,3.950,924.000,7497318400.000,255.500,255.500,45.000,24.280,54.365,0.000
2026-10-02T13:51:00Z,2.735,3.790,924.000,7497318400.000,235.070,235.070,,6.910,63.985,0.000
2026-10-02T13:52:00Z,3.070,4.140,924.000,7498366976.000,185.640,185.640,41.000,5.050,58.858,0.000
2026-10-02T13:53:00Z,3.195,4.410,924.000,7496269824.000,246.590,246.590,,6.860,46.737,0.000
2026-10-02T13:54:00Z,,,924.000,,251.290,251.290,44.000,9.010,61.740,0.000
2026-10-02T13:55:00Z,3.305,4.460,924.000,7497318400.000,255.780,255.780,45.000,7.000,62.932,0.000
2026-10-02T13:56:00Z,3.655,4.810,924.000,7496269824.000,277.510,277.510,49.000,12.810,64.037,0.000
2026-10-02T13:57:00Z,4.015,5.020,924.000,7493124096.000,357.090,357.090,,23.200,69.468,0.000
2026-10-02T13:58:00Z,4.005,4.600,924.000,7494172672.000,388.730,388.730,63.000,24.930,89.368,0.000
2026-10-02T13:59:00Z,4.180,5.630,924.000,7488929792.000,466.440,466.440,69.000,65.650,97.267,0.000
2026-10-02T14:00:00Z,3.015,4.260,924.000,7489978368.000,401.610,401.610,83.000,33.560,116.725,0.000
2026-10-02T14:01:00Z,3.295,4.350,924.000,7489978368.000,207.810,207.810,37.000,2.210,100.507,0.000
2026-10-02T14:02:00Z,3.715,4.690,924.000,7495221248.000,267.510,267.510,,9.700,52.057,0.000
2026-10-02T14:03:00Z,3.445,4.640,924.000,7493124096.000,309.910,309.910,47.000,8.650,67.205,0.000
2026-10-02T14:04:00Z,3.125,4.110,924.000,7491026944.000,246.350,246.350,55.000,4.590,77.567,0.000
2026-10-02T14:05:00Z,3.295,4.420,924.000,7493124096.000,218.050,218.050,43.000,4.350,61.715,0.000
2026-10-02T14:06:00Z,3.645,5.150,924.000,7492075520.000,260.700,260.700,38.000,4.700,54.602,0.000
2026-10-02T14:07:00Z,3.265,4.560,924.000,7494172672.000,263.320,263.320,46.000,7.200,65.282,0.000
2026-10-02T14:08:00Z,3.025,4.160,924.000,7491026944.000,211.440,211.440,,2.010,65.927,0.000
2026-10-02T14:09:00Z,3.265,4.320,924.000,7493124096.000,185.320,185.320,38.000,1.160,52.962,0.000
2026-10-02T14:10:00Z,2.900,4.090,924.000,7489978368.000,236.500,236.500,42.000,5.270,46.415,0.000
2026-10-02T14:11:00Z,3.140,4.460,924.000,7489978368.000,176.900,176.900,31.000,1.720,59.222,0.000
2026-10-02T14:12:00Z,3.200,4.340,924.000,7489978368.000,196.810,196.810,35.000,1.960,44.347,0.000
2026-10-02T14:13:00Z,3.025,4.350,924.000,7493124096.000,239.230,239.230,,9.760,49.483,0.000
2026-10-02T14:14:00Z,2.605,3.590,924.000,7493124096.000,196.210,196.210,42.000,2.660,59.905,0.000
2026-10-02T14:15:00Z,2.630,3.750,924.000,7495221248.000,177.960,177.960,34.000,2.060,49.175,0.000
2026-10-02T14:16:00Z,3.620,5.560,924.000,7488929792.000,184.500,184.500,33.000,1.820,44.595,0.000
2026-10-02T14:17:00Z,2.880,3.960,924.000,7494172672.000,211.740,211.740,37.000,2.670,46.453,0.000
2026-10-02T14:18:00Z,2.795,4.010,924.000,7494172672.000,198.670,198.670,,2.330,53.282,0.000
2026-10-02T14:19:00Z,2.615,3.490,924.000,7492075520.000,185.190,185.190,35.000,1.370,49.828,0.000
2026-10-02T14:20:00Z,2.515,3.370,924.000,7493124096.000,182.620,182.620,,5.440,46.663,0.000
2026-10-02T14:21:00Z,2.965,4.180,924.000,7488929792.000,176.340,176.340,32.000,2.250,45.775,0.000
2026-10-02T14:22:00Z,2.555,3.660,924.000,7489978368.000,214.200,214.200,,6.460,44.182,0.000
2026-10-02T14:23:00Z,2.760,3.930,924.000,7494172672.000,166.040,166.040,38.000,1.180,53.873,0.000
2026-10-02T14:24:00Z,2.630,3.540,924.000,7492075520.000,180.730,180.730,29.000,1.710,41.608,0.000
2026-10-02T14:25:00Z,2.475,3.310,924.000,7487881216.000,177.690,177.690,31.000,8.360,45.305,0.000
2026-10-02T14:26:00Z,2.605,3.740,924.000,7489978368.000,161.890,161.890,31.000,1.180,44.532,0.000
2026-10-02T14:27:00Z,2.515,3.410,924.000,7491026944.000,174.420,174.420,,1.570,40.565,0.000
2026-10-02T14:28:00Z,2.615,3.560,924.000,7491026944.000,155.630,155.630,31.000,1.460,43.682,0.000
2026-10-02T14:29:00Z,2.645,3.840,924.000,7493124096.000,169.130,169.130,27.000,1.650,38.992,0.000
2026-10-02T14:30:00Z,2.360,3.380,924.000,7489978368.000,121.820,121.820,30.000,0.460,42.398,0.000
2026-10-02T14:31:00Z,3.310,4.620,924.000,7487881216.000,152.420,152.420,21.000,1.300,30.565,0.000
2026-10-02T14:32:00Z,,,924.000,,214.270,214.270,26.000,6.380,38.210,0.000
2026-10-02T14:33:00Z,3.038,4.300,924.000,7486832640.000,184.780,184.780,38.000,1.900,53.888,0.000
2026-10-02T14:34:00Z,3.155,4.190,924.000,7485784064.000,226.130,226.130,33.000,5.290,46.297,0.000
2026-10-02T14:35:00Z,3.050,4.220,924.000,7489978368.000,212.250,212.250,40.000,2.660,56.642,0.000
2026-10-02T14:36:00Z,2.930,4.030,924.000,7489978368.000,190.410,190.410,,1.840,53.160,0.000
2026-10-02T14:37:00Z,2.735,3.680,924.000,7491026944.000,196.040,196.040,34.000,5.040,47.708,0.000
2026-10-02T14:38:00Z,2.710,3.960,924.000,7489978368.000,177.680,177.680,,1.390,49.112,0.000
2026-10-02T14:39:00Z,2.565,3.650,924.000,7492075520.000,162.400,162.400,31.000,1.240,44.517,0.000
2026-10-02T14:40:00Z,2.650,3.870,924.000,7491026944.000,148.670,148.670,26.000,1.170,40.727,0.000
2026-10-02T14:41:00Z,2.640,3.790,924.000,7487881216.000,146.730,146.730,26.000,0.910,37.265,0.000
2026-10-02T14:42:00Z,2.470,3.540,924.000,,136.900,136.900,24.000,0.930,36.935,0.000
2026-10-02T14:43:00Z,3.085,4.140,924.000,7466909696.000,155.330,155.330,,5.210,34.565,0.000
2026-10-02T14:44:00Z,4.300,4.300,924.000,7470055424.000,227.200,227.200,27.000,10.650,38.925,0.000
2026-10-02T14:45:00Z,2.193,3.520,924.000,,179.360,179.360,41.000,1.550,56.910,0.000
2026-10-02T14:46:00Z,2.600,3.750,924.000,7471104000.000,152.560,152.560,26.000,2.060,44.955,0.000
2026-10-02T14:47:00Z,2.395,3.480,924.000,7465861120.000,150.710,150.710,,0.880,38.263,0.000
2026-10-02T14:48:00Z,2.645,3.920,924.000,7467958272.000,135.450,135.450,27.000,1.660,37.763,0.000
2026-10-02T14:49:00Z,2.545,3.620,924.000,7465861120.000,130.850,130.850,24.000,0.520,33.968,0.000
2026-10-02T14:50:00Z,2.420,3.370,924.000,,144.190,144.190,23.000,0.960,32.968,0.000
2026-10-02T14:51:00Z,2.890,4.170,924.000,7466909696.000,138.580,138.580,25.000,1.100,36.362,0.000
2026-10-02T14:52:00Z,2.635,3.580,924.000,7470055424.000,180.520,180.520,31.000,2.380,34.742,0.000
2026-10-02T14:53:00Z,2.950,3.920,924.000,7472152576.000,178.280,178.280,,4.200,45.447,0.000
2026-10-02T14:54:00Z,3.000,4.030,924.000,7464812544.000,213.800,213.800,31.000,3.400,44.667,0.000
2026-10-02T14:55:00Z,3.035,3.830,924.000,7465861120.000,227.120,227.120,39.000,4.930,53.578,0.000
2026-10-02T14:56:00Z,2.940,3.970,924.000,7469006848.000,246.680,246.680,,7.000,56.875,0.000
2026-10-02T14:57:00Z,2.815,3.900,924.000,7466909696.000,217.730,217.730,44.000,3.330,61.773,0.000
2026-10-02T14:58:00Z,2.615,3.790,924.000,7470055424.000,191.740,191.740,,1.070,54.523,0.000
2026-10-02T14:59:00Z,2.775,3.670,924.000,7463763968.000,153.740,153.740,34.000,1.420,48.038,0.000
2026-10-02T15:00:00Z,2.590,3.560,924.000,7463763968.000,206.400,206.400,27.000,2.970,38.553,0.000
2026-10-02T15:01:00Z,2.950,4.290,924.000,7462715392.000,165.520,165.520,36.000,1.400,51.697,0.000
2026-10-02T15:02:00Z,2.645,3.640,924.000,7462715392.000,176.960,176.960,32.000,1.350,41.490,0.000
2026-10-02T15:03:00Z,2.870,3.780,924.000,7464812544.000,165.140,165.140,,0.980,44.532,0.000
2026-10-02T15:04:00Z,3.075,4.080,924.000,7463763968.000,218.360,218.360,38.000,6.150,41.375,0.000
2026-10-02T15:05:00Z,3.130,4.080,924.000,7464812544.000,264.840,264.840,46.000,8.880,54.708,0.000
2026-10-02T15:06:00Z,3.135,3.970,924.000,7465861120.000,247.880,247.880,43.000,7.140,66.320,0.000
2026-10-02T15:07:00Z,3.455,4.640,924.000,7464812544.000,309.450,309.450,,20.410,62.075,0.000
2026-10-02T15:08:00Z,3.200,4.250,924.000,7465861120.000,287.540,287.540,56.000,4.670,77.468,0.000
2026-10-02T15:09:00Z,3.180,4.200,924.000,7460618240.000,271.710,271.710,50.000,6.330,71.978,0.000
2026-10-02T15:10:00Z,3.115,4.170,924.000,7461666816.000,259.470,259.470,46.000,9.740,68.050,0.000
2026-10-02T15:11:00Z,3.630,4.610,924.000,7460618240.000,295.170,295.170,,7.880,64.942,0.000
2026-10-02T15:12:00Z,3.400,4.240,924.000,7465861120.000,320.030,320.030,52.000,13.540,73.897,0.000
2026-10-02T15:13:00Z,3.435,4.580,924.000,7463763968.000,328.660,328.660,57.000,13.250,80.330,0.000
2026-10-02T15:14:00Z,3.290,4.330,924.000,7463763968.000,306.560,306.560,58.000,12.490,82.255,0.000
2026-10-02T15:15:00Z,3.075,4.340,924.000,7465861120.000,276.580,276.580,49.000,6.620,76.763,0.000
2026-10-02T15:16:00Z,4.120,5.010,924.000,7448035328.000,236.330,236.330,41.000,4.660,69.243,0.000
2026-10-02T15:17:00Z,3.145,4.120,924.000,7462715392.000,263.230,263.230,,5.600,59.185,0.000
2026-10-02T15:18:00Z,3.320,4.500,924.000,7457472512.000,253.270,253.270,47.000,3.280,66.142,0.000
2026-10-02T15:19:00Z,3.140,4.330,924.000,7460618240.000,320.270,320.270,45.000,24.570,63.670,0.000
2026-10-02T15:20:00Z,2.940,4.000,924.000,7457472512.000,236.390,236.390,56.000,3.900,80.453,0.000
2026-10-02T15:21:00Z,,,924.000,,239.090,239.090,,5.490,59.212,0.000
2026-10-02T15:22:00Z,3.150,4.320,924.000,7459569664.000,242.850,242.850,42.000,1.800,59.865,0.000
2026-10-02T15:23:00Z,2.995,4.040,924.000,7457472512.000,237.140,237.140,43.000,2.420,61.028,0.000
2026-10-02T15:24:00Z,2.995,4.000,924.000,7457472512.000,229.700,229.700,42.000,2.060,59.377,0.000
2026-10-02T15:25:00Z,3.385,4.370,924.000,7455375360.000,238.850,238.850,42.000,4.650,57.547,0.000
2026-10-02T15:26:00Z,3.190,4.390,924.000,7455375360.000,355.400,355.400,,22.200,59.810,0.000
2026-10-02T15:27:00Z,3.240,4.300,924.000,7455375360.000,250.800,250.800,62.000,3.460,88.942,0.000
2026-10-02T15:28:00Z,2.870,3.840,924.000,7459569664.000,238.480,238.480,,2.640,62.792,0.000
2026-10-02T15:29:00Z,2.700,3.700,924.000,7459569664.000,216.460,216.460,43.000,3.440,59.705,0.000
2026-10-02T15:30:00Z,2.855,3.970,924.000,7464812544.000,195.320,195.320,38.000,3.100,54.225,0.000
2026-10-02T15:31:00Z,3.540,4.730,924.000,7455375360.000,238.240,238.240,41.000,4.740,48.922,0.000
2026-10-02T15:32:00Z,2.810,3.870,924.000,7455375360.000,298.300,298.300,54.000,11.240,59.678,0.000
2026-10-02T15:33:00Z,2.770,3.720,924.000,7454326784.000,190.800,190.800,,2.540,74.873,0.000
2026-10-02T15:34:00Z,2.755,3.730,924.000,,204.970,204.970,33.000,3.570,47.785,0.000
2026-10-02T15:35:00Z,2.790,3.790,924.000,7453278208.000,190.190,190.190,36.000,2.990,51.370,0.000
2026-10-02T15:36:00Z,3.095,4.340,924.000,7452229632.000,196.360,196.360,33.000,2.200,47.645,0.000
2026-10-02T15:37:00Z,3.000,3.900,924.000,7453278208.000,185.720,185.720,35.000,2.020,49.195,0.000
2026-10-02T15:38:00Z,2.770,3.910,924.000,7454326784.000,215.140,215.140,,4.900,46.508,0.000
2026-10-02T15:39:00Z,2.890,4.180,924.000,7452229632.000,165.080,165.080,38.000,1.290,53.883,0.000
2026-10-02T15:40:00Z,2.930,4.070,924.000,7452229632.000,168.930,168.930,29.000,1.600,41.398,0.000
2026-10-02T15:41:00Z,2.695,3.720,924.000,7451181056.000,174.420,174.420,,7.610,42.330,0.000
2026-10-02T15:42:00Z,2.995,3.890,924.000,7453278208.000,159.810,159.810,31.000,2.310,43.873,0.000
2026-10-02T15:43:00Z,2.755,3.850,924.000,7457472512.000,188.270,188.270,28.000,3.580,40.288,0.000
2026-10-02T15:44:00Z,2.520,3.570,924.000,7457472512.000,162.400,162.400,33.000,2.370,47.170,0.000
2026-10-02T15:45:00Z,2.565,3.680,924.000,7459569664.000,131.540,131.540,29.000,1.000,40.727,0.000
2026-10-02T15:46:00Z,,,924.000,,139.400,139.400,25.000,2.350,33.008,0.000
2026-10-02T15:47:00Z,2.888,4.100,924.000,7458521088.000,178.970,178.970,,1.640,34.977,0.000
2026-10-02T15:48:00Z,2.530,3.820,924.000,7455375360.000,179.050,179.050,31.000,2.320,44.840,0.000
2026-10-02T15:49:00Z,,,924.000,7453278208.000,113.650,113.650,32.000,0.590,44.880,0.000
2026-10-02T15:50:00Z,2.658,3.890,924.000,7452229632.000,161.880,161.880,20.000,1.920,28.617,0.000
2026-10-02T15:51:00Z,2.825,3.910,924.000,7455375360.000,163.150,163.150,28.000,2.070,40.593,0.000
2026-10-02T15:52:00Z,2.955,4.190,924.000,7453278208.000,174.690,174.690,30.000,1.780,40.890,0.000
2026-10-02T15:53:00Z,2.610,3.560,924.000,7450132480.000,155.020,155.020,,1.000,43.995,0.000
2026-10-02T15:54:00Z,,,924.000,,144.600,144.600,28.000,1.730,39.057,0.000
2026-10-02T15:55:00Z,2.760,4.090,924.000,7450132480.000,151.530,151.530,,1.120,36.242,0.000
2026-10-02T15:56:00Z,2.845,3.910,924.000,7448035328.000,181.780,181.780,27.000,1.440,37.998,0.000
2026-10-02T15:57:00Z,2.835,4.380,924.000,7446986752.000,176.580,176.580,32.000,1.900,45.547,0.000
2026-10-02T15:58:00Z,2.350,3.440,924.000,7452229632.000,131.040,131.040,,0.980,44.242,0.000
2026-10-02T15:59:00Z,2.520,3.780,924.000,7454326784.000,115.770,115.770,23.000,0.790,32.862,0.000
2026-10-02T16:00:00Z,2.485,3.510,924.000,7453278208.000,109.890,109.890,19.000,0.500,29.052,0.000
2026-10-02T16:01:00Z,2.920,4.370,924.000,7454326784.000,145.890,145.890,25.000,1.910,27.575,0.000
2026-10-02T16:02:00Z,2.925,4.210,924.000,7445938176.000,160.580,160.580,28.000,1.770,36.583,0.000
2026-10-02T16:03:00Z,2.990,4.410,924.000,7448035328.000,190.970,190.970,,8.460,40.430,0.000
2026-10-02T16:04:00Z,2.975,4.490,924.000,7444889600.000,237.190,237.190,33.000,26.710,47.840,0.000
2026-10-02T16:05:00Z,2.990,4.500,924.000,7449083904.000,227.950,227.950,42.000,11.160,59.407,0.000
2026-10-02T16:06:00Z,2.660,4.050,924.000,7450132480.000,175.780,175.780,,4.770,57.090,0.000
2026-10-02T16:07:00Z,2.560,3.600,924.000,7449083904.000,120.310,120.310,32.000,0.480,44.055,0.000
2026-10-02T16:08:00Z,2.395,3.480,924.000,7450132480.000,134.740,134.740,,2.030,30.155,0.000
2026-10-02T16:09:00Z,2.345,3.530,924.000,7451181056.000,106.350,106.350,23.000,0.440,33.770,0.000
2026-10-02T16:10:00Z,2.300,3.500,924.000,7452229632.000,110.120,110.120,19.000,1.990,26.710,0.000
2026-10-02T16:11:00Z,2.625,4.010,924.000,7451181056.000,138.050,138.050,22.000,4.250,27.628,0.000
2026-10-02T16:12:00Z,2.550,3.740,924.000,7450132480.000,133.840,133.840,25.000,1.210,34.617,0.000
2026-10-02T16:13:00Z,2.415,3.500,924.000,7449083904.000,133.820,133.820,,0.910,33.767,0.000
2026-10-02T16:14:00Z,3.350,3.350,924.000,7445938176.000,146.990,146.990,26.000,5.570,33.560,0.000
2026-10-02T16:15:00Z,1.767,3.140,924.000,7445938176.000,104.240,104.240,18.000,0.510,36.862,0.000
2026-10-02T16:16:00Z,2.965,3.320,924.000,7428112384.000,110.470,110.470,,0.960,26.163,0.000
2026-10-02T16:17:00Z,2.515,3.680,924.000,7450132480.000,126.930,126.930,22.000,6.740,27.720,0.000
2026-10-02T16:18:00Z,2.010,3.150,924.000,,139.520,139.520,,2.620,31.843,0.000
2026-10-02T16:19:00Z,1.850,2.830,924.000,7450132480.000,84.810,84.810,25.000,1.790,35.278,0.000
2026-10-02T16:20:00Z,1.875,2.860,924.000,7451181056.000,56.360,56.360,10.000,0.170,21.582,0.000
2026-10-02T16:21:00Z,1.925,2.960,924.000,7450132480.000,74.440,74.440,13.000,0.370,14.195,0.000
2026-10-02T16:22:00Z,2.065,3.020,924.000,7450132480.000,64.210,64.210,11.000,0.230,18.712,0.000
2026-10-02T16:23:00Z,2.380,3.290,924.000,7444889600.000,102.840,102.840,,1.020,16.367,0.000
2026-10-02T16:24:00Z,2.185,3.050,924.000,7443841024.000,145.860,145.860,26.000,6.050,25.805,0.000
2026-10-02T16:25:00Z,2.720,3.320,924.000,7443841024.000,126.250,126.250,21.000,3.090,36.583,0.000
2026-10-02T16:26:00Z,2.320,3.480,924.000,7445938176.000,212.110,212.110,37.000,7.270,31.677,0.000
2026-10-02T16:27:00Z,2.370,3.430,924.000,7443841024.000,130.490,130.490,,2.280,53.125,0.000
2026-10-02T16:28:00Z,2.415,3.550,924.000,7443841024.000,154.460,154.460,23.000,2.610,32.725,0.000
2026-10-02T16:29:00Z,2.230,3.230,924.000,7442792448.000,127.290,127.290,27.000,0.510,38.920,0.000
2026-10-02T16:30:00Z,2.345,3.270,924.000,7444889600.000,115.310,115.310,,0.600,31.945,0.000
2026-10-02T16:31:00Z,2.250,3.230,924.000,7449083904.000,136.270,136.270,23.000,1.490,28.920,0.000
2026-10-02T16:32:00Z,,,924.000,,115.280,115.280,19.000,0.820,34.153,0.000
2026-10-02T16:33:00Z,2.215,3.200,924.000,7443841024.000,116.070,116.070,,0.830,29.137,0.000
2026-10-02T16:34:00Z,2.075,3.010,924.000,7442792448.000,109.000,109.000,21.000,0.630,29.115,0.000
2026-10-02T16:35:00Z,2.135,2.790,924.000,7443841024.000,75.560,75.560,19.000,0.280,27.360,0.000
2026-10-02T16:36:00Z,,,924.000,,113.970,113.970,13.000,1.620,18.983,0.000
2026-10-02T16:37:00Z,2.165,3.280,924.000,7441743872.000,124.730,124.730,20.000,1.330,28.570,0.000
2026-10-02T16:38:00Z,1.975,2.690,924.000,7441743872.000,67.910,67.910,22.000,0.170,31.288,0.000
2026-10-02T16:39:00Z,2.310,2.840,924.000,7441743872.000,79.030,79.030,14.000,0.320,17.075,0.000
2026-10-02T16:40:00Z,,,924.000,,161.200,161.200,28.000,3.120,19.880,0.000
2026-10-02T16:41:00Z,2.350,3.150,924.000,7440695296.000,119.170,119.170,,0.790,40.392,0.000
2026-10-02T16:42:00Z,2.245,2.860,924.000,7440695296.000,145.960,145.960,25.000,1.830,30.078,0.000
2026-10-02T16:43:00Z,2.505,3.340,924.000,7441743872.000,151.060,151.060,,3.920,36.825,0.000
2026-10-02T16:44:00Z,2.150,2.750,924.000,7441743872.000,143.110,143.110,26.000,1.670,37.860,0.000
2026-10-02T16:45:00Z,2.105,2.580,924.000,7439646720.000,99.290,99.290,17.000,0.490,35.892,0.000
2026-10-02T16:46:00Z,2.175,2.770,924.000,7440695296.000,120.690,120.690,21.000,0.810,24.950,0.000
2026-10-02T16:47:00Z,2.180,2.690,924.000,7440695296.000,101.150,101.150,18.000,0.390,30.275,0.000
2026-10-02T16:48:00Z,2.190,2.600,924.000,7440695296.000,116.010,116.010,,0.680,25.378,0.000
2026-10-02T16:49:00Z,2.225,2.630,924.000,7440695296.000,120.520,120.520,21.000,1.920,29.093,0.000
2026-10-02T16:50:00Z,2.055,2.390,924.000,7440695296.000,111.420,111.420,19.000,2.080,30.395,0.000
2026-10-02T16:51:00Z,2.560,2.560,924.000,7442792448.000,106.320,106.320,18.000,0.740,27.997,0.000
2026-10-02T16:52:00Z,2.023,2.410,924.000,7441743872.000,122.360,122.360,,1.710,26.683,0.000
2026-10-02T16:53:00Z,2.140,2.620,924.000,7439646720.000,95.790,95.790,21.000,0.470,30.905,0.000
2026-10-02T16:54:00Z,1.990,2.240,924.000,7441743872.000,101.040,101.040,17.000,0.550,24.040,0.000
2026-10-02T16:55:00Z,,,924.000,,108.020,108.020,18.000,2.120,25.375,0.000
2026-10-02T16:56:00Z,2.095,2.650,924.000,7439646720.000,102.910,102.910,18.000,0.890,27.098,0.000
2026-10-02T16:57:00Z,1.965,2.350,924.000,7439646720.000,85.530,85.530,18.000,0.510,25.832,0.000
2026-10-02T16:58:00Z,1.925,2.270,924.000,7438598144.000,87.770,87.770,15.000,2.520,21.473,0.000
2026-10-02T16:59:00Z,1.915,2.160,924.000,7439646720.000,77.010,77.010,15.000,0.400,22.027,0.000
2026-10-02T17:00:00Z,,,924.000,7439646720.000,68.160,68.160,13.000,0.270,19.363,0.000
2026-10-02T17:01:00Z,2.228,2.550,924.000,7440695296.000,104.630,104.630,18.000,0.590,17.145,0.000
2026-10-02T17:02:00Z,2.550,2.940,924.000,7441743872.000,152.230,152.230,,3.690,26.262,0.000
2026-10-02T17:03:00Z,2.280,2.640,924.000,7439646720.000,164.690,164.690,26.000,3.190,38.355,0.000
2026-10-02T17:04:00Z,2.100,2.400,924.000,7439646720.000,109.170,109.170,30.000,0.890,41.465,0.000
2026-10-02T17:05:00Z,,,924.000,7438598144.000,100.700,100.700,17.000,0.550,27.407,0.000
2026-10-02T17:06:00Z,2.005,2.440,924.000,,86.720,86.720,15.000,0.640,25.277,0.000
2026-10-02T17:07:00Z,2.125,2.180,924.000,7440695296.000,66.160,66.160,11.000,0.610,21.785,0.000
2026-10-02T17:08:00Z,2.050,2.100,924.000,7441743872.000,107.700,107.700,,0.950,16.622,0.000
2026-10-02T17:09:00Z,1.865,2.000,924.000,7442792448.000,88.660,88.660,18.000,0.380,27.017,0.000
2026-10-02T17:10:00Z,1.870,1.910,924.000,7442792448.000,60.370,60.370,10.000,0.160,22.280,0.000
2026-10-02T17:11:00Z,1.865,1.910,924.000,7443841024.000,57.520,57.520,10.000,0.170,15.195,0.000
2026-10-02T17:12:00Z,1.805,1.830,924.000,7443841024.000,65.240,65.240,,0.200,14.490,0.000
2026-10-02T17:13:00Z,1.840,2.010,924.000,7443841024.000,53.580,53.580,12.000,0.220,16.620,0.000
2026-10-02T17:14:00Z,1.790,1.910,924.000,7443841024.000,51.960,51.960,9.000,0.130,13.485,0.000
2026-10-02T17:15:00Z,2.265,2.550,924.000,7439646720.000,60.070,60.070,9.000,0.330,13.107,0.000
2026-10-02T17:16:00Z,2.050,2.200,924.000,7437549568.000,160.790,160.790,,23.090,15.110,0.000
2026-10-02T17:17:00Z,2.905,3.800,924.000,7438598144.000,84.440,84.440,28.000,0.290,40.295,0.000
2026-10-02T17:18:00Z,1.935,1.960,924.000,7437549568.000,82.060,82.060,15.000,0.430,21.205,0.000
2026-10-02T17:19:00Z,1.860,1.900,924.000,7436500992.000,62.020,62.020,14.000,0.250,20.930,0.000
2026-10-02T17:20:00Z,,,924.000,7437549568.000,61.810,61.810,11.000,0.150,15.870,0.000
2026-10-02T17:21:00Z,1.948,2.200,924.000,7439646720.000,62.350,62.350,10.000,0.200,15.568,0.000
2026-10-02T17:22:00Z,2.195,2.310,924.000,7436500992.000,87.020,87.020,15.000,0.770,15.680,0.000
2026-10-02T17:23:00Z,2.320,2.450,924.000,7436500992.000,121.570,121.570,,2.150,22.070,0.000
2026-10-02T17:24:00Z,2.075,2.290,924.000,7438598144.000,109.270,109.270,21.000,1.160,30.490,0.000
2026-10-02T17:25:00Z,2.510,2.620,924.000,7438598144.000,134.950,134.950,19.000,4.480,27.427,0.000
2026-10-02T17:26:00Z,2.240,2.350,924.000,7439646720.000,155.310,155.310,28.000,3.080,33.840,0.000
2026-10-02T17:27:00Z,2.475,2.860,924.000,7436500992.000,108.790,108.790,,0.500,38.925,0.000
2026-10-02T17:28:00Z,2.360,2.470,924.000,7435452416.000,160.280,160.280,20.000,2.640,27.282,0.000
2026-10-02T17:29:00Z,2.575,2.750,924.000,7436500992.000,149.610,149.610,28.000,2.770,40.167,0.000
2026-10-02T17:30:00Z,2.235,2.270,924.000,7438598144.000,184.230,184.230,26.000,3.130,37.530,0.000
2026-10-02T17:31:00Z,,,924.000,,124.440,124.440,32.000,0.780,46.167,0.000
2026-10-02T17:32:00Z,2.607,2.920,924.000,7436500992.000,179.610,179.610,21.000,1.520,31.218,0.000
2026-10-02T17:33:00Z,2.345,2.630,924.000,7436500992.000,166.300,166.300,32.000,2.900,45.212,0.000
2026-10-02T17:34:00Z,2.295,2.550,924.000,7435452416.000,135.410,135.410,29.000,1.770,41.655,0.000
2026-10-02T17:35:00Z,2.335,2.780,924.000,7433355264.000,114.720,114.720,23.000,0.580,33.970,0.000
2026-10-02T17:36:00Z,2.225,2.510,924.000,7436500992.000,143.720,143.720,,2.510,28.773,0.000
2026-10-02T17:37:00Z,2.250,2.550,924.000,7434403840.000,110.100,110.100,25.000,0.630,36.040,0.000
2026-10-02T17:38:00Z,2.140,2.250,924.000,7434403840.000,112.130,112.130,,0.730,27.602,0.000
2026-10-02T17:39:00Z,2.010,2.330,924.000,7434403840.000,70.360,70.360,20.000,0.440,28.135,0.000
2026-10-02T17:40:00Z,2.085,2.400,924.000,7435452416.000,73.220,73.220,13.000,0.420,17.707,0.000
2026-10-02T17:41:00Z,2.395,2.450,924.000,7434403840.000,74.490,74.490,12.000,0.450,18.398,0.000
2026-10-02T17:42:00Z,1.980,2.260,924.000,7434403840.000,103.940,103.940,,2.490,18.895,0.000
2026-10-02T17:43:00Z,1.975,2.320,924.000,7436500992.000,70.540,70.540,18.000,0.240,26.325,0.000
2026-10-02T17:44:00Z,1.945,2.390,924.000,7436500992.000,65.550,65.550,12.000,0.310,17.740,0.000
2026-10-02T17:45:00Z,2.230,2.740,924.000,7436500992.000,76.740,76.740,13.000,0.660,16.505,0.000
2026-10-02T17:46:00Z,2.065,2.330,924.000,7436500992.000,110.340,110.340,,0.990,19.290,0.000
2026-10-02T17:47:00Z,1.980,2.510,924.000,7434403840.000,82.530,82.530,19.000,0.390,27.707,0.000
2026-10-02T17:48:00Z,2.095,2.460,924.000,7435452416.000,86.960,86.960,14.000,0.990,20.730,0.000
2026-10-02T17:49:00Z,2.070,2.620,924.000,7438598144.000,85.320,85.320,15.000,1.510,21.830,0.000
2026-10-02T17:50:00Z,,,924.000,7437549568.000,74.280,74.280,,0.380,21.590,0.000
2026-10-02T17:51:00Z,2.438,3.860,924.000,7433355264.000,79.890,79.890,13.000,0.400,18.688,0.000
2026-10-02T17:52:00Z,,,924.000,,240.460,240.460,13.000,33.480,20.065,0.000
2026-10-02T17:53:00Z,2.118,2.580,924.000,7432306688.000,90.690,90.690,42.000,0.490,60.430,0.000
2026-10-02T17:54:00Z,1.935,2.480,924.000,7433355264.000,77.540,77.540,16.000,1.150,22.770,0.000
2026-10-02T17:55:00Z,2.070,2.430,924.000,7433355264.000,82.050,82.050,,0.440,19.503,0.000
2026-10-02T17:56:00Z,1.980,2.520,924.000,7431258112.000,63.890,63.890,14.000,0.370,20.605,0.000
2026-10-02T17:57:00Z,2.015,2.470,924.000,7431258112.000,68.330,68.330,12.000,0.270,16.070,0.000
2026-10-02T17:58:00Z,2.080,2.610,924.000,7431258112.000,53.270,53.270,,0.160,17.185,0.000
2026-10-02T17:59:00Z,2.355,3.150,924.000,7435452416.000,100.590,100.590,17.000,0.780,13.415,0.000
2026-10-02T18:00:00Z,1.490,1.490,924.000,7435452416.000,134.980,134.980,,6.070,25.270,0.000
2026-10-02T18:01:00Z,2.387,2.770,924.000,7435452416.000,88.570,88.570,23.000,0.640,33.847,0.000
2026-10-02T18:02:00Z,1.990,2.600,924.000,7434403840.000,106.360,106.360,19.000,0.850,22.258,0.000
2026-10-02T18:03:00Z,2.110,2.850,924.000,7435452416.000,85.120,85.120,,0.680,26.872,0.000
2026-10-02T18:04:00Z,2.045,2.550,924.000,7436500992.000,101.400,101.400,18.000,0.760,21.360,0.000
2026-10-02T18:05:00Z,2.000,2.730,924.000,7434403840.000,71.150,71.150,,0.330,25.460,0.000
2026-10-02T18:06:00Z,2.010,2.660,924.000,7434403840.000,94.020,94.020,12.000,0.490,17.880,0.000
2026-10-02T18:07:00Z,1.895,2.670,924.000,7433355264.000,59.750,59.750,16.000,0.200,23.620,0.000
2026-10-02T18:08:00Z,1.870,2.500,924.000,7431258112.000,78.460,78.460,,0.680,15.018,0.000
2026-10-02T18:09:00Z,1.780,2.430,924.000,7431258112.000,55.450,55.450,13.000,0.300,19.918,0.000
2026-10-02T18:10:00Z,1.755,2.510,924.000,7432306688.000,52.510,52.510,9.000,0.220,13.980,0.000
2026-10-02T18:11:00Z,1.870,2.650,924.000,7432306688.000,53.510,53.510,9.000,0.410,13.225,0.000
2026-10-02T18:12:00Z,1.830,2.630,924.000,7433355264.000,59.640,59.640,,0.210,13.467,0.000
2026-10-02T18:13:00Z,1.795,2.460,924.000,7431258112.000,64.540,64.540,10.000,0.300,15.225,0.000
2026-10-02T18:14:00Z,,,924.000,7430209536.000,52.240,52.240,11.000,0.350,16.220,0.000
2026-10-02T18:15:00Z,1.925,2.660,924.000,7430209536.000,68.240,68.240,12.000,0.400,13.170,0.000
2026-10-02T18:16:00Z,1.985,2.650,924.000,7433355264.000,89.320,89.320,,0.990,17.152,0.000
2026-10-02T18:17:00Z,,,924.000,,69.050,69.050,15.000,0.550,22.420,0.000
2026-10-02T18:18:00Z,2.360,3.840,924.000,7415529472.000,98.870,98.870,12.000,0.750,17.352,0.000
2026-10-02T18:19:00Z,2.165,2.700,924.000,7433355264.000,71.660,71.660,17.000,0.760,25.165,0.000
2026-10-02T18:20:00Z,1.795,2.660,924.000,7433355264.000,83.590,83.590,12.000,1.140,18.305,0.000
2026-10-02T18:21:00Z,1.830,2.640,924.000,7435452416.000,65.450,65.450,15.000,0.240,21.015,0.000
2026-10-02T18:22:00Z,,,924.000,,45.410,45.410,11.000,0.220,16.453,0.000
2026-10-02T18:23:00Z,1.938,3.050,924.000,7435452416.000,70.040,70.040,,0.550,11.675,0.000
2026-10-02T18:24:00Z,2.095,2.990,924.000,7434403840.000,104.960,104.960,12.000,1.520,17.608,0.000
2026-10-02T18:25:00Z,1.815,2.690,924.000,7432306688.000,96.480,96.480,16.000,0.630,26.358,0.000
2026-10-02T18:26:00Z,1.935,2.690,924.000,7431258112.000,65.010,65.010,19.000,0.390,24.225,0.000
2026-10-02T18:27:00Z,1.795,2.710,924.000,7429160960.000,78.100,78.100,14.000,0.380,16.337,0.000
2026-10-02T18:28:00Z,1.885,2.990,924.000,7429160960.000,51.890,51.890,,0.270,19.620,0.000
2026-10-02T18:29:00Z,2.225,3.070,924.000,7431258112.000,109.900,109.900,9.000,3.900,13.078,0.000
2026-10-02T18:30:00Z,1.910,2.970,924.000,7432306688.000,96.470,96.470,19.000,0.530,27.598,0.000
2026-10-02T18:31:00Z,2.005,2.970,924.000,7431258112.000,75.740,75.740,17.000,0.610,24.220,0.000
2026-10-02T18:32:00Z,1.915,3.030,924.000,7433355264.000,77.740,77.740,12.000,0.950,19.040,0.000
2026-10-02T18:33:00Z,1.990,3.050,924.000,7435452416.000,81.430,81.430,14.000,0.690,19.733,0.000
2026-10-02T18:34:00Z,1.885,2.850,924.000,7434403840.000,86.960,86.960,15.000,0.930,20.442,0.000
2026-10-02T18:35:00Z,1.795,2.780,924.000,7433355264.000,60.120,60.120,10.000,0.260,21.858,0.000
2026-10-02T18:36:00Z,1.970,3.120,924.000,7432306688.000,69.810,69.810,12.000,1.560,15.127,0.000
2026-10-02T18:37:00Z,1.880,3.040,924.000,7432306688.000,87.140,87.140,15.000,2.030,17.558,0.000
2026-10-02T18:38:00Z,1.945,3.020,924.000,7434403840.000,54.300,54.300,,0.160,21.865,0.000
2026-10-02T18:39:00Z,1.975,3.040,924.000,7435452416.000,47.500,47.500,9.000,0.180,13.668,0.000
2026-10-02T18:40:00Z,,,924.000,7432306688.000,71.520,71.520,12.000,0.380,11.990,0.000
2026-10-02T18:41:00Z,1.833,2.970,924.000,7430209536.000,56.140,56.140,,0.310,17.973,0.000
2026-10-02T18:42:00Z,2.065,3.310,924.000,7430209536.000,53.670,53.670,9.000,0.470,14.328,0.000
2026-10-02T18:43:00Z,2.020,3.130,924.000,7431258112.000,66.270,66.270,,0.500,13.735,0.000
2026-10-02T18:44:00Z,1.985,2.870,924.000,7430209536.000,86.790,86.790,13.000,1.210,16.660,0.000
2026-10-02T18:45:00Z,1.780,2.780,924.000,7430209536.000,64.620,64.620,,1.060,21.812,0.000
2026-10-02T18:46:00Z,1.880,2.860,924.000,7431258112.000,65.570,65.570,13.000,0.450,16.262,0.000
2026-10-02T18:47:00Z,1.845,2.760,924.000,7435452416.000,62.300,62.300,11.000,0.400,16.485,0.000
2026-10-02T18:48:00Z,1.815,2.750,924.000,7435452416.000,66.380,66.380,10.000,0.410,15.665,0.000
2026-10-02T18:49:00Z,1.850,2.780,924.000,7435452416.000,59.130,59.130,12.000,0.310,16.685,0.000
2026-10-02T18:50:00Z,1.820,2.760,924.000,7435452416.000,56.840,56.840,10.000,0.350,15.047,0.000
2026-10-02T18:51:00Z,1.840,2.770,924.000,7431258112.000,64.060,64.060,9.000,0.270,14.320,0.000
2026-10-02T18:52:00Z,1.730,2.630,924.000,7430209536.000,60.300,60.300,12.000,0.330,16.108,0.000
2026-10-02T18:53:00Z,1.845,2.820,924.000,7430209536.000,42.980,42.980,9.000,0.180,15.383,0.000
2026-10-02T18:54:00Z,1.780,2.770,924.000,7429160960.000,62.320,62.320,8.000,0.780,10.842,0.000
2026-10-02T18:55:00Z,1.790,2.690,924.000,7428112384.000,64.210,64.210,11.000,0.760,15.703,0.000
2026-10-02T18:56:00Z,1.760,2.730,924.000,7428112384.000,59.450,59.450,10.000,0.340,16.142,0.000
2026-10-02T18:57:00Z,1.780,2.660,924.000,7432306688.000,52.500,52.500,,0.370,14.960,0.000
2026-10-02T18:58:00Z,1.695,2.740,924.000,7433355264.000,54.830,54.830,9.000,2.350,13.223,0.000
2026-10-02T18:59:00Z,1.725,2.670,924.000,7433355264.000,37.850,37.850,10.000,0.180,13.797,0.000
2026-10-02T19:00:00Z,2.015,2.980,924.000,7432306688.000,68.510,68.510,6.000,0.790,9.570,0.000
2026-10-02T19:01:00Z,,,924.000,7431258112.000,89.070,89.070,16.000,0.920,17.225,0.000
2026-10-02T19:02:00Z,1.938,2.960,924.000,7428112384.000,105.550,105.550,,3.920,22.370,0.000
2026-10-02T19:03:00Z,1.855,2.820,924.000,7429160960.000,59.060,59.060,18.000,0.430,26.698,0.000
2026-10-02T19:04:00Z,1.810,2.720,924.000,7427063808.000,56.700,56.700,10.000,0.250,14.842,0.000
2026-10-02T19:05:00Z,1.890,2.870,924.000,7428112384.000,59.670,59.670,10.000,0.490,14.293,0.000
2026-10-02T19:06:00Z,1.770,2.800,924.000,7429160960.000,57.120,57.120,,0.360,15.010,0.000
2026-10-02T19:07:00Z,1.715,2.610,924.000,7431258112.000,52.230,52.230,10.000,0.320,14.395,0.000
2026-10-02T19:08:00Z,1.860,2.880,924.000,7429160960.000,54.550,54.550,,0.420,13.135,0.000
2026-10-02T19:09:00Z,1.805,2.690,924.000,7428112384.000,73.750,73.750,9.000,0.420,13.732,0.000
2026-10-02T19:10:00Z,1.730,2.670,924.000,7428112384.000,62.850,62.850,13.000,0.420,18.552,0.000
2026-10-02T19:11:00Z,1.950,2.810,924.000,7429160960.000,45.710,45.710,7.000,0.190,15.815,0.000
2026-10-02T19:12:00Z,1.905,3.000,924.000,7428112384.000,81.290,81.290,,1.490,11.537,0.000
2026-10-02T19:13:00Z,1.925,2.920,924.000,7428112384.000,70.510,70.510,14.000,0.710,20.637,0.000
2026-10-02T19:14:00Z,1.920,2.880,924.000,7428112384.000,83.360,83.360,12.000,1.250,17.718,0.000
2026-10-02T19:15:00Z,1.825,2.780,924.000,7428112384.000,84.980,84.980,15.000,1.340,20.955,0.000
2026-10-02T19:16:00Z,1.905,2.790,924.000,7428112384.000,69.570,69.570,12.000,0.450,21.337,0.000
2026-10-02T19:17:00Z,2.745,4.480,924.000,7407140864.000,76.440,76.440,13.000,0.440,17.500,0.000
2026-10-02T19:18:00Z,2.055,2.890,924.000,7431258112.000,91.580,91.580,,1.250,19.200,0.000
2026-10-02T19:19:00Z,2.225,3.540,924.000,7368343552.000,106.980,106.980,18.000,2.060,23.375,0.000
2026-10-02T19:20:00Z,1.935,2.660,924.000,7395606528.000,113.210,113.210,,1.700,26.973,0.000
2026-10-02T19:21:00Z,1.880,2.770,924.000,7395606528.000,87.250,87.250,21.000,1.800,28.457,0.000
2026-10-02T19:22:00Z,1.865,2.790,924.000,7396655104.000,62.790,62.790,11.000,0.440,22.098,0.000
2026-10-02T19:23:00Z,1.955,2.890,924.000,7399800832.000,73.870,73.870,,0.880,16.003,0.000
2026-10-02T19:24:00Z,1.915,2.940,924.000,7402946560.000,79.780,79.780,14.000,1.150,18.560,0.000
2026-10-02T19:25:00Z,1.895,2.950,924.000,7403995136.000,76.500,76.500,14.000,0.890,20.055,0.000
2026-10-02T19:26:00Z,1.980,3.130,924.000,7407140864.000,60.650,60.650,,0.530,19.218,0.000
2026-10-02T19:27:00Z,1.800,2.660,924.000,7409238016.000,98.670,98.670,10.000,2.290,15.260,0.000
2026-10-02T19:28:00Z,1.870,2.770,924.000,7412383744.000,65.160,65.160,17.000,0.400,24.738,0.000
2026-10-02T19:29:00Z,1.695,2.710,924.000,7414480896.000,57.580,57.580,11.000,0.600,16.395,0.000
2026-10-02T19:30:00Z,1.910,2.810,924.000,7415529472.000,49.600,49.600,8.000,0.520,14.512,0.000
2026-10-02T19:31:00Z,2.055,3.010,924.000,7417626624.000,79.950,79.950,14.000,0.630,12.492,0.000
2026-10-02T19:32:00Z,2.100,2.940,924.000,7415529472.000,95.940,95.940,15.000,1.660,20.105,0.000
2026-10-02T19:33:00Z,1.920,2.790,924.000,7413432320.000,115.090,115.090,,2.420,24.282,0.000
2026-10-02T19:34:00Z,1.910,2.720,924.000,7409238016.000,69.660,69.660,22.000,0.830,28.875,0.000
2026-10-02T19:35:00Z,2.130,3.200,924.000,7406092288.000,98.670,98.670,13.000,1.200,17.508,0.000
2026-10-02T19:36:00Z,1.955,2.850,924.000,7406092288.000,95.200,95.200,17.000,0.760,24.765,0.000
2026-10-02T19:37:00Z,2.090,2.930,924.000,7408189440.000,83.900,83.900,,0.770,23.915,0.000
2026-10-02T19:38:00Z,2.020,2.920,924.000,7406092288.000,113.580,113.580,15.000,0.990,21.060,0.000
2026-10-02T19:39:00Z,2.230,3.200,924.000,7405043712.000,100.740,100.740,19.000,1.820,28.488,0.000
2026-10-02T19:40:00Z,2.110,3.230,924.000,7406092288.000,115.130,115.130,21.000,2.040,25.295,0.000
2026-10-02T19:41:00Z,2.255,3.320,924.000,7407140864.000,102.060,102.060,18.000,1.130,28.892,0.000
2026-10-02T19:42:00Z,2.055,3.030,924.000,7407140864.000,132.330,132.330,23.000,3.420,25.955,0.000
2026-10-02T19:43:00Z,1.970,2.940,924.000,7403995136.000,87.500,87.500,,0.470,33.222,0.000
2026-10-02T19:44:00Z,1.875,2.830,924.000,7402946560.000,90.660,90.660,15.000,1.130,21.953,0.000
2026-10-02T19:45:00Z,2.040,3.010,924.000,7401897984.000,77.920,77.920,,0.910,22.780,0.000
2026-10-02T19:46:00Z,2.770,3.060,924.000,7402946560.000,167.560,167.560,25.000,17.140,19.578,0.000
2026-10-02T19:47:00Z,1.980,2.960,924.000,7403995136.000,178.450,178.450,36.000,18.770,42.032,0.000
2026-10-02T19:48:00Z,1.940,2.890,924.000,7406092288.000,85.690,85.690,,0.590,44.703,0.000
2026-10-02T19:49:00Z,2.230,3.380,924.000,7406092288.000,82.350,82.350,14.000,0.830,21.515,0.000
2026-10-02T19:50:00Z,2.220,3.590,924.000,7405043712.000,111.300,111.300,14.000,1.930,20.865,0.000
2026-10-02T19:51:00Z,2.635,3.340,924.000,7410286592.000,183.930,183.930,31.000,18.740,27.942,0.000
2026-10-02T19:52:00Z,2.165,3.120,924.000,7412383744.000,155.150,155.150,27.000,1.780,46.087,0.000
2026-10-02T19:53:00Z,2.120,3.110,924.000,7413432320.000,100.780,100.780,,0.780,39.097,0.000
2026-10-02T19:54:00Z,,,924.000,7409238016.000,99.300,99.300,19.000,0.730,25.305,0.000
2026-10-02T19:55:00Z,2.462,3.990,924.000,7406092288.000,127.390,127.390,17.000,3.810,24.953,0.000
2026-10-02T19:56:00Z,,,924.000,,245.860,245.860,42.000,24.800,31.953,0.000
2026-10-02T19:57:00Z,2.717,3.680,924.000,7411335168.000,190.150,190.150,,3.080,61.557,0.000
2026-10-02T19:58:00Z,2.410,3.290,924.000,7412383744.000,157.740,157.740,33.000,1.610,47.640,0.000
2026-10-02T19:59:00Z,2.765,3.900,924.000,7407140864.000,142.760,142.760,28.000,2.870,39.520,0.000
2026-10-02T20:00:00Z,4.525,5.920,924.000,7390363648.000,278.770,278.770,,22.350,35.805,0.000
2026-10-02T20:01:00Z,4.170,4.910,924.000,7399800832.000,553.190,553.190,97.000,99.270,69.785,0.000
2026-10-02T20:02:00Z,2.320,3.140,924.000,7396655104.000,581.880,581.880,,126.270,138.400,0.000
2026-10-02T20:03:00Z,2.045,2.960,924.000,7396655104.000,89.390,89.390,100.000,0.470,145.792,0.000
2026-10-02T20:04:00Z,1.885,2.910,924.000,7395606528.000,75.200,75.200,17.000,0.300,22.455,0.000
2026-10-02T20:05:00Z,1.900,2.890,924.000,7394557952.000,61.570,61.570,13.000,0.690,18.885,0.000
2026-10-02T20:06:00Z,1.990,3.110,924.000,7393509376.000,53.540,53.540,10.000,0.170,15.485,0.000
2026-10-02T20:07:00Z,1.885,2.820,924.000,7392460800.000,73.720,73.720,13.000,0.490,13.475,0.000
2026-10-02T20:08:00Z,1.770,2.750,924.000,7394557952.000,67.390,67.390,,2.190,18.508,0.000
2026-10-02T20:09:00Z,1.585,2.590,924.000,7394557952.000,39.460,39.460,11.000,0.160,16.938,0.000
2026-10-02T20:10:00Z,1.725,2.740,924.000,7393509376.000,32.020,32.020,,0.080,9.975,0.000
2026-10-02T20:11:00Z,1.750,2.730,924.000,7393509376.000,44.920,44.920,7.000,0.750,8.088,0.000
2026-10-02T20:12:00Z,1.650,2.630,924.000,7394557952.000,35.740,35.740,,0.170,11.345,0.000
2026-10-02T20:13:00Z,1.580,2.520,924.000,7395606528.000,28.330,28.330,6.000,0.050,9.252,0.000
2026-10-02T20:14:00Z,1.625,2.610,924.000,7394557952.000,19.550,19.550,5.000,0.030,7.378,0.000
2026-10-02T20:15:00Z,1.755,2.830,924.000,7393509376.000,40.070,40.070,6.000,0.500,4.997,0.000
2026-10-02T20:16:00Z,1.575,2.500,924.000,7392460800.000,47.650,47.650,,0.230,10.110,0.000
2026-10-02T20:17:00Z,1.735,2.770,924.000,7391412224.000,23.070,23.070,9.000,0.070,12.027,0.000
2026-10-02T20:18:00Z,2.330,2.500,924.000,7395606528.000,31.470,31.470,4.000,0.100,5.872,0.000
2026-10-02T20:19:00Z,1.550,2.550,924.000,7395606528.000,18.910,18.910,5.000,0.050,7.960,0.000
2026-10-02T20:20:00Z,1.585,2.600,924.000,7396655104.000,18.190,18.190,3.000,0.050,5.218,0.000
2026-10-02T20:21:00Z,1.630,2.570,924.000,7395606528.000,21.750,21.750,3.000,0.040,4.808,0.000
2026-10-02T20:22:00Z,1.545,2.530,924.000,7395606528.000,25.740,25.740,4.000,0.090,5.540,0.000
2026-10-02T20:23:00Z,1.550,2.460,924.000,7395606528.000,16.260,16.260,,0.100,6.758,0.000
2026-10-02T20:24:00Z,1.490,2.420,924.000,7395606528.000,18.730,18.730,2.000,0.030,4.157,0.000
2026-10-02T20:25:00Z,1.460,2.460,924.000,7395606528.000,11.030,11.030,3.000,0.030,4.805,0.000
2026-10-02T20:26:00Z,1.520,2.570,924.000,7395606528.000,10.360,10.360,2.000,0.020,2.853,0.000
2026-10-02T20:27:00Z,1.415,2.380,924.000,7395606528.000,6.980,6.980,,0.010,2.688,0.000
2026-10-02T20:28:00Z,1.410,2.320,924.000,7395606528.000,5.080,5.080,1.000,0.000,1.835,0.000
2026-10-02T20:29:00Z,1.385,2.340,924.000,7395606528.000,7.090,7.090,0.000,0.010,1.377,0.000
2026-10-02T20:30:00Z,1.415,2.360,924.000,7395606528.000,4.830,4.830,1.000,0.000,1.887,0.000
2026-10-02T20:31:00Z,1.550,2.510,924.000,7394557952.000,14.990,14.990,1.000,0.030,1.300,0.000
2026-10-02T20:32:00Z,1.430,2.390,924.000,7394557952.000,8.910,8.910,2.000,0.010,3.850,0.000
2026-10-02T20:33:00Z,1.450,2.350,924.000,7394557952.000,7.940,7.940,,0.010,2.525,0.000
2026-10-02T20:34:00Z,1.385,2.330,924.000,7394557952.000,6.910,6.910,1.000,0.010,2.170,0.000
2026-10-02T20:35:00Z,,,924.000,7394557952.000,2.730,2.730,0.000,0.000,2.062,0.000
2026-10-02T20:36:00Z,1.445,2.540,924.000,7395606528.000,6.860,6.860,1.000,0.010,0.772,0.000
2026-10-02T20:37:00Z,1.425,2.380,924.000,7395606528.000,3.780,3.780,,0.000,1.825,0.000
2026-10-02T20:38:00Z,1.415,2.320,924.000,7395606528.000,13.010,13.010,0.000,0.020,1.038,0.000
2026-10-02T20:39:00Z,1.435,2.400,924.000,7395606528.000,9.440,9.440,2.000,0.010,3.342,0.000
2026-10-02T20:40:00Z,1.445,2.440,924.000,7395606528.000,12.600,12.600,1.000,0.050,2.478,0.000
2026-10-02T20:41:00Z,1.475,2.380,924.000,7396655104.000,5.210,5.210,2.000,0.000,3.248,0.000
2026-10-02T20:42:00Z,1.530,2.610,924.000,7396655104.000,11.720,11.720,2.000,0.040,1.395,0.000
2026-10-02T20:43:00Z,1.465,2.420,924.000,7395606528.000,6.990,6.990,,0.010,3.402,0.000
2026-10-02T20:44:00Z,1.470,2.460,924.000,7395606528.000,8.230,8.230,1.000,0.010,1.857,0.000
2026-10-02T20:45:00Z,1.450,2.370,924.000,7396655104.000,12.240,12.240,2.000,0.020,2.167,0.000
2026-10-02T20:46:00Z,1.475,2.410,924.000,7396655104.000,18.040,18.040,3.000,0.080,3.170,0.000
2026-10-02T20:47:00Z,1.460,2.360,924.000,7396655104.000,12.700,12.700,2.000,0.020,4.640,0.000
2026-10-02T20:48:00Z,1.505,2.370,924.000,7396655104.000,13.130,13.130,,0.020,3.272,0.000
2026-10-02T20:49:00Z,1.470,2.430,924.000,7396655104.000,20.840,20.840,2.000,0.290,3.373,0.000
2026-10-02T20:50:00Z,1.490,2.460,924.000,7396655104.000,12.810,12.810,4.000,0.020,5.350,0.000
2026-10-02T20:51:00Z,1.605,2.570,924.000,7395606528.000,13.100,13.100,2.000,0.050,3.450,0.000
2026-10-02T20:52:00Z,1.505,2.460,924.000,7395606528.000,21.070,21.070,4.000,0.070,3.370,0.000
2026-10-02T20:53:00Z,1.545,2.530,924.000,7395606528.000,16.490,16.490,,0.080,5.660,0.000
2026-10-02T20:54:00Z,1.475,2.440,924.000,7395606528.000,11.410,11.410,2.000,0.040,4.200,0.000
2026-10-02T20:55:00Z,1.475,2.460,924.000,7395606528.000,13.990,13.990,,0.030,2.970,0.000
2026-10-02T20:56:00Z,1.480,2.430,924.000,7395606528.000,16.010,16.010,2.000,0.050,3.603,0.000
2026-10-02T20:57:00Z,1.475,2.460,924.000,7395606528.000,9.880,9.880,2.000,0.020,4.100,0.000
2026-10-02T20:58:00Z,,,924.000,7395606528.000,13.930,13.930,,0.260,2.560,0.000
2026-10-02T20:59:00Z,1.525,2.640,924.000,7396655104.000,11.560,11.560,2.000,0.020,3.572,0.000
2026-10-02T21:00:00Z,1.765,2.820,924.000,7396655104.000,27.720,27.720,4.000,0.060,3.005,0.000
2026-10-02T21:01:00Z,8.070,13.430,924.000,7496269824.000,32.590,32.590,,0.080,7.022,0.000
2026-10-02T21:02:00Z,1.355,2.350,924.000,7496269824.000,0.230,0.230,6.000,0.000,8.250,0.000
2026-10-02T21:03:00Z,1.405,2.440,924.000,7496269824.000,0.040,0.040,0.000,0.000,0.380,0.000
2026-10-02T21:04:00Z,1.315,2.290,924.000,7496269824.000,0.000,0.000,0.000,0.000,0.102,0.000
2026-10-02T21:05:00Z,1.300,2.250,924.000,7496269824.000,0.000,0.000,0.000,0.000,0.110,0.000
2026-10-02T21:06:00Z,1.310,2.300,924.000,7495221248.000,0.000,0.000,0.000,0.000,0.095,0.000
2026-10-02T21:07:00Z,1.275,2.240,924.000,,0.000,0.000,0.000,0.000,0.090,0.000
2026-10-02T21:08:00Z,1.305,2.270,924.000,7495221248.000,0.000,0.000,,0.000,0.092,0.000
2026-10-02T21:09:00Z,1.285,2.260,924.000,7495221248.000,0.000,0.000,0.000,0.000,0.085,0.000
2026-10-02T21:10:00Z,1.275,2.240,924.000,7495221248.000,0.000,0.000,,0.000,0.110,0.000
2026-10-02T21:11:00Z,1.380,2.280,924.000,7575961600.000,0.000,0.000,0.000,0.000,0.092,0.000
2026-10-02T21:12:00Z,1.285,2.260,924.000,7575961600.000,0.000,0.000,0.000,0.000,0.105,0.000
2026-10-02T21:13:00Z,1.375,2.410,924.000,7575961600.000,0.000,0.000,0.000,0.000,0.547,0.000
2026-10-02T21:14:00Z,1.270,2.230,924.000,7575961600.000,0.000,0.000,0.000,0.000,0.102,0.000
2026-10-02T21:15:00Z,0.300,0.300,924.000,7575961600.000,0.000,0.000,0.000,0.000,0.110,0.000
2026-10-02T21:16:00Z,1.290,2.280,924.000,,0.000,0.000,0.000,0.000,0.092,0.000
2026-10-02T21:17:00Z,1.275,2.240,924.000,7575961600.000,0.000,0.000,0.000,0.000,0.095,0.000
2026-10-02T21:18:00Z,1.835,2.280,924.000,7571767296.000,0.000,0.000,0.000,0.000,0.098,0.000
2026-10-02T21:19:00Z,1.670,3.010,924.000,7574913024.000,0.000,0.000,0.000,0.000,0.122,0.000
2026-10-02T21:20:00Z,1.295,2.290,924.000,7574913024.000,0.000,0.000,0.000,0.000,0.955,0.000
2026-10-02T21:21:00Z,1.385,2.270,924.000,7573864448.000,0.000,0.000,0.000,0.000,0.122,0.000
2026-10-02T21:22:00Z,1.280,2.250,924.000,7573864448.000,0.000,0.000,0.000,0.000,0.085,0.000
2026-10-02T21:23:00Z,1.330,2.320,924.000,7573864448.000,0.000,0.000,0.000,0.000,0.355,0.000
2026-10-02T21:24:00Z,1.375,2.440,924.000,7573864448.000,0.000,0.000,0.000,0.000,0.092,0.000
2026-10-02T21:25:00Z,1.285,2.260,924.000,7573864448.000,0.000,0.000,0.000,0.000,0.122,0.000
2026-10-02T21:26:00Z,1.285,2.260,924.000,7573864448.000,0.000,0.000,0.000,0.000,0.092,0.000
2026-10-02T21:27:00Z,1.275,2.250,924.000,7573864448.000,0.000,0.000,0.000,0.000,0.215,0.000
2026-10-02T21:28:00Z,1.315,2.290,924.000,7573864448.000,0.000,0.000,0.000,0.000,0.102,0.000
2026-10-02T21:29:00Z,1.270,2.230,924.000,7573864448.000,0.000,0.000,0.000,0.000,0.110,0.000
2026-10-02T21:30:00Z,1.275,2.230,924.000,7573864448.000,0.000,0.000,0.000,0.000,0.115,0.000
2026-10-02T21:31:00Z,,,924.000,7573864448.000,0.000,0.000,0.000,0.000,0.092,0.000
2026-10-02T21:32:00Z,1.295,2.220,924.000,,0.000,0.000,0.000,0.000,0.305,0.000
2026-10-02T21:33:00Z,1.305,2.270,924.000,7574913024.000,0.000,0.000,,0.000,0.105,0.000
2026-10-02T21:34:00Z,1.365,2.410,924.000,7574913024.000,0.000,0.000,0.000,0.000,0.092,0.000
2026-10-02T21:35:00Z,1.285,2.260,924.000,7574913024.000,0.000,0.000,0.000,0.000,0.117,0.000
2026-10-02T21:36:00Z,1.285,2.250,924.000,7574913024.000,0.000,0.000,0.000,0.000,0.090,0.000
2026-10-02T21:37:00Z,,,924.000,7574913024.000,0.000,0.000,,0.000,0.075,0.000
2026-10-02T21:38:00Z,1.282,2.260,924.000,7575961600.000,0.000,0.000,0.000,0.000,0.090,0.000
2026-10-02T21:39:00Z,,,924.000,,0.000,0.000,0.000,0.000,0.117,0.000
2026-10-02T21:40:00Z,1.275,2.230,924.000,7575961600.000,0.000,0.000,,0.000,0.090,0.000
2026-10-02T21:41:00Z,2.350,2.350,924.000,,0.000,0.000,0.000,0.000,0.098,0.000
2026-10-02T21:42:00Z,0.983,2.230,924.000,7575961600.000,0.000,0.000,,0.000,0.092,0.000
2026-10-02T21:43:00Z,1.285,2.230,924.000,7575961600.000,0.000,0.000,0.000,0.000,0.405,0.000
2026-10-02T21:44:00Z,1.340,2.360,924.000,7574913024.000,0.000,0.000,0.000,0.000,0.102,0.000
2026-10-02T21:45:00Z,1.285,2.250,924.000,7574913024.000,0.000,0.000,0.000,0.000,0.110,0.000
2026-10-02T21:46:00Z,1.285,2.240,924.000,7574913024.000,0.000,0.000,0.000,0.000,0.098,0.000
2026-10-02T21:47:00Z,,,,,,,0.000,,0.122,
2026-10-02T21:48:00Z,,,,,,,,,,
2026-10-02T21:49:00Z,,,,,,,,,,
